// Generated by tools/generate_firmware_font_assets.py
#pragma once

#include <cstddef>
#include <cstdint>

namespace fridge_ink::platform::panel_font_assets {

struct Glyph {
  std::uint32_t bitmap_offset;
  std::uint8_t width;
  std::uint8_t height;
  std::int8_t left;
  std::int8_t top;
  std::uint8_t advance;
};

struct BitmapFont {
  const char* key;
  std::uint8_t size;
  std::uint8_t ascent;
  std::uint8_t descent;
  std::uint8_t line_height;
  const Glyph* glyphs;
  const std::uint8_t* bitmap;
  std::size_t bitmap_size;
};

inline constexpr Glyph kFontInterBlack84Glyphs[] = {
  {0U, 0U, 0U, 0, 82, 17U},
  {0U, 32U, 63U, 0, 20, 32U},
  {252U, 52U, 62U, 0, 20, 52U},
  {686U, 56U, 62U, 0, 20, 56U},
  {1120U, 56U, 77U, 0, 13, 56U},
  {1659U, 88U, 64U, 0, 19, 88U},
  {2363U, 59U, 64U, 0, 19, 58U},
  {2875U, 31U, 62U, 0, 20, 31U},
  {3123U, 33U, 77U, 0, 17, 33U},
  {3508U, 33U, 77U, 0, 17, 33U},
  {3893U, 51U, 62U, 0, 20, 51U},
  {4327U, 58U, 48U, 0, 34, 58U},
  {4711U, 31U, 28U, 0, 71, 31U},
  {4823U, 40U, 31U, 0, 51, 40U},
  {4978U, 31U, 17U, 0, 66, 31U},
  {5046U, 35U, 74U, 0, 17, 35U},
  {5416U, 60U, 64U, 0, 19, 60U},
  {5928U, 38U, 62U, 0, 20, 38U},
  {6238U, 54U, 63U, 0, 19, 54U},
  {6679U, 56U, 64U, 0, 19, 56U},
  {7127U, 59U, 62U, 0, 20, 59U},
  {7623U, 54U, 63U, 0, 20, 54U},
  {8064U, 57U, 64U, 0, 19, 57U},
  {8576U, 50U, 62U, 0, 20, 50U},
  {9010U, 57U, 64U, 0, 19, 57U},
  {9522U, 57U, 64U, 0, 19, 57U},
  {10034U, 31U, 45U, 0, 38, 31U},
  {10214U, 32U, 61U, 0, 38, 32U},
  {10458U, 58U, 51U, 0, 32, 58U},
  {10866U, 58U, 43U, 0, 39, 58U},
  {11210U, 58U, 51U, 0, 32, 58U},
  {11618U, 50U, 64U, 0, 19, 50U},
  {12066U, 89U, 82U, 0, 19, 89U},
  {13050U, 67U, 62U, 0, 20, 67U},
  {13608U, 56U, 62U, 0, 20, 56U},
  {14042U, 63U, 64U, 0, 19, 63U},
  {14554U, 61U, 62U, 0, 20, 61U},
  {15050U, 51U, 62U, 0, 20, 51U},
  {15484U, 49U, 62U, 0, 20, 49U},
  {15918U, 63U, 64U, 0, 19, 63U},
  {16430U, 63U, 62U, 0, 20, 63U},
  {16926U, 24U, 62U, 0, 20, 24U},
  {17112U, 50U, 63U, 0, 20, 50U},
  {17553U, 64U, 62U, 0, 20, 64U},
  {18049U, 48U, 62U, 0, 20, 48U},
  {18421U, 80U, 62U, 0, 20, 80U},
  {19041U, 65U, 62U, 0, 20, 65U},
  {19599U, 65U, 64U, 0, 19, 65U},
  {20175U, 55U, 62U, 0, 20, 55U},
  {20609U, 66U, 68U, 0, 19, 66U},
  {21221U, 56U, 62U, 0, 20, 56U},
  {21655U, 56U, 64U, 0, 19, 56U},
  {22103U, 58U, 62U, 0, 20, 58U},
  {22599U, 61U, 63U, 0, 20, 61U},
  {23103U, 67U, 62U, 0, 20, 67U},
  {23661U, 91U, 62U, 0, 20, 91U},
  {24405U, 66U, 62U, 0, 20, 66U},
  {24963U, 65U, 62U, 0, 20, 65U},
  {25521U, 58U, 62U, 0, 20, 58U},
  {26017U, 33U, 78U, 0, 16, 33U},
  {26407U, 35U, 74U, 0, 17, 35U},
  {26777U, 33U, 78U, 0, 16, 33U},
  {27167U, 42U, 61U, 0, 21, 42U},
  {27533U, 42U, 13U, 0, 81, 41U},
  {27611U, 34U, 66U, 0, 16, 34U},
  {27941U, 50U, 48U, 0, 35, 50U},
  {28277U, 54U, 63U, 0, 20, 54U},
  {28718U, 51U, 48U, 0, 35, 51U},
  {29054U, 54U, 63U, 0, 20, 54U},
  {29495U, 51U, 48U, 0, 35, 51U},
  {29831U, 36U, 65U, 0, 17, 35U},
  {30156U, 54U, 64U, 0, 35, 54U},
  {30604U, 55U, 62U, 0, 20, 55U},
  {31038U, 25U, 66U, 0, 16, 25U},
  {31302U, 28U, 83U, -3, 16, 25U},
  {31634U, 52U, 62U, 0, 20, 51U},
  {32068U, 25U, 62U, 0, 20, 25U},
  {32316U, 79U, 47U, 0, 35, 79U},
  {32786U, 55U, 47U, 0, 35, 55U},
  {33115U, 53U, 48U, 0, 35, 53U},
  {33451U, 54U, 64U, 0, 35, 54U},
  {33899U, 54U, 64U, 0, 35, 54U},
  {34347U, 36U, 47U, 0, 35, 36U},
  {34582U, 49U, 48U, 0, 35, 49U},
  {34918U, 34U, 58U, 0, 25, 34U},
  {35208U, 55U, 47U, 0, 36, 55U},
  {35537U, 53U, 46U, 0, 36, 53U},
  {35859U, 75U, 46U, -1, 36, 74U},
  {36319U, 51U, 46U, 0, 36, 51U},
  {36641U, 53U, 63U, 0, 36, 53U},
  {37082U, 50U, 46U, 0, 36, 50U},
  {37404U, 42U, 78U, 0, 16, 42U},
  {37872U, 34U, 102U, 0, 0, 34U},
  {38382U, 42U, 78U, 0, 16, 42U},
  {38850U, 58U, 36U, 0, 46, 58U}
};

inline constexpr std::uint8_t kFontInterBlack84Bitmap[] = {
    0x01, 0xFF, 0xFF, 0x80, 0x01, 0xFF, 0xFF, 0x80, 0x01, 0xFF, 0xFF, 0x80, 0x01, 0xFF, 0xFF, 0x80,
    0x01, 0xFF, 0xFF, 0x80, 0x01, 0xFF, 0xFF, 0x80, 0x01, 0xFF, 0xFF, 0x80, 0x00, 0xFF, 0xFF, 0x00,
    0x00, 0xFF, 0xFF, 0x00, 0x00, 0xFF, 0xFF, 0x00, 0x00, 0xFF, 0xFF, 0x00, 0x00, 0xFF, 0xFF, 0x00,
    0x00, 0xFF, 0xFF, 0x00, 0x00, 0xFF, 0xFF, 0x00, 0x00, 0xFF, 0xFF, 0x00, 0x00, 0xFF, 0xFF, 0x00,
    0x00, 0xFF, 0xFF, 0x00, 0x00, 0xFF, 0xFF, 0x00, 0x00, 0xFF, 0xFF, 0x00, 0x00, 0xFF, 0xFF, 0x00,
    0x00, 0xFF, 0xFF, 0x00, 0x00, 0xFF, 0xFF, 0x00, 0x00, 0xFF, 0xFF, 0x00, 0x00, 0xFF, 0xFF, 0x00,
    0x00, 0xFF, 0xFF, 0x00, 0x00, 0xFF, 0xFF, 0x00, 0x00, 0xFF, 0xFF, 0x00, 0x00, 0xFF, 0xFF, 0x00,
    0x00, 0xFF, 0xFF, 0x00, 0x00, 0xFF, 0xFF, 0x00, 0x00, 0xFF, 0xFF, 0x00, 0x00, 0xFF, 0xFF, 0x00,
    0x00, 0xFF, 0xFF, 0x00, 0x00, 0xFF, 0xFF, 0x00, 0x00, 0xFF, 0xFF, 0x00, 0x00, 0xFF, 0xFF, 0x00,
    0x00, 0xFF, 0xFF, 0x00, 0x00, 0xFF, 0xFF, 0x00, 0x00, 0xFF, 0xFF, 0x00, 0x00, 0xFF, 0xFF, 0x00,
    0x00, 0xFF, 0xFF, 0x00, 0x00, 0xFF, 0xFF, 0x00, 0x00, 0x7F, 0xFE, 0x00, 0x00, 0x00, 0x00, 0x00,
    0x00, 0x00, 0x00, 0x00, 0x00, 0x00, 0x00, 0x00, 0x00, 0x00, 0x00, 0x00, 0x00, 0x07, 0xE0, 0x00,
    0x00, 0x3F, 0xFC, 0x00, 0x00, 0x7F, 0xFE, 0x00, 0x00, 0xFF, 0xFF, 0x00, 0x00, 0xFF, 0xFF, 0x00,
    0x00, 0xFF, 0xFF, 0x00, 0x01, 0xFF, 0xFF, 0x80, 0x01, 0xFF, 0xFF, 0x80, 0x01, 0xFF, 0xFF, 0x80,
    0x01, 0xFF, 0xFF, 0x80, 0x00, 0xFF, 0xFF, 0x00, 0x00, 0xFF, 0xFF, 0x00, 0x00, 0xFF, 0xFF, 0x00,
    0x00, 0x7F, 0xFE, 0x00, 0x00, 0x3F, 0xFC, 0x00, 0x00, 0x0F, 0xF0, 0x00, 0x00, 0xFF, 0xFE, 0x07,
    0xFF, 0xF0, 0x00, 0x00, 0xFF, 0xFE, 0x07, 0xFF, 0xF0, 0x00, 0x00, 0xFF, 0xFE, 0x07, 0xFF, 0xF0,
    0x00, 0x00, 0xFF, 0xFE, 0x07, 0xFF, 0xF0, 0x00, 0x00, 0xFF, 0xFE, 0x07, 0xFF, 0xF0, 0x00, 0x00,
    0xFF, 0xFE, 0x03, 0xFF, 0xF0, 0x00, 0x00, 0xFF, 0xFE, 0x03, 0xFF, 0xF0, 0x00, 0x00, 0xFF, 0xFE,
    0x03, 0xFF, 0xF0, 0x00, 0x00, 0x7F, 0xFE, 0x03, 0xFF, 0xF0, 0x00, 0x00, 0x7F, 0xFE, 0x03, 0xFF,
    0xF0, 0x00, 0x00, 0x7F, 0xFE, 0x03, 0xFF, 0xF0, 0x00, 0x00, 0x7F, 0xFE, 0x03, 0xFF, 0xF0, 0x00,
    0x00, 0x7F, 0xFE, 0x03, 0xFF, 0xF0, 0x00, 0x00, 0x7F, 0xFC, 0x03, 0xFF, 0xF0, 0x00, 0x00, 0x7F,
    0xFC, 0x03, 0xFF, 0xF0, 0x00, 0x00, 0x7F, 0xFC, 0x03, 0xFF, 0xF0, 0x00, 0x00, 0x7F, 0xFC, 0x03,
    0xFF, 0xF0, 0x00, 0x00, 0x7F, 0xFC, 0x03, 0xFF, 0xE0, 0x00, 0x00, 0x7F, 0xFC, 0x03, 0xFF, 0xE0,
    0x00, 0x00, 0x7F, 0xFC, 0x03, 0xFF, 0xE0, 0x00, 0x00, 0x7F, 0xFC, 0x03, 0xFF, 0xE0, 0x00, 0x00,
    0x7F, 0xFC, 0x03, 0xFF, 0xE0, 0x00, 0x00, 0x7F, 0xFC, 0x03, 0xFF, 0xE0, 0x00, 0x00, 0x7F, 0xFC,
    0x01, 0xFF, 0xE0, 0x00, 0x00, 0x7F, 0xFC, 0x01, 0xFF, 0xE0, 0x00, 0x00, 0x7F, 0xFC, 0x01, 0xFF,
    0xE0, 0x00, 0x00, 0x7F, 0xFC, 0x01, 0xFF, 0xE0, 0x00, 0x00, 0x3F, 0xFC, 0x01, 0xFF, 0xE0, 0x00,
    0x00, 0x00, 0x00, 0x00, 0x00, 0x00, 0x00, 0x00, 0x00, 0x00, 0x00, 0x00, 0x00, 0x00, 0x00, 0x00,
    0x00, 0x00, 0x00, 0x00, 0x00, 0x00, 0x00, 0x00, 0x00, 0x00, 0x00, 0x00, 0x00, 0x00, 0x00, 0x00,
    0x00, 0x00, 0x00, 0x00, 0x00, 0x00, 0x00, 0x00, 0x00, 0x00, 0x00, 0x00, 0x00, 0x00, 0x00, 0x00,
    0x00, 0x00, 0x00, 0x00, 0x00, 0x00, 0x00, 0x00, 0x00, 0x00, 0x00, 0x00, 0x00, 0x00, 0x00, 0x00,
    0x00, 0x00, 0x00, 0x00, 0x00, 0x00, 0x00, 0x00, 0x00, 0x00, 0x00, 0x00, 0x00, 0x00, 0x00, 0x00,
    0x00, 0x00, 0x00, 0x00, 0x00, 0x00, 0x00, 0x00, 0x00, 0x00, 0x00, 0x00, 0x00, 0x00, 0x00, 0x00,
    0x00, 0x00, 0x00, 0x00, 0x00, 0x00, 0x00, 0x00, 0x00, 0x00, 0x00, 0x00, 0x00, 0x00, 0x00, 0x00,
    0x00, 0x00, 0x00, 0x00, 0x00, 0x00, 0x00, 0x00, 0x00, 0x00, 0x00, 0x00, 0x00, 0x00, 0x00, 0x00,
    0x00, 0x00, 0x00, 0x00, 0x00, 0x00, 0x00, 0x00, 0x00, 0x00, 0x00, 0x00, 0x00, 0x00, 0x00, 0x00,
    0x00, 0x00, 0x00, 0x00, 0x00, 0x00, 0x00, 0x00, 0x00, 0x00, 0x00, 0x00, 0x00, 0x00, 0x00, 0x00,
    0x00, 0x00, 0x00, 0x00, 0x00, 0x00, 0x00, 0x00, 0x00, 0x00, 0x00, 0x00, 0x00, 0x00, 0x00, 0x00,
    0x00, 0x00, 0x00, 0x00, 0x00, 0x00, 0x00, 0x00, 0x00, 0x00, 0x00, 0x00, 0x00, 0x00, 0x00, 0x00,
    0x00, 0x00, 0x00, 0x00, 0x00, 0x00, 0x00, 0x00, 0x00, 0x00, 0x00, 0x00, 0x00, 0x00, 0x00, 0x00,
    0x00, 0x00, 0x00, 0x00, 0x00, 0x00, 0x00, 0x00, 0x00, 0x00, 0x00, 0x00, 0x00, 0x00, 0x00, 0x00,
    0x00, 0x00, 0x00, 0x00, 0x00, 0x00, 0x00, 0x00, 0x00, 0x00, 0x00, 0x00, 0x00, 0x00, 0x00, 0x00,
    0xFF, 0xF0, 0x07, 0xFF, 0xC0, 0x00, 0x00, 0xFF, 0xF0, 0x07, 0xFF, 0x80, 0x00, 0x00, 0xFF, 0xF0,
    0x07, 0xFF, 0x80, 0x00, 0x01, 0xFF, 0xF0, 0x07, 0xFF, 0x80, 0x00, 0x01, 0xFF, 0xE0, 0x07, 0xFF,
    0x80, 0x00, 0x01, 0xFF, 0xE0, 0x07, 0xFF, 0x80, 0x00, 0x01, 0xFF, 0xE0, 0x0F, 0xFF, 0x00, 0x00,
    0x01, 0xFF, 0xE0, 0x0F, 0xFF, 0x00, 0x00, 0x01, 0xFF, 0xE0, 0x0F, 0xFF, 0x00, 0x00, 0x01, 0xFF,
    0xE0, 0x0F, 0xFF, 0x00, 0x00, 0x03, 0xFF, 0xC0, 0x0F, 0xFF, 0x00, 0x00, 0x03, 0xFF, 0xC0, 0x0F,
    0xFF, 0x00, 0x00, 0x03, 0xFF, 0xC0, 0x0F, 0xFF, 0x00, 0x00, 0x03, 0xFF, 0xC0, 0x1F, 0xFE, 0x00,
    0x03, 0xFF, 0xFF, 0xFF, 0xFF, 0xFF, 0xFE, 0x03, 0xFF, 0xFF, 0xFF, 0xFF, 0xFF, 0xFE, 0x03, 0xFF,
    0xFF, 0xFF, 0xFF, 0xFF, 0xFE, 0x07, 0xFF, 0xFF, 0xFF, 0xFF, 0xFF, 0xFE, 0x07, 0xFF, 0xFF, 0xFF,
    0xFF, 0xFF, 0xFC, 0x07, 0xFF, 0xFF, 0xFF, 0xFF, 0xFF, 0xFC, 0x07, 0xFF, 0xFF, 0xFF, 0xFF, 0xFF,
    0xFC, 0x07, 0xFF, 0xFF, 0xFF, 0xFF, 0xFF, 0xFC, 0x07, 0xFF, 0xFF, 0xFF, 0xFF, 0xFF, 0xFC, 0x0F,
    0xFF, 0xFF, 0xFF, 0xFF, 0xFF, 0xFC, 0x0F, 0xFF, 0xFF, 0xFF, 0xFF, 0xFF, 0xF8, 0x0F, 0xFF, 0xFF,
    0xFF, 0xFF, 0xFF, 0xF8, 0x00, 0x0F, 0xFF, 0x00, 0x7F, 0xF8, 0x00, 0x00, 0x0F, 0xFF, 0x00, 0x7F,
    0xF8, 0x00, 0x00, 0x1F, 0xFE, 0x00, 0x7F, 0xF8, 0x00, 0x00, 0x1F, 0xFE, 0x00, 0x7F, 0xF8, 0x00,
    0x00, 0x1F, 0xFE, 0x00, 0x7F, 0xF8, 0x00, 0x00, 0x1F, 0xFE, 0x00, 0xFF, 0xF0, 0x00, 0x00, 0x1F,
    0xFE, 0x00, 0xFF, 0xF0, 0x00, 0x00, 0x1F, 0xFE, 0x00, 0xFF, 0xF0, 0x00, 0x00, 0x3F, 0xFC, 0x00,
    0xFF, 0xF0, 0x00, 0x00, 0x3F, 0xFC, 0x00, 0xFF, 0xF0, 0x00, 0x3F, 0xFF, 0xFF, 0xFF, 0xFF, 0xFF,
    0xF0, 0x3F, 0xFF, 0xFF, 0xFF, 0xFF, 0xFF, 0xE0, 0x3F, 0xFF, 0xFF, 0xFF, 0xFF, 0xFF, 0xE0, 0x3F,
    0xFF, 0xFF, 0xFF, 0xFF, 0xFF, 0xE0, 0x3F, 0xFF, 0xFF, 0xFF, 0xFF, 0xFF, 0xE0, 0x3F, 0xFF, 0xFF,
    0xFF, 0xFF, 0xFF, 0xE0, 0x7F, 0xFF, 0xFF, 0xFF, 0xFF, 0xFF, 0xE0, 0x7F, 0xFF, 0xFF, 0xFF, 0xFF,
    0xFF, 0xC0, 0x7F, 0xFF, 0xFF, 0xFF, 0xFF, 0xFF, 0xC0, 0x7F, 0xFF, 0xFF, 0xFF, 0xFF, 0xFF, 0xC0,
    0x7F, 0xFF, 0xFF, 0xFF, 0xFF, 0xFF, 0xC0, 0x7F, 0xFF, 0xFF, 0xFF, 0xFF, 0xFF, 0xC0, 0x80, 0xFF,
    0xF0, 0x03, 0xFF, 0xC0, 0x00, 0x00, 0xFF, 0xF0, 0x03, 0xFF, 0xC0, 0x00, 0x00, 0xFF, 0xF0, 0x07,
    0xFF, 0x80, 0x00, 0x00, 0xFF, 0xF0, 0x07, 0xFF, 0x80, 0x00, 0x00, 0xFF, 0xF0, 0x07, 0xFF, 0x80,
    0x00, 0x01, 0xFF, 0xE0, 0x07, 0xFF, 0x80, 0x00, 0x01, 0xFF, 0xE0, 0x07, 0xFF, 0x80, 0x00, 0x01,
    0xFF, 0xE0, 0x07, 0xFF, 0x80, 0x00, 0x01, 0xFF, 0xE0, 0x0F, 0xFF, 0x00, 0x00, 0x01, 0xFF, 0xE0,
    0x0F, 0xFF, 0x00, 0x00, 0x01, 0xFF, 0xE0, 0x0F, 0xFF, 0x00, 0x00, 0x03, 0xFF, 0xC0, 0x0F, 0xFF,
    0x00, 0x00, 0x03, 0xFF, 0xC0, 0x0F, 0xFF, 0x00, 0x00, 0x03, 0xFF, 0xC0, 0x0F, 0xFF, 0x00, 0x00,
    0x00, 0x00, 0x00, 0x3E, 0x00, 0x00, 0x00, 0x00, 0x00, 0x00, 0x3E, 0x00, 0x00, 0x00, 0x00, 0x00,
    0x00, 0x3E, 0x00, 0x00, 0x00, 0x00, 0x00, 0x00, 0x3E, 0x00, 0x00, 0x00, 0x00, 0x00, 0x00, 0x3E,
    0x00, 0x00, 0x00, 0x00, 0x00, 0x00, 0x3E, 0x00, 0x00, 0x00, 0x00, 0x00, 0x07, 0xFF, 0xF8, 0x00,
    0x00, 0x00, 0x00, 0x7F, 0xFF, 0xFF, 0x00, 0x00, 0x00, 0x01, 0xFF, 0xFF, 0xFF, 0xE0, 0x00, 0x00,
    0x07, 0xFF, 0xFF, 0xFF, 0xF0, 0x00, 0x00, 0x0F, 0xFF, 0xFF, 0xFF, 0xFC, 0x00, 0x00, 0x3F, 0xFF,
    0xFF, 0xFF, 0xFE, 0x00, 0x00, 0x7F, 0xFF, 0xFF, 0xFF, 0xFF, 0x00, 0x00, 0xFF, 0xFF, 0xFF, 0xFF,
    0xFF, 0x80, 0x00, 0xFF, 0xFF, 0xFF, 0xFF, 0xFF, 0x80, 0x01, 0xFF, 0xFF, 0xFF, 0xFF, 0xFF, 0xC0,
    0x03, 0xFF, 0xFF, 0xFF, 0xFF, 0xFF, 0xE0, 0x03, 0xFF, 0xFF, 0xFF, 0xFF, 0xFF, 0xE0, 0x07, 0xFF,
    0xFF, 0xFF, 0xFF, 0xFF, 0xE0, 0x07, 0xFF, 0xFF, 0xFF, 0xFF, 0xFF, 0xF0, 0x07, 0xFF, 0xFF, 0x3E,
    0x7F, 0xFF, 0xF0, 0x0F, 0xFF, 0xFC, 0x3E, 0x1F, 0xFF, 0xF0, 0x0F, 0xFF, 0xFC, 0x3E, 0x0F, 0xFF,
    0xF0, 0x0F, 0xFF, 0xF8, 0x3E, 0x0F, 0xFF, 0xF8, 0x0F, 0xFF, 0xF8, 0x3E, 0x07, 0xFF, 0xF8, 0x0F,
    0xFF, 0xF8, 0x3E, 0x07, 0xFF, 0xF8, 0x0F, 0xFF, 0xFC, 0x3E, 0x00, 0x00, 0x00, 0x0F, 0xFF, 0xFC,
    0x3E, 0x00, 0x00, 0x00, 0x0F, 0xFF, 0xFF, 0x3E, 0x00, 0x00, 0x00, 0x0F, 0xFF, 0xFF, 0xBE, 0x00,
    0x00, 0x00, 0x0F, 0xFF, 0xFF, 0xFE, 0x00, 0x00, 0x00, 0x07, 0xFF, 0xFF, 0xFF, 0x80, 0x00, 0x00,
    0x07, 0xFF, 0xFF, 0xFF, 0xF8, 0x00, 0x00, 0x07, 0xFF, 0xFF, 0xFF, 0xFF, 0x00, 0x00, 0x03, 0xFF,
    0xFF, 0xFF, 0xFF, 0xE0, 0x00, 0x01, 0xFF, 0xFF, 0xFF, 0xFF, 0xF8, 0x00, 0x01, 0xFF, 0xFF, 0xFF,
    0xFF, 0xFC, 0x00, 0x00, 0xFF, 0xFF, 0xFF, 0xFF, 0xFF, 0x00, 0x00, 0x7F, 0xFF, 0xFF, 0xFF, 0xFF,
    0x80, 0x00, 0x1F, 0xFF, 0xFF, 0xFF, 0xFF, 0xC0, 0x00, 0x0F, 0xFF, 0xFF, 0xFF, 0xFF, 0xC0, 0x00,
    0x03, 0xFF, 0xFF, 0xFF, 0xFF, 0xE0, 0x00, 0x00, 0xFF, 0xFF, 0xFF, 0xFF, 0xF0, 0x00, 0x00, 0x1F,
    0xFF, 0xFF, 0xFF, 0xF0, 0x00, 0x00, 0x01, 0xFF, 0xFF, 0xFF, 0xF0, 0x00, 0x00, 0x00, 0x3F, 0xFF,
    0xFF, 0xF8, 0x00, 0x00, 0x00, 0x3F, 0xFF, 0xFF, 0xF8, 0x00, 0x00, 0x00, 0x3E, 0x3F, 0xFF, 0xF8,
    0x3F, 0xFF, 0xC0, 0x3E, 0x1F, 0xFF, 0xF8, 0x3F, 0xFF, 0xC0, 0x3E, 0x0F, 0xFF, 0xF8, 0x3F, 0xFF,
    0xC0, 0x3E, 0x07, 0xFF, 0xFC, 0x1F, 0xFF, 0xE0, 0x3E, 0x07, 0xFF, 0xFC, 0x1F, 0xFF, 0xE0, 0x3E,
    0x07, 0xFF, 0xFC, 0x1F, 0xFF, 0xF0, 0x3E, 0x0F, 0xFF, 0xF8, 0x1F, 0xFF, 0xF8, 0x3E, 0x1F, 0xFF,
    0xF8, 0x1F, 0xFF, 0xFC, 0x3E, 0x3F, 0xFF, 0xF8, 0x0F, 0xFF, 0xFF, 0xFF, 0xFF, 0xFF, 0xF8, 0x0F,
    0xFF, 0xFF, 0xFF, 0xFF, 0xFF, 0xF8, 0x0F, 0xFF, 0xFF, 0xFF, 0xFF, 0xFF, 0xF0, 0x07, 0xFF, 0xFF,
    0xFF, 0xFF, 0xFF, 0xF0, 0x07, 0xFF, 0xFF, 0xFF, 0xFF, 0xFF, 0xE0, 0x03, 0xFF, 0xFF, 0xFF, 0xFF,
    0xFF, 0xE0, 0x01, 0xFF, 0xFF, 0xFF, 0xFF, 0xFF, 0xC0, 0x00, 0xFF, 0xFF, 0xFF, 0xFF, 0xFF, 0x80,
    0x00, 0x7F, 0xFF, 0xFF, 0xFF, 0xFF, 0x00, 0x00, 0x3F, 0xFF, 0xFF, 0xFF, 0xFE, 0x00, 0x00, 0x0F,
    0xFF, 0xFF, 0xFF, 0xFC, 0x00, 0x00, 0x07, 0xFF, 0xFF, 0xFF, 0xF0, 0x00, 0x00, 0x00, 0xFF, 0xFF,
    0xFF, 0x80, 0x00, 0x00, 0x00, 0x0F, 0xFF, 0xFC, 0x00, 0x00, 0x00, 0x00, 0x00, 0x3E, 0x00, 0x00,
    0x00, 0x00, 0x00, 0x00, 0x3E, 0x00, 0x00, 0x00, 0x00, 0x00, 0x00, 0x3E, 0x00, 0x00, 0x00, 0x00,
    0x00, 0x00, 0x3E, 0x00, 0x00, 0x00, 0x00, 0x00, 0x00, 0x3E, 0x00, 0x00, 0x00, 0x00, 0x00, 0x00,
    0x3E, 0x00, 0x00, 0x00, 0x00, 0x00, 0x00, 0x3E, 0x00, 0x00, 0x00, 0x00, 0x00, 0xFF, 0x80, 0x00,
    0x00, 0x00, 0x00, 0x00, 0x00, 0x00, 0x00, 0x03, 0xFF, 0xF0, 0x00, 0x00, 0x00, 0x1F, 0xFC, 0x00,
    0x00, 0x00, 0x0F, 0xFF, 0xF8, 0x00, 0x00, 0x00, 0x1F, 0xF8, 0x00, 0x00, 0x00, 0x1F, 0xFF, 0xFE,
    0x00, 0x00, 0x00, 0x3F, 0xF0, 0x00, 0x00, 0x00, 0x3F, 0xFF, 0xFF, 0x00, 0x00, 0x00, 0x7F, 0xE0,
    0x00, 0x00, 0x00, 0x7F, 0xFF, 0xFF, 0x00, 0x00, 0x00, 0x7F, 0xE0, 0x00, 0x00, 0x00, 0xFF, 0xFF,
    0xFF, 0x80, 0x00, 0x00, 0xFF, 0xC0, 0x00, 0x00, 0x00, 0xFF, 0xFF, 0xFF, 0x80, 0x00, 0x01, 0xFF,
    0x80, 0x00, 0x00, 0x01, 0xFF, 0xFF, 0xFF, 0xC0, 0x00, 0x01, 0xFF, 0x00, 0x00, 0x00, 0x01, 0xFF,
    0xC1, 0xFF, 0xC0, 0x00, 0x03, 0xFF, 0x00, 0x00, 0x00, 0x01, 0xFF, 0xC0, 0xFF, 0xE0, 0x00, 0x07,
    0xFE, 0x00, 0x00, 0x00, 0x03, 0xFF, 0x80, 0xFF, 0xE0, 0x00, 0x07, 0xFC, 0x00, 0x00, 0x00, 0x03,
    0xFF, 0x80, 0xFF, 0xE0, 0x00, 0x0F, 0xFC, 0x00, 0x00, 0x00, 0x03, 0xFF, 0x80, 0xFF, 0xE0, 0x00,
    0x1F, 0xF8, 0x00, 0x00, 0x00, 0x03, 0xFF, 0x80, 0x7F, 0xE0, 0x00, 0x1F, 0xF0, 0x00, 0x00, 0x00,
    0x03, 0xFF, 0x80, 0x7F, 0xE0, 0x00, 0x3F, 0xF0, 0x00, 0x00, 0x00, 0x03, 0xFF, 0x80, 0x7F, 0xE0,
    0x00, 0x7F, 0xE0, 0x00, 0x00, 0x00, 0x03, 0xFF, 0x80, 0x7F, 0xE0, 0x00, 0x7F, 0xC0, 0x00, 0x00,
    0x00, 0x03, 0xFF, 0x80, 0xFF, 0xE0, 0x00, 0xFF, 0xC0, 0x00, 0x00, 0x00, 0x03, 0xFF, 0x80, 0xFF,
    0xE0, 0x01, 0xFF, 0x80, 0x00, 0x00, 0x00, 0x03, 0xFF, 0x80, 0xFF, 0xE0, 0x03, 0xFF, 0x00, 0x00,
    0x00, 0x00, 0x01, 0xFF, 0x80, 0xFF, 0xE0, 0x03, 0xFF, 0x00, 0x00, 0x00, 0x00, 0x01, 0xFF, 0xC1,
    0xFF, 0xC0, 0x07, 0xFE, 0x00, 0x00, 0x00, 0x00, 0x01, 0xFF, 0xFF, 0xFF, 0xC0, 0x0F, 0xFC, 0x00,
    0x00, 0x00, 0x00, 0x00, 0xFF, 0xFF, 0xFF, 0xC0, 0x0F, 0xFC, 0x00, 0x00, 0x00, 0x00, 0x00, 0xFF,
    0xFF, 0xFF, 0x80, 0x1F, 0xF8, 0x00, 0x00, 0x00, 0x00, 0x00, 0x7F, 0xFF, 0xFF, 0x00, 0x3F, 0xF0,
    0x00, 0x00, 0x00, 0x00, 0x00, 0x3F, 0xFF, 0xFF, 0x00, 0x3F, 0xF0, 0x00, 0x00, 0x00, 0x00, 0x00,
    0x1F, 0xFF, 0xFE, 0x00, 0x7F, 0xE0, 0x00, 0x00, 0x00, 0x00, 0x00, 0x0F, 0xFF, 0xF8, 0x00, 0xFF,
    0xC0, 0x00, 0x00, 0x00, 0x00, 0x00, 0x07, 0xFF, 0xF0, 0x00, 0xFF, 0xC0, 0x00, 0x00, 0x00, 0x00,
    0x00, 0x00, 0xFF, 0x80, 0x01, 0xFF, 0x80, 0x00, 0x00, 0x00, 0x00, 0x00, 0x00, 0x00, 0x00, 0x03,
    0xFF, 0x00, 0x01, 0xFF, 0x00, 0x00, 0x00, 0x00, 0x00, 0x00, 0x03, 0xFF, 0x00, 0x0F, 0xFF, 0xC0,
    0x00, 0x00, 0x00, 0x00, 0x00, 0x07, 0xFE, 0x00, 0x3F, 0xFF, 0xF0, 0x00, 0x00, 0x00, 0x00, 0x00,
    0x0F, 0xFC, 0x00, 0x7F, 0xFF, 0xF8, 0x00, 0x00, 0x00, 0x00, 0x00, 0x0F, 0xFC, 0x00, 0xFF, 0xFF,
    0xFC, 0x00, 0x00, 0x00, 0x00, 0x00, 0x1F, 0xF8, 0x01, 0xFF, 0xFF, 0xFE, 0x00, 0x00, 0x00, 0x00,
    0x00, 0x3F, 0xF0, 0x01, 0xFF, 0xFF, 0xFF, 0x00, 0x00, 0x00, 0x00, 0x00, 0x3F, 0xE0, 0x03, 0xFF,
    0xFF, 0xFF, 0x00, 0x00, 0x00, 0x00, 0x00, 0x7F, 0xE0, 0x03, 0xFF, 0xFF, 0xFF, 0x80, 0x00, 0x00,
    0x00, 0x00, 0xFF, 0xC0, 0x07, 0xFF, 0x87, 0xFF, 0x80, 0x00, 0x00, 0x00, 0x00, 0xFF, 0x80, 0x07,
    0xFF, 0x03, 0xFF, 0x80, 0x00, 0x00, 0x00, 0x01, 0xFF, 0x80, 0x07, 0xFF, 0x01, 0xFF, 0x80, 0x00,
    0x00, 0x00, 0x03, 0xFF, 0x00, 0x07, 0xFE, 0x01, 0xFF, 0xC0, 0x00, 0x00, 0x00, 0x03, 0xFE, 0x00,
    0x07, 0xFE, 0x01, 0xFF, 0xC0, 0x00, 0x00, 0x00, 0x07, 0xFE, 0x00, 0x07, 0xFE, 0x01, 0xFF, 0xC0,
    0x00, 0x00, 0x00, 0x0F, 0xFC, 0x00, 0x07, 0xFE, 0x01, 0xFF, 0xC0, 0x00, 0x00, 0x00, 0x0F, 0xF8,
    0x00, 0x07, 0xFE, 0x01, 0xFF, 0xC0, 0x00, 0x00, 0x00, 0x1F, 0xF8, 0x00, 0x07, 0xFE, 0x01, 0xFF,
    0xC0, 0x00, 0x00, 0x00, 0x3F, 0xF0, 0x00, 0x07, 0xFE, 0x01, 0xFF, 0xC0, 0x00, 0x00, 0x00, 0x7F,
    0xE0, 0x00, 0x07, 0xFE, 0x01, 0xFF, 0xC0, 0x00, 0x00, 0x00, 0x7F, 0xE0, 0x00, 0x07, 0xFF, 0x01,
    0xFF, 0x80, 0x00, 0x00, 0x00, 0xFF, 0xC0, 0x00, 0x07, 0xFF, 0x03, 0xFF, 0x80, 0x00, 0x00, 0x01,
    0xFF, 0x80, 0x00, 0x07, 0xFF, 0x87, 0xFF, 0x80, 0x00, 0x00, 0x01, 0xFF, 0x80, 0x00, 0x03, 0xFF,
    0xFF, 0xFF, 0x80, 0x00, 0x00, 0x03, 0xFF, 0x00, 0x00, 0x03, 0xFF, 0xFF, 0xFF, 0x00, 0x00, 0x00,
    0x07, 0xFE, 0x00, 0x00, 0x01, 0xFF, 0xFF, 0xFF, 0x00, 0x00, 0x00, 0x07, 0xFE, 0x00, 0x00, 0x01,
    0xFF, 0xFF, 0xFE, 0x00, 0x00, 0x00, 0x0F, 0xFC, 0x00, 0x00, 0x00, 0xFF, 0xFF, 0xFC, 0x00, 0x00,
    0x00, 0x1F, 0xF8, 0x00, 0x00, 0x00, 0x7F, 0xFF, 0xF8, 0x00, 0x00, 0x00, 0x1F, 0xF8, 0x00, 0x00,
    0x00, 0x3F, 0xFF, 0xF0, 0x00, 0x00, 0x00, 0x3F, 0xF0, 0x00, 0x00, 0x00, 0x0F, 0xFF, 0xC0, 0x00,
    0x00, 0x00, 0x00, 0x00, 0x00, 0x00, 0x00, 0x01, 0xFF, 0x00, 0x00, 0x00, 0x00, 0x07, 0xFE, 0x00,
    0x00, 0x00, 0x00, 0x00, 0x00, 0x3F, 0xFF, 0xC0, 0x00, 0x00, 0x00, 0x00, 0x00, 0xFF, 0xFF, 0xE0,
    0x00, 0x00, 0x00, 0x00, 0x01, 0xFF, 0xFF, 0xF8, 0x00, 0x00, 0x00, 0x00, 0x03, 0xFF, 0xFF, 0xFC,
    0x00, 0x00, 0x00, 0x00, 0x07, 0xFF, 0xFF, 0xFE, 0x00, 0x00, 0x00, 0x00, 0x0F, 0xFF, 0xFF, 0xFF,
    0x00, 0x00, 0x00, 0x00, 0x1F, 0xFF, 0xFF, 0xFF, 0x00, 0x00, 0x00, 0x00, 0x1F, 0xFF, 0xFF, 0xFF,
    0x80, 0x00, 0x00, 0x00, 0x3F, 0xFF, 0xFF, 0xFF, 0x80, 0x00, 0x00, 0x00, 0x3F, 0xFF, 0xFF, 0xFF,
    0xC0, 0x00, 0x00, 0x00, 0x7F, 0xFF, 0xFF, 0xFF, 0xC0, 0x00, 0x00, 0x00, 0x7F, 0xFF, 0xFF, 0xFF,
    0xC0, 0x00, 0x00, 0x00, 0x7F, 0xFF, 0x0F, 0xFF, 0xC0, 0x00, 0x00, 0x00, 0xFF, 0xFC, 0x03, 0xFF,
    0xE0, 0x00, 0x00, 0x00, 0xFF, 0xFC, 0x03, 0xFF, 0xE0, 0x00, 0x00, 0x00, 0xFF, 0xFC, 0x03, 0xFF,
    0xE0, 0x00, 0x00, 0x00, 0xFF, 0xFC, 0x03, 0xFF, 0xE0, 0x00, 0x00, 0x00, 0xFF, 0xFC, 0x03, 0xFF,
    0xC0, 0x00, 0x00, 0x00, 0xFF, 0xFC, 0x03, 0xFF, 0xC0, 0x00, 0x00, 0x00, 0xFF, 0xFC, 0x07, 0xFF,
    0xC0, 0x00, 0x00, 0x00, 0x7F, 0xFE, 0x0F, 0xFF, 0xC0, 0x00, 0x00, 0x00, 0x7F, 0xFF, 0x3F, 0xFF,
    0x80, 0x00, 0x00, 0x00, 0x7F, 0xFF, 0xFF, 0xFF, 0x80, 0x00, 0x00, 0x00, 0x7F, 0xFF, 0xFF, 0xFF,
    0x00, 0x00, 0x00, 0x00, 0x3F, 0xFF, 0xFF, 0xFF, 0x00, 0x00, 0x00, 0x00, 0x3F, 0xFF, 0xFF, 0xFE,
    0x00, 0x00, 0x00, 0x00, 0x1F, 0xFF, 0xFF, 0xFC, 0x00, 0x00, 0x00, 0x00, 0x1F, 0xFF, 0xFF, 0xF8,
    0x00, 0x00, 0x00, 0x00, 0x0F, 0xFF, 0xFF, 0xF0, 0x00, 0x00, 0x00, 0x00, 0x07, 0xFF, 0xFF, 0xE0,
    0x00, 0x00, 0x00, 0x00, 0x07, 0xFF, 0xFF, 0xC0, 0x3F, 0xFE, 0x00, 0x00, 0x1F, 0xFF, 0xFF, 0x00,
    0x3F, 0xFE, 0x00, 0x00, 0x3F, 0xFF, 0xFF, 0x00, 0x3F, 0xFE, 0x00, 0x00, 0x7F, 0xFF, 0xFF, 0x80,
    0x3F, 0xFE, 0x00, 0x00, 0xFF, 0xFF, 0xFF, 0xC0, 0x3F, 0xFE, 0x00, 0x01, 0xFF, 0xFF, 0xFF, 0xE0,
    0x7F, 0xFE, 0x00, 0x03, 0xFF, 0xFF, 0xFF, 0xF0, 0x7F, 0xFE, 0x00, 0x07, 0xFF, 0xFF, 0xFF, 0xF8,
    0x7F, 0xFE, 0x00, 0x0F, 0xFF, 0xFF, 0xFF, 0xF8, 0xFF, 0xFC, 0x00, 0x0F, 0xFF, 0xFF, 0xFF, 0xFC,
    0xFF, 0xFC, 0x00, 0x1F, 0xFF, 0xF3, 0xFF, 0xFE, 0xFF, 0xFC, 0x00, 0x1F, 0xFF, 0xE1, 0xFF, 0xFF,
    0xFF, 0xFC, 0x00, 0x1F, 0xFF, 0xE0, 0xFF, 0xFF, 0xFF, 0xFC, 0x00, 0x1F, 0xFF, 0xC0, 0x7F, 0xFF,
    0xFF, 0xF8, 0x00, 0x1F, 0xFF, 0xC0, 0x3F, 0xFF, 0xFF, 0xF8, 0x00, 0x1F, 0xFF, 0xC0, 0x1F, 0xFF,
    0xFF, 0xF8, 0x00, 0x1F, 0xFF, 0xC0, 0x1F, 0xFF, 0xFF, 0xF0, 0x00, 0x1F, 0xFF, 0xE0, 0x0F, 0xFF,
    0xFF, 0xF0, 0x00, 0x1F, 0xFF, 0xF0, 0x07, 0xFF, 0xFF, 0xE0, 0x00, 0x1F, 0xFF, 0xF8, 0x03, 0xFF,
    0xFF, 0xE0, 0x00, 0x1F, 0xFF, 0xFF, 0xFF, 0xFF, 0xFF, 0xC0, 0x00, 0x0F, 0xFF, 0xFF, 0xFF, 0xFF,
    0xFF, 0xC0, 0x00, 0x0F, 0xFF, 0xFF, 0xFF, 0xFF, 0xFF, 0xC0, 0x00, 0x07, 0xFF, 0xFF, 0xFF, 0xFF,
    0xFF, 0xE0, 0x00, 0x07, 0xFF, 0xFF, 0xFF, 0xFF, 0xFF, 0xF0, 0x00, 0x03, 0xFF, 0xFF, 0xFF, 0xFF,
    0xFF, 0xF8, 0x00, 0x01, 0xFF, 0xFF, 0xFF, 0xFF, 0xFF, 0xFC, 0x00, 0x00, 0xFF, 0xFF, 0xFF, 0xFF,
    0xFF, 0xFE, 0x00, 0x00, 0x7F, 0xFF, 0xFF, 0xFF, 0xFF, 0xFF, 0x00, 0x00, 0x3F, 0xFF, 0xFF, 0xFC,
    0xFF, 0xFF, 0x80, 0x00, 0x0F, 0xFF, 0xFF, 0xF0, 0x7F, 0xFF, 0x80, 0x00, 0x03, 0xFF, 0xFF, 0x80,
    0x3F, 0xFF, 0xE0, 0x00, 0x00, 0x3F, 0xF8, 0x00, 0x00, 0x00, 0x00, 0x00, 0xFF, 0xFE, 0x00, 0x00,
    0xFF, 0xFE, 0x00, 0x00, 0xFF, 0xFE, 0x00, 0x00, 0xFF, 0xFE, 0x00, 0x00, 0xFF, 0xFE, 0x00, 0x00,
    0xFF, 0xFE, 0x00, 0x00, 0xFF, 0xFE, 0x00, 0x00, 0xFF, 0xFE, 0x00, 0x00, 0x7F, 0xFE, 0x00, 0x00,
    0x7F, 0xFE, 0x00, 0x00, 0x7F, 0xFE, 0x00, 0x00, 0x7F, 0xFE, 0x00, 0x00, 0x7F, 0xFE, 0x00, 0x00,
    0x7F, 0xFC, 0x00, 0x00, 0x7F, 0xFC, 0x00, 0x00, 0x7F, 0xFC, 0x00, 0x00, 0x7F, 0xFC, 0x00, 0x00,
    0x7F, 0xFC, 0x00, 0x00, 0x7F, 0xFC, 0x00, 0x00, 0x7F, 0xFC, 0x00, 0x00, 0x7F, 0xFC, 0x00, 0x00,
    0x7F, 0xFC, 0x00, 0x00, 0x7F, 0xFC, 0x00, 0x00, 0x7F, 0xFC, 0x00, 0x00, 0x7F, 0xFC, 0x00, 0x00,
    0x7F, 0xFC, 0x00, 0x00, 0x7F, 0xFC, 0x00, 0x00, 0x3F, 0xFC, 0x00, 0x00, 0x00, 0x00, 0x00, 0x00,
    0x00, 0x00, 0x00, 0x00, 0x00, 0x00, 0x00, 0x00, 0x00, 0x00, 0x00, 0x00, 0x00, 0x00, 0x00, 0x00,
    0x00, 0x00, 0x00, 0x00, 0x00, 0x00, 0x00, 0x00, 0x00, 0x00, 0x00, 0x00, 0x00, 0x00, 0x00, 0x00,
    0x00, 0x00, 0x00, 0x00, 0x00, 0x00, 0x00, 0x00, 0x00, 0x00, 0x00, 0x00, 0x00, 0x00, 0x00, 0x00,
    0x00, 0x00, 0x00, 0x00, 0x00, 0x00, 0x00, 0x00, 0x00, 0x00, 0x00, 0x00, 0x00, 0x00, 0x00, 0x00,
    0x00, 0x00, 0x00, 0x00, 0x00, 0x00, 0x00, 0x00, 0x00, 0x00, 0x00, 0x00, 0x00, 0x00, 0x00, 0x00,
    0x00, 0x00, 0x00, 0x00, 0x00, 0x00, 0x00, 0x00, 0x00, 0x00, 0x00, 0x00, 0x00, 0x00, 0x00, 0x00,
    0x00, 0x00, 0x00, 0x00, 0x00, 0x00, 0x00, 0x00, 0x00, 0x00, 0x00, 0x00, 0x00, 0x00, 0x00, 0x00,
    0x00, 0x00, 0x00, 0x00, 0x00, 0x00, 0x00, 0x00, 0x00, 0x00, 0x00, 0x00, 0x00, 0x00, 0x00, 0x00,
    0x00, 0x00, 0x00, 0x00, 0x00, 0xFF, 0xFE, 0x00, 0x00, 0x01, 0xFF, 0xFC, 0x00, 0x00, 0x03, 0xFF,
    0xFC, 0x00, 0x00, 0x03, 0xFF, 0xF8, 0x00, 0x00, 0x07, 0xFF, 0xF8, 0x00, 0x00, 0x07, 0xFF, 0xF8,
    0x00, 0x00, 0x0F, 0xFF, 0xF0, 0x00, 0x00, 0x0F, 0xFF, 0xF0, 0x00, 0x00, 0x0F, 0xFF, 0xF0, 0x00,
    0x00, 0x1F, 0xFF, 0xE0, 0x00, 0x00, 0x1F, 0xFF, 0xE0, 0x00, 0x00, 0x3F, 0xFF, 0xE0, 0x00, 0x00,
    0x3F, 0xFF, 0xC0, 0x00, 0x00, 0x3F, 0xFF, 0xC0, 0x00, 0x00, 0x7F, 0xFF, 0xC0, 0x00, 0x00, 0x7F,
    0xFF, 0x80, 0x00, 0x00, 0x7F, 0xFF, 0x80, 0x00, 0x00, 0xFF, 0xFF, 0x80, 0x00, 0x00, 0xFF, 0xFF,
    0x80, 0x00, 0x00, 0xFF, 0xFF, 0x80, 0x00, 0x00, 0xFF, 0xFF, 0x00, 0x00, 0x01, 0xFF, 0xFF, 0x00,
    0x00, 0x01, 0xFF, 0xFF, 0x00, 0x00, 0x01, 0xFF, 0xFF, 0x00, 0x00, 0x01, 0xFF, 0xFF, 0x00, 0x00,
    0x01, 0xFF, 0xFE, 0x00, 0x00, 0x03, 0xFF, 0xFE, 0x00, 0x00, 0x03, 0xFF, 0xFE, 0x00, 0x00, 0x03,
    0xFF, 0xFE, 0x00, 0x00, 0x03, 0xFF, 0xFE, 0x00, 0x00, 0x03, 0xFF, 0xFE, 0x00, 0x00, 0x03, 0xFF,
    0xFE, 0x00, 0x00, 0x03, 0xFF, 0xFC, 0x00, 0x00, 0x03, 0xFF, 0xFC, 0x00, 0x00, 0x07, 0xFF, 0xFC,
    0x00, 0x00, 0x07, 0xFF, 0xFC, 0x00, 0x00, 0x07, 0xFF, 0xFC, 0x00, 0x00, 0x07, 0xFF, 0xFC, 0x00,
    0x00, 0x07, 0xFF, 0xFC, 0x00, 0x00, 0x07, 0xFF, 0xFC, 0x00, 0x00, 0x07, 0xFF, 0xFC, 0x00, 0x00,
    0x07, 0xFF, 0xFC, 0x00, 0x00, 0x07, 0xFF, 0xFC, 0x00, 0x00, 0x07, 0xFF, 0xFC, 0x00, 0x00, 0x07,
    0xFF, 0xFC, 0x00, 0x00, 0x07, 0xFF, 0xFC, 0x00, 0x00, 0x03, 0xFF, 0xFC, 0x00, 0x00, 0x03, 0xFF,
    0xFC, 0x00, 0x00, 0x03, 0xFF, 0xFE, 0x00, 0x00, 0x03, 0xFF, 0xFE, 0x00, 0x00, 0x03, 0xFF, 0xFE,
    0x00, 0x00, 0x03, 0xFF, 0xFE, 0x00, 0x00, 0x03, 0xFF, 0xFE, 0x00, 0x00, 0x01, 0xFF, 0xFE, 0x00,
    0x00, 0x01, 0xFF, 0xFF, 0x00, 0x00, 0x01, 0xFF, 0xFF, 0x00, 0x00, 0x01, 0xFF, 0xFF, 0x00, 0x00,
    0x01, 0xFF, 0xFF, 0x00, 0x00, 0x00, 0xFF, 0xFF, 0x80, 0x00, 0x00, 0xFF, 0xFF, 0x80, 0x00, 0x00,
    0xFF, 0xFF, 0x80, 0x00, 0x00, 0x7F, 0xFF, 0x80, 0x00, 0x00, 0x7F, 0xFF, 0xC0, 0x00, 0x00, 0x7F,
    0xFF, 0xC0, 0x00, 0x00, 0x3F, 0xFF, 0xC0, 0x00, 0x00, 0x3F, 0xFF, 0xE0, 0x00, 0x00, 0x3F, 0xFF,
    0xE0, 0x00, 0x00, 0x1F, 0xFF, 0xE0, 0x00, 0x00, 0x1F, 0xFF, 0xF0, 0x00, 0x00, 0x0F, 0xFF, 0xF0,
    0x00, 0x00, 0x0F, 0xFF, 0xF0, 0x00, 0x00, 0x07, 0xFF, 0xF8, 0x00, 0x00, 0x07, 0xFF, 0xF8, 0x00,
    0x00, 0x03, 0xFF, 0xF8, 0x00, 0x00, 0x03, 0xFF, 0xFC, 0x00, 0x00, 0x01, 0xFF, 0xFC, 0x00, 0x00,
    0x00, 0xFF, 0xFE, 0x00, 0x3F, 0xFF, 0x80, 0x00, 0x00, 0x3F, 0xFF, 0xC0, 0x00, 0x00, 0x1F, 0xFF,
    0xC0, 0x00, 0x00, 0x1F, 0xFF, 0xE0, 0x00, 0x00, 0x0F, 0xFF, 0xE0, 0x00, 0x00, 0x0F, 0xFF, 0xF0,
    0x00, 0x00, 0x0F, 0xFF, 0xF0, 0x00, 0x00, 0x07, 0xFF, 0xF8, 0x00, 0x00, 0x07, 0xFF, 0xF8, 0x00,
    0x00, 0x07, 0xFF, 0xF8, 0x00, 0x00, 0x03, 0xFF, 0xFC, 0x00, 0x00, 0x03, 0xFF, 0xFC, 0x00, 0x00,
    0x03, 0xFF, 0xFE, 0x00, 0x00, 0x03, 0xFF, 0xFE, 0x00, 0x00, 0x01, 0xFF, 0xFE, 0x00, 0x00, 0x01,
    0xFF, 0xFE, 0x00, 0x00, 0x01, 0xFF, 0xFF, 0x00, 0x00, 0x00, 0xFF, 0xFF, 0x00, 0x00, 0x00, 0xFF,
    0xFF, 0x00, 0x00, 0x00, 0xFF, 0xFF, 0x80, 0x00, 0x00, 0xFF, 0xFF, 0x80, 0x00, 0x00, 0xFF, 0xFF,
    0x80, 0x00, 0x00, 0x7F, 0xFF, 0x80, 0x00, 0x00, 0x7F, 0xFF, 0x80, 0x00, 0x00, 0x7F, 0xFF, 0xC0,
    0x00, 0x00, 0x7F, 0xFF, 0xC0, 0x00, 0x00, 0x7F, 0xFF, 0xC0, 0x00, 0x00, 0x7F, 0xFF, 0xC0, 0x00,
    0x00, 0x3F, 0xFF, 0xC0, 0x00, 0x00, 0x3F, 0xFF, 0xE0, 0x00, 0x00, 0x3F, 0xFF, 0xE0, 0x00, 0x00,
    0x3F, 0xFF, 0xE0, 0x00, 0x00, 0x3F, 0xFF, 0xE0, 0x00, 0x00, 0x3F, 0xFF, 0xE0, 0x00, 0x00, 0x3F,
    0xFF, 0xE0, 0x00, 0x00, 0x3F, 0xFF, 0xE0, 0x00, 0x00, 0x3F, 0xFF, 0xE0, 0x00, 0x00, 0x3F, 0xFF,
    0xE0, 0x00, 0x00, 0x3F, 0xFF, 0xE0, 0x00, 0x00, 0x3F, 0xFF, 0xE0, 0x00, 0x00, 0x3F, 0xFF, 0xE0,
    0x00, 0x00, 0x3F, 0xFF, 0xE0, 0x00, 0x00, 0x3F, 0xFF, 0xE0, 0x00, 0x00, 0x3F, 0xFF, 0xE0, 0x00,
    0x00, 0x3F, 0xFF, 0xE0, 0x00, 0x00, 0x3F, 0xFF, 0xE0, 0x00, 0x00, 0x3F, 0xFF, 0xE0, 0x00, 0x00,
    0x3F, 0xFF, 0xE0, 0x00, 0x00, 0x3F, 0xFF, 0xE0, 0x00, 0x00, 0x3F, 0xFF, 0xE0, 0x00, 0x00, 0x3F,
    0xFF, 0xE0, 0x00, 0x00, 0x3F, 0xFF, 0xC0, 0x00, 0x00, 0x7F, 0xFF, 0xC0, 0x00, 0x00, 0x7F, 0xFF,
    0xC0, 0x00, 0x00, 0x7F, 0xFF, 0xC0, 0x00, 0x00, 0x7F, 0xFF, 0xC0, 0x00, 0x00, 0x7F, 0xFF, 0x80,
    0x00, 0x00, 0xFF, 0xFF, 0x80, 0x00, 0x00, 0xFF, 0xFF, 0x80, 0x00, 0x00, 0xFF, 0xFF, 0x80, 0x00,
    0x01, 0xFF, 0xFF, 0x00, 0x00, 0x01, 0xFF, 0xFF, 0x00, 0x00, 0x01, 0xFF, 0xFF, 0x00, 0x00, 0x01,
    0xFF, 0xFE, 0x00, 0x00, 0x03, 0xFF, 0xFE, 0x00, 0x00, 0x03, 0xFF, 0xFC, 0x00, 0x00, 0x03, 0xFF,
    0xFC, 0x00, 0x00, 0x07, 0xFF, 0xFC, 0x00, 0x00, 0x07, 0xFF, 0xF8, 0x00, 0x00, 0x07, 0xFF, 0xF8,
    0x00, 0x00, 0x0F, 0xFF, 0xF0, 0x00, 0x00, 0x0F, 0xFF, 0xF0, 0x00, 0x00, 0x1F, 0xFF, 0xE0, 0x00,
    0x00, 0x1F, 0xFF, 0xE0, 0x00, 0x00, 0x1F, 0xFF, 0xC0, 0x00, 0x00, 0x3F, 0xFF, 0xC0, 0x00, 0x00,
    0x3F, 0xFF, 0x80, 0x00, 0x00, 0x00, 0x00, 0x07, 0xFC, 0x00, 0x00, 0x00, 0x00, 0x00, 0x07, 0xFC,
    0x00, 0x00, 0x00, 0x00, 0x00, 0x07, 0xFC, 0x00, 0x00, 0x00, 0x00, 0x00, 0x07, 0xFC, 0x00, 0x00,
    0x00, 0x00, 0x00, 0x07, 0xFC, 0x00, 0x00, 0x00, 0x00, 0x04, 0x07, 0xFC, 0x06, 0x00, 0x00, 0x00,
    0x0F, 0x07, 0xFC, 0x0E, 0x00, 0x00, 0x00, 0x1F, 0x87, 0xFC, 0x3F, 0x00, 0x00, 0x00, 0x1F, 0xC3,
    0xFC, 0x7F, 0x00, 0x00, 0x00, 0x3F, 0xF3, 0xF9, 0xFF, 0x80, 0x00, 0x00, 0x3F, 0xFB, 0xFB, 0xFF,
    0x80, 0x00, 0x00, 0x7F, 0xFF, 0xFF, 0xFF, 0xC0, 0x00, 0x00, 0xFF, 0xFF, 0xFF, 0xFF, 0xE0, 0x00,
    0x00, 0x7F, 0xFF, 0xFF, 0xFF, 0xC0, 0x00, 0x00, 0x1F, 0xFF, 0xFF, 0xFF, 0x00, 0x00, 0x00, 0x07,
    0xFF, 0xFF, 0xFC, 0x00, 0x00, 0x00, 0x01, 0xFF, 0xFF, 0xF0, 0x00, 0x00, 0x00, 0x00, 0x7F, 0xFF,
    0xC0, 0x00, 0x00, 0x00, 0x00, 0xFF, 0xFF, 0xE0, 0x00, 0x00, 0x00, 0x03, 0xFF, 0xFF, 0xF8, 0x00,
    0x00, 0x00, 0x0F, 0xFF, 0xFF, 0xFE, 0x00, 0x00, 0x00, 0x3F, 0xFF, 0xFF, 0xFF, 0x80, 0x00, 0x00,
    0xFF, 0xFF, 0xFF, 0xFF, 0xE0, 0x00, 0x00, 0x7F, 0xFF, 0xFF, 0xFF, 0xC0, 0x00, 0x00, 0x3F, 0xFF,
    0xFB, 0xFF, 0xC0, 0x00, 0x00, 0x3F, 0xF3, 0xF9, 0xFF, 0x80, 0x00, 0x00, 0x1F, 0xE3, 0xFC, 0xFF,
    0x00, 0x00, 0x00, 0x1F, 0x87, 0xFC, 0x3F, 0x00, 0x00, 0x00, 0x0F, 0x07, 0xFC, 0x1E, 0x00, 0x00,
    0x00, 0x0E, 0x07, 0xFC, 0x06, 0x00, 0x00, 0x00, 0x04, 0x07, 0xFC, 0x02, 0x00, 0x00, 0x00, 0x00,
    0x07, 0xFC, 0x00, 0x00, 0x00, 0x00, 0x00, 0x07, 0xFC, 0x00, 0x00, 0x00, 0x00, 0x00, 0x07, 0xFC,
    0x00, 0x00, 0x00, 0x00, 0x00, 0x07, 0xFC, 0x00, 0x00, 0x00, 0x00, 0x00, 0x00, 0x00, 0x00, 0x00,
    0x00, 0x00, 0x00, 0x00, 0x00, 0x00, 0x00, 0x00, 0x00, 0x00, 0x00, 0x00, 0x00, 0x00, 0x00, 0x00,
    0x00, 0x00, 0x00, 0x00, 0x00, 0x00, 0x00, 0x00, 0x00, 0x00, 0x00, 0x00, 0x00, 0x00, 0x00, 0x00,
    0x00, 0x00, 0x00, 0x00, 0x00, 0x00, 0x00, 0x00, 0x00, 0x00, 0x00, 0x00, 0x00, 0x00, 0x00, 0x00,
    0x00, 0x00, 0x00, 0x00, 0x00, 0x00, 0x00, 0x00, 0x00, 0x00, 0x00, 0x00, 0x00, 0x00, 0x00, 0x00,
    0x00, 0x00, 0x00, 0x00, 0x00, 0x00, 0x00, 0x00, 0x00, 0x00, 0x00, 0x00, 0x00, 0x00, 0x00, 0x00,
    0x00, 0x00, 0x00, 0x00, 0x00, 0x00, 0x00, 0x00, 0x00, 0x00, 0x00, 0x00, 0x00, 0x00, 0x00, 0x00,
    0x00, 0x00, 0x00, 0x00, 0x00, 0x00, 0x00, 0x00, 0x00, 0x00, 0x00, 0x00, 0x00, 0x00, 0x00, 0x00,
    0x00, 0x00, 0x00, 0x00, 0x00, 0x00, 0x00, 0x00, 0x00, 0x00, 0x00, 0x00, 0x00, 0x00, 0x00, 0x00,
    0x00, 0x00, 0x00, 0x00, 0x00, 0x00, 0x00, 0x00, 0x00, 0x00, 0x00, 0x00, 0x00, 0x00, 0x00, 0x00,
    0x00, 0x00, 0x00, 0x00, 0x00, 0x00, 0x00, 0x00, 0x00, 0x00, 0x00, 0x00, 0x00, 0x00, 0x00, 0x00,
    0x00, 0x00, 0x00, 0x00, 0x00, 0x00, 0x00, 0x00, 0x00, 0x00, 0x00, 0x00, 0x00, 0x00, 0x00, 0x00,
    0x00, 0x00, 0x00, 0x00, 0x00, 0x00, 0x00, 0x00, 0x00, 0x03, 0xFF, 0xF0, 0x00, 0x00, 0x00, 0x00,
    0x00, 0x03, 0xFF, 0xF0, 0x00, 0x00, 0x00, 0x00, 0x00, 0x03, 0xFF, 0xF0, 0x00, 0x00, 0x00, 0x00,
    0x00, 0x03, 0xFF, 0xF0, 0x00, 0x00, 0x00, 0x00, 0x00, 0x03, 0xFF, 0xF0, 0x00, 0x00, 0x00, 0x00,
    0x00, 0x03, 0xFF, 0xF0, 0x00, 0x00, 0x00, 0x00, 0x00, 0x03, 0xFF, 0xF0, 0x00, 0x00, 0x00, 0x00,
    0x00, 0x03, 0xFF, 0xF0, 0x00, 0x00, 0x00, 0x00, 0x00, 0x03, 0xFF, 0xF0, 0x00, 0x00, 0x00, 0x00,
    0x00, 0x03, 0xFF, 0xF0, 0x00, 0x00, 0x00, 0x00, 0x00, 0x03, 0xFF, 0xF0, 0x00, 0x00, 0x00, 0x00,
    0x00, 0x03, 0xFF, 0xF0, 0x00, 0x00, 0x00, 0x00, 0x00, 0x03, 0xFF, 0xF0, 0x00, 0x00, 0x00, 0x00,
    0x00, 0x03, 0xFF, 0xF0, 0x00, 0x00, 0x00, 0x00, 0x00, 0x03, 0xFF, 0xF0, 0x00, 0x00, 0x00, 0x00,
    0x00, 0x03, 0xFF, 0xF0, 0x00, 0x00, 0x00, 0x00, 0x00, 0x03, 0xFF, 0xF0, 0x00, 0x00, 0x00, 0x01,
    0xFF, 0xFF, 0xFF, 0xFF, 0xFF, 0xE0, 0x00, 0x01, 0xFF, 0xFF, 0xFF, 0xFF, 0xFF, 0xE0, 0x00, 0x01,
    0xFF, 0xFF, 0xFF, 0xFF, 0xFF, 0xE0, 0x00, 0x01, 0xFF, 0xFF, 0xFF, 0xFF, 0xFF, 0xE0, 0x00, 0x01,
    0xFF, 0xFF, 0xFF, 0xFF, 0xFF, 0xE0, 0x00, 0x01, 0xFF, 0xFF, 0xFF, 0xFF, 0xFF, 0xE0, 0x00, 0x01,
    0xFF, 0xFF, 0xFF, 0xFF, 0xFF, 0xE0, 0x00, 0x01, 0xFF, 0xFF, 0xFF, 0xFF, 0xFF, 0xE0, 0x00, 0x01,
    0xFF, 0xFF, 0xFF, 0xFF, 0xFF, 0xE0, 0x00, 0x01, 0xFF, 0xFF, 0xFF, 0xFF, 0xFF, 0xE0, 0x00, 0x01,
    0xFF, 0xFF, 0xFF, 0xFF, 0xFF, 0xE0, 0x00, 0x01, 0xFF, 0xFF, 0xFF, 0xFF, 0xFF, 0xE0, 0x00, 0x00,
    0x00, 0x03, 0xFF, 0xF0, 0x00, 0x00, 0x00, 0x00, 0x00, 0x03, 0xFF, 0xF0, 0x00, 0x00, 0x00, 0x00,
    0x00, 0x03, 0xFF, 0xF0, 0x00, 0x00, 0x00, 0x00, 0x00, 0x03, 0xFF, 0xF0, 0x00, 0x00, 0x00, 0x00,
    0x00, 0x03, 0xFF, 0xF0, 0x00, 0x00, 0x00, 0x00, 0x00, 0x03, 0xFF, 0xF0, 0x00, 0x00, 0x00, 0x00,
    0x00, 0x03, 0xFF, 0xF0, 0x00, 0x00, 0x00, 0x00, 0x00, 0x03, 0xFF, 0xF0, 0x00, 0x00, 0x00, 0x00,
    0x00, 0x03, 0xFF, 0xF0, 0x00, 0x00, 0x00, 0x00, 0x00, 0x03, 0xFF, 0xF0, 0x00, 0x00, 0x00, 0x00,
    0x00, 0x03, 0xFF, 0xF0, 0x00, 0x00, 0x00, 0x00, 0x00, 0x03, 0xFF, 0xF0, 0x00, 0x00, 0x00, 0x00,
    0x00, 0x03, 0xFF, 0xF0, 0x00, 0x00, 0x00, 0x00, 0x00, 0x03, 0xFF, 0xF0, 0x00, 0x00, 0x00, 0x00,
    0x00, 0x03, 0xFF, 0xF0, 0x00, 0x00, 0x00, 0x00, 0x00, 0x03, 0xFF, 0xF0, 0x00, 0x00, 0x00, 0x00,
    0x00, 0x00, 0x00, 0x00, 0x00, 0x00, 0x00, 0x00, 0x00, 0x00, 0x00, 0x00, 0x00, 0x00, 0x00, 0x00,
    0x00, 0x00, 0x00, 0x00, 0x00, 0x00, 0x00, 0x00, 0xFF, 0xFF, 0x00, 0x00, 0xFF, 0xFE, 0x00, 0x00,
    0xFF, 0xFE, 0x00, 0x00, 0xFF, 0xFE, 0x00, 0x00, 0xFF, 0xFC, 0x00, 0x01, 0xFF, 0xFC, 0x00, 0x01,
    0xFF, 0xFC, 0x00, 0x01, 0xFF, 0xFC, 0x00, 0x01, 0xFF, 0xF8, 0x00, 0x01, 0xFF, 0xF8, 0x00, 0x01,
    0xFF, 0xF8, 0x00, 0x01, 0xFF, 0xF0, 0x00, 0x01, 0xFF, 0xF0, 0x00, 0x03, 0xFF, 0xF0, 0x00, 0x03,
    0xFF, 0xE0, 0x00, 0x03, 0xFF, 0xE0, 0x00, 0x03, 0xFF, 0xE0, 0x00, 0x03, 0xFF, 0xC0, 0x00, 0x03,
    0xFF, 0xC0, 0x00, 0x03, 0xFF, 0xC0, 0x00, 0x03, 0xFF, 0xC0, 0x00, 0x07, 0xFF, 0x80, 0x00, 0x07,
    0xFF, 0x80, 0x00, 0x07, 0xFF, 0x80, 0x00, 0x07, 0xFF, 0x00, 0x00, 0x07, 0xFF, 0x00, 0x00, 0x07,
    0xFF, 0x00, 0x00, 0x07, 0xFE, 0x00, 0x00, 0x03, 0xFF, 0xFF, 0xFF, 0xC0, 0x03, 0xFF, 0xFF, 0xFF,
    0xC0, 0x03, 0xFF, 0xFF, 0xFF, 0xC0, 0x03, 0xFF, 0xFF, 0xFF, 0xC0, 0x03, 0xFF, 0xFF, 0xFF, 0xC0,
    0x03, 0xFF, 0xFF, 0xFF, 0xC0, 0x03, 0xFF, 0xFF, 0xFF, 0xC0, 0x03, 0xFF, 0xFF, 0xFF, 0xC0, 0x03,
    0xFF, 0xFF, 0xFF, 0xC0, 0x03, 0xFF, 0xFF, 0xFF, 0xC0, 0x03, 0xFF, 0xFF, 0xFF, 0xC0, 0x03, 0xFF,
    0xFF, 0xFF, 0xC0, 0x00, 0x00, 0x00, 0x00, 0x00, 0x00, 0x00, 0x00, 0x00, 0x00, 0x00, 0x00, 0x00,
    0x00, 0x00, 0x00, 0x00, 0x00, 0x00, 0x00, 0x00, 0x00, 0x00, 0x00, 0x00, 0x00, 0x00, 0x00, 0x00,
    0x00, 0x00, 0x00, 0x00, 0x00, 0x00, 0x00, 0x00, 0x00, 0x00, 0x00, 0x00, 0x00, 0x00, 0x00, 0x00,
    0x00, 0x00, 0x00, 0x00, 0x00, 0x00, 0x00, 0x00, 0x00, 0x00, 0x00, 0x00, 0x00, 0x00, 0x00, 0x00,
    0x00, 0x00, 0x00, 0x00, 0x00, 0x00, 0x00, 0x00, 0x00, 0x00, 0x00, 0x00, 0x00, 0x00, 0x00, 0x00,
    0x00, 0x00, 0x00, 0x00, 0x00, 0x00, 0x00, 0x00, 0x00, 0x00, 0x00, 0x00, 0x00, 0x00, 0x00, 0x00,
    0x00, 0x00, 0x00, 0x07, 0xE0, 0x00, 0x00, 0x1F, 0xF8, 0x00, 0x00, 0x3F, 0xFC, 0x00, 0x00, 0x7F,
    0xFE, 0x00, 0x00, 0xFF, 0xFE, 0x00, 0x00, 0xFF, 0xFF, 0x00, 0x01, 0xFF, 0xFF, 0x00, 0x01, 0xFF,
    0xFF, 0x00, 0x01, 0xFF, 0xFF, 0x00, 0x01, 0xFF, 0xFF, 0x00, 0x01, 0xFF, 0xFF, 0x00, 0x00, 0xFF,
    0xFF, 0x00, 0x00, 0xFF, 0xFE, 0x00, 0x00, 0x7F, 0xFE, 0x00, 0x00, 0x3F, 0xFC, 0x00, 0x00, 0x1F,
    0xF8, 0x00, 0x00, 0x07, 0xE0, 0x00, 0x00, 0x00, 0x0F, 0xFF, 0xC0, 0x00, 0x00, 0x0F, 0xFF, 0xC0,
    0x00, 0x00, 0x0F, 0xFF, 0x80, 0x00, 0x00, 0x1F, 0xFF, 0x80, 0x00, 0x00, 0x1F, 0xFF, 0x80, 0x00,
    0x00, 0x1F, 0xFF, 0x80, 0x00, 0x00, 0x3F, 0xFF, 0x00, 0x00, 0x00, 0x3F, 0xFF, 0x00, 0x00, 0x00,
    0x3F, 0xFF, 0x00, 0x00, 0x00, 0x3F, 0xFF, 0x00, 0x00, 0x00, 0x7F, 0xFE, 0x00, 0x00, 0x00, 0x7F,
    0xFE, 0x00, 0x00, 0x00, 0x7F, 0xFE, 0x00, 0x00, 0x00, 0x7F, 0xFE, 0x00, 0x00, 0x00, 0xFF, 0xFC,
    0x00, 0x00, 0x00, 0xFF, 0xFC, 0x00, 0x00, 0x00, 0xFF, 0xFC, 0x00, 0x00, 0x00, 0xFF, 0xF8, 0x00,
    0x00, 0x01, 0xFF, 0xF8, 0x00, 0x00, 0x01, 0xFF, 0xF8, 0x00, 0x00, 0x01, 0xFF, 0xF8, 0x00, 0x00,
    0x03, 0xFF, 0xF0, 0x00, 0x00, 0x03, 0xFF, 0xF0, 0x00, 0x00, 0x03, 0xFF, 0xF0, 0x00, 0x00, 0x03,
    0xFF, 0xF0, 0x00, 0x00, 0x07, 0xFF, 0xE0, 0x00, 0x00, 0x07, 0xFF, 0xE0, 0x00, 0x00, 0x07, 0xFF,
    0xE0, 0x00, 0x00, 0x07, 0xFF, 0xE0, 0x00, 0x00, 0x0F, 0xFF, 0xC0, 0x00, 0x00, 0x0F, 0xFF, 0xC0,
    0x00, 0x00, 0x0F, 0xFF, 0xC0, 0x00, 0x00, 0x0F, 0xFF, 0x80, 0x00, 0x00, 0x1F, 0xFF, 0x80, 0x00,
    0x00, 0x1F, 0xFF, 0x80, 0x00, 0x00, 0x1F, 0xFF, 0x80, 0x00, 0x00, 0x3F, 0xFF, 0x00, 0x00, 0x00,
    0x3F, 0xFF, 0x00, 0x00, 0x00, 0x3F, 0xFF, 0x00, 0x00, 0x00, 0x3F, 0xFF, 0x00, 0x00, 0x00, 0x7F,
    0xFE, 0x00, 0x00, 0x00, 0x7F, 0xFE, 0x00, 0x00, 0x00, 0x7F, 0xFE, 0x00, 0x00, 0x00, 0x7F, 0xFE,
    0x00, 0x00, 0x00, 0xFF, 0xFC, 0x00, 0x00, 0x00, 0xFF, 0xFC, 0x00, 0x00, 0x00, 0xFF, 0xFC, 0x00,
    0x00, 0x00, 0xFF, 0xF8, 0x00, 0x00, 0x01, 0xFF, 0xF8, 0x00, 0x00, 0x01, 0xFF, 0xF8, 0x00, 0x00,
    0x01, 0xFF, 0xF8, 0x00, 0x00, 0x03, 0xFF, 0xF0, 0x00, 0x00, 0x03, 0xFF, 0xF0, 0x00, 0x00, 0x03,
    0xFF, 0xF0, 0x00, 0x00, 0x03, 0xFF, 0xF0, 0x00, 0x00, 0x07, 0xFF, 0xE0, 0x00, 0x00, 0x07, 0xFF,
    0xE0, 0x00, 0x00, 0x07, 0xFF, 0xE0, 0x00, 0x00, 0x07, 0xFF, 0xE0, 0x00, 0x00, 0x0F, 0xFF, 0xC0,
    0x00, 0x00, 0x0F, 0xFF, 0xC0, 0x00, 0x00, 0x0F, 0xFF, 0xC0, 0x00, 0x00, 0x0F, 0xFF, 0xC0, 0x00,
    0x00, 0x1F, 0xFF, 0x80, 0x00, 0x00, 0x1F, 0xFF, 0x80, 0x00, 0x00, 0x1F, 0xFF, 0x80, 0x00, 0x00,
    0x3F, 0xFF, 0x00, 0x00, 0x00, 0x3F, 0xFF, 0x00, 0x00, 0x00, 0x3F, 0xFF, 0x00, 0x00, 0x00, 0x3F,
    0xFF, 0x00, 0x00, 0x00, 0x7F, 0xFE, 0x00, 0x00, 0x00, 0x7F, 0xFE, 0x00, 0x00, 0x00, 0x7F, 0xFE,
    0x00, 0x00, 0x00, 0xFF, 0xFE, 0x00, 0x00, 0x00, 0x00, 0x00, 0x00, 0xFF, 0xF0, 0x00, 0x00, 0x00,
    0x00, 0x00, 0x0F, 0xFF, 0xFF, 0x00, 0x00, 0x00, 0x00, 0x00, 0x3F, 0xFF, 0xFF, 0xC0, 0x00, 0x00,
    0x00, 0x00, 0xFF, 0xFF, 0xFF, 0xF0, 0x00, 0x00, 0x00, 0x03, 0xFF, 0xFF, 0xFF, 0xF8, 0x00, 0x00,
    0x00, 0x07, 0xFF, 0xFF, 0xFF, 0xFE, 0x00, 0x00, 0x00, 0x0F, 0xFF, 0xFF, 0xFF, 0xFF, 0x00, 0x00,
    0x00, 0x1F, 0xFF, 0xFF, 0xFF, 0xFF, 0x80, 0x00, 0x00, 0x3F, 0xFF, 0xFF, 0xFF, 0xFF, 0xC0, 0x00,
    0x00, 0x7F, 0xFF, 0xFF, 0xFF, 0xFF, 0xE0, 0x00, 0x00, 0xFF, 0xFF, 0xFF, 0xFF, 0xFF, 0xE0, 0x00,
    0x00, 0xFF, 0xFF, 0xFF, 0xFF, 0xFF, 0xF0, 0x00, 0x01, 0xFF, 0xFF, 0xFF, 0xFF, 0xFF, 0xF0, 0x00,
    0x01, 0xFF, 0xFF, 0xFF, 0xFF, 0xFF, 0xF8, 0x00, 0x03, 0xFF, 0xFF, 0xE0, 0x7F, 0xFF, 0xF8, 0x00,
    0x03, 0xFF, 0xFF, 0x80, 0x3F, 0xFF, 0xFC, 0x00, 0x07, 0xFF, 0xFF, 0x00, 0x0F, 0xFF, 0xFC, 0x00,
    0x07, 0xFF, 0xFE, 0x00, 0x0F, 0xFF, 0xFE, 0x00, 0x07, 0xFF, 0xFE, 0x00, 0x07, 0xFF, 0xFE, 0x00,
    0x0F, 0xFF, 0xFC, 0x00, 0x03, 0xFF, 0xFE, 0x00, 0x0F, 0xFF, 0xFC, 0x00, 0x03, 0xFF, 0xFF, 0x00,
    0x0F, 0xFF, 0xF8, 0x00, 0x03, 0xFF, 0xFF, 0x00, 0x0F, 0xFF, 0xF8, 0x00, 0x01, 0xFF, 0xFF, 0x00,
    0x0F, 0xFF, 0xF8, 0x00, 0x01, 0xFF, 0xFF, 0x00, 0x1F, 0xFF, 0xF8, 0x00, 0x01, 0xFF, 0xFF, 0x00,
    0x1F, 0xFF, 0xF8, 0x00, 0x01, 0xFF, 0xFF, 0x00, 0x1F, 0xFF, 0xF0, 0x00, 0x01, 0xFF, 0xFF, 0x80,
    0x1F, 0xFF, 0xF0, 0x00, 0x01, 0xFF, 0xFF, 0x80, 0x1F, 0xFF, 0xF0, 0x00, 0x00, 0xFF, 0xFF, 0x80,
    0x1F, 0xFF, 0xF0, 0x00, 0x00, 0xFF, 0xFF, 0x80, 0x1F, 0xFF, 0xF0, 0x00, 0x00, 0xFF, 0xFF, 0x80,
    0x1F, 0xFF, 0xF0, 0x00, 0x00, 0xFF, 0xFF, 0x80, 0x1F, 0xFF, 0xF0, 0x00, 0x00, 0xFF, 0xFF, 0x80,
    0x1F, 0xFF, 0xF0, 0x00, 0x00, 0xFF, 0xFF, 0x80, 0x1F, 0xFF, 0xF0, 0x00, 0x00, 0xFF, 0xFF, 0x80,
    0x1F, 0xFF, 0xF0, 0x00, 0x01, 0xFF, 0xFF, 0x80, 0x1F, 0xFF, 0xF0, 0x00, 0x01, 0xFF, 0xFF, 0x80,
    0x1F, 0xFF, 0xF0, 0x00, 0x01, 0xFF, 0xFF, 0x80, 0x1F, 0xFF, 0xF8, 0x00, 0x01, 0xFF, 0xFF, 0x00,
    0x1F, 0xFF, 0xF8, 0x00, 0x01, 0xFF, 0xFF, 0x00, 0x1F, 0xFF, 0xF8, 0x00, 0x01, 0xFF, 0xFF, 0x00,
    0x0F, 0xFF, 0xF8, 0x00, 0x01, 0xFF, 0xFF, 0x00, 0x0F, 0xFF, 0xF8, 0x00, 0x03, 0xFF, 0xFF, 0x00,
    0x0F, 0xFF, 0xFC, 0x00, 0x03, 0xFF, 0xFF, 0x00, 0x0F, 0xFF, 0xFC, 0x00, 0x03, 0xFF, 0xFE, 0x00,
    0x07, 0xFF, 0xFE, 0x00, 0x07, 0xFF, 0xFE, 0x00, 0x07, 0xFF, 0xFE, 0x00, 0x0F, 0xFF, 0xFE, 0x00,
    0x07, 0xFF, 0xFF, 0x00, 0x0F, 0xFF, 0xFC, 0x00, 0x03, 0xFF, 0xFF, 0x80, 0x1F, 0xFF, 0xFC, 0x00,
    0x03, 0xFF, 0xFF, 0xE0, 0x7F, 0xFF, 0xFC, 0x00, 0x01, 0xFF, 0xFF, 0xFF, 0xFF, 0xFF, 0xF8, 0x00,
    0x01, 0xFF, 0xFF, 0xFF, 0xFF, 0xFF, 0xF8, 0x00, 0x00, 0xFF, 0xFF, 0xFF, 0xFF, 0xFF, 0xF0, 0x00,
    0x00, 0xFF, 0xFF, 0xFF, 0xFF, 0xFF, 0xE0, 0x00, 0x00, 0x7F, 0xFF, 0xFF, 0xFF, 0xFF, 0xE0, 0x00,
    0x00, 0x3F, 0xFF, 0xFF, 0xFF, 0xFF, 0xC0, 0x00, 0x00, 0x1F, 0xFF, 0xFF, 0xFF, 0xFF, 0x80, 0x00,
    0x00, 0x0F, 0xFF, 0xFF, 0xFF, 0xFF, 0x00, 0x00, 0x00, 0x07, 0xFF, 0xFF, 0xFF, 0xFE, 0x00, 0x00,
    0x00, 0x03, 0xFF, 0xFF, 0xFF, 0xFC, 0x00, 0x00, 0x00, 0x00, 0xFF, 0xFF, 0xFF, 0xF0, 0x00, 0x00,
    0x00, 0x00, 0x3F, 0xFF, 0xFF, 0xC0, 0x00, 0x00, 0x00, 0x00, 0x0F, 0xFF, 0xFF, 0x00, 0x00, 0x00,
    0x00, 0x00, 0x00, 0xFF, 0xF0, 0x00, 0x00, 0x00, 0x00, 0x00, 0x7F, 0xFF, 0xC0, 0x00, 0x01, 0xFF,
    0xFF, 0xC0, 0x00, 0x03, 0xFF, 0xFF, 0xC0, 0x00, 0x0F, 0xFF, 0xFF, 0xC0, 0x00, 0x1F, 0xFF, 0xFF,
    0xC0, 0x00, 0x7F, 0xFF, 0xFF, 0xC0, 0x00, 0xFF, 0xFF, 0xFF, 0xC0, 0x03, 0xFF, 0xFF, 0xFF, 0xC0,
    0x07, 0xFF, 0xFF, 0xFF, 0xC0, 0x0F, 0xFF, 0xFF, 0xFF, 0xC0, 0x0F, 0xFF, 0xFF, 0xFF, 0xC0, 0x0F,
    0xFF, 0xFF, 0xFF, 0xC0, 0x0F, 0xFF, 0xFF, 0xFF, 0xC0, 0x0F, 0xFF, 0xFF, 0xFF, 0xC0, 0x0F, 0xFF,
    0xFF, 0xFF, 0xC0, 0x0F, 0xFF, 0x7F, 0xFF, 0xC0, 0x0F, 0xFC, 0x7F, 0xFF, 0xC0, 0x0F, 0xF8, 0x7F,
    0xFF, 0xC0, 0x0F, 0xE0, 0x7F, 0xFF, 0xC0, 0x0F, 0xC0, 0x7F, 0xFF, 0xC0, 0x0F, 0x00, 0x7F, 0xFF,
    0xC0, 0x0E, 0x00, 0x7F, 0xFF, 0xC0, 0x0C, 0x00, 0x7F, 0xFF, 0xC0, 0x08, 0x00, 0x7F, 0xFF, 0xC0,
    0x00, 0x00, 0x7F, 0xFF, 0xC0, 0x00, 0x00, 0x7F, 0xFF, 0xC0, 0x00, 0x00, 0x7F, 0xFF, 0xC0, 0x00,
    0x00, 0x7F, 0xFF, 0xC0, 0x00, 0x00, 0x7F, 0xFF, 0xC0, 0x00, 0x00, 0x7F, 0xFF, 0xC0, 0x00, 0x00,
    0x7F, 0xFF, 0xC0, 0x00, 0x00, 0x7F, 0xFF, 0xC0, 0x00, 0x00, 0x7F, 0xFF, 0xC0, 0x00, 0x00, 0x7F,
    0xFF, 0xC0, 0x00, 0x00, 0x7F, 0xFF, 0xC0, 0x00, 0x00, 0x7F, 0xFF, 0xC0, 0x00, 0x00, 0x7F, 0xFF,
    0xC0, 0x00, 0x00, 0x7F, 0xFF, 0xC0, 0x00, 0x00, 0x7F, 0xFF, 0xC0, 0x00, 0x00, 0x7F, 0xFF, 0xC0,
    0x00, 0x00, 0x7F, 0xFF, 0xC0, 0x00, 0x00, 0x7F, 0xFF, 0xC0, 0x00, 0x00, 0x7F, 0xFF, 0xC0, 0x00,
    0x00, 0x7F, 0xFF, 0xC0, 0x00, 0x00, 0x7F, 0xFF, 0xC0, 0x00, 0x00, 0x7F, 0xFF, 0xC0, 0x00, 0x00,
    0x7F, 0xFF, 0xC0, 0x00, 0x00, 0x7F, 0xFF, 0xC0, 0x00, 0x00, 0x7F, 0xFF, 0xC0, 0x00, 0x00, 0x7F,
    0xFF, 0xC0, 0x00, 0x00, 0x7F, 0xFF, 0xC0, 0x00, 0x00, 0x7F, 0xFF, 0xC0, 0x00, 0x00, 0x7F, 0xFF,
    0xC0, 0x00, 0x00, 0x7F, 0xFF, 0xC0, 0x00, 0x00, 0x7F, 0xFF, 0xC0, 0x00, 0x00, 0x7F, 0xFF, 0xC0,
    0x00, 0x00, 0x7F, 0xFF, 0xC0, 0x00, 0x00, 0x7F, 0xFF, 0xC0, 0x00, 0x00, 0x7F, 0xFF, 0xC0, 0x00,
    0x00, 0x7F, 0xFF, 0xC0, 0x00, 0x00, 0x7F, 0xFF, 0xC0, 0x00, 0x00, 0x7F, 0xFF, 0xC0, 0x00, 0x00,
    0x0F, 0xFF, 0x00, 0x00, 0x00, 0x00, 0x00, 0xFF, 0xFF, 0xF8, 0x00, 0x00, 0x00, 0x03, 0xFF, 0xFF,
    0xFE, 0x00, 0x00, 0x00, 0x0F, 0xFF, 0xFF, 0xFF, 0x80, 0x00, 0x00, 0x1F, 0xFF, 0xFF, 0xFF, 0xE0,
    0x00, 0x00, 0x7F, 0xFF, 0xFF, 0xFF, 0xF0, 0x00, 0x00, 0xFF, 0xFF, 0xFF, 0xFF, 0xF8, 0x00, 0x01,
    0xFF, 0xFF, 0xFF, 0xFF, 0xFC, 0x00, 0x01, 0xFF, 0xFF, 0xFF, 0xFF, 0xFE, 0x00, 0x03, 0xFF, 0xFF,
    0xFF, 0xFF, 0xFF, 0x00, 0x07, 0xFF, 0xFF, 0xFF, 0xFF, 0xFF, 0x00, 0x07, 0xFF, 0xFF, 0xFF, 0xFF,
    0xFF, 0x80, 0x0F, 0xFF, 0xFF, 0xDF, 0xFF, 0xFF, 0x80, 0x0F, 0xFF, 0xFC, 0x01, 0xFF, 0xFF, 0x80,
    0x0F, 0xFF, 0xF8, 0x00, 0xFF, 0xFF, 0xC0, 0x1F, 0xFF, 0xF0, 0x00, 0x7F, 0xFF, 0xC0, 0x1F, 0xFF,
    0xE0, 0x00, 0x7F, 0xFF, 0xC0, 0x1F, 0xFF, 0xE0, 0x00, 0x3F, 0xFF, 0xC0, 0x1F, 0xFF, 0xE0, 0x00,
    0x3F, 0xFF, 0xC0, 0x1F, 0xFF, 0xE0, 0x00, 0x3F, 0xFF, 0xC0, 0x1F, 0xFF, 0xE0, 0x00, 0x3F, 0xFF,
    0xC0, 0x00, 0x00, 0x00, 0x00, 0x3F, 0xFF, 0xC0, 0x00, 0x00, 0x00, 0x00, 0x3F, 0xFF, 0xC0, 0x00,
    0x00, 0x00, 0x00, 0x3F, 0xFF, 0xC0, 0x00, 0x00, 0x00, 0x00, 0x7F, 0xFF, 0x80, 0x00, 0x00, 0x00,
    0x00, 0xFF, 0xFF, 0x80, 0x00, 0x00, 0x00, 0x00, 0xFF, 0xFF, 0x80, 0x00, 0x00, 0x00, 0x01, 0xFF,
    0xFF, 0x00, 0x00, 0x00, 0x00, 0x03, 0xFF, 0xFF, 0x00, 0x00, 0x00, 0x00, 0x07, 0xFF, 0xFE, 0x00,
    0x00, 0x00, 0x00, 0x0F, 0xFF, 0xFC, 0x00, 0x00, 0x00, 0x00, 0x1F, 0xFF, 0xFC, 0x00, 0x00, 0x00,
    0x00, 0x7F, 0xFF, 0xF8, 0x00, 0x00, 0x00, 0x00, 0xFF, 0xFF, 0xF0, 0x00, 0x00, 0x00, 0x01, 0xFF,
    0xFF, 0xE0, 0x00, 0x00, 0x00, 0x03, 0xFF, 0xFF, 0xC0, 0x00, 0x00, 0x00, 0x07, 0xFF, 0xFF, 0x80,
    0x00, 0x00, 0x00, 0x1F, 0xFF, 0xFF, 0x00, 0x00, 0x00, 0x00, 0x3F, 0xFF, 0xFE, 0x00, 0x00, 0x00,
    0x00, 0x7F, 0xFF, 0xFC, 0x00, 0x00, 0x00, 0x00, 0xFF, 0xFF, 0xF8, 0x00, 0x00, 0x00, 0x01, 0xFF,
    0xFF, 0xF0, 0x00, 0x00, 0x00, 0x03, 0xFF, 0xFF, 0xE0, 0x00, 0x00, 0x00, 0x0F, 0xFF, 0xFF, 0xC0,
    0x00, 0x00, 0x00, 0x1F, 0xFF, 0xFF, 0x00, 0x00, 0x00, 0x00, 0x3F, 0xFF, 0xFE, 0x00, 0x00, 0x00,
    0x00, 0x7F, 0xFF, 0xFC, 0x00, 0x00, 0x00, 0x00, 0xFF, 0xFF, 0xF8, 0x00, 0x00, 0x00, 0x03, 0xFF,
    0xFF, 0xF0, 0x00, 0x00, 0x00, 0x07, 0xFF, 0xFF, 0xFF, 0xFF, 0xFF, 0xE0, 0x0F, 0xFF, 0xFF, 0xFF,
    0xFF, 0xFF, 0xE0, 0x0F, 0xFF, 0xFF, 0xFF, 0xFF, 0xFF, 0xE0, 0x0F, 0xFF, 0xFF, 0xFF, 0xFF, 0xFF,
    0xE0, 0x0F, 0xFF, 0xFF, 0xFF, 0xFF, 0xFF, 0xE0, 0x0F, 0xFF, 0xFF, 0xFF, 0xFF, 0xFF, 0xE0, 0x0F,
    0xFF, 0xFF, 0xFF, 0xFF, 0xFF, 0xE0, 0x0F, 0xFF, 0xFF, 0xFF, 0xFF, 0xFF, 0xE0, 0x0F, 0xFF, 0xFF,
    0xFF, 0xFF, 0xFF, 0xE0, 0x0F, 0xFF, 0xFF, 0xFF, 0xFF, 0xFF, 0xE0, 0x0F, 0xFF, 0xFF, 0xFF, 0xFF,
    0xFF, 0xE0, 0x0F, 0xFF, 0xFF, 0xFF, 0xFF, 0xFF, 0xE0, 0x0F, 0xFF, 0xFF, 0xFF, 0xFF, 0xFF, 0xE0,
    0x0F, 0xFF, 0xFF, 0xFF, 0xFF, 0xFF, 0xE0, 0x00, 0x00, 0x03, 0xFF, 0xC0, 0x00, 0x00, 0x00, 0x00,
    0x3F, 0xFF, 0xFC, 0x00, 0x00, 0x00, 0x00, 0xFF, 0xFF, 0xFF, 0x00, 0x00, 0x00, 0x03, 0xFF, 0xFF,
    0xFF, 0xC0, 0x00, 0x00, 0x0F, 0xFF, 0xFF, 0xFF, 0xF0, 0x00, 0x00, 0x1F, 0xFF, 0xFF, 0xFF, 0xF8,
    0x00, 0x00, 0x3F, 0xFF, 0xFF, 0xFF, 0xFC, 0x00, 0x00, 0x7F, 0xFF, 0xFF, 0xFF, 0xFE, 0x00, 0x00,
    0xFF, 0xFF, 0xFF, 0xFF, 0xFF, 0x00, 0x01, 0xFF, 0xFF, 0xFF, 0xFF, 0xFF, 0x80, 0x01, 0xFF, 0xFF,
    0xFF, 0xFF, 0xFF, 0x80, 0x03, 0xFF, 0xFF, 0xFF, 0xFF, 0xFF, 0xC0, 0x03, 0xFF, 0xFF, 0xFF, 0xFF,
    0xFF, 0xC0, 0x07, 0xFF, 0xFF, 0x00, 0xFF, 0xFF, 0xC0, 0x07, 0xFF, 0xFC, 0x00, 0x7F, 0xFF, 0xE0,
    0x07, 0xFF, 0xF8, 0x00, 0x3F, 0xFF, 0xE0, 0x0F, 0xFF, 0xF8, 0x00, 0x1F, 0xFF, 0xE0, 0x0F, 0xFF,
    0xF0, 0x00, 0x1F, 0xFF, 0xE0, 0x0F, 0xFF, 0xF0, 0x00, 0x1F, 0xFF, 0xE0, 0x00, 0x00, 0x00, 0x00,
    0x1F, 0xFF, 0xE0, 0x00, 0x00, 0x00, 0x00, 0x1F, 0xFF, 0xE0, 0x00, 0x00, 0x00, 0x00, 0x1F, 0xFF,
    0xE0, 0x00, 0x00, 0x00, 0x00, 0x3F, 0xFF, 0xC0, 0x00, 0x00, 0x00, 0x00, 0x7F, 0xFF, 0xC0, 0x00,
    0x00, 0x00, 0x00, 0xFF, 0xFF, 0xC0, 0x00, 0x00, 0x00, 0x03, 0xFF, 0xFF, 0x80, 0x00, 0x00, 0x07,
    0xFF, 0xFF, 0xFF, 0x00, 0x00, 0x00, 0x07, 0xFF, 0xFF, 0xFE, 0x00, 0x00, 0x00, 0x07, 0xFF, 0xFF,
    0xFC, 0x00, 0x00, 0x00, 0x07, 0xFF, 0xFF, 0xF0, 0x00, 0x00, 0x00, 0x07, 0xFF, 0xFF, 0xC0, 0x00,
    0x00, 0x00, 0x07, 0xFF, 0xFE, 0x00, 0x00, 0x00, 0x00, 0x07, 0xFF, 0xFF, 0xE0, 0x00, 0x00, 0x00,
    0x07, 0xFF, 0xFF, 0xFC, 0x00, 0x00, 0x00, 0x07, 0xFF, 0xFF, 0xFF, 0x00, 0x00, 0x00, 0x07, 0xFF,
    0xFF, 0xFF, 0x80, 0x00, 0x00, 0x07, 0xFF, 0xFF, 0xFF, 0xC0, 0x00, 0x00, 0x07, 0xFF, 0xFF, 0xFF,
    0xE0, 0x00, 0x00, 0x00, 0x01, 0xFF, 0xFF, 0xE0, 0x00, 0x00, 0x00, 0x00, 0x7F, 0xFF, 0xF0, 0x00,
    0x00, 0x00, 0x00, 0x3F, 0xFF, 0xF0, 0x00, 0x00, 0x00, 0x00, 0x1F, 0xFF, 0xF8, 0x00, 0x00, 0x00,
    0x00, 0x0F, 0xFF, 0xF8, 0x00, 0x00, 0x00, 0x00, 0x0F, 0xFF, 0xF8, 0x1F, 0xFF, 0xF0, 0x00, 0x0F,
    0xFF, 0xF8, 0x1F, 0xFF, 0xF0, 0x00, 0x0F, 0xFF, 0xF8, 0x1F, 0xFF, 0xF0, 0x00, 0x1F, 0xFF, 0xF8,
    0x1F, 0xFF, 0xF8, 0x00, 0x3F, 0xFF, 0xF8, 0x0F, 0xFF, 0xFC, 0x00, 0x7F, 0xFF, 0xF8, 0x0F, 0xFF,
    0xFF, 0x01, 0xFF, 0xFF, 0xF8, 0x0F, 0xFF, 0xFF, 0xFF, 0xFF, 0xFF, 0xF8, 0x07, 0xFF, 0xFF, 0xFF,
    0xFF, 0xFF, 0xF0, 0x07, 0xFF, 0xFF, 0xFF, 0xFF, 0xFF, 0xF0, 0x03, 0xFF, 0xFF, 0xFF, 0xFF, 0xFF,
    0xE0, 0x03, 0xFF, 0xFF, 0xFF, 0xFF, 0xFF, 0xE0, 0x01, 0xFF, 0xFF, 0xFF, 0xFF, 0xFF, 0xC0, 0x00,
    0xFF, 0xFF, 0xFF, 0xFF, 0xFF, 0x80, 0x00, 0x7F, 0xFF, 0xFF, 0xFF, 0xFF, 0x00, 0x00, 0x3F, 0xFF,
    0xFF, 0xFF, 0xFE, 0x00, 0x00, 0x1F, 0xFF, 0xFF, 0xFF, 0xF8, 0x00, 0x00, 0x07, 0xFF, 0xFF, 0xFF,
    0xF0, 0x00, 0x00, 0x01, 0xFF, 0xFF, 0xFF, 0xC0, 0x00, 0x00, 0x00, 0x3F, 0xFF, 0xFE, 0x00, 0x00,
    0x00, 0x00, 0x03, 0xFF, 0xE0, 0x00, 0x00, 0x00, 0x00, 0x00, 0x0F, 0xFF, 0xFF, 0x80, 0x00, 0x00,
    0x00, 0x00, 0x1F, 0xFF, 0xFF, 0x80, 0x00, 0x00, 0x00, 0x00, 0x3F, 0xFF, 0xFF, 0x80, 0x00, 0x00,
    0x00, 0x00, 0x3F, 0xFF, 0xFF, 0x80, 0x00, 0x00, 0x00, 0x00, 0x7F, 0xFF, 0xFF, 0x80, 0x00, 0x00,
    0x00, 0x00, 0x7F, 0xFF, 0xFF, 0x80, 0x00, 0x00, 0x00, 0x00, 0xFF, 0xFF, 0xFF, 0x80, 0x00, 0x00,
    0x00, 0x01, 0xFF, 0xFF, 0xFF, 0x80, 0x00, 0x00, 0x00, 0x01, 0xFF, 0xFF, 0xFF, 0x80, 0x00, 0x00,
    0x00, 0x03, 0xFF, 0xFF, 0xFF, 0x80, 0x00, 0x00, 0x00, 0x03, 0xFF, 0xFF, 0xFF, 0x80, 0x00, 0x00,
    0x00, 0x07, 0xFF, 0xFF, 0xFF, 0x80, 0x00, 0x00, 0x00, 0x0F, 0xFF, 0xFF, 0xFF, 0x80, 0x00, 0x00,
    0x00, 0x0F, 0xFF, 0xFF, 0xFF, 0x80, 0x00, 0x00, 0x00, 0x1F, 0xFF, 0xFF, 0xFF, 0x80, 0x00, 0x00,
    0x00, 0x3F, 0xFF, 0xFF, 0xFF, 0x80, 0x00, 0x00, 0x00, 0x3F, 0xFF, 0xFF, 0xFF, 0x80, 0x00, 0x00,
    0x00, 0x7F, 0xFF, 0xFF, 0xFF, 0x80, 0x00, 0x00, 0x00, 0x7F, 0xFF, 0xBF, 0xFF, 0x80, 0x00, 0x00,
    0x00, 0xFF, 0xFF, 0x3F, 0xFF, 0x80, 0x00, 0x00, 0x01, 0xFF, 0xFE, 0x3F, 0xFF, 0x80, 0x00, 0x00,
    0x01, 0xFF, 0xFE, 0x3F, 0xFF, 0x80, 0x00, 0x00, 0x03, 0xFF, 0xFC, 0x3F, 0xFF, 0x80, 0x00, 0x00,
    0x07, 0xFF, 0xFC, 0x3F, 0xFF, 0x80, 0x00, 0x00, 0x07, 0xFF, 0xF8, 0x3F, 0xFF, 0x80, 0x00, 0x00,
    0x0F, 0xFF, 0xF0, 0x3F, 0xFF, 0x80, 0x00, 0x00, 0x0F, 0xFF, 0xF0, 0x3F, 0xFF, 0x80, 0x00, 0x00,
    0x1F, 0xFF, 0xE0, 0x3F, 0xFF, 0x80, 0x00, 0x00, 0x3F, 0xFF, 0xE0, 0x3F, 0xFF, 0x80, 0x00, 0x00,
    0x3F, 0xFF, 0xC0, 0x3F, 0xFF, 0x80, 0x00, 0x00, 0x7F, 0xFF, 0x80, 0x3F, 0xFF, 0x80, 0x00, 0x00,
    0xFF, 0xFF, 0x80, 0x3F, 0xFF, 0x80, 0x00, 0x00, 0xFF, 0xFF, 0x00, 0x3F, 0xFF, 0x80, 0x00, 0x01,
    0xFF, 0xFE, 0x00, 0x3F, 0xFF, 0x80, 0x00, 0x01, 0xFF, 0xFE, 0x00, 0x3F, 0xFF, 0x80, 0x00, 0x03,
    0xFF, 0xFC, 0x00, 0x3F, 0xFF, 0x80, 0x00, 0x07, 0xFF, 0xFC, 0x00, 0x3F, 0xFF, 0x80, 0x00, 0x07,
    0xFF, 0xF8, 0x00, 0x3F, 0xFF, 0x80, 0x00, 0x0F, 0xFF, 0xF0, 0x00, 0x3F, 0xFF, 0x80, 0x00, 0x1F,
    0xFF, 0xF0, 0x00, 0x3F, 0xFF, 0x80, 0x00, 0x1F, 0xFF, 0xFF, 0xFF, 0xFF, 0xFF, 0xFF, 0x00, 0x1F,
    0xFF, 0xFF, 0xFF, 0xFF, 0xFF, 0xFF, 0x00, 0x1F, 0xFF, 0xFF, 0xFF, 0xFF, 0xFF, 0xFF, 0x00, 0x1F,
    0xFF, 0xFF, 0xFF, 0xFF, 0xFF, 0xFF, 0x00, 0x1F, 0xFF, 0xFF, 0xFF, 0xFF, 0xFF, 0xFF, 0x00, 0x1F,
    0xFF, 0xFF, 0xFF, 0xFF, 0xFF, 0xFF, 0x00, 0x1F, 0xFF, 0xFF, 0xFF, 0xFF, 0xFF, 0xFF, 0x00, 0x1F,
    0xFF, 0xFF, 0xFF, 0xFF, 0xFF, 0xFF, 0x00, 0x1F, 0xFF, 0xFF, 0xFF, 0xFF, 0xFF, 0xFF, 0x00, 0x1F,
    0xFF, 0xFF, 0xFF, 0xFF, 0xFF, 0xFF, 0x00, 0x1F, 0xFF, 0xFF, 0xFF, 0xFF, 0xFF, 0xFF, 0x00, 0x1F,
    0xFF, 0xFF, 0xFF, 0xFF, 0xFF, 0xFF, 0x00, 0x00, 0x00, 0x00, 0x00, 0x7F, 0xFF, 0x80, 0x00, 0x00,
    0x00, 0x00, 0x00, 0x7F, 0xFF, 0x80, 0x00, 0x00, 0x00, 0x00, 0x00, 0x7F, 0xFF, 0x80, 0x00, 0x00,
    0x00, 0x00, 0x00, 0x7F, 0xFF, 0x80, 0x00, 0x00, 0x00, 0x00, 0x00, 0x7F, 0xFF, 0x80, 0x00, 0x00,
    0x00, 0x00, 0x00, 0x7F, 0xFF, 0x80, 0x00, 0x00, 0x00, 0x00, 0x00, 0x7F, 0xFF, 0x80, 0x00, 0x00,
    0x00, 0x00, 0x00, 0x7F, 0xFF, 0x80, 0x00, 0x00, 0x00, 0x00, 0x00, 0x7F, 0xFF, 0x80, 0x00, 0x00,
    0x00, 0x00, 0x00, 0x7F, 0xFF, 0x80, 0x00, 0x01, 0xFF, 0xFF, 0xFF, 0xFF, 0xFF, 0x00, 0x03, 0xFF,
    0xFF, 0xFF, 0xFF, 0xFF, 0x00, 0x03, 0xFF, 0xFF, 0xFF, 0xFF, 0xFF, 0x00, 0x03, 0xFF, 0xFF, 0xFF,
    0xFF, 0xFF, 0x00, 0x03, 0xFF, 0xFF, 0xFF, 0xFF, 0xFF, 0x00, 0x03, 0xFF, 0xFF, 0xFF, 0xFF, 0xFF,
    0x00, 0x03, 0xFF, 0xFF, 0xFF, 0xFF, 0xFF, 0x00, 0x03, 0xFF, 0xFF, 0xFF, 0xFF, 0xFF, 0x00, 0x03,
    0xFF, 0xFF, 0xFF, 0xFF, 0xFF, 0x00, 0x03, 0xFF, 0xFF, 0xFF, 0xFF, 0xFF, 0x00, 0x03, 0xFF, 0xFF,
    0xFF, 0xFF, 0xFF, 0x00, 0x03, 0xFF, 0xFF, 0xFF, 0xFF, 0xFF, 0x00, 0x03, 0xFF, 0xFF, 0xFF, 0xFF,
    0xFF, 0x00, 0x03, 0xFF, 0xF0, 0x00, 0x00, 0x00, 0x00, 0x03, 0xFF, 0xF0, 0x00, 0x00, 0x00, 0x00,
    0x07, 0xFF, 0xF0, 0x00, 0x00, 0x00, 0x00, 0x07, 0xFF, 0xF0, 0x00, 0x00, 0x00, 0x00, 0x07, 0xFF,
    0xF0, 0x00, 0x00, 0x00, 0x00, 0x07, 0xFF, 0xF0, 0x00, 0x00, 0x00, 0x00, 0x07, 0xFF, 0xF0, 0x00,
    0x00, 0x00, 0x00, 0x07, 0xFF, 0xF0, 0x00, 0x00, 0x00, 0x00, 0x07, 0xFF, 0xF0, 0x0F, 0xF8, 0x00,
    0x00, 0x07, 0xFF, 0xE0, 0x7F, 0xFF, 0x00, 0x00, 0x07, 0xFF, 0xE1, 0xFF, 0xFF, 0xC0, 0x00, 0x07,
    0xFF, 0xE3, 0xFF, 0xFF, 0xF0, 0x00, 0x07, 0xFF, 0xE7, 0xFF, 0xFF, 0xF8, 0x00, 0x07, 0xFF, 0xEF,
    0xFF, 0xFF, 0xFC, 0x00, 0x07, 0xFF, 0xFF, 0xFF, 0xFF, 0xFE, 0x00, 0x07, 0xFF, 0xFF, 0xFF, 0xFF,
    0xFF, 0x00, 0x07, 0xFF, 0xFF, 0xFF, 0xFF, 0xFF, 0x00, 0x0F, 0xFF, 0xFF, 0xFF, 0xFF, 0xFF, 0x80,
    0x0F, 0xFF, 0xFF, 0xFF, 0xFF, 0xFF, 0x80, 0x0F, 0xFF, 0xFF, 0xFF, 0xFF, 0xFF, 0xC0, 0x0F, 0xFF,
    0xFF, 0x03, 0xFF, 0xFF, 0xC0, 0x0F, 0xFF, 0xFC, 0x00, 0xFF, 0xFF, 0xE0, 0x01, 0xFF, 0xF0, 0x00,
    0x7F, 0xFF, 0xE0, 0x00, 0x0F, 0xF0, 0x00, 0x3F, 0xFF, 0xE0, 0x00, 0x00, 0x60, 0x00, 0x1F, 0xFF,
    0xE0, 0x00, 0x00, 0x00, 0x00, 0x1F, 0xFF, 0xE0, 0x00, 0x00, 0x00, 0x00, 0x1F, 0xFF, 0xE0, 0x00,
    0x00, 0x00, 0x00, 0x1F, 0xFF, 0xE0, 0x00, 0x00, 0x00, 0x00, 0x1F, 0xFF, 0xE0, 0x00, 0x00, 0x00,
    0x00, 0x1F, 0xFF, 0xE0, 0x00, 0x00, 0x00, 0x00, 0x1F, 0xFF, 0xE0, 0x1F, 0xFF, 0xE0, 0x00, 0x1F,
    0xFF, 0xE0, 0x1F, 0xFF, 0xE0, 0x00, 0x1F, 0xFF, 0xE0, 0x1F, 0xFF, 0xE0, 0x00, 0x3F, 0xFF, 0xE0,
    0x1F, 0xFF, 0xF0, 0x00, 0x3F, 0xFF, 0xE0, 0x1F, 0xFF, 0xF8, 0x00, 0x7F, 0xFF, 0xC0, 0x0F, 0xFF,
    0xFC, 0x01, 0xFF, 0xFF, 0xC0, 0x0F, 0xFF, 0xFF, 0xFF, 0xFF, 0xFF, 0x80, 0x0F, 0xFF, 0xFF, 0xFF,
    0xFF, 0xFF, 0x80, 0x07, 0xFF, 0xFF, 0xFF, 0xFF, 0xFF, 0x00, 0x03, 0xFF, 0xFF, 0xFF, 0xFF, 0xFF,
    0x00, 0x03, 0xFF, 0xFF, 0xFF, 0xFF, 0xFE, 0x00, 0x01, 0xFF, 0xFF, 0xFF, 0xFF, 0xFC, 0x00, 0x00,
    0xFF, 0xFF, 0xFF, 0xFF, 0xF8, 0x00, 0x00, 0x7F, 0xFF, 0xFF, 0xFF, 0xF0, 0x00, 0x00, 0x1F, 0xFF,
    0xFF, 0xFF, 0xE0, 0x00, 0x00, 0x0F, 0xFF, 0xFF, 0xFF, 0x80, 0x00, 0x00, 0x03, 0xFF, 0xFF, 0xFE,
    0x00, 0x00, 0x00, 0x00, 0x7F, 0xFF, 0xF8, 0x00, 0x00, 0x00, 0x00, 0x07, 0xFF, 0x80, 0x00, 0x00,
    0x00, 0x00, 0x00, 0xFF, 0xE0, 0x00, 0x00, 0x00, 0x00, 0x00, 0x0F, 0xFF, 0xFE, 0x00, 0x00, 0x00,
    0x00, 0x00, 0x3F, 0xFF, 0xFF, 0x80, 0x00, 0x00, 0x00, 0x00, 0xFF, 0xFF, 0xFF, 0xE0, 0x00, 0x00,
    0x00, 0x01, 0xFF, 0xFF, 0xFF, 0xF0, 0x00, 0x00, 0x00, 0x07, 0xFF, 0xFF, 0xFF, 0xF8, 0x00, 0x00,
    0x00, 0x0F, 0xFF, 0xFF, 0xFF, 0xFE, 0x00, 0x00, 0x00, 0x1F, 0xFF, 0xFF, 0xFF, 0xFF, 0x00, 0x00,
    0x00, 0x3F, 0xFF, 0xFF, 0xFF, 0xFF, 0x00, 0x00, 0x00, 0x3F, 0xFF, 0xFF, 0xFF, 0xFF, 0x80, 0x00,
    0x00, 0x7F, 0xFF, 0xFF, 0xFF, 0xFF, 0xC0, 0x00, 0x00, 0xFF, 0xFF, 0xFF, 0xFF, 0xFF, 0xC0, 0x00,
    0x00, 0xFF, 0xFF, 0xFF, 0xFF, 0xFF, 0xE0, 0x00, 0x01, 0xFF, 0xFF, 0xFF, 0xFF, 0xFF, 0xE0, 0x00,
    0x01, 0xFF, 0xFF, 0xC0, 0xFF, 0xFF, 0xF0, 0x00, 0x03, 0xFF, 0xFF, 0x80, 0x3F, 0xFF, 0xF0, 0x00,
    0x03, 0xFF, 0xFE, 0x00, 0x1F, 0xFF, 0xF0, 0x00, 0x07, 0xFF, 0xFE, 0x00, 0x0F, 0xFF, 0xF8, 0x00,
    0x07, 0xFF, 0xFC, 0x00, 0x0F, 0xFF, 0xF8, 0x00, 0x07, 0xFF, 0xF8, 0x00, 0x07, 0xFF, 0xF8, 0x00,
    0x0F, 0xFF, 0xF8, 0x00, 0x00, 0x00, 0x00, 0x00, 0x0F, 0xFF, 0xF8, 0x00, 0x00, 0x00, 0x00, 0x00,
    0x0F, 0xFF, 0xF0, 0x00, 0x00, 0x00, 0x00, 0x00, 0x0F, 0xFF, 0xF0, 0x01, 0xFF, 0x00, 0x00, 0x00,
    0x1F, 0xFF, 0xF0, 0x0F, 0xFF, 0xE0, 0x00, 0x00, 0x1F, 0xFF, 0xF0, 0x7F, 0xFF, 0xF8, 0x00, 0x00,
    0x1F, 0xFF, 0xF0, 0xFF, 0xFF, 0xFE, 0x00, 0x00, 0x1F, 0xFF, 0xF1, 0xFF, 0xFF, 0xFF, 0x00, 0x00,
    0x1F, 0xFF, 0xE3, 0xFF, 0xFF, 0xFF, 0x80, 0x00, 0x1F, 0xFF, 0xE7, 0xFF, 0xFF, 0xFF, 0xC0, 0x00,
    0x1F, 0xFF, 0xEF, 0xFF, 0xFF, 0xFF, 0xC0, 0x00, 0x1F, 0xFF, 0xEF, 0xFF, 0xFF, 0xFF, 0xE0, 0x00,
    0x1F, 0xFF, 0xFF, 0xFF, 0xFF, 0xFF, 0xF0, 0x00, 0x1F, 0xFF, 0xFF, 0xFF, 0xFF, 0xFF, 0xF0, 0x00,
    0x1F, 0xFF, 0xFF, 0xC0, 0xFF, 0xFF, 0xF0, 0x00, 0x1F, 0xFF, 0xFF, 0x00, 0x3F, 0xFF, 0xF8, 0x00,
    0x1F, 0xFF, 0xFE, 0x00, 0x1F, 0xFF, 0xF8, 0x00, 0x1F, 0xFF, 0xFC, 0x00, 0x0F, 0xFF, 0xF8, 0x00,
    0x1F, 0xFF, 0xFC, 0x00, 0x07, 0xFF, 0xFC, 0x00, 0x1F, 0xFF, 0xF8, 0x00, 0x07, 0xFF, 0xFC, 0x00,
    0x1F, 0xFF, 0xF8, 0x00, 0x07, 0xFF, 0xFC, 0x00, 0x0F, 0xFF, 0xF8, 0x00, 0x03, 0xFF, 0xFC, 0x00,
    0x0F, 0xFF, 0xF8, 0x00, 0x03, 0xFF, 0xFC, 0x00, 0x0F, 0xFF, 0xF8, 0x00, 0x03, 0xFF, 0xFC, 0x00,
    0x0F, 0xFF, 0xF8, 0x00, 0x03, 0xFF, 0xFC, 0x00, 0x0F, 0xFF, 0xF8, 0x00, 0x07, 0xFF, 0xFC, 0x00,
    0x07, 0xFF, 0xF8, 0x00, 0x07, 0xFF, 0xF8, 0x00, 0x07, 0xFF, 0xFC, 0x00, 0x07, 0xFF, 0xF8, 0x00,
    0x07, 0xFF, 0xFE, 0x00, 0x0F, 0xFF, 0xF8, 0x00, 0x03, 0xFF, 0xFF, 0x00, 0x1F, 0xFF, 0xF8, 0x00,
    0x03, 0xFF, 0xFF, 0x80, 0x7F, 0xFF, 0xF0, 0x00, 0x01, 0xFF, 0xFF, 0xFB, 0xFF, 0xFF, 0xF0, 0x00,
    0x01, 0xFF, 0xFF, 0xFF, 0xFF, 0xFF, 0xE0, 0x00, 0x00, 0xFF, 0xFF, 0xFF, 0xFF, 0xFF, 0xE0, 0x00,
    0x00, 0x7F, 0xFF, 0xFF, 0xFF, 0xFF, 0xC0, 0x00, 0x00, 0x3F, 0xFF, 0xFF, 0xFF, 0xFF, 0x80, 0x00,
    0x00, 0x3F, 0xFF, 0xFF, 0xFF, 0xFF, 0x80, 0x00, 0x00, 0x1F, 0xFF, 0xFF, 0xFF, 0xFF, 0x00, 0x00,
    0x00, 0x07, 0xFF, 0xFF, 0xFF, 0xFE, 0x00, 0x00, 0x00, 0x03, 0xFF, 0xFF, 0xFF, 0xF8, 0x00, 0x00,
    0x00, 0x01, 0xFF, 0xFF, 0xFF, 0xF0, 0x00, 0x00, 0x00, 0x00, 0x7F, 0xFF, 0xFF, 0xC0, 0x00, 0x00,
    0x00, 0x00, 0x0F, 0xFF, 0xFE, 0x00, 0x00, 0x00, 0x00, 0x00, 0x00, 0xFF, 0xE0, 0x00, 0x00, 0x00,
    0x3F, 0xFF, 0xFF, 0xFF, 0xFF, 0xFF, 0x00, 0x3F, 0xFF, 0xFF, 0xFF, 0xFF, 0xFF, 0x00, 0x3F, 0xFF,
    0xFF, 0xFF, 0xFF, 0xFF, 0x00, 0x3F, 0xFF, 0xFF, 0xFF, 0xFF, 0xFF, 0x00, 0x3F, 0xFF, 0xFF, 0xFF,
    0xFF, 0xFF, 0x00, 0x3F, 0xFF, 0xFF, 0xFF, 0xFF, 0xFF, 0x00, 0x3F, 0xFF, 0xFF, 0xFF, 0xFF, 0xFF,
    0x00, 0x3F, 0xFF, 0xFF, 0xFF, 0xFF, 0xFF, 0x00, 0x3F, 0xFF, 0xFF, 0xFF, 0xFF, 0xFF, 0x00, 0x3F,
    0xFF, 0xFF, 0xFF, 0xFF, 0xFF, 0x00, 0x3F, 0xFF, 0xFF, 0xFF, 0xFF, 0xFF, 0x00, 0x3F, 0xFF, 0xFF,
    0xFF, 0xFF, 0xFF, 0x00, 0x3F, 0xFF, 0xFF, 0xFF, 0xFF, 0xFF, 0x00, 0x3F, 0xFF, 0xFF, 0xFF, 0xFF,
    0xFF, 0x00, 0x00, 0x00, 0x00, 0x03, 0xFF, 0xFE, 0x00, 0x00, 0x00, 0x00, 0x03, 0xFF, 0xFE, 0x00,
    0x00, 0x00, 0x00, 0x07, 0xFF, 0xFC, 0x00, 0x00, 0x00, 0x00, 0x07, 0xFF, 0xFC, 0x00, 0x00, 0x00,
    0x00, 0x0F, 0xFF, 0xF8, 0x00, 0x00, 0x00, 0x00, 0x0F, 0xFF, 0xF8, 0x00, 0x00, 0x00, 0x00, 0x1F,
    0xFF, 0xF0, 0x00, 0x00, 0x00, 0x00, 0x1F, 0xFF, 0xF0, 0x00, 0x00, 0x00, 0x00, 0x3F, 0xFF, 0xE0,
    0x00, 0x00, 0x00, 0x00, 0x3F, 0xFF, 0xE0, 0x00, 0x00, 0x00, 0x00, 0x7F, 0xFF, 0xC0, 0x00, 0x00,
    0x00, 0x00, 0x7F, 0xFF, 0xC0, 0x00, 0x00, 0x00, 0x00, 0xFF, 0xFF, 0x80, 0x00, 0x00, 0x00, 0x00,
    0xFF, 0xFF, 0x80, 0x00, 0x00, 0x00, 0x01, 0xFF, 0xFF, 0x00, 0x00, 0x00, 0x00, 0x01, 0xFF, 0xFF,
    0x00, 0x00, 0x00, 0x00, 0x03, 0xFF, 0xFE, 0x00, 0x00, 0x00, 0x00, 0x03, 0xFF, 0xFE, 0x00, 0x00,
    0x00, 0x00, 0x07, 0xFF, 0xFC, 0x00, 0x00, 0x00, 0x00, 0x07, 0xFF, 0xFC, 0x00, 0x00, 0x00, 0x00,
    0x0F, 0xFF, 0xF8, 0x00, 0x00, 0x00, 0x00, 0x0F, 0xFF, 0xF8, 0x00, 0x00, 0x00, 0x00, 0x1F, 0xFF,
    0xF0, 0x00, 0x00, 0x00, 0x00, 0x1F, 0xFF, 0xF0, 0x00, 0x00, 0x00, 0x00, 0x3F, 0xFF, 0xE0, 0x00,
    0x00, 0x00, 0x00, 0x3F, 0xFF, 0xE0, 0x00, 0x00, 0x00, 0x00, 0x7F, 0xFF, 0xC0, 0x00, 0x00, 0x00,
    0x00, 0x7F, 0xFF, 0xC0, 0x00, 0x00, 0x00, 0x00, 0xFF, 0xFF, 0x80, 0x00, 0x00, 0x00, 0x00, 0xFF,
    0xFF, 0x80, 0x00, 0x00, 0x00, 0x01, 0xFF, 0xFF, 0x00, 0x00, 0x00, 0x00, 0x01, 0xFF, 0xFF, 0x00,
    0x00, 0x00, 0x00, 0x03, 0xFF, 0xFE, 0x00, 0x00, 0x00, 0x00, 0x03, 0xFF, 0xFE, 0x00, 0x00, 0x00,
    0x00, 0x07, 0xFF, 0xFC, 0x00, 0x00, 0x00, 0x00, 0x07, 0xFF, 0xFC, 0x00, 0x00, 0x00, 0x00, 0x0F,
    0xFF, 0xF8, 0x00, 0x00, 0x00, 0x00, 0x0F, 0xFF, 0xF8, 0x00, 0x00, 0x00, 0x00, 0x1F, 0xFF, 0xF0,
    0x00, 0x00, 0x00, 0x00, 0x1F, 0xFF, 0xF0, 0x00, 0x00, 0x00, 0x00, 0x3F, 0xFF, 0xE0, 0x00, 0x00,
    0x00, 0x00, 0x3F, 0xFF, 0xE0, 0x00, 0x00, 0x00, 0x00, 0x7F, 0xFF, 0xC0, 0x00, 0x00, 0x00, 0x00,
    0x7F, 0xFF, 0xC0, 0x00, 0x00, 0x00, 0x00, 0xFF, 0xFF, 0x80, 0x00, 0x00, 0x00, 0x00, 0xFF, 0xFF,
    0x80, 0x00, 0x00, 0x00, 0x01, 0xFF, 0xFF, 0x00, 0x00, 0x00, 0x00, 0x03, 0xFF, 0xFF, 0x00, 0x00,
    0x00, 0x00, 0x00, 0x00, 0x03, 0xFF, 0xE0, 0x00, 0x00, 0x00, 0x00, 0x00, 0x3F, 0xFF, 0xFE, 0x00,
    0x00, 0x00, 0x00, 0x00, 0xFF, 0xFF, 0xFF, 0x80, 0x00, 0x00, 0x00, 0x03, 0xFF, 0xFF, 0xFF, 0xE0,
    0x00, 0x00, 0x00, 0x0F, 0xFF, 0xFF, 0xFF, 0xF8, 0x00, 0x00, 0x00, 0x1F, 0xFF, 0xFF, 0xFF, 0xFC,
    0x00, 0x00, 0x00, 0x3F, 0xFF, 0xFF, 0xFF, 0xFE, 0x00, 0x00, 0x00, 0x7F, 0xFF, 0xFF, 0xFF, 0xFF,
    0x00, 0x00, 0x00, 0xFF, 0xFF, 0xFF, 0xFF, 0xFF, 0x80, 0x00, 0x01, 0xFF, 0xFF, 0xFF, 0xFF, 0xFF,
    0xC0, 0x00, 0x01, 0xFF, 0xFF, 0xFF, 0xFF, 0xFF, 0xC0, 0x00, 0x03, 0xFF, 0xFF, 0xFF, 0xFF, 0xFF,
    0xE0, 0x00, 0x03, 0xFF, 0xFF, 0xF7, 0xFF, 0xFF, 0xE0, 0x00, 0x03, 0xFF, 0xFF, 0x00, 0xFF, 0xFF,
    0xE0, 0x00, 0x07, 0xFF, 0xFE, 0x00, 0x3F, 0xFF, 0xF0, 0x00, 0x07, 0xFF, 0xFC, 0x00, 0x1F, 0xFF,
    0xF0, 0x00, 0x07, 0xFF, 0xFC, 0x00, 0x1F, 0xFF, 0xF0, 0x00, 0x07, 0xFF, 0xFC, 0x00, 0x1F, 0xFF,
    0xF0, 0x00, 0x07, 0xFF, 0xF8, 0x00, 0x0F, 0xFF, 0xF0, 0x00, 0x07, 0xFF, 0xF8, 0x00, 0x0F, 0xFF,
    0xF0, 0x00, 0x07, 0xFF, 0xF8, 0x00, 0x0F, 0xFF, 0xF0, 0x00, 0x03, 0xFF, 0xFC, 0x00, 0x1F, 0xFF,
    0xE0, 0x00, 0x03, 0xFF, 0xFC, 0x00, 0x1F, 0xFF, 0xE0, 0x00, 0x01, 0xFF, 0xFE, 0x00, 0x3F, 0xFF,
    0xC0, 0x00, 0x01, 0xFF, 0xFF, 0x00, 0x7F, 0xFF, 0xC0, 0x00, 0x00, 0xFF, 0xFF, 0xC1, 0xFF, 0xFF,
    0x80, 0x00, 0x00, 0x7F, 0xFF, 0xFF, 0xFF, 0xFF, 0x00, 0x00, 0x00, 0x3F, 0xFF, 0xFF, 0xFF, 0xFE,
    0x00, 0x00, 0x00, 0x1F, 0xFF, 0xFF, 0xFF, 0xFC, 0x00, 0x00, 0x00, 0x0F, 0xFF, 0xFF, 0xFF, 0xF8,
    0x00, 0x00, 0x00, 0x01, 0xFF, 0xFF, 0xFF, 0xC0, 0x00, 0x00, 0x00, 0x00, 0x7F, 0xFF, 0xFF, 0x00,
    0x00, 0x00, 0x00, 0x07, 0xFF, 0xFF, 0xFF, 0xF0, 0x00, 0x00, 0x00, 0x1F, 0xFF, 0xFF, 0xFF, 0xFC,
    0x00, 0x00, 0x00, 0x3F, 0xFF, 0xFF, 0xFF, 0xFE, 0x00, 0x00, 0x00, 0xFF, 0xFF, 0xFF, 0xFF, 0xFF,
    0x80, 0x00, 0x01, 0xFF, 0xFF, 0xFF, 0xFF, 0xFF, 0xC0, 0x00, 0x03, 0xFF, 0xFF, 0xFF, 0xFF, 0xFF,
    0xE0, 0x00, 0x07, 0xFF, 0xFF, 0x80, 0xFF, 0xFF, 0xF0, 0x00, 0x07, 0xFF, 0xFE, 0x00, 0x3F, 0xFF,
    0xF0, 0x00, 0x0F, 0xFF, 0xFC, 0x00, 0x1F, 0xFF, 0xF8, 0x00, 0x0F, 0xFF, 0xF8, 0x00, 0x0F, 0xFF,
    0xF8, 0x00, 0x1F, 0xFF, 0xF8, 0x00, 0x0F, 0xFF, 0xFC, 0x00, 0x1F, 0xFF, 0xF8, 0x00, 0x0F, 0xFF,
    0xFC, 0x00, 0x1F, 0xFF, 0xF0, 0x00, 0x07, 0xFF, 0xFC, 0x00, 0x1F, 0xFF, 0xF0, 0x00, 0x07, 0xFF,
    0xFC, 0x00, 0x1F, 0xFF, 0xF8, 0x00, 0x0F, 0xFF, 0xFC, 0x00, 0x1F, 0xFF, 0xF8, 0x00, 0x0F, 0xFF,
    0xFC, 0x00, 0x1F, 0xFF, 0xF8, 0x00, 0x0F, 0xFF, 0xFC, 0x00, 0x1F, 0xFF, 0xFC, 0x00, 0x1F, 0xFF,
    0xFC, 0x00, 0x1F, 0xFF, 0xFE, 0x00, 0x3F, 0xFF, 0xFC, 0x00, 0x0F, 0xFF, 0xFF, 0x80, 0xFF, 0xFF,
    0xF8, 0x00, 0x0F, 0xFF, 0xFF, 0xFF, 0xFF, 0xFF, 0xF8, 0x00, 0x07, 0xFF, 0xFF, 0xFF, 0xFF, 0xFF,
    0xF0, 0x00, 0x07, 0xFF, 0xFF, 0xFF, 0xFF, 0xFF, 0xF0, 0x00, 0x03, 0xFF, 0xFF, 0xFF, 0xFF, 0xFF,
    0xE0, 0x00, 0x01, 0xFF, 0xFF, 0xFF, 0xFF, 0xFF, 0xC0, 0x00, 0x00, 0xFF, 0xFF, 0xFF, 0xFF, 0xFF,
    0x80, 0x00, 0x00, 0x7F, 0xFF, 0xFF, 0xFF, 0xFF, 0x00, 0x00, 0x00, 0x1F, 0xFF, 0xFF, 0xFF, 0xFC,
    0x00, 0x00, 0x00, 0x07, 0xFF, 0xFF, 0xFF, 0xF0, 0x00, 0x00, 0x00, 0x01, 0xFF, 0xFF, 0xFF, 0xC0,
    0x00, 0x00, 0x00, 0x00, 0x3F, 0xFF, 0xFE, 0x00, 0x00, 0x00, 0x00, 0x00, 0x03, 0xFF, 0xE0, 0x00,
    0x00, 0x00, 0x00, 0x00, 0x03, 0xFF, 0x80, 0x00, 0x00, 0x00, 0x00, 0x00, 0x3F, 0xFF, 0xF8, 0x00,
    0x00, 0x00, 0x00, 0x01, 0xFF, 0xFF, 0xFE, 0x00, 0x00, 0x00, 0x00, 0x07, 0xFF, 0xFF, 0xFF, 0x80,
    0x00, 0x00, 0x00, 0x0F, 0xFF, 0xFF, 0xFF, 0xE0, 0x00, 0x00, 0x00, 0x3F, 0xFF, 0xFF, 0xFF, 0xF0,
    0x00, 0x00, 0x00, 0x7F, 0xFF, 0xFF, 0xFF, 0xF8, 0x00, 0x00, 0x00, 0xFF, 0xFF, 0xFF, 0xFF, 0xFC,
    0x00, 0x00, 0x01, 0xFF, 0xFF, 0xFF, 0xFF, 0xFE, 0x00, 0x00, 0x01, 0xFF, 0xFF, 0xFF, 0xFF, 0xFF,
    0x00, 0x00, 0x03, 0xFF, 0xFF, 0xFF, 0xFF, 0xFF, 0x80, 0x00, 0x07, 0xFF, 0xFF, 0xFF, 0xFF, 0xFF,
    0x80, 0x00, 0x07, 0xFF, 0xFF, 0xEF, 0xFF, 0xFF, 0xC0, 0x00, 0x0F, 0xFF, 0xFE, 0x00, 0xFF, 0xFF,
    0xC0, 0x00, 0x0F, 0xFF, 0xFC, 0x00, 0x7F, 0xFF, 0xE0, 0x00, 0x0F, 0xFF, 0xF8, 0x00, 0x3F, 0xFF,
    0xE0, 0x00, 0x1F, 0xFF, 0xF0, 0x00, 0x1F, 0xFF, 0xF0, 0x00, 0x1F, 0xFF, 0xF0, 0x00, 0x1F, 0xFF,
    0xF0, 0x00, 0x1F, 0xFF, 0xE0, 0x00, 0x1F, 0xFF, 0xF0, 0x00, 0x1F, 0xFF, 0xE0, 0x00, 0x0F, 0xFF,
    0xF0, 0x00, 0x1F, 0xFF, 0xE0, 0x00, 0x0F, 0xFF, 0xF8, 0x00, 0x1F, 0xFF, 0xE0, 0x00, 0x0F, 0xFF,
    0xF8, 0x00, 0x1F, 0xFF, 0xE0, 0x00, 0x0F, 0xFF, 0xF8, 0x00, 0x1F, 0xFF, 0xE0, 0x00, 0x0F, 0xFF,
    0xF8, 0x00, 0x1F, 0xFF, 0xE0, 0x00, 0x0F, 0xFF, 0xF8, 0x00, 0x1F, 0xFF, 0xF0, 0x00, 0x1F, 0xFF,
    0xFC, 0x00, 0x1F, 0xFF, 0xF0, 0x00, 0x1F, 0xFF, 0xFC, 0x00, 0x1F, 0xFF, 0xF8, 0x00, 0x3F, 0xFF,
    0xFC, 0x00, 0x0F, 0xFF, 0xFC, 0x00, 0x7F, 0xFF, 0xFC, 0x00, 0x0F, 0xFF, 0xFE, 0x00, 0xFF, 0xFF,
    0xFC, 0x00, 0x0F, 0xFF, 0xFF, 0x83, 0xFF, 0xFF, 0xFC, 0x00, 0x07, 0xFF, 0xFF, 0xFF, 0xFF, 0xFF,
    0xFC, 0x00, 0x07, 0xFF, 0xFF, 0xFF, 0xFF, 0xFF, 0xFC, 0x00, 0x03, 0xFF, 0xFF, 0xFF, 0xFF, 0xFF,
    0xFC, 0x00, 0x03, 0xFF, 0xFF, 0xFF, 0xF7, 0xFF, 0xFC, 0x00, 0x01, 0xFF, 0xFF, 0xFF, 0xF7, 0xFF,
    0xFC, 0x00, 0x00, 0xFF, 0xFF, 0xFF, 0xE7, 0xFF, 0xFC, 0x00, 0x00, 0x7F, 0xFF, 0xFF, 0xC7, 0xFF,
    0xF8, 0x00, 0x00, 0x3F, 0xFF, 0xFF, 0x87, 0xFF, 0xF8, 0x00, 0x00, 0x0F, 0xFF, 0xFE, 0x07, 0xFF,
    0xF8, 0x00, 0x00, 0x03, 0xFF, 0xF8, 0x07, 0xFF, 0xF8, 0x00, 0x00, 0x00, 0x7F, 0xC0, 0x0F, 0xFF,
    0xF8, 0x00, 0x00, 0x00, 0x00, 0x00, 0x0F, 0xFF, 0xF8, 0x00, 0x00, 0x00, 0x00, 0x00, 0x0F, 0xFF,
    0xF0, 0x00, 0x00, 0x00, 0x00, 0x00, 0x1F, 0xFF, 0xF0, 0x00, 0x0F, 0xFF, 0xF0, 0x00, 0x1F, 0xFF,
    0xF0, 0x00, 0x0F, 0xFF, 0xF8, 0x00, 0x3F, 0xFF, 0xE0, 0x00, 0x0F, 0xFF, 0xF8, 0x00, 0x7F, 0xFF,
    0xE0, 0x00, 0x0F, 0xFF, 0xFC, 0x00, 0xFF, 0xFF, 0xE0, 0x00, 0x07, 0xFF, 0xFF, 0x03, 0xFF, 0xFF,
    0xC0, 0x00, 0x07, 0xFF, 0xFF, 0xFF, 0xFF, 0xFF, 0xC0, 0x00, 0x03, 0xFF, 0xFF, 0xFF, 0xFF, 0xFF,
    0x80, 0x00, 0x03, 0xFF, 0xFF, 0xFF, 0xFF, 0xFF, 0x00, 0x00, 0x01, 0xFF, 0xFF, 0xFF, 0xFF, 0xFF,
    0x00, 0x00, 0x01, 0xFF, 0xFF, 0xFF, 0xFF, 0xFE, 0x00, 0x00, 0x00, 0xFF, 0xFF, 0xFF, 0xFF, 0xFC,
    0x00, 0x00, 0x00, 0x7F, 0xFF, 0xFF, 0xFF, 0xF8, 0x00, 0x00, 0x00, 0x3F, 0xFF, 0xFF, 0xFF, 0xF0,
    0x00, 0x00, 0x00, 0x1F, 0xFF, 0xFF, 0xFF, 0xE0, 0x00, 0x00, 0x00, 0x0F, 0xFF, 0xFF, 0xFF, 0xC0,
    0x00, 0x00, 0x00, 0x03, 0xFF, 0xFF, 0xFF, 0x00, 0x00, 0x00, 0x00, 0x00, 0xFF, 0xFF, 0xFE, 0x00,
    0x00, 0x00, 0x00, 0x00, 0x3F, 0xFF, 0xF0, 0x00, 0x00, 0x00, 0x00, 0x00, 0x03, 0xFF, 0x80, 0x00,
    0x00, 0x00, 0x00, 0x07, 0xE0, 0x00, 0x00, 0x1F, 0xF8, 0x00, 0x00, 0x3F, 0xFC, 0x00, 0x00, 0x7F,
    0xFE, 0x00, 0x00, 0xFF, 0xFE, 0x00, 0x00, 0xFF, 0xFF, 0x00, 0x01, 0xFF, 0xFF, 0x00, 0x01, 0xFF,
    0xFF, 0x00, 0x01, 0xFF, 0xFF, 0x00, 0x01, 0xFF, 0xFF, 0x00, 0x01, 0xFF, 0xFF, 0x00, 0x00, 0xFF,
    0xFF, 0x00, 0x00, 0xFF, 0xFE, 0x00, 0x00, 0x7F, 0xFE, 0x00, 0x00, 0x3F, 0xFC, 0x00, 0x00, 0x1F,
    0xF8, 0x00, 0x00, 0x07, 0xE0, 0x00, 0x00, 0x00, 0x00, 0x00, 0x00, 0x00, 0x00, 0x00, 0x00, 0x00,
    0x00, 0x00, 0x00, 0x00, 0x00, 0x00, 0x00, 0x00, 0x00, 0x00, 0x00, 0x00, 0x00, 0x00, 0x00, 0x00,
    0x00, 0x00, 0x00, 0x00, 0x00, 0x00, 0x00, 0x00, 0x00, 0x00, 0x00, 0x00, 0x00, 0x00, 0x00, 0x00,
    0x00, 0x00, 0x00, 0x07, 0xE0, 0x00, 0x00, 0x1F, 0xF8, 0x00, 0x00, 0x3F, 0xFC, 0x00, 0x00, 0x7F,
    0xFE, 0x00, 0x00, 0xFF, 0xFE, 0x00, 0x00, 0xFF, 0xFF, 0x00, 0x01, 0xFF, 0xFF, 0x00, 0x01, 0xFF,
    0xFF, 0x00, 0x01, 0xFF, 0xFF, 0x00, 0x01, 0xFF, 0xFF, 0x00, 0x01, 0xFF, 0xFF, 0x00, 0x00, 0xFF,
    0xFF, 0x00, 0x00, 0xFF, 0xFE, 0x00, 0x00, 0x7F, 0xFE, 0x00, 0x00, 0x3F, 0xFC, 0x00, 0x00, 0x1F,
    0xF8, 0x00, 0x00, 0x07, 0xE0, 0x00, 0x00, 0x07, 0xE0, 0x00, 0x00, 0x1F, 0xF8, 0x00, 0x00, 0x3F,
    0xFC, 0x00, 0x00, 0x7F, 0xFE, 0x00, 0x00, 0x7F, 0xFF, 0x00, 0x00, 0xFF, 0xFF, 0x00, 0x00, 0xFF,
    0xFF, 0x00, 0x00, 0xFF, 0xFF, 0x00, 0x00, 0xFF, 0xFF, 0x80, 0x00, 0xFF, 0xFF, 0x00, 0x00, 0xFF,
    0xFF, 0x00, 0x00, 0xFF, 0xFF, 0x00, 0x00, 0xFF, 0xFF, 0x00, 0x00, 0x7F, 0xFE, 0x00, 0x00, 0x3F,
    0xFC, 0x00, 0x00, 0x1F, 0xF8, 0x00, 0x00, 0x07, 0xE0, 0x00, 0x00, 0x00, 0x00, 0x00, 0x00, 0x00,
    0x00, 0x00, 0x00, 0x00, 0x00, 0x00, 0x00, 0x00, 0x00, 0x00, 0x00, 0x00, 0x00, 0x00, 0x00, 0x00,
    0x00, 0x00, 0x00, 0x00, 0x00, 0x00, 0x00, 0x00, 0x00, 0x00, 0x00, 0x00, 0x00, 0x00, 0x00, 0x00,
    0x00, 0x00, 0x00, 0x00, 0x00, 0x00, 0x00, 0x00, 0x00, 0x00, 0x00, 0x00, 0x00, 0x00, 0x00, 0x00,
    0x00, 0x00, 0x00, 0x00, 0x00, 0x00, 0x00, 0x00, 0x00, 0x00, 0x00, 0xFF, 0xFF, 0x00, 0x00, 0xFF,
    0xFE, 0x00, 0x00, 0xFF, 0xFE, 0x00, 0x00, 0xFF, 0xFE, 0x00, 0x00, 0xFF, 0xFC, 0x00, 0x01, 0xFF,
    0xFC, 0x00, 0x01, 0xFF, 0xFC, 0x00, 0x01, 0xFF, 0xFC, 0x00, 0x01, 0xFF, 0xF8, 0x00, 0x01, 0xFF,
    0xF8, 0x00, 0x01, 0xFF, 0xF8, 0x00, 0x01, 0xFF, 0xF0, 0x00, 0x01, 0xFF, 0xF0, 0x00, 0x03, 0xFF,
    0xF0, 0x00, 0x03, 0xFF, 0xE0, 0x00, 0x03, 0xFF, 0xE0, 0x00, 0x03, 0xFF, 0xE0, 0x00, 0x03, 0xFF,
    0xC0, 0x00, 0x03, 0xFF, 0xC0, 0x00, 0x03, 0xFF, 0xC0, 0x00, 0x03, 0xFF, 0xC0, 0x00, 0x07, 0xFF,
    0x80, 0x00, 0x07, 0xFF, 0x80, 0x00, 0x07, 0xFF, 0x80, 0x00, 0x07, 0xFF, 0x00, 0x00, 0x07, 0xFF,
    0x00, 0x00, 0x07, 0xFF, 0x00, 0x00, 0x07, 0xFE, 0x00, 0x00, 0x00, 0x00, 0x00, 0x00, 0x00, 0x00,
    0x20, 0x00, 0x00, 0x00, 0x00, 0x00, 0x00, 0x00, 0xE0, 0x00, 0x00, 0x00, 0x00, 0x00, 0x00, 0x07,
    0xE0, 0x00, 0x00, 0x00, 0x00, 0x00, 0x00, 0x1F, 0xE0, 0x00, 0x00, 0x00, 0x00, 0x00, 0x00, 0xFF,
    0xE0, 0x00, 0x00, 0x00, 0x00, 0x00, 0x03, 0xFF, 0xE0, 0x00, 0x00, 0x00, 0x00, 0x00, 0x1F, 0xFF,
    0xE0, 0x00, 0x00, 0x00, 0x00, 0x00, 0x7F, 0xFF, 0xE0, 0x00, 0x00, 0x00, 0x00, 0x03, 0xFF, 0xFF,
    0xE0, 0x00, 0x00, 0x00, 0x00, 0x0F, 0xFF, 0xFF, 0xE0, 0x00, 0x00, 0x00, 0x00, 0x7F, 0xFF, 0xFF,
    0xE0, 0x00, 0x00, 0x00, 0x01, 0xFF, 0xFF, 0xFF, 0xE0, 0x00, 0x00, 0x00, 0x0F, 0xFF, 0xFF, 0xFF,
    0xE0, 0x00, 0x00, 0x00, 0x3F, 0xFF, 0xFF, 0xFF, 0xE0, 0x00, 0x00, 0x01, 0xFF, 0xFF, 0xFF, 0xFF,
    0xE0, 0x00, 0x00, 0x07, 0xFF, 0xFF, 0xFF, 0xFF, 0xC0, 0x00, 0x00, 0x3F, 0xFF, 0xFF, 0xFF, 0xFE,
    0x00, 0x00, 0x00, 0xFF, 0xFF, 0xFF, 0xFF, 0xF8, 0x00, 0x00, 0x01, 0xFF, 0xFF, 0xFF, 0xFF, 0xC0,
    0x00, 0x00, 0x01, 0xFF, 0xFF, 0xFF, 0xFE, 0x00, 0x00, 0x00, 0x01, 0xFF, 0xFF, 0xFF, 0xF0, 0x00,
    0x00, 0x00, 0x01, 0xFF, 0xFF, 0xFF, 0x80, 0x00, 0x00, 0x00, 0x01, 0xFF, 0xFF, 0xFC, 0x00, 0x00,
    0x00, 0x00, 0x01, 0xFF, 0xFF, 0xE0, 0x00, 0x00, 0x00, 0x00, 0x01, 0xFF, 0xFF, 0x00, 0x00, 0x00,
    0x00, 0x00, 0x01, 0xFF, 0xFE, 0x00, 0x00, 0x00, 0x00, 0x00, 0x01, 0xFF, 0xFF, 0xC0, 0x00, 0x00,
    0x00, 0x00, 0x01, 0xFF, 0xFF, 0xF8, 0x00, 0x00, 0x00, 0x00, 0x01, 0xFF, 0xFF, 0xFF, 0x00, 0x00,
    0x00, 0x00, 0x01, 0xFF, 0xFF, 0xFF, 0xE0, 0x00, 0x00, 0x00, 0x01, 0xFF, 0xFF, 0xFF, 0xFC, 0x00,
    0x00, 0x00, 0x01, 0xFF, 0xFF, 0xFF, 0xFF, 0x80, 0x00, 0x00, 0x01, 0xFF, 0xFF, 0xFF, 0xFF, 0xF0,
    0x00, 0x00, 0x00, 0x7F, 0xFF, 0xFF, 0xFF, 0xFC, 0x00, 0x00, 0x00, 0x0F, 0xFF, 0xFF, 0xFF, 0xFF,
    0x80, 0x00, 0x00, 0x03, 0xFF, 0xFF, 0xFF, 0xFF, 0xE0, 0x00, 0x00, 0x00, 0x7F, 0xFF, 0xFF, 0xFF,
    0xE0, 0x00, 0x00, 0x00, 0x1F, 0xFF, 0xFF, 0xFF, 0xE0, 0x00, 0x00, 0x00, 0x03, 0xFF, 0xFF, 0xFF,
    0xE0, 0x00, 0x00, 0x00, 0x00, 0xFF, 0xFF, 0xFF, 0xE0, 0x00, 0x00, 0x00, 0x00, 0x1F, 0xFF, 0xFF,
    0xE0, 0x00, 0x00, 0x00, 0x00, 0x07, 0xFF, 0xFF, 0xE0, 0x00, 0x00, 0x00, 0x00, 0x00, 0xFF, 0xFF,
    0xE0, 0x00, 0x00, 0x00, 0x00, 0x00, 0x3F, 0xFF, 0xE0, 0x00, 0x00, 0x00, 0x00, 0x00, 0x07, 0xFF,
    0xE0, 0x00, 0x00, 0x00, 0x00, 0x00, 0x01, 0xFF, 0xE0, 0x00, 0x00, 0x00, 0x00, 0x00, 0x00, 0x3F,
    0xE0, 0x00, 0x00, 0x00, 0x00, 0x00, 0x00, 0x0F, 0xE0, 0x00, 0x00, 0x00, 0x00, 0x00, 0x00, 0x01,
    0xE0, 0x00, 0x00, 0x00, 0x00, 0x00, 0x00, 0x00, 0x60, 0x00, 0x00, 0x00, 0x00, 0x00, 0x00, 0x00,
    0x00, 0x00, 0x01, 0xFF, 0xFF, 0xFF, 0xFF, 0xFF, 0xE0, 0x00, 0x01, 0xFF, 0xFF, 0xFF, 0xFF, 0xFF,
    0xE0, 0x00, 0x01, 0xFF, 0xFF, 0xFF, 0xFF, 0xFF, 0xE0, 0x00, 0x01, 0xFF, 0xFF, 0xFF, 0xFF, 0xFF,
    0xE0, 0x00, 0x01, 0xFF, 0xFF, 0xFF, 0xFF, 0xFF, 0xE0, 0x00, 0x01, 0xFF, 0xFF, 0xFF, 0xFF, 0xFF,
    0xE0, 0x00, 0x01, 0xFF, 0xFF, 0xFF, 0xFF, 0xFF, 0xE0, 0x00, 0x01, 0xFF, 0xFF, 0xFF, 0xFF, 0xFF,
    0xE0, 0x00, 0x01, 0xFF, 0xFF, 0xFF, 0xFF, 0xFF, 0xE0, 0x00, 0x01, 0xFF, 0xFF, 0xFF, 0xFF, 0xFF,
    0xE0, 0x00, 0x01, 0xFF, 0xFF, 0xFF, 0xFF, 0xFF, 0xE0, 0x00, 0x01, 0xFF, 0xFF, 0xFF, 0xFF, 0xFF,
    0xE0, 0x00, 0x01, 0xFF, 0xFF, 0xFF, 0xFF, 0xFF, 0xE0, 0x00, 0x00, 0x00, 0x00, 0x00, 0x00, 0x00,
    0x00, 0x00, 0x00, 0x00, 0x00, 0x00, 0x00, 0x00, 0x00, 0x00, 0x00, 0x00, 0x00, 0x00, 0x00, 0x00,
    0x00, 0x00, 0x00, 0x00, 0x00, 0x00, 0x00, 0x00, 0x00, 0x00, 0x00, 0x00, 0x00, 0x00, 0x00, 0x00,
    0x00, 0x00, 0x00, 0x00, 0x00, 0x00, 0x00, 0x00, 0x00, 0x00, 0x00, 0x00, 0x00, 0x00, 0x00, 0x00,
    0x00, 0x00, 0x00, 0x00, 0x00, 0x00, 0x00, 0x00, 0x00, 0x00, 0x01, 0xFF, 0xFF, 0xFF, 0xFF, 0xFF,
    0xE0, 0x00, 0x01, 0xFF, 0xFF, 0xFF, 0xFF, 0xFF, 0xE0, 0x00, 0x01, 0xFF, 0xFF, 0xFF, 0xFF, 0xFF,
    0xE0, 0x00, 0x01, 0xFF, 0xFF, 0xFF, 0xFF, 0xFF, 0xE0, 0x00, 0x01, 0xFF, 0xFF, 0xFF, 0xFF, 0xFF,
    0xE0, 0x00, 0x01, 0xFF, 0xFF, 0xFF, 0xFF, 0xFF, 0xE0, 0x00, 0x01, 0xFF, 0xFF, 0xFF, 0xFF, 0xFF,
    0xE0, 0x00, 0x01, 0xFF, 0xFF, 0xFF, 0xFF, 0xFF, 0xE0, 0x00, 0x01, 0xFF, 0xFF, 0xFF, 0xFF, 0xFF,
    0xE0, 0x00, 0x01, 0xFF, 0xFF, 0xFF, 0xFF, 0xFF, 0xE0, 0x00, 0x01, 0xFF, 0xFF, 0xFF, 0xFF, 0xFF,
    0xE0, 0x00, 0x01, 0xFF, 0xFF, 0xFF, 0xFF, 0xFF, 0xE0, 0x00, 0x01, 0xFF, 0xFF, 0xFF, 0xFF, 0xFF,
    0xE0, 0x00, 0x01, 0xFF, 0xFF, 0xFF, 0xFF, 0xFF, 0xE0, 0x00, 0x00, 0x00, 0x00, 0x00, 0x00, 0x00,
    0x00, 0x00, 0x00, 0x00, 0x00, 0x00, 0x00, 0x00, 0x00, 0x00, 0x00, 0x00, 0x00, 0x00, 0x00, 0x00,
    0x00, 0x00, 0x00, 0x00, 0x00, 0x00, 0x00, 0x00, 0x00, 0x00, 0x00, 0x00, 0x00, 0x00, 0x00, 0x00,
    0x00, 0x00, 0x00, 0x00, 0x00, 0x00, 0x00, 0x00, 0x00, 0x00, 0x00, 0x00, 0x00, 0x00, 0x00, 0x00,
    0x00, 0x00, 0x00, 0x00, 0x00, 0x00, 0x00, 0x00, 0x00, 0x00, 0x01, 0x00, 0x00, 0x00, 0x00, 0x00,
    0x00, 0x00, 0x01, 0xE0, 0x00, 0x00, 0x00, 0x00, 0x00, 0x00, 0x01, 0xF8, 0x00, 0x00, 0x00, 0x00,
    0x00, 0x00, 0x01, 0xFF, 0x00, 0x00, 0x00, 0x00, 0x00, 0x00, 0x01, 0xFF, 0xC0, 0x00, 0x00, 0x00,
    0x00, 0x00, 0x01, 0xFF, 0xF8, 0x00, 0x00, 0x00, 0x00, 0x00, 0x01, 0xFF, 0xFE, 0x00, 0x00, 0x00,
    0x00, 0x00, 0x01, 0xFF, 0xFF, 0x80, 0x00, 0x00, 0x00, 0x00, 0x01, 0xFF, 0xFF, 0xF0, 0x00, 0x00,
    0x00, 0x00, 0x01, 0xFF, 0xFF, 0xFE, 0x00, 0x00, 0x00, 0x00, 0x01, 0xFF, 0xFF, 0xFF, 0x80, 0x00,
    0x00, 0x00, 0x01, 0xFF, 0xFF, 0xFF, 0xF0, 0x00, 0x00, 0x00, 0x01, 0xFF, 0xFF, 0xFF, 0xFC, 0x00,
    0x00, 0x00, 0x01, 0xFF, 0xFF, 0xFF, 0xFF, 0x80, 0x00, 0x00, 0x01, 0xFF, 0xFF, 0xFF, 0xFF, 0xE0,
    0x00, 0x00, 0x00, 0xFF, 0xFF, 0xFF, 0xFF, 0xF8, 0x00, 0x00, 0x00, 0x1F, 0xFF, 0xFF, 0xFF, 0xFF,
    0x00, 0x00, 0x00, 0x03, 0xFF, 0xFF, 0xFF, 0xFF, 0xC0, 0x00, 0x00, 0x00, 0x7F, 0xFF, 0xFF, 0xFF,
    0xF0, 0x00, 0x00, 0x00, 0x1F, 0xFF, 0xFF, 0xFF, 0xF0, 0x00, 0x00, 0x00, 0x03, 0xFF, 0xFF, 0xFF,
    0xF0, 0x00, 0x00, 0x00, 0x00, 0x7F, 0xFF, 0xFF, 0xF0, 0x00, 0x00, 0x00, 0x00, 0x0F, 0xFF, 0xFF,
    0xF0, 0x00, 0x00, 0x00, 0x00, 0x01, 0xFF, 0xFF, 0xF0, 0x00, 0x00, 0x00, 0x00, 0x00, 0x3F, 0xFF,
    0xF0, 0x00, 0x00, 0x00, 0x00, 0x00, 0x1F, 0xFF, 0xF0, 0x00, 0x00, 0x00, 0x00, 0x00, 0xFF, 0xFF,
    0xF0, 0x00, 0x00, 0x00, 0x00, 0x07, 0xFF, 0xFF, 0xF0, 0x00, 0x00, 0x00, 0x00, 0x3F, 0xFF, 0xFF,
    0xF0, 0x00, 0x00, 0x00, 0x01, 0xFF, 0xFF, 0xFF, 0xF0, 0x00, 0x00, 0x00, 0x07, 0xFF, 0xFF, 0xFF,
    0xF0, 0x00, 0x00, 0x00, 0x3F, 0xFF, 0xFF, 0xFF, 0xF0, 0x00, 0x00, 0x01, 0xFF, 0xFF, 0xFF, 0xFF,
    0xE0, 0x00, 0x00, 0x0F, 0xFF, 0xFF, 0xFF, 0xFF, 0x80, 0x00, 0x00, 0x7F, 0xFF, 0xFF, 0xFF, 0xFC,
    0x00, 0x00, 0x01, 0xFF, 0xFF, 0xFF, 0xFF, 0xF0, 0x00, 0x00, 0x01, 0xFF, 0xFF, 0xFF, 0xFF, 0x80,
    0x00, 0x00, 0x01, 0xFF, 0xFF, 0xFF, 0xFE, 0x00, 0x00, 0x00, 0x01, 0xFF, 0xFF, 0xFF, 0xF0, 0x00,
    0x00, 0x00, 0x01, 0xFF, 0xFF, 0xFF, 0xC0, 0x00, 0x00, 0x00, 0x01, 0xFF, 0xFF, 0xFE, 0x00, 0x00,
    0x00, 0x00, 0x01, 0xFF, 0xFF, 0xF8, 0x00, 0x00, 0x00, 0x00, 0x01, 0xFF, 0xFF, 0xC0, 0x00, 0x00,
    0x00, 0x00, 0x01, 0xFF, 0xFF, 0x00, 0x00, 0x00, 0x00, 0x00, 0x01, 0xFF, 0xF8, 0x00, 0x00, 0x00,
    0x00, 0x00, 0x01, 0xFF, 0xE0, 0x00, 0x00, 0x00, 0x00, 0x00, 0x01, 0xFF, 0x00, 0x00, 0x00, 0x00,
    0x00, 0x00, 0x01, 0xFC, 0x00, 0x00, 0x00, 0x00, 0x00, 0x00, 0x01, 0xE0, 0x00, 0x00, 0x00, 0x00,
    0x00, 0x00, 0x01, 0x80, 0x00, 0x00, 0x00, 0x00, 0x00, 0x00, 0x00, 0x00, 0x00, 0x00, 0x00, 0x00,
    0x00, 0x00, 0x00, 0x00, 0x1F, 0xFE, 0x00, 0x00, 0x00, 0x00, 0x01, 0xFF, 0xFF, 0xE0, 0x00, 0x00,
    0x00, 0x0F, 0xFF, 0xFF, 0xF8, 0x00, 0x00, 0x00, 0x1F, 0xFF, 0xFF, 0xFE, 0x00, 0x00, 0x00, 0x7F,
    0xFF, 0xFF, 0xFF, 0x80, 0x00, 0x00, 0xFF, 0xFF, 0xFF, 0xFF, 0xC0, 0x00, 0x01, 0xFF, 0xFF, 0xFF,
    0xFF, 0xE0, 0x00, 0x03, 0xFF, 0xFF, 0xFF, 0xFF, 0xF0, 0x00, 0x03, 0xFF, 0xFF, 0xFF, 0xFF, 0xF0,
    0x00, 0x07, 0xFF, 0xFF, 0xFF, 0xFF, 0xF8, 0x00, 0x07, 0xFF, 0xFF, 0xFF, 0xFF, 0xF8, 0x00, 0x0F,
    0xFF, 0xFF, 0xFF, 0xFF, 0xFC, 0x00, 0x0F, 0xFF, 0xFF, 0x7F, 0xFF, 0xFC, 0x00, 0x0F, 0xFF, 0xF8,
    0x0F, 0xFF, 0xFC, 0x00, 0x1F, 0xFF, 0xF0, 0x07, 0xFF, 0xFC, 0x00, 0x1F, 0xFF, 0xE0, 0x07, 0xFF,
    0xFE, 0x00, 0x1F, 0xFF, 0xE0, 0x03, 0xFF, 0xFE, 0x00, 0x1F, 0xFF, 0xC0, 0x03, 0xFF, 0xFE, 0x00,
    0x1F, 0xFF, 0xC0, 0x03, 0xFF, 0xFE, 0x00, 0x00, 0x00, 0x00, 0x07, 0xFF, 0xFE, 0x00, 0x00, 0x00,
    0x00, 0x07, 0xFF, 0xFC, 0x00, 0x00, 0x00, 0x00, 0x0F, 0xFF, 0xFC, 0x00, 0x00, 0x00, 0x00, 0x1F,
    0xFF, 0xFC, 0x00, 0x00, 0x00, 0x00, 0x3F, 0xFF, 0xFC, 0x00, 0x00, 0x00, 0x00, 0x7F, 0xFF, 0xF8,
    0x00, 0x00, 0x00, 0x00, 0xFF, 0xFF, 0xF8, 0x00, 0x00, 0x00, 0x03, 0xFF, 0xFF, 0xF0, 0x00, 0x00,
    0x00, 0x07, 0xFF, 0xFF, 0xE0, 0x00, 0x00, 0x00, 0x0F, 0xFF, 0xFF, 0xC0, 0x00, 0x00, 0x00, 0x1F,
    0xFF, 0xFF, 0x80, 0x00, 0x00, 0x00, 0x3F, 0xFF, 0xFF, 0x00, 0x00, 0x00, 0x00, 0x3F, 0xFF, 0xFE,
    0x00, 0x00, 0x00, 0x00, 0x3F, 0xFF, 0xF8, 0x00, 0x00, 0x00, 0x00, 0x7F, 0xFF, 0xF0, 0x00, 0x00,
    0x00, 0x00, 0x7F, 0xFF, 0xC0, 0x00, 0x00, 0x00, 0x00, 0x7F, 0xFF, 0x80, 0x00, 0x00, 0x00, 0x00,
    0x7F, 0xFF, 0x00, 0x00, 0x00, 0x00, 0x00, 0xFF, 0xFE, 0x00, 0x00, 0x00, 0x00, 0x00, 0xFF, 0xFE,
    0x00, 0x00, 0x00, 0x00, 0x00, 0xFF, 0xFE, 0x00, 0x00, 0x00, 0x00, 0x00, 0xFF, 0xFC, 0x00, 0x00,
    0x00, 0x00, 0x00, 0xFF, 0xFC, 0x00, 0x00, 0x00, 0x00, 0x00, 0xFF, 0xFC, 0x00, 0x00, 0x00, 0x00,
    0x00, 0xFF, 0xFC, 0x00, 0x00, 0x00, 0x00, 0x00, 0x00, 0x00, 0x00, 0x00, 0x00, 0x00, 0x00, 0x00,
    0x00, 0x00, 0x00, 0x00, 0x00, 0x00, 0x00, 0x00, 0x00, 0x00, 0x00, 0x00, 0x00, 0x00, 0x00, 0x00,
    0x00, 0x00, 0x00, 0x00, 0x0F, 0xE0, 0x00, 0x00, 0x00, 0x00, 0x00, 0x3F, 0xF8, 0x00, 0x00, 0x00,
    0x00, 0x00, 0x7F, 0xFC, 0x00, 0x00, 0x00, 0x00, 0x00, 0xFF, 0xFE, 0x00, 0x00, 0x00, 0x00, 0x01,
    0xFF, 0xFE, 0x00, 0x00, 0x00, 0x00, 0x01, 0xFF, 0xFF, 0x00, 0x00, 0x00, 0x00, 0x01, 0xFF, 0xFF,
    0x00, 0x00, 0x00, 0x00, 0x03, 0xFF, 0xFF, 0x00, 0x00, 0x00, 0x00, 0x03, 0xFF, 0xFF, 0x00, 0x00,
    0x00, 0x00, 0x01, 0xFF, 0xFF, 0x00, 0x00, 0x00, 0x00, 0x01, 0xFF, 0xFF, 0x00, 0x00, 0x00, 0x00,
    0x01, 0xFF, 0xFE, 0x00, 0x00, 0x00, 0x00, 0x00, 0xFF, 0xFE, 0x00, 0x00, 0x00, 0x00, 0x00, 0xFF,
    0xFC, 0x00, 0x00, 0x00, 0x00, 0x00, 0x3F, 0xF8, 0x00, 0x00, 0x00, 0x00, 0x00, 0x0F, 0xE0, 0x00,
    0x00, 0x00, 0x00, 0x00, 0x00, 0x00, 0x07, 0xFF, 0xF0, 0x00, 0x00, 0x00, 0x00, 0x00, 0x00, 0x00,
    0x00, 0x01, 0xFF, 0xFF, 0xFF, 0xC0, 0x00, 0x00, 0x00, 0x00, 0x00, 0x00, 0x00, 0x0F, 0xFF, 0xFF,
    0xFF, 0xF8, 0x00, 0x00, 0x00, 0x00, 0x00, 0x00, 0x00, 0x7F, 0xFF, 0xFF, 0xFF, 0xFF, 0x00, 0x00,
    0x00, 0x00, 0x00, 0x00, 0x01, 0xFF, 0xFF, 0xFF, 0xFF, 0xFF, 0xC0, 0x00, 0x00, 0x00, 0x00, 0x00,
    0x07, 0xFF, 0xFF, 0xFF, 0xFF, 0xFF, 0xF0, 0x00, 0x00, 0x00, 0x00, 0x00, 0x0F, 0xFF, 0xFF, 0xFF,
    0xFF, 0xFF, 0xFC, 0x00, 0x00, 0x00, 0x00, 0x00, 0x3F, 0xFF, 0xFF, 0xFF, 0xFF, 0xFF, 0xFE, 0x00,
    0x00, 0x00, 0x00, 0x00, 0x7F, 0xFF, 0xFF, 0xFF, 0xFF, 0xFF, 0xFF, 0x80, 0x00, 0x00, 0x00, 0x00,
    0xFF, 0xFF, 0xFF, 0xFF, 0xFF, 0xFF, 0xFF, 0xC0, 0x00, 0x00, 0x00, 0x01, 0xFF, 0xFF, 0xFF, 0xFF,
    0xFF, 0xFF, 0xFF, 0xE0, 0x00, 0x00, 0x00, 0x03, 0xFF, 0xFF, 0xFF, 0xFF, 0xFF, 0xFF, 0xFF, 0xF0,
    0x00, 0x00, 0x00, 0x07, 0xFF, 0xFF, 0xFF, 0xF9, 0xFF, 0xFF, 0xFF, 0xF8, 0x00, 0x00, 0x00, 0x0F,
    0xFF, 0xFF, 0xF0, 0x00, 0x01, 0xFF, 0xFF, 0xFC, 0x00, 0x00, 0x00, 0x1F, 0xFF, 0xFF, 0x00, 0x00,
    0x00, 0x1F, 0xFF, 0xFE, 0x00, 0x00, 0x00, 0x3F, 0xFF, 0xFC, 0x00, 0x00, 0x00, 0x07, 0xFF, 0xFE,
    0x00, 0x00, 0x00, 0x3F, 0xFF, 0xF0, 0x00, 0x00, 0x00, 0x01, 0xFF, 0xFF, 0x00, 0x00, 0x00, 0x7F,
    0xFF, 0xE0, 0x00, 0x00, 0x00, 0x00, 0xFF, 0xFF, 0x80, 0x00, 0x00, 0xFF, 0xFF, 0x80, 0x00, 0x00,
    0x00, 0x00, 0x3F, 0xFF, 0x80, 0x00, 0x00, 0xFF, 0xFF, 0x00, 0x00, 0x00, 0x00, 0x00, 0x1F, 0xFF,
    0xC0, 0x00, 0x01, 0xFF, 0xFE, 0x00, 0x0F, 0xFF, 0x03, 0xFF, 0x0F, 0xFF, 0xC0, 0x00, 0x01, 0xFF,
    0xFC, 0x00, 0x3F, 0xFF, 0xC3, 0xFF, 0x0F, 0xFF, 0xE0, 0x00, 0x03, 0xFF, 0xF8, 0x00, 0xFF, 0xFF,
    0xF3, 0xFF, 0x07, 0xFF, 0xE0, 0x00, 0x03, 0xFF, 0xF8, 0x01, 0xFF, 0xFF, 0xFB, 0xFF, 0x03, 0xFF,
    0xF0, 0x00, 0x03, 0xFF, 0xF0, 0x03, 0xFF, 0xFF, 0xFB, 0xFF, 0x03, 0xFF, 0xF0, 0x00, 0x07, 0xFF,
    0xF0, 0x07, 0xFF, 0xFF, 0xFF, 0xFF, 0x01, 0xFF, 0xF0, 0x00, 0x07, 0xFF, 0xE0, 0x0F, 0xFF, 0xFF,
    0xFF, 0xFF, 0x01, 0xFF, 0xF8, 0x00, 0x07, 0xFF, 0xE0, 0x1F, 0xFF, 0xFF, 0xFF, 0xFF, 0x01, 0xFF,
    0xF8, 0x00, 0x0F, 0xFF, 0xC0, 0x1F, 0xFF, 0xFF, 0xFF, 0xFF, 0x00, 0xFF, 0xF8, 0x00, 0x0F, 0xFF,
    0xC0, 0x3F, 0xFF, 0xFF, 0xFF, 0xFF, 0x00, 0xFF, 0xF8, 0x00, 0x0F, 0xFF, 0xC0, 0x3F, 0xFF, 0xFF,
    0xFF, 0xFF, 0x00, 0xFF, 0xF8, 0x00, 0x0F, 0xFF, 0x80, 0x7F, 0xFF, 0xFF, 0xFF, 0xFF, 0x00, 0xFF,
    0xFC, 0x00, 0x0F, 0xFF, 0x80, 0x7F, 0xFF, 0x81, 0xFF, 0xFF, 0x00, 0x7F, 0xFC, 0x00, 0x1F, 0xFF,
    0x80, 0xFF, 0xFC, 0x00, 0x3F, 0xFF, 0x00, 0x7F, 0xFC, 0x00, 0x1F, 0xFF, 0x80, 0xFF, 0xF8, 0x00,
    0x1F, 0xFF, 0x00, 0x7F, 0xFC, 0x00, 0x1F, 0xFF, 0x80, 0xFF, 0xF8, 0x00, 0x0F, 0xFF, 0x00, 0x7F,
    0xFC, 0x00, 0x1F, 0xFF, 0x00, 0xFF, 0xF0, 0x00, 0x0F, 0xFF, 0x00, 0x7F, 0xFC, 0x00, 0x1F, 0xFF,
    0x00, 0xFF, 0xF0, 0x00, 0x07, 0xFF, 0x00, 0x7F, 0xFC, 0x00, 0x1F, 0xFF, 0x00, 0xFF, 0xE0, 0x00,
    0x07, 0xFF, 0x00, 0x7F, 0xFC, 0x00, 0x1F, 0xFF, 0x00, 0xFF, 0xE0, 0x00, 0x07, 0xFF, 0x00, 0x7F,
    0xFC, 0x00, 0x1F, 0xFF, 0x00, 0xFF, 0xE0, 0x00, 0x07, 0xFF, 0x00, 0x7F, 0xFC, 0x00, 0x1F, 0xFF,
    0x00, 0xFF, 0xE0, 0x00, 0x07, 0xFF, 0x00, 0x7F, 0xFC, 0x00, 0x1F, 0xFF, 0x00, 0xFF, 0xE0, 0x00,
    0x07, 0xFF, 0x00, 0x7F, 0xFC, 0x00, 0x1F, 0xFF, 0x00, 0xFF, 0xE0, 0x00, 0x07, 0xFF, 0x00, 0x7F,
    0xFC, 0x00, 0x1F, 0xFF, 0x00, 0xFF, 0xE0, 0x00, 0x07, 0xFF, 0x00, 0x7F, 0xFC, 0x00, 0x1F, 0xFF,
    0x00, 0xFF, 0xF0, 0x00, 0x0F, 0xFF, 0x00, 0x7F, 0xF8, 0x00, 0x1F, 0xFF, 0x80, 0xFF, 0xF0, 0x00,
    0x0F, 0xFF, 0x00, 0xFF, 0xF8, 0x00, 0x1F, 0xFF, 0x80, 0xFF, 0xF8, 0x00, 0x1F, 0xFF, 0x00, 0xFF,
    0xF8, 0x00, 0x1F, 0xFF, 0x80, 0xFF, 0xF8, 0x00, 0x1F, 0xFF, 0x00, 0xFF, 0xF8, 0x00, 0x1F, 0xFF,
    0x80, 0x7F, 0xFE, 0x00, 0x3F, 0xFF, 0x01, 0xFF, 0xF0, 0x00, 0x0F, 0xFF, 0x80, 0x7F, 0xFF, 0x81,
    0xFF, 0xFF, 0x83, 0xFF, 0xF0, 0x00, 0x0F, 0xFF, 0xC0, 0x7F, 0xFF, 0xFF, 0xFF, 0xFF, 0x87, 0xFF,
    0xF0, 0x00, 0x0F, 0xFF, 0xC0, 0x3F, 0xFF, 0xFF, 0xFF, 0xFF, 0xFF, 0xFF, 0xE0, 0x00, 0x0F, 0xFF,
    0xC0, 0x3F, 0xFF, 0xFF, 0xFF, 0xFF, 0xFF, 0xFF, 0xC0, 0x00, 0x0F, 0xFF, 0xE0, 0x1F, 0xFF, 0xFF,
    0xFF, 0xFF, 0xFF, 0xFF, 0xC0, 0x00, 0x07, 0xFF, 0xE0, 0x0F, 0xFF, 0xFF, 0xFE, 0xFF, 0xFF, 0xFF,
    0x80, 0x00, 0x07, 0xFF, 0xF0, 0x07, 0xFF, 0xFF, 0xFE, 0xFF, 0xFF, 0xFF, 0x00, 0x00, 0x07, 0xFF,
    0xF0, 0x03, 0xFF, 0xFF, 0xFC, 0x7F, 0xFF, 0xFE, 0x00, 0x00, 0x03, 0xFF, 0xF8, 0x01, 0xFF, 0xFF,
    0xF8, 0x7F, 0xFF, 0xFC, 0x00, 0x00, 0x03, 0xFF, 0xFC, 0x00, 0xFF, 0xFF, 0xF0, 0x3F, 0xFF, 0xF8,
    0x00, 0x00, 0x03, 0xFF, 0xFC, 0x00, 0x3F, 0xFF, 0xC0, 0x1F, 0xFF, 0xC0, 0x00, 0x00, 0x01, 0xFF,
    0xFE, 0x00, 0x07, 0xFE, 0x00, 0x03, 0xFF, 0x00, 0x00, 0x00, 0x01, 0xFF, 0xFF, 0x00, 0x00, 0x00,
    0x00, 0x00, 0x00, 0x00, 0x00, 0x00, 0x00, 0xFF, 0xFF, 0xC0, 0x00, 0x00, 0x00, 0x00, 0x00, 0x00,
    0x00, 0x00, 0x00, 0x7F, 0xFF, 0xE0, 0x00, 0x00, 0x00, 0x00, 0x00, 0x00, 0x00, 0x00, 0x00, 0x7F,
    0xFF, 0xF8, 0x00, 0x00, 0x00, 0x00, 0x00, 0x00, 0x00, 0x00, 0x00, 0x3F, 0xFF, 0xFE, 0x00, 0x00,
    0x00, 0x06, 0x00, 0x00, 0x00, 0x00, 0x00, 0x1F, 0xFF, 0xFF, 0xC0, 0x00, 0x00, 0x3E, 0x00, 0x00,
    0x00, 0x00, 0x00, 0x0F, 0xFF, 0xFF, 0xFE, 0x00, 0x07, 0xFF, 0x00, 0x00, 0x00, 0x00, 0x00, 0x0F,
    0xFF, 0xFF, 0xFF, 0xFF, 0xFF, 0xFF, 0x00, 0x00, 0x00, 0x00, 0x00, 0x07, 0xFF, 0xFF, 0xFF, 0xFF,
    0xFF, 0xFF, 0x00, 0x00, 0x00, 0x00, 0x00, 0x03, 0xFF, 0xFF, 0xFF, 0xFF, 0xFF, 0xFF, 0x80, 0x00,
    0x00, 0x00, 0x00, 0x00, 0xFF, 0xFF, 0xFF, 0xFF, 0xFF, 0xFF, 0x80, 0x00, 0x00, 0x00, 0x00, 0x00,
    0x7F, 0xFF, 0xFF, 0xFF, 0xFF, 0xFF, 0xC0, 0x00, 0x00, 0x00, 0x00, 0x00, 0x3F, 0xFF, 0xFF, 0xFF,
    0xFF, 0xFF, 0xC0, 0x00, 0x00, 0x00, 0x00, 0x00, 0x0F, 0xFF, 0xFF, 0xFF, 0xFF, 0xFF, 0xC0, 0x00,
    0x00, 0x00, 0x00, 0x00, 0x03, 0xFF, 0xFF, 0xFF, 0xFF, 0xFF, 0xE0, 0x00, 0x00, 0x00, 0x00, 0x00,
    0x00, 0xFF, 0xFF, 0xFF, 0xFF, 0xFF, 0xC0, 0x00, 0x00, 0x00, 0x00, 0x00, 0x00, 0x3F, 0xFF, 0xFF,
    0xFF, 0xFE, 0x00, 0x00, 0x00, 0x00, 0x00, 0x00, 0x00, 0x07, 0xFF, 0xFF, 0xFF, 0xF0, 0x00, 0x00,
    0x00, 0x00, 0x00, 0x00, 0x00, 0x00, 0x7F, 0xFF, 0xFF, 0x00, 0x00, 0x00, 0x00, 0x00, 0x00, 0x00,
    0x00, 0x00, 0x00, 0x00, 0x00, 0x00, 0x00, 0x00, 0x00, 0x00, 0x00, 0x00, 0x03, 0xFF, 0xFF, 0xF8,
    0x00, 0x00, 0x00, 0x00, 0x00, 0x07, 0xFF, 0xFF, 0xF8, 0x00, 0x00, 0x00, 0x00, 0x00, 0x07, 0xFF,
    0xFF, 0xF8, 0x00, 0x00, 0x00, 0x00, 0x00, 0x07, 0xFF, 0xFF, 0xFC, 0x00, 0x00, 0x00, 0x00, 0x00,
    0x0F, 0xFF, 0xFF, 0xFC, 0x00, 0x00, 0x00, 0x00, 0x00, 0x0F, 0xFF, 0xFF, 0xFC, 0x00, 0x00, 0x00,
    0x00, 0x00, 0x0F, 0xFF, 0xFF, 0xFE, 0x00, 0x00, 0x00, 0x00, 0x00, 0x1F, 0xFF, 0xFF, 0xFE, 0x00,
    0x00, 0x00, 0x00, 0x00, 0x1F, 0xFF, 0xFF, 0xFE, 0x00, 0x00, 0x00, 0x00, 0x00, 0x1F, 0xFF, 0xFF,
    0xFE, 0x00, 0x00, 0x00, 0x00, 0x00, 0x3F, 0xFF, 0xFF, 0xFF, 0x00, 0x00, 0x00, 0x00, 0x00, 0x3F,
    0xFF, 0xFF, 0xFF, 0x00, 0x00, 0x00, 0x00, 0x00, 0x3F, 0xFF, 0xFF, 0xFF, 0x00, 0x00, 0x00, 0x00,
    0x00, 0x7F, 0xFF, 0xFF, 0xFF, 0x80, 0x00, 0x00, 0x00, 0x00, 0x7F, 0xFF, 0xFF, 0xFF, 0x80, 0x00,
    0x00, 0x00, 0x00, 0x7F, 0xFF, 0xFF, 0xFF, 0x80, 0x00, 0x00, 0x00, 0x00, 0xFF, 0xFF, 0x7F, 0xFF,
    0xC0, 0x00, 0x00, 0x00, 0x00, 0xFF, 0xFF, 0x3F, 0xFF, 0xC0, 0x00, 0x00, 0x00, 0x00, 0xFF, 0xFF,
    0x3F, 0xFF, 0xC0, 0x00, 0x00, 0x00, 0x01, 0xFF, 0xFF, 0x3F, 0xFF, 0xE0, 0x00, 0x00, 0x00, 0x01,
    0xFF, 0xFE, 0x3F, 0xFF, 0xE0, 0x00, 0x00, 0x00, 0x01, 0xFF, 0xFE, 0x1F, 0xFF, 0xE0, 0x00, 0x00,
    0x00, 0x03, 0xFF, 0xFE, 0x1F, 0xFF, 0xF0, 0x00, 0x00, 0x00, 0x03, 0xFF, 0xFE, 0x1F, 0xFF, 0xF0,
    0x00, 0x00, 0x00, 0x03, 0xFF, 0xFE, 0x1F, 0xFF, 0xF0, 0x00, 0x00, 0x00, 0x03, 0xFF, 0xFC, 0x0F,
    0xFF, 0xF8, 0x00, 0x00, 0x00, 0x07, 0xFF, 0xFC, 0x0F, 0xFF, 0xF8, 0x00, 0x00, 0x00, 0x07, 0xFF,
    0xFC, 0x0F, 0xFF, 0xF8, 0x00, 0x00, 0x00, 0x07, 0xFF, 0xFC, 0x0F, 0xFF, 0xFC, 0x00, 0x00, 0x00,
    0x0F, 0xFF, 0xF8, 0x07, 0xFF, 0xFC, 0x00, 0x00, 0x00, 0x0F, 0xFF, 0xF8, 0x07, 0xFF, 0xFC, 0x00,
    0x00, 0x00, 0x0F, 0xFF, 0xF8, 0x07, 0xFF, 0xFE, 0x00, 0x00, 0x00, 0x1F, 0xFF, 0xF8, 0x07, 0xFF,
    0xFE, 0x00, 0x00, 0x00, 0x1F, 0xFF, 0xF0, 0x03, 0xFF, 0xFE, 0x00, 0x00, 0x00, 0x1F, 0xFF, 0xF0,
    0x03, 0xFF, 0xFF, 0x00, 0x00, 0x00, 0x3F, 0xFF, 0xF0, 0x03, 0xFF, 0xFF, 0x00, 0x00, 0x00, 0x3F,
    0xFF, 0xF0, 0x01, 0xFF, 0xFF, 0x00, 0x00, 0x00, 0x3F, 0xFF, 0xE0, 0x01, 0xFF, 0xFF, 0x80, 0x00,
    0x00, 0x7F, 0xFF, 0xFF, 0xFF, 0xFF, 0xFF, 0x80, 0x00, 0x00, 0x7F, 0xFF, 0xFF, 0xFF, 0xFF, 0xFF,
    0x80, 0x00, 0x00, 0x7F, 0xFF, 0xFF, 0xFF, 0xFF, 0xFF, 0xC0, 0x00, 0x00, 0xFF, 0xFF, 0xFF, 0xFF,
    0xFF, 0xFF, 0xC0, 0x00, 0x00, 0xFF, 0xFF, 0xFF, 0xFF, 0xFF, 0xFF, 0xC0, 0x00, 0x00, 0xFF, 0xFF,
    0xFF, 0xFF, 0xFF, 0xFF, 0xE0, 0x00, 0x01, 0xFF, 0xFF, 0xFF, 0xFF, 0xFF, 0xFF, 0xE0, 0x00, 0x01,
    0xFF, 0xFF, 0xFF, 0xFF, 0xFF, 0xFF, 0xE0, 0x00, 0x01, 0xFF, 0xFF, 0xFF, 0xFF, 0xFF, 0xFF, 0xF0,
    0x00, 0x01, 0xFF, 0xFF, 0xFF, 0xFF, 0xFF, 0xFF, 0xF0, 0x00, 0x03, 0xFF, 0xFF, 0xFF, 0xFF, 0xFF,
    0xFF, 0xF0, 0x00, 0x03, 0xFF, 0xFF, 0xFF, 0xFF, 0xFF, 0xFF, 0xF8, 0x00, 0x03, 0xFF, 0xFF, 0x00,
    0x00, 0x1F, 0xFF, 0xF8, 0x00, 0x07, 0xFF, 0xFE, 0x00, 0x00, 0x1F, 0xFF, 0xF8, 0x00, 0x07, 0xFF,
    0xFE, 0x00, 0x00, 0x1F, 0xFF, 0xFC, 0x00, 0x07, 0xFF, 0xFE, 0x00, 0x00, 0x0F, 0xFF, 0xFC, 0x00,
    0x0F, 0xFF, 0xFE, 0x00, 0x00, 0x0F, 0xFF, 0xFC, 0x00, 0x0F, 0xFF, 0xFC, 0x00, 0x00, 0x0F, 0xFF,
    0xFE, 0x00, 0x0F, 0xFF, 0xFC, 0x00, 0x00, 0x0F, 0xFF, 0xFE, 0x00, 0x1F, 0xFF, 0xFC, 0x00, 0x00,
    0x07, 0xFF, 0xFE, 0x00, 0x1F, 0xFF, 0xF8, 0x00, 0x00, 0x07, 0xFF, 0xFF, 0x00, 0x1F, 0xFF, 0xF8,
    0x00, 0x00, 0x07, 0xFF, 0xFF, 0x00, 0x3F, 0xFF, 0xF8, 0x00, 0x00, 0x03, 0xFF, 0xFF, 0x00, 0x3F,
    0xFF, 0xF8, 0x00, 0x00, 0x03, 0xFF, 0xFF, 0x80, 0x0F, 0xFF, 0xFF, 0xFF, 0xF8, 0x00, 0x00, 0x0F,
    0xFF, 0xFF, 0xFF, 0xFF, 0x80, 0x00, 0x0F, 0xFF, 0xFF, 0xFF, 0xFF, 0xF0, 0x00, 0x0F, 0xFF, 0xFF,
    0xFF, 0xFF, 0xF8, 0x00, 0x0F, 0xFF, 0xFF, 0xFF, 0xFF, 0xFE, 0x00, 0x0F, 0xFF, 0xFF, 0xFF, 0xFF,
    0xFF, 0x00, 0x0F, 0xFF, 0xFF, 0xFF, 0xFF, 0xFF, 0x80, 0x0F, 0xFF, 0xFF, 0xFF, 0xFF, 0xFF, 0x80,
    0x0F, 0xFF, 0xFF, 0xFF, 0xFF, 0xFF, 0xC0, 0x0F, 0xFF, 0xFF, 0xFF, 0xFF, 0xFF, 0xE0, 0x0F, 0xFF,
    0xFF, 0xFF, 0xFF, 0xFF, 0xE0, 0x0F, 0xFF, 0xFF, 0xFF, 0xFF, 0xFF, 0xE0, 0x0F, 0xFF, 0xFF, 0xFF,
    0xFF, 0xFF, 0xE0, 0x0F, 0xFF, 0xF8, 0x01, 0xFF, 0xFF, 0xF0, 0x0F, 0xFF, 0xF8, 0x00, 0x7F, 0xFF,
    0xF0, 0x0F, 0xFF, 0xF8, 0x00, 0x3F, 0xFF, 0xF0, 0x0F, 0xFF, 0xF8, 0x00, 0x3F, 0xFF, 0xF0, 0x0F,
    0xFF, 0xF8, 0x00, 0x1F, 0xFF, 0xF0, 0x0F, 0xFF, 0xF8, 0x00, 0x1F, 0xFF, 0xE0, 0x0F, 0xFF, 0xF8,
    0x00, 0x1F, 0xFF, 0xE0, 0x0F, 0xFF, 0xF8, 0x00, 0x1F, 0xFF, 0xE0, 0x0F, 0xFF, 0xF8, 0x00, 0x3F,
    0xFF, 0xC0, 0x0F, 0xFF, 0xF8, 0x00, 0x3F, 0xFF, 0xC0, 0x0F, 0xFF, 0xF8, 0x00, 0x7F, 0xFF, 0x80,
    0x0F, 0xFF, 0xF8, 0x01, 0xFF, 0xFF, 0x00, 0x0F, 0xFF, 0xFF, 0xFF, 0xFF, 0xFE, 0x00, 0x0F, 0xFF,
    0xFF, 0xFF, 0xFF, 0xFC, 0x00, 0x0F, 0xFF, 0xFF, 0xFF, 0xFF, 0xF0, 0x00, 0x0F, 0xFF, 0xFF, 0xFF,
    0xFF, 0xC0, 0x00, 0x0F, 0xFF, 0xFF, 0xFF, 0xFF, 0x00, 0x00, 0x0F, 0xFF, 0xFF, 0xFF, 0xFF, 0xF8,
    0x00, 0x0F, 0xFF, 0xFF, 0xFF, 0xFF, 0xFE, 0x00, 0x0F, 0xFF, 0xFF, 0xFF, 0xFF, 0xFF, 0x80, 0x0F,
    0xFF, 0xFF, 0xFF, 0xFF, 0xFF, 0xC0, 0x0F, 0xFF, 0xFF, 0xFF, 0xFF, 0xFF, 0xE0, 0x0F, 0xFF, 0xF8,
    0x00, 0xFF, 0xFF, 0xE0, 0x0F, 0xFF, 0xF8, 0x00, 0x3F, 0xFF, 0xF0, 0x0F, 0xFF, 0xF8, 0x00, 0x1F,
    0xFF, 0xF8, 0x0F, 0xFF, 0xF8, 0x00, 0x0F, 0xFF, 0xF8, 0x0F, 0xFF, 0xF8, 0x00, 0x0F, 0xFF, 0xF8,
    0x0F, 0xFF, 0xF8, 0x00, 0x0F, 0xFF, 0xFC, 0x0F, 0xFF, 0xF8, 0x00, 0x07, 0xFF, 0xFC, 0x0F, 0xFF,
    0xF8, 0x00, 0x07, 0xFF, 0xFC, 0x0F, 0xFF, 0xF8, 0x00, 0x07, 0xFF, 0xFC, 0x0F, 0xFF, 0xF8, 0x00,
    0x0F, 0xFF, 0xFC, 0x0F, 0xFF, 0xF8, 0x00, 0x0F, 0xFF, 0xFC, 0x0F, 0xFF, 0xF8, 0x00, 0x1F, 0xFF,
    0xFC, 0x0F, 0xFF, 0xF8, 0x00, 0x3F, 0xFF, 0xFC, 0x0F, 0xFF, 0xF8, 0x00, 0xFF, 0xFF, 0xFC, 0x0F,
    0xFF, 0xFF, 0xFF, 0xFF, 0xFF, 0xF8, 0x0F, 0xFF, 0xFF, 0xFF, 0xFF, 0xFF, 0xF8, 0x0F, 0xFF, 0xFF,
    0xFF, 0xFF, 0xFF, 0xF8, 0x0F, 0xFF, 0xFF, 0xFF, 0xFF, 0xFF, 0xF0, 0x0F, 0xFF, 0xFF, 0xFF, 0xFF,
    0xFF, 0xF0, 0x0F, 0xFF, 0xFF, 0xFF, 0xFF, 0xFF, 0xE0, 0x0F, 0xFF, 0xFF, 0xFF, 0xFF, 0xFF, 0xC0,
    0x0F, 0xFF, 0xFF, 0xFF, 0xFF, 0xFF, 0x80, 0x0F, 0xFF, 0xFF, 0xFF, 0xFF, 0xFF, 0x00, 0x0F, 0xFF,
    0xFF, 0xFF, 0xFF, 0xFC, 0x00, 0x0F, 0xFF, 0xFF, 0xFF, 0xFF, 0xF8, 0x00, 0x0F, 0xFF, 0xFF, 0xFF,
    0xFF, 0xC0, 0x00, 0x0F, 0xFF, 0xFF, 0xFF, 0xFC, 0x00, 0x00, 0x00, 0x00, 0x00, 0x1F, 0xFC, 0x00,
    0x00, 0x00, 0x00, 0x00, 0x03, 0xFF, 0xFF, 0xE0, 0x00, 0x00, 0x00, 0x00, 0x0F, 0xFF, 0xFF, 0xF8,
    0x00, 0x00, 0x00, 0x00, 0x3F, 0xFF, 0xFF, 0xFE, 0x00, 0x00, 0x00, 0x00, 0xFF, 0xFF, 0xFF, 0xFF,
    0x80, 0x00, 0x00, 0x01, 0xFF, 0xFF, 0xFF, 0xFF, 0xC0, 0x00, 0x00, 0x07, 0xFF, 0xFF, 0xFF, 0xFF,
    0xF0, 0x00, 0x00, 0x0F, 0xFF, 0xFF, 0xFF, 0xFF, 0xF8, 0x00, 0x00, 0x1F, 0xFF, 0xFF, 0xFF, 0xFF,
    0xFC, 0x00, 0x00, 0x3F, 0xFF, 0xFF, 0xFF, 0xFF, 0xFE, 0x00, 0x00, 0x7F, 0xFF, 0xFF, 0xFF, 0xFF,
    0xFE, 0x00, 0x00, 0x7F, 0xFF, 0xFF, 0xFF, 0xFF, 0xFF, 0x00, 0x00, 0xFF, 0xFF, 0xFF, 0xFF, 0xFF,
    0xFF, 0x80, 0x01, 0xFF, 0xFF, 0xFF, 0xFF, 0xFF, 0xFF, 0x80, 0x01, 0xFF, 0xFF, 0xFF, 0xFF, 0xFF,
    0xFF, 0xC0, 0x03, 0xFF, 0xFF, 0xF8, 0x0F, 0xFF, 0xFF, 0xC0, 0x03, 0xFF, 0xFF, 0xE0, 0x01, 0xFF,
    0xFF, 0xC0, 0x07, 0xFF, 0xFF, 0x80, 0x00, 0xFF, 0xFF, 0xE0, 0x07, 0xFF, 0xFF, 0x00, 0x00, 0x7F,
    0xFF, 0xE0, 0x07, 0xFF, 0xFE, 0x00, 0x00, 0x3F, 0xFF, 0xE0, 0x0F, 0xFF, 0xFE, 0x00, 0x00, 0x3F,
    0xFF, 0xF0, 0x0F, 0xFF, 0xFC, 0x00, 0x00, 0x1F, 0xFF, 0xF0, 0x0F, 0xFF, 0xFC, 0x00, 0x00, 0x1F,
    0xFF, 0xF0, 0x0F, 0xFF, 0xF8, 0x00, 0x00, 0x1F, 0xFF, 0xF0, 0x1F, 0xFF, 0xF8, 0x00, 0x00, 0x00,
    0x00, 0x00, 0x1F, 0xFF, 0xF8, 0x00, 0x00, 0x00, 0x00, 0x00, 0x1F, 0xFF, 0xF0, 0x00, 0x00, 0x00,
    0x00, 0x00, 0x1F, 0xFF, 0xF0, 0x00, 0x00, 0x00, 0x00, 0x00, 0x1F, 0xFF, 0xF0, 0x00, 0x00, 0x00,
    0x00, 0x00, 0x1F, 0xFF, 0xF0, 0x00, 0x00, 0x00, 0x00, 0x00, 0x1F, 0xFF, 0xF0, 0x00, 0x00, 0x00,
    0x00, 0x00, 0x1F, 0xFF, 0xF0, 0x00, 0x00, 0x00, 0x00, 0x00, 0x1F, 0xFF, 0xF0, 0x00, 0x00, 0x00,
    0x00, 0x00, 0x1F, 0xFF, 0xF0, 0x00, 0x00, 0x00, 0x00, 0x00, 0x1F, 0xFF, 0xF0, 0x00, 0x00, 0x00,
    0x00, 0x00, 0x1F, 0xFF, 0xF0, 0x00, 0x00, 0x00, 0x00, 0x00, 0x1F, 0xFF, 0xF0, 0x00, 0x00, 0x00,
    0x00, 0x00, 0x1F, 0xFF, 0xF0, 0x00, 0x00, 0x00, 0x00, 0x00, 0x1F, 0xFF, 0xF8, 0x00, 0x00, 0x00,
    0x00, 0x00, 0x1F, 0xFF, 0xF8, 0x00, 0x00, 0x00, 0x00, 0x00, 0x0F, 0xFF, 0xF8, 0x00, 0x00, 0x1F,
    0xFF, 0xF0, 0x0F, 0xFF, 0xF8, 0x00, 0x00, 0x1F, 0xFF, 0xF0, 0x0F, 0xFF, 0xFC, 0x00, 0x00, 0x1F,
    0xFF, 0xF0, 0x0F, 0xFF, 0xFC, 0x00, 0x00, 0x3F, 0xFF, 0xF0, 0x07, 0xFF, 0xFE, 0x00, 0x00, 0x3F,
    0xFF, 0xE0, 0x07, 0xFF, 0xFF, 0x00, 0x00, 0x7F, 0xFF, 0xE0, 0x07, 0xFF, 0xFF, 0x80, 0x00, 0xFF,
    0xFF, 0xE0, 0x03, 0xFF, 0xFF, 0xC0, 0x01, 0xFF, 0xFF, 0xC0, 0x03, 0xFF, 0xFF, 0xF8, 0x0F, 0xFF,
    0xFF, 0xC0, 0x01, 0xFF, 0xFF, 0xFF, 0xFF, 0xFF, 0xFF, 0x80, 0x01, 0xFF, 0xFF, 0xFF, 0xFF, 0xFF,
    0xFF, 0x80, 0x00, 0xFF, 0xFF, 0xFF, 0xFF, 0xFF, 0xFF, 0x00, 0x00, 0x7F, 0xFF, 0xFF, 0xFF, 0xFF,
    0xFF, 0x00, 0x00, 0x7F, 0xFF, 0xFF, 0xFF, 0xFF, 0xFE, 0x00, 0x00, 0x3F, 0xFF, 0xFF, 0xFF, 0xFF,
    0xFC, 0x00, 0x00, 0x1F, 0xFF, 0xFF, 0xFF, 0xFF, 0xF8, 0x00, 0x00, 0x0F, 0xFF, 0xFF, 0xFF, 0xFF,
    0xF0, 0x00, 0x00, 0x07, 0xFF, 0xFF, 0xFF, 0xFF, 0xE0, 0x00, 0x00, 0x03, 0xFF, 0xFF, 0xFF, 0xFF,
    0xC0, 0x00, 0x00, 0x00, 0xFF, 0xFF, 0xFF, 0xFF, 0x00, 0x00, 0x00, 0x00, 0x3F, 0xFF, 0xFF, 0xFE,
    0x00, 0x00, 0x00, 0x00, 0x0F, 0xFF, 0xFF, 0xF8, 0x00, 0x00, 0x00, 0x00, 0x03, 0xFF, 0xFF, 0xC0,
    0x00, 0x00, 0x00, 0x00, 0x00, 0x3F, 0xFC, 0x00, 0x00, 0x00, 0x0F, 0xFF, 0xFF, 0xFF, 0xC0, 0x00,
    0x00, 0x00, 0x0F, 0xFF, 0xFF, 0xFF, 0xFC, 0x00, 0x00, 0x00, 0x0F, 0xFF, 0xFF, 0xFF, 0xFF, 0x80,
    0x00, 0x00, 0x0F, 0xFF, 0xFF, 0xFF, 0xFF, 0xE0, 0x00, 0x00, 0x0F, 0xFF, 0xFF, 0xFF, 0xFF, 0xF8,
    0x00, 0x00, 0x0F, 0xFF, 0xFF, 0xFF, 0xFF, 0xFC, 0x00, 0x00, 0x0F, 0xFF, 0xFF, 0xFF, 0xFF, 0xFF,
    0x00, 0x00, 0x0F, 0xFF, 0xFF, 0xFF, 0xFF, 0xFF, 0x80, 0x00, 0x0F, 0xFF, 0xFF, 0xFF, 0xFF, 0xFF,
    0xC0, 0x00, 0x0F, 0xFF, 0xFF, 0xFF, 0xFF, 0xFF, 0xE0, 0x00, 0x0F, 0xFF, 0xFF, 0xFF, 0xFF, 0xFF,
    0xF0, 0x00, 0x0F, 0xFF, 0xFF, 0xFF, 0xFF, 0xFF, 0xF0, 0x00, 0x0F, 0xFF, 0xFF, 0xFF, 0xFF, 0xFF,
    0xF8, 0x00, 0x0F, 0xFF, 0xFF, 0xFF, 0xFF, 0xFF, 0xFC, 0x00, 0x0F, 0xFF, 0xF8, 0x01, 0xFF, 0xFF,
    0xFC, 0x00, 0x0F, 0xFF, 0xF8, 0x00, 0x3F, 0xFF, 0xFE, 0x00, 0x0F, 0xFF, 0xF8, 0x00, 0x0F, 0xFF,
    0xFE, 0x00, 0x0F, 0xFF, 0xF8, 0x00, 0x07, 0xFF, 0xFF, 0x00, 0x0F, 0xFF, 0xF8, 0x00, 0x03, 0xFF,
    0xFF, 0x00, 0x0F, 0xFF, 0xF8, 0x00, 0x01, 0xFF, 0xFF, 0x00, 0x0F, 0xFF, 0xF8, 0x00, 0x01, 0xFF,
    0xFF, 0x80, 0x0F, 0xFF, 0xF8, 0x00, 0x00, 0xFF, 0xFF, 0x80, 0x0F, 0xFF, 0xF8, 0x00, 0x00, 0xFF,
    0xFF, 0x80, 0x0F, 0xFF, 0xF8, 0x00, 0x00, 0xFF, 0xFF, 0x80, 0x0F, 0xFF, 0xF8, 0x00, 0x00, 0x7F,
    0xFF, 0x80, 0x0F, 0xFF, 0xF8, 0x00, 0x00, 0x7F, 0xFF, 0x80, 0x0F, 0xFF, 0xF8, 0x00, 0x00, 0x7F,
    0xFF, 0xC0, 0x0F, 0xFF, 0xF8, 0x00, 0x00, 0x7F, 0xFF, 0xC0, 0x0F, 0xFF, 0xF8, 0x00, 0x00, 0x7F,
    0xFF, 0xC0, 0x0F, 0xFF, 0xF8, 0x00, 0x00, 0x7F, 0xFF, 0xC0, 0x0F, 0xFF, 0xF8, 0x00, 0x00, 0x7F,
    0xFF, 0xC0, 0x0F, 0xFF, 0xF8, 0x00, 0x00, 0x7F, 0xFF, 0xC0, 0x0F, 0xFF, 0xF8, 0x00, 0x00, 0x7F,
    0xFF, 0xC0, 0x0F, 0xFF, 0xF8, 0x00, 0x00, 0x7F, 0xFF, 0xC0, 0x0F, 0xFF, 0xF8, 0x00, 0x00, 0x7F,
    0xFF, 0xC0, 0x0F, 0xFF, 0xF8, 0x00, 0x00, 0x7F, 0xFF, 0xC0, 0x0F, 0xFF, 0xF8, 0x00, 0x00, 0x7F,
    0xFF, 0xC0, 0x0F, 0xFF, 0xF8, 0x00, 0x00, 0x7F, 0xFF, 0x80, 0x0F, 0xFF, 0xF8, 0x00, 0x00, 0xFF,
    0xFF, 0x80, 0x0F, 0xFF, 0xF8, 0x00, 0x00, 0xFF, 0xFF, 0x80, 0x0F, 0xFF, 0xF8, 0x00, 0x00, 0xFF,
    0xFF, 0x80, 0x0F, 0xFF, 0xF8, 0x00, 0x01, 0xFF, 0xFF, 0x80, 0x0F, 0xFF, 0xF8, 0x00, 0x01, 0xFF,
    0xFF, 0x00, 0x0F, 0xFF, 0xF8, 0x00, 0x03, 0xFF, 0xFF, 0x00, 0x0F, 0xFF, 0xF8, 0x00, 0x07, 0xFF,
    0xFF, 0x00, 0x0F, 0xFF, 0xF8, 0x00, 0x0F, 0xFF, 0xFE, 0x00, 0x0F, 0xFF, 0xF8, 0x00, 0x1F, 0xFF,
    0xFE, 0x00, 0x0F, 0xFF, 0xF8, 0x00, 0xFF, 0xFF, 0xFC, 0x00, 0x0F, 0xFF, 0xFF, 0xFF, 0xFF, 0xFF,
    0xFC, 0x00, 0x0F, 0xFF, 0xFF, 0xFF, 0xFF, 0xFF, 0xF8, 0x00, 0x0F, 0xFF, 0xFF, 0xFF, 0xFF, 0xFF,
    0xF0, 0x00, 0x0F, 0xFF, 0xFF, 0xFF, 0xFF, 0xFF, 0xF0, 0x00, 0x0F, 0xFF, 0xFF, 0xFF, 0xFF, 0xFF,
    0xE0, 0x00, 0x0F, 0xFF, 0xFF, 0xFF, 0xFF, 0xFF, 0xC0, 0x00, 0x0F, 0xFF, 0xFF, 0xFF, 0xFF, 0xFF,
    0x80, 0x00, 0x0F, 0xFF, 0xFF, 0xFF, 0xFF, 0xFF, 0x00, 0x00, 0x0F, 0xFF, 0xFF, 0xFF, 0xFF, 0xFC,
    0x00, 0x00, 0x0F, 0xFF, 0xFF, 0xFF, 0xFF, 0xF8, 0x00, 0x00, 0x0F, 0xFF, 0xFF, 0xFF, 0xFF, 0xE0,
    0x00, 0x00, 0x0F, 0xFF, 0xFF, 0xFF, 0xFF, 0x80, 0x00, 0x00, 0x0F, 0xFF, 0xFF, 0xFF, 0xFC, 0x00,
    0x00, 0x00, 0x0F, 0xFF, 0xFF, 0xFF, 0xC0, 0x00, 0x00, 0x00, 0x0F, 0xFF, 0xFF, 0xFF, 0xFF, 0xFF,
    0x00, 0x0F, 0xFF, 0xFF, 0xFF, 0xFF, 0xFF, 0x00, 0x0F, 0xFF, 0xFF, 0xFF, 0xFF, 0xFF, 0x00, 0x0F,
    0xFF, 0xFF, 0xFF, 0xFF, 0xFF, 0x00, 0x0F, 0xFF, 0xFF, 0xFF, 0xFF, 0xFF, 0x00, 0x0F, 0xFF, 0xFF,
    0xFF, 0xFF, 0xFF, 0x00, 0x0F, 0xFF, 0xFF, 0xFF, 0xFF, 0xFF, 0x00, 0x0F, 0xFF, 0xFF, 0xFF, 0xFF,
    0xFF, 0x00, 0x0F, 0xFF, 0xFF, 0xFF, 0xFF, 0xFF, 0x00, 0x0F, 0xFF, 0xFF, 0xFF, 0xFF, 0xFF, 0x00,
    0x0F, 0xFF, 0xFF, 0xFF, 0xFF, 0xFF, 0x00, 0x0F, 0xFF, 0xFF, 0xFF, 0xFF, 0xFF, 0x00, 0x0F, 0xFF,
    0xFF, 0xFF, 0xFF, 0xFF, 0x00, 0x0F, 0xFF, 0xFF, 0xFF, 0xFF, 0xFF, 0x00, 0x0F, 0xFF, 0xF8, 0x00,
    0x00, 0x00, 0x00, 0x0F, 0xFF, 0xF8, 0x00, 0x00, 0x00, 0x00, 0x0F, 0xFF, 0xF8, 0x00, 0x00, 0x00,
    0x00, 0x0F, 0xFF, 0xF8, 0x00, 0x00, 0x00, 0x00, 0x0F, 0xFF, 0xF8, 0x00, 0x00, 0x00, 0x00, 0x0F,
    0xFF, 0xF8, 0x00, 0x00, 0x00, 0x00, 0x0F, 0xFF, 0xF8, 0x00, 0x00, 0x00, 0x00, 0x0F, 0xFF, 0xF8,
    0x00, 0x00, 0x00, 0x00, 0x0F, 0xFF, 0xF8, 0x00, 0x00, 0x00, 0x00, 0x0F, 0xFF, 0xF8, 0x00, 0x00,
    0x00, 0x00, 0x0F, 0xFF, 0xFF, 0xFF, 0xFF, 0xFC, 0x00, 0x0F, 0xFF, 0xFF, 0xFF, 0xFF, 0xFC, 0x00,
    0x0F, 0xFF, 0xFF, 0xFF, 0xFF, 0xFC, 0x00, 0x0F, 0xFF, 0xFF, 0xFF, 0xFF, 0xFC, 0x00, 0x0F, 0xFF,
    0xFF, 0xFF, 0xFF, 0xFC, 0x00, 0x0F, 0xFF, 0xFF, 0xFF, 0xFF, 0xFC, 0x00, 0x0F, 0xFF, 0xFF, 0xFF,
    0xFF, 0xFC, 0x00, 0x0F, 0xFF, 0xFF, 0xFF, 0xFF, 0xFC, 0x00, 0x0F, 0xFF, 0xFF, 0xFF, 0xFF, 0xFC,
    0x00, 0x0F, 0xFF, 0xFF, 0xFF, 0xFF, 0xFC, 0x00, 0x0F, 0xFF, 0xFF, 0xFF, 0xFF, 0xFC, 0x00, 0x0F,
    0xFF, 0xFF, 0xFF, 0xFF, 0xFC, 0x00, 0x0F, 0xFF, 0xFF, 0xFF, 0xFF, 0xFC, 0x00, 0x0F, 0xFF, 0xF8,
    0x00, 0x00, 0x00, 0x00, 0x0F, 0xFF, 0xF8, 0x00, 0x00, 0x00, 0x00, 0x0F, 0xFF, 0xF8, 0x00, 0x00,
    0x00, 0x00, 0x0F, 0xFF, 0xF8, 0x00, 0x00, 0x00, 0x00, 0x0F, 0xFF, 0xF8, 0x00, 0x00, 0x00, 0x00,
    0x0F, 0xFF, 0xF8, 0x00, 0x00, 0x00, 0x00, 0x0F, 0xFF, 0xF8, 0x00, 0x00, 0x00, 0x00, 0x0F, 0xFF,
    0xF8, 0x00, 0x00, 0x00, 0x00, 0x0F, 0xFF, 0xF8, 0x00, 0x00, 0x00, 0x00, 0x0F, 0xFF, 0xF8, 0x00,
    0x00, 0x00, 0x00, 0x0F, 0xFF, 0xF8, 0x00, 0x00, 0x00, 0x00, 0x0F, 0xFF, 0xFF, 0xFF, 0xFF, 0xFF,
    0x00, 0x0F, 0xFF, 0xFF, 0xFF, 0xFF, 0xFF, 0x00, 0x0F, 0xFF, 0xFF, 0xFF, 0xFF, 0xFF, 0x00, 0x0F,
    0xFF, 0xFF, 0xFF, 0xFF, 0xFF, 0x00, 0x0F, 0xFF, 0xFF, 0xFF, 0xFF, 0xFF, 0x00, 0x0F, 0xFF, 0xFF,
    0xFF, 0xFF, 0xFF, 0x00, 0x0F, 0xFF, 0xFF, 0xFF, 0xFF, 0xFF, 0x00, 0x0F, 0xFF, 0xFF, 0xFF, 0xFF,
    0xFF, 0x00, 0x0F, 0xFF, 0xFF, 0xFF, 0xFF, 0xFF, 0x00, 0x0F, 0xFF, 0xFF, 0xFF, 0xFF, 0xFF, 0x00,
    0x0F, 0xFF, 0xFF, 0xFF, 0xFF, 0xFF, 0x00, 0x0F, 0xFF, 0xFF, 0xFF, 0xFF, 0xFF, 0x00, 0x0F, 0xFF,
    0xFF, 0xFF, 0xFF, 0xFF, 0x00, 0x0F, 0xFF, 0xFF, 0xFF, 0xFF, 0xFF, 0x00, 0x0F, 0xFF, 0xFF, 0xFF,
    0xFF, 0xFE, 0x00, 0x0F, 0xFF, 0xFF, 0xFF, 0xFF, 0xFE, 0x00, 0x0F, 0xFF, 0xFF, 0xFF, 0xFF, 0xFE,
    0x00, 0x0F, 0xFF, 0xFF, 0xFF, 0xFF, 0xFE, 0x00, 0x0F, 0xFF, 0xFF, 0xFF, 0xFF, 0xFE, 0x00, 0x0F,
    0xFF, 0xFF, 0xFF, 0xFF, 0xFE, 0x00, 0x0F, 0xFF, 0xFF, 0xFF, 0xFF, 0xFE, 0x00, 0x0F, 0xFF, 0xFF,
    0xFF, 0xFF, 0xFE, 0x00, 0x0F, 0xFF, 0xFF, 0xFF, 0xFF, 0xFE, 0x00, 0x0F, 0xFF, 0xFF, 0xFF, 0xFF,
    0xFE, 0x00, 0x0F, 0xFF, 0xFF, 0xFF, 0xFF, 0xFE, 0x00, 0x0F, 0xFF, 0xFF, 0xFF, 0xFF, 0xFE, 0x00,
    0x0F, 0xFF, 0xFF, 0xFF, 0xFF, 0xFE, 0x00, 0x0F, 0xFF, 0xFF, 0xFF, 0xFF, 0xFE, 0x00, 0x0F, 0xFF,
    0xF8, 0x00, 0x00, 0x00, 0x00, 0x0F, 0xFF, 0xF8, 0x00, 0x00, 0x00, 0x00, 0x0F, 0xFF, 0xF8, 0x00,
    0x00, 0x00, 0x00, 0x0F, 0xFF, 0xF8, 0x00, 0x00, 0x00, 0x00, 0x0F, 0xFF, 0xF8, 0x00, 0x00, 0x00,
    0x00, 0x0F, 0xFF, 0xF8, 0x00, 0x00, 0x00, 0x00, 0x0F, 0xFF, 0xF8, 0x00, 0x00, 0x00, 0x00, 0x0F,
    0xFF, 0xF8, 0x00, 0x00, 0x00, 0x00, 0x0F, 0xFF, 0xF8, 0x00, 0x00, 0x00, 0x00, 0x0F, 0xFF, 0xF8,
    0x00, 0x00, 0x00, 0x00, 0x0F, 0xFF, 0xF8, 0x00, 0x00, 0x00, 0x00, 0x0F, 0xFF, 0xF8, 0x00, 0x00,
    0x00, 0x00, 0x0F, 0xFF, 0xF8, 0x00, 0x00, 0x00, 0x00, 0x0F, 0xFF, 0xF8, 0x00, 0x00, 0x00, 0x00,
    0x0F, 0xFF, 0xFF, 0xFF, 0xFF, 0xF0, 0x00, 0x0F, 0xFF, 0xFF, 0xFF, 0xFF, 0xF0, 0x00, 0x0F, 0xFF,
    0xFF, 0xFF, 0xFF, 0xF0, 0x00, 0x0F, 0xFF, 0xFF, 0xFF, 0xFF, 0xF0, 0x00, 0x0F, 0xFF, 0xFF, 0xFF,
    0xFF, 0xF0, 0x00, 0x0F, 0xFF, 0xFF, 0xFF, 0xFF, 0xF0, 0x00, 0x0F, 0xFF, 0xFF, 0xFF, 0xFF, 0xF0,
    0x00, 0x0F, 0xFF, 0xFF, 0xFF, 0xFF, 0xF0, 0x00, 0x0F, 0xFF, 0xFF, 0xFF, 0xFF, 0xF0, 0x00, 0x0F,
    0xFF, 0xFF, 0xFF, 0xFF, 0xF0, 0x00, 0x0F, 0xFF, 0xFF, 0xFF, 0xFF, 0xF0, 0x00, 0x0F, 0xFF, 0xFF,
    0xFF, 0xFF, 0xF0, 0x00, 0x0F, 0xFF, 0xFF, 0xFF, 0xFF, 0xF0, 0x00, 0x0F, 0xFF, 0xF8, 0x00, 0x00,
    0x00, 0x00, 0x0F, 0xFF, 0xF8, 0x00, 0x00, 0x00, 0x00, 0x0F, 0xFF, 0xF8, 0x00, 0x00, 0x00, 0x00,
    0x0F, 0xFF, 0xF8, 0x00, 0x00, 0x00, 0x00, 0x0F, 0xFF, 0xF8, 0x00, 0x00, 0x00, 0x00, 0x0F, 0xFF,
    0xF8, 0x00, 0x00, 0x00, 0x00, 0x0F, 0xFF, 0xF8, 0x00, 0x00, 0x00, 0x00, 0x0F, 0xFF, 0xF8, 0x00,
    0x00, 0x00, 0x00, 0x0F, 0xFF, 0xF8, 0x00, 0x00, 0x00, 0x00, 0x0F, 0xFF, 0xF8, 0x00, 0x00, 0x00,
    0x00, 0x0F, 0xFF, 0xF8, 0x00, 0x00, 0x00, 0x00, 0x0F, 0xFF, 0xF8, 0x00, 0x00, 0x00, 0x00, 0x0F,
    0xFF, 0xF8, 0x00, 0x00, 0x00, 0x00, 0x0F, 0xFF, 0xF8, 0x00, 0x00, 0x00, 0x00, 0x0F, 0xFF, 0xF8,
    0x00, 0x00, 0x00, 0x00, 0x0F, 0xFF, 0xF8, 0x00, 0x00, 0x00, 0x00, 0x0F, 0xFF, 0xF8, 0x00, 0x00,
    0x00, 0x00, 0x0F, 0xFF, 0xF8, 0x00, 0x00, 0x00, 0x00, 0x0F, 0xFF, 0xF8, 0x00, 0x00, 0x00, 0x00,
    0x0F, 0xFF, 0xF8, 0x00, 0x00, 0x00, 0x00, 0x0F, 0xFF, 0xF8, 0x00, 0x00, 0x00, 0x00, 0x00, 0x00,
    0x00, 0x1F, 0xFE, 0x00, 0x00, 0x00, 0x00, 0x00, 0x01, 0xFF, 0xFF, 0xE0, 0x00, 0x00, 0x00, 0x00,
    0x0F, 0xFF, 0xFF, 0xF8, 0x00, 0x00, 0x00, 0x00, 0x3F, 0xFF, 0xFF, 0xFE, 0x00, 0x00, 0x00, 0x00,
    0xFF, 0xFF, 0xFF, 0xFF, 0x80, 0x00, 0x00, 0x01, 0xFF, 0xFF, 0xFF, 0xFF, 0xC0, 0x00, 0x00, 0x03,
    0xFF, 0xFF, 0xFF, 0xFF, 0xF0, 0x00, 0x00, 0x0F, 0xFF, 0xFF, 0xFF, 0xFF, 0xF8, 0x00, 0x00, 0x1F,
    0xFF, 0xFF, 0xFF, 0xFF, 0xFC, 0x00, 0x00, 0x1F, 0xFF, 0xFF, 0xFF, 0xFF, 0xFE, 0x00, 0x00, 0x3F,
    0xFF, 0xFF, 0xFF, 0xFF, 0xFE, 0x00, 0x00, 0x7F, 0xFF, 0xFF, 0xFF, 0xFF, 0xFF, 0x00, 0x00, 0xFF,
    0xFF, 0xFF, 0xFF, 0xFF, 0xFF, 0x80, 0x00, 0xFF, 0xFF, 0xFF, 0xFF, 0xFF, 0xFF, 0x80, 0x01, 0xFF,
    0xFF, 0xFF, 0xFF, 0xFF, 0xFF, 0xC0, 0x03, 0xFF, 0xFF, 0xF8, 0x07, 0xFF, 0xFF, 0xC0, 0x03, 0xFF,
    0xFF, 0xE0, 0x01, 0xFF, 0xFF, 0xC0, 0x03, 0xFF, 0xFF, 0x80, 0x00, 0xFF, 0xFF, 0xE0, 0x07, 0xFF,
    0xFF, 0x00, 0x00, 0x7F, 0xFF, 0xE0, 0x07, 0xFF, 0xFE, 0x00, 0x00, 0x3F, 0xFF, 0xE0, 0x0F, 0xFF,
    0xFE, 0x00, 0x00, 0x3F, 0xFF, 0xE0, 0x0F, 0xFF, 0xFC, 0x00, 0x00, 0x1F, 0xFF, 0xF0, 0x0F, 0xFF,
    0xFC, 0x00, 0x00, 0x00, 0x00, 0x00, 0x0F, 0xFF, 0xF8, 0x00, 0x00, 0x00, 0x00, 0x00, 0x1F, 0xFF,
    0xF8, 0x00, 0x00, 0x00, 0x00, 0x00, 0x1F, 0xFF, 0xF8, 0x00, 0x00, 0x00, 0x00, 0x00, 0x1F, 0xFF,
    0xF0, 0x00, 0x00, 0x00, 0x00, 0x00, 0x1F, 0xFF, 0xF0, 0x00, 0x00, 0x00, 0x00, 0x00, 0x1F, 0xFF,
    0xF0, 0x00, 0x00, 0x00, 0x00, 0x00, 0x1F, 0xFF, 0xF0, 0x00, 0x7F, 0xFF, 0xFF, 0xF0, 0x1F, 0xFF,
    0xF0, 0x00, 0x7F, 0xFF, 0xFF, 0xF0, 0x1F, 0xFF, 0xF0, 0x00, 0x7F, 0xFF, 0xFF, 0xF0, 0x1F, 0xFF,
    0xF0, 0x00, 0x7F, 0xFF, 0xFF, 0xF0, 0x1F, 0xFF, 0xF0, 0x00, 0x7F, 0xFF, 0xFF, 0xF0, 0x1F, 0xFF,
    0xF0, 0x00, 0x7F, 0xFF, 0xFF, 0xF0, 0x1F, 0xFF, 0xF0, 0x00, 0x7F, 0xFF, 0xFF, 0xF0, 0x1F, 0xFF,
    0xF0, 0x00, 0x7F, 0xFF, 0xFF, 0xF0, 0x1F, 0xFF, 0xF0, 0x00, 0x7F, 0xFF, 0xFF, 0xF0, 0x1F, 0xFF,
    0xF8, 0x00, 0x7F, 0xFF, 0xFF, 0xF0, 0x1F, 0xFF, 0xF8, 0x00, 0x7F, 0xFF, 0xFF, 0xF0, 0x0F, 0xFF,
    0xF8, 0x00, 0x7F, 0xFF, 0xFF, 0xF0, 0x0F, 0xFF, 0xFC, 0x00, 0x00, 0x0F, 0xFF, 0xF0, 0x0F, 0xFF,
    0xFC, 0x00, 0x00, 0x0F, 0xFF, 0xF0, 0x0F, 0xFF, 0xFE, 0x00, 0x00, 0x0F, 0xFF, 0xF0, 0x07, 0xFF,
    0xFE, 0x00, 0x00, 0x1F, 0xFF, 0xF0, 0x07, 0xFF, 0xFF, 0x00, 0x00, 0x1F, 0xFF, 0xE0, 0x07, 0xFF,
    0xFF, 0x80, 0x00, 0x3F, 0xFF, 0xE0, 0x03, 0xFF, 0xFF, 0xE0, 0x00, 0xFF, 0xFF, 0xE0, 0x03, 0xFF,
    0xFF, 0xF8, 0x03, 0xFF, 0xFF, 0xC0, 0x01, 0xFF, 0xFF, 0xFF, 0xFF, 0xFF, 0xFF, 0xC0, 0x01, 0xFF,
    0xFF, 0xFF, 0xFF, 0xFF, 0xFF, 0x80, 0x00, 0xFF, 0xFF, 0xFF, 0xFF, 0xFF, 0xFF, 0x80, 0x00, 0x7F,
    0xFF, 0xFF, 0xFF, 0xFF, 0xFF, 0x00, 0x00, 0x7F, 0xFF, 0xFF, 0xFF, 0xFF, 0xFF, 0x00, 0x00, 0x3F,
    0xFF, 0xFF, 0xFF, 0xFF, 0xFE, 0x00, 0x00, 0x1F, 0xFF, 0xFF, 0xFF, 0xFF, 0xFC, 0x00, 0x00, 0x0F,
    0xFF, 0xFF, 0xFF, 0xFF, 0xF8, 0x00, 0x00, 0x07, 0xFF, 0xFF, 0xFF, 0xFF, 0xF0, 0x00, 0x00, 0x01,
    0xFF, 0xFF, 0xFF, 0xFF, 0xE0, 0x00, 0x00, 0x00, 0xFF, 0xFF, 0xFF, 0xFF, 0x80, 0x00, 0x00, 0x00,
    0x3F, 0xFF, 0xFF, 0xFF, 0x00, 0x00, 0x00, 0x00, 0x0F, 0xFF, 0xFF, 0xFC, 0x00, 0x00, 0x00, 0x00,
    0x03, 0xFF, 0xFF, 0xE0, 0x00, 0x00, 0x00, 0x00, 0x00, 0x1F, 0xFE, 0x00, 0x00, 0x00, 0x0F, 0xFF,
    0xF8, 0x00, 0x00, 0x3F, 0xFF, 0xE0, 0x0F, 0xFF, 0xF8, 0x00, 0x00, 0x3F, 0xFF, 0xE0, 0x0F, 0xFF,
    0xF8, 0x00, 0x00, 0x3F, 0xFF, 0xE0, 0x0F, 0xFF, 0xF8, 0x00, 0x00, 0x3F, 0xFF, 0xE0, 0x0F, 0xFF,
    0xF8, 0x00, 0x00, 0x3F, 0xFF, 0xE0, 0x0F, 0xFF, 0xF8, 0x00, 0x00, 0x3F, 0xFF, 0xE0, 0x0F, 0xFF,
    0xF8, 0x00, 0x00, 0x3F, 0xFF, 0xE0, 0x0F, 0xFF, 0xF8, 0x00, 0x00, 0x3F, 0xFF, 0xE0, 0x0F, 0xFF,
    0xF8, 0x00, 0x00, 0x3F, 0xFF, 0xE0, 0x0F, 0xFF, 0xF8, 0x00, 0x00, 0x3F, 0xFF, 0xE0, 0x0F, 0xFF,
    0xF8, 0x00, 0x00, 0x3F, 0xFF, 0xE0, 0x0F, 0xFF, 0xF8, 0x00, 0x00, 0x3F, 0xFF, 0xE0, 0x0F, 0xFF,
    0xF8, 0x00, 0x00, 0x3F, 0xFF, 0xE0, 0x0F, 0xFF, 0xF8, 0x00, 0x00, 0x3F, 0xFF, 0xE0, 0x0F, 0xFF,
    0xF8, 0x00, 0x00, 0x3F, 0xFF, 0xE0, 0x0F, 0xFF, 0xF8, 0x00, 0x00, 0x3F, 0xFF, 0xE0, 0x0F, 0xFF,
    0xF8, 0x00, 0x00, 0x3F, 0xFF, 0xE0, 0x0F, 0xFF, 0xF8, 0x00, 0x00, 0x3F, 0xFF, 0xE0, 0x0F, 0xFF,
    0xF8, 0x00, 0x00, 0x3F, 0xFF, 0xE0, 0x0F, 0xFF, 0xF8, 0x00, 0x00, 0x3F, 0xFF, 0xE0, 0x0F, 0xFF,
    0xF8, 0x00, 0x00, 0x3F, 0xFF, 0xE0, 0x0F, 0xFF, 0xF8, 0x00, 0x00, 0x3F, 0xFF, 0xE0, 0x0F, 0xFF,
    0xF8, 0x00, 0x00, 0x3F, 0xFF, 0xE0, 0x0F, 0xFF, 0xFF, 0xFF, 0xFF, 0xFF, 0xFF, 0xE0, 0x0F, 0xFF,
    0xFF, 0xFF, 0xFF, 0xFF, 0xFF, 0xE0, 0x0F, 0xFF, 0xFF, 0xFF, 0xFF, 0xFF, 0xFF, 0xE0, 0x0F, 0xFF,
    0xFF, 0xFF, 0xFF, 0xFF, 0xFF, 0xE0, 0x0F, 0xFF, 0xFF, 0xFF, 0xFF, 0xFF, 0xFF, 0xE0, 0x0F, 0xFF,
    0xFF, 0xFF, 0xFF, 0xFF, 0xFF, 0xE0, 0x0F, 0xFF, 0xFF, 0xFF, 0xFF, 0xFF, 0xFF, 0xE0, 0x0F, 0xFF,
    0xFF, 0xFF, 0xFF, 0xFF, 0xFF, 0xE0, 0x0F, 0xFF, 0xFF, 0xFF, 0xFF, 0xFF, 0xFF, 0xE0, 0x0F, 0xFF,
    0xFF, 0xFF, 0xFF, 0xFF, 0xFF, 0xE0, 0x0F, 0xFF, 0xFF, 0xFF, 0xFF, 0xFF, 0xFF, 0xE0, 0x0F, 0xFF,
    0xFF, 0xFF, 0xFF, 0xFF, 0xFF, 0xE0, 0x0F, 0xFF, 0xFF, 0xFF, 0xFF, 0xFF, 0xFF, 0xE0, 0x0F, 0xFF,
    0xFF, 0xFF, 0xFF, 0xFF, 0xFF, 0xE0, 0x0F, 0xFF, 0xF8, 0x00, 0x00, 0x3F, 0xFF, 0xE0, 0x0F, 0xFF,
    0xF8, 0x00, 0x00, 0x3F, 0xFF, 0xE0, 0x0F, 0xFF, 0xF8, 0x00, 0x00, 0x3F, 0xFF, 0xE0, 0x0F, 0xFF,
    0xF8, 0x00, 0x00, 0x3F, 0xFF, 0xE0, 0x0F, 0xFF, 0xF8, 0x00, 0x00, 0x3F, 0xFF, 0xE0, 0x0F, 0xFF,
    0xF8, 0x00, 0x00, 0x3F, 0xFF, 0xE0, 0x0F, 0xFF, 0xF8, 0x00, 0x00, 0x3F, 0xFF, 0xE0, 0x0F, 0xFF,
    0xF8, 0x00, 0x00, 0x3F, 0xFF, 0xE0, 0x0F, 0xFF, 0xF8, 0x00, 0x00, 0x3F, 0xFF, 0xE0, 0x0F, 0xFF,
    0xF8, 0x00, 0x00, 0x3F, 0xFF, 0xE0, 0x0F, 0xFF, 0xF8, 0x00, 0x00, 0x3F, 0xFF, 0xE0, 0x0F, 0xFF,
    0xF8, 0x00, 0x00, 0x3F, 0xFF, 0xE0, 0x0F, 0xFF, 0xF8, 0x00, 0x00, 0x3F, 0xFF, 0xE0, 0x0F, 0xFF,
    0xF8, 0x00, 0x00, 0x3F, 0xFF, 0xE0, 0x0F, 0xFF, 0xF8, 0x00, 0x00, 0x3F, 0xFF, 0xE0, 0x0F, 0xFF,
    0xF8, 0x00, 0x00, 0x3F, 0xFF, 0xE0, 0x0F, 0xFF, 0xF8, 0x00, 0x00, 0x3F, 0xFF, 0xE0, 0x0F, 0xFF,
    0xF8, 0x00, 0x00, 0x3F, 0xFF, 0xE0, 0x0F, 0xFF, 0xF8, 0x00, 0x00, 0x3F, 0xFF, 0xE0, 0x0F, 0xFF,
    0xF8, 0x00, 0x00, 0x3F, 0xFF, 0xE0, 0x0F, 0xFF, 0xF8, 0x00, 0x00, 0x3F, 0xFF, 0xE0, 0x0F, 0xFF,
    0xF8, 0x00, 0x00, 0x3F, 0xFF, 0xE0, 0x0F, 0xFF, 0xF8, 0x00, 0x00, 0x3F, 0xFF, 0xE0, 0x0F, 0xFF,
    0xF8, 0x00, 0x00, 0x3F, 0xFF, 0xE0, 0x0F, 0xFF, 0xF8, 0x00, 0x00, 0x3F, 0xFF, 0xE0, 0x0F, 0xFF,
    0xF8, 0x0F, 0xFF, 0xF8, 0x0F, 0xFF, 0xF8, 0x0F, 0xFF, 0xF8, 0x0F, 0xFF, 0xF8, 0x0F, 0xFF, 0xF8,
    0x0F, 0xFF, 0xF8, 0x0F, 0xFF, 0xF8, 0x0F, 0xFF, 0xF8, 0x0F, 0xFF, 0xF8, 0x0F, 0xFF, 0xF8, 0x0F,
    0xFF, 0xF8, 0x0F, 0xFF, 0xF8, 0x0F, 0xFF, 0xF8, 0x0F, 0xFF, 0xF8, 0x0F, 0xFF, 0xF8, 0x0F, 0xFF,
    0xF8, 0x0F, 0xFF, 0xF8, 0x0F, 0xFF, 0xF8, 0x0F, 0xFF, 0xF8, 0x0F, 0xFF, 0xF8, 0x0F, 0xFF, 0xF8,
    0x0F, 0xFF, 0xF8, 0x0F, 0xFF, 0xF8, 0x0F, 0xFF, 0xF8, 0x0F, 0xFF, 0xF8, 0x0F, 0xFF, 0xF8, 0x0F,
    0xFF, 0xF8, 0x0F, 0xFF, 0xF8, 0x0F, 0xFF, 0xF8, 0x0F, 0xFF, 0xF8, 0x0F, 0xFF, 0xF8, 0x0F, 0xFF,
    0xF8, 0x0F, 0xFF, 0xF8, 0x0F, 0xFF, 0xF8, 0x0F, 0xFF, 0xF8, 0x0F, 0xFF, 0xF8, 0x0F, 0xFF, 0xF8,
    0x0F, 0xFF, 0xF8, 0x0F, 0xFF, 0xF8, 0x0F, 0xFF, 0xF8, 0x0F, 0xFF, 0xF8, 0x0F, 0xFF, 0xF8, 0x0F,
    0xFF, 0xF8, 0x0F, 0xFF, 0xF8, 0x0F, 0xFF, 0xF8, 0x0F, 0xFF, 0xF8, 0x0F, 0xFF, 0xF8, 0x0F, 0xFF,
    0xF8, 0x0F, 0xFF, 0xF8, 0x0F, 0xFF, 0xF8, 0x0F, 0xFF, 0xF8, 0x0F, 0xFF, 0xF8, 0x0F, 0xFF, 0xF8,
    0x0F, 0xFF, 0xF8, 0x0F, 0xFF, 0xF8, 0x0F, 0xFF, 0xF8, 0x0F, 0xFF, 0xF8, 0x0F, 0xFF, 0xF8, 0x0F,
    0xFF, 0xF8, 0x0F, 0xFF, 0xF8, 0x0F, 0xFF, 0xF8, 0x00, 0x00, 0x00, 0x03, 0xFF, 0xFC, 0x00, 0x00,
    0x00, 0x00, 0x03, 0xFF, 0xFC, 0x00, 0x00, 0x00, 0x00, 0x03, 0xFF, 0xFC, 0x00, 0x00, 0x00, 0x00,
    0x03, 0xFF, 0xFC, 0x00, 0x00, 0x00, 0x00, 0x03, 0xFF, 0xFC, 0x00, 0x00, 0x00, 0x00, 0x03, 0xFF,
    0xFC, 0x00, 0x00, 0x00, 0x00, 0x03, 0xFF, 0xFC, 0x00, 0x00, 0x00, 0x00, 0x03, 0xFF, 0xFC, 0x00,
    0x00, 0x00, 0x00, 0x03, 0xFF, 0xFC, 0x00, 0x00, 0x00, 0x00, 0x03, 0xFF, 0xFC, 0x00, 0x00, 0x00,
    0x00, 0x03, 0xFF, 0xFC, 0x00, 0x00, 0x00, 0x00, 0x03, 0xFF, 0xFC, 0x00, 0x00, 0x00, 0x00, 0x03,
    0xFF, 0xFC, 0x00, 0x00, 0x00, 0x00, 0x03, 0xFF, 0xFC, 0x00, 0x00, 0x00, 0x00, 0x03, 0xFF, 0xFC,
    0x00, 0x00, 0x00, 0x00, 0x03, 0xFF, 0xFC, 0x00, 0x00, 0x00, 0x00, 0x03, 0xFF, 0xFC, 0x00, 0x00,
    0x00, 0x00, 0x03, 0xFF, 0xFC, 0x00, 0x00, 0x00, 0x00, 0x03, 0xFF, 0xFC, 0x00, 0x00, 0x00, 0x00,
    0x03, 0xFF, 0xFC, 0x00, 0x00, 0x00, 0x00, 0x03, 0xFF, 0xFC, 0x00, 0x00, 0x00, 0x00, 0x03, 0xFF,
    0xFC, 0x00, 0x00, 0x00, 0x00, 0x03, 0xFF, 0xFC, 0x00, 0x00, 0x00, 0x00, 0x03, 0xFF, 0xFC, 0x00,
    0x00, 0x00, 0x00, 0x03, 0xFF, 0xFC, 0x00, 0x00, 0x00, 0x00, 0x03, 0xFF, 0xFC, 0x00, 0x00, 0x00,
    0x00, 0x03, 0xFF, 0xFC, 0x00, 0x00, 0x00, 0x00, 0x03, 0xFF, 0xFC, 0x00, 0x00, 0x00, 0x00, 0x03,
    0xFF, 0xFC, 0x00, 0x00, 0x00, 0x00, 0x03, 0xFF, 0xFC, 0x00, 0x00, 0x00, 0x00, 0x03, 0xFF, 0xFC,
    0x00, 0x00, 0x00, 0x00, 0x03, 0xFF, 0xFC, 0x00, 0x00, 0x00, 0x00, 0x03, 0xFF, 0xFC, 0x00, 0x00,
    0x00, 0x00, 0x03, 0xFF, 0xFC, 0x00, 0x00, 0x00, 0x00, 0x03, 0xFF, 0xFC, 0x00, 0x00, 0x00, 0x00,
    0x03, 0xFF, 0xFC, 0x00, 0x00, 0x00, 0x00, 0x03, 0xFF, 0xFC, 0x00, 0x00, 0x00, 0x00, 0x03, 0xFF,
    0xFC, 0x00, 0x00, 0x00, 0x00, 0x03, 0xFF, 0xFC, 0x00, 0x3F, 0xFF, 0xC0, 0x03, 0xFF, 0xFC, 0x00,
    0x3F, 0xFF, 0xC0, 0x03, 0xFF, 0xFC, 0x00, 0x3F, 0xFF, 0xC0, 0x03, 0xFF, 0xFC, 0x00, 0x3F, 0xFF,
    0xC0, 0x03, 0xFF, 0xFC, 0x00, 0x3F, 0xFF, 0xC0, 0x03, 0xFF, 0xFC, 0x00, 0x3F, 0xFF, 0xC0, 0x03,
    0xFF, 0xFC, 0x00, 0x3F, 0xFF, 0xC0, 0x03, 0xFF, 0xFC, 0x00, 0x3F, 0xFF, 0xE0, 0x07, 0xFF, 0xFC,
    0x00, 0x3F, 0xFF, 0xE0, 0x07, 0xFF, 0xFC, 0x00, 0x3F, 0xFF, 0xE0, 0x07, 0xFF, 0xF8, 0x00, 0x3F,
    0xFF, 0xF0, 0x0F, 0xFF, 0xF8, 0x00, 0x1F, 0xFF, 0xFF, 0xFF, 0xFF, 0xF8, 0x00, 0x1F, 0xFF, 0xFF,
    0xFF, 0xFF, 0xF8, 0x00, 0x1F, 0xFF, 0xFF, 0xFF, 0xFF, 0xF0, 0x00, 0x0F, 0xFF, 0xFF, 0xFF, 0xFF,
    0xF0, 0x00, 0x07, 0xFF, 0xFF, 0xFF, 0xFF, 0xE0, 0x00, 0x07, 0xFF, 0xFF, 0xFF, 0xFF, 0xC0, 0x00,
    0x03, 0xFF, 0xFF, 0xFF, 0xFF, 0xC0, 0x00, 0x01, 0xFF, 0xFF, 0xFF, 0xFF, 0x80, 0x00, 0x00, 0xFF,
    0xFF, 0xFF, 0xFF, 0x00, 0x00, 0x00, 0x3F, 0xFF, 0xFF, 0xFC, 0x00, 0x00, 0x00, 0x1F, 0xFF, 0xFF,
    0xF0, 0x00, 0x00, 0x00, 0x03, 0xFF, 0xFF, 0xC0, 0x00, 0x00, 0x00, 0x00, 0x3F, 0xFC, 0x00, 0x00,
    0x00, 0x0F, 0xFF, 0xF8, 0x00, 0x00, 0x7F, 0xFF, 0xF8, 0x0F, 0xFF, 0xF8, 0x00, 0x00, 0xFF, 0xFF,
    0xF0, 0x0F, 0xFF, 0xF8, 0x00, 0x01, 0xFF, 0xFF, 0xE0, 0x0F, 0xFF, 0xF8, 0x00, 0x03, 0xFF, 0xFF,
    0xC0, 0x0F, 0xFF, 0xF8, 0x00, 0x03, 0xFF, 0xFF, 0x80, 0x0F, 0xFF, 0xF8, 0x00, 0x07, 0xFF, 0xFF,
    0x00, 0x0F, 0xFF, 0xF8, 0x00, 0x0F, 0xFF, 0xFF, 0x00, 0x0F, 0xFF, 0xF8, 0x00, 0x1F, 0xFF, 0xFE,
    0x00, 0x0F, 0xFF, 0xF8, 0x00, 0x1F, 0xFF, 0xFC, 0x00, 0x0F, 0xFF, 0xF8, 0x00, 0x3F, 0xFF, 0xF8,
    0x00, 0x0F, 0xFF, 0xF8, 0x00, 0x7F, 0xFF, 0xF0, 0x00, 0x0F, 0xFF, 0xF8, 0x00, 0xFF, 0xFF, 0xF0,
    0x00, 0x0F, 0xFF, 0xF8, 0x00, 0xFF, 0xFF, 0xE0, 0x00, 0x0F, 0xFF, 0xF8, 0x01, 0xFF, 0xFF, 0xC0,
    0x00, 0x0F, 0xFF, 0xF8, 0x03, 0xFF, 0xFF, 0x80, 0x00, 0x0F, 0xFF, 0xF0, 0x07, 0xFF, 0xFF, 0x00,
    0x00, 0x0F, 0xFF, 0xF0, 0x07, 0xFF, 0xFF, 0x00, 0x00, 0x0F, 0xFF, 0xF0, 0x0F, 0xFF, 0xFE, 0x00,
    0x00, 0x0F, 0xFF, 0xF0, 0x1F, 0xFF, 0xFC, 0x00, 0x00, 0x0F, 0xFF, 0xF0, 0x3F, 0xFF, 0xF8, 0x00,
    0x00, 0x0F, 0xFF, 0xF0, 0x3F, 0xFF, 0xF0, 0x00, 0x00, 0x0F, 0xFF, 0xF0, 0x7F, 0xFF, 0xF0, 0x00,
    0x00, 0x0F, 0xFF, 0xF0, 0xFF, 0xFF, 0xE0, 0x00, 0x00, 0x0F, 0xFF, 0xF0, 0xFF, 0xFF, 0xC0, 0x00,
    0x00, 0x0F, 0xFF, 0xF1, 0xFF, 0xFF, 0x80, 0x00, 0x00, 0x0F, 0xFF, 0xF3, 0xFF, 0xFF, 0x00, 0x00,
    0x00, 0x0F, 0xFF, 0xF3, 0xFF, 0xFF, 0x00, 0x00, 0x00, 0x0F, 0xFF, 0xF7, 0xFF, 0xFF, 0x00, 0x00,
    0x00, 0x0F, 0xFF, 0xF7, 0xFF, 0xFF, 0x00, 0x00, 0x00, 0x0F, 0xFF, 0xFF, 0xFF, 0xFF, 0x80, 0x00,
    0x00, 0x0F, 0xFF, 0xFF, 0xFF, 0xFF, 0xC0, 0x00, 0x00, 0x0F, 0xFF, 0xFF, 0xFF, 0xFF, 0xC0, 0x00,
    0x00, 0x0F, 0xFF, 0xFF, 0xFF, 0xFF, 0xE0, 0x00, 0x00, 0x0F, 0xFF, 0xFF, 0xFF, 0xFF, 0xF0, 0x00,
    0x00, 0x0F, 0xFF, 0xFF, 0xFF, 0xFF, 0xF0, 0x00, 0x00, 0x0F, 0xFF, 0xFF, 0xFF, 0xFF, 0xF8, 0x00,
    0x00, 0x0F, 0xFF, 0xFF, 0xFF, 0xFF, 0xFC, 0x00, 0x00, 0x0F, 0xFF, 0xFF, 0xFF, 0xFF, 0xFC, 0x00,
    0x00, 0x0F, 0xFF, 0xFF, 0xEF, 0xFF, 0xFE, 0x00, 0x00, 0x0F, 0xFF, 0xFF, 0xE7, 0xFF, 0xFF, 0x00,
    0x00, 0x0F, 0xFF, 0xFF, 0xC3, 0xFF, 0xFF, 0x00, 0x00, 0x0F, 0xFF, 0xFF, 0x83, 0xFF, 0xFF, 0x80,
    0x00, 0x0F, 0xFF, 0xFF, 0x01, 0xFF, 0xFF, 0x80, 0x00, 0x0F, 0xFF, 0xFE, 0x01, 0xFF, 0xFF, 0xC0,
    0x00, 0x0F, 0xFF, 0xFC, 0x00, 0xFF, 0xFF, 0xE0, 0x00, 0x0F, 0xFF, 0xF8, 0x00, 0x7F, 0xFF, 0xE0,
    0x00, 0x0F, 0xFF, 0xF8, 0x00, 0x7F, 0xFF, 0xF0, 0x00, 0x0F, 0xFF, 0xF8, 0x00, 0x3F, 0xFF, 0xF8,
    0x00, 0x0F, 0xFF, 0xF8, 0x00, 0x3F, 0xFF, 0xF8, 0x00, 0x0F, 0xFF, 0xF8, 0x00, 0x1F, 0xFF, 0xFC,
    0x00, 0x0F, 0xFF, 0xF8, 0x00, 0x0F, 0xFF, 0xFE, 0x00, 0x0F, 0xFF, 0xF8, 0x00, 0x0F, 0xFF, 0xFE,
    0x00, 0x0F, 0xFF, 0xF8, 0x00, 0x07, 0xFF, 0xFF, 0x00, 0x0F, 0xFF, 0xF8, 0x00, 0x07, 0xFF, 0xFF,
    0x00, 0x0F, 0xFF, 0xF8, 0x00, 0x03, 0xFF, 0xFF, 0x80, 0x0F, 0xFF, 0xF8, 0x00, 0x01, 0xFF, 0xFF,
    0xC0, 0x0F, 0xFF, 0xF8, 0x00, 0x01, 0xFF, 0xFF, 0xC0, 0x0F, 0xFF, 0xF8, 0x00, 0x00, 0xFF, 0xFF,
    0xE0, 0x0F, 0xFF, 0xF8, 0x00, 0x00, 0xFF, 0xFF, 0xF0, 0x0F, 0xFF, 0xF8, 0x00, 0x00, 0x7F, 0xFF,
    0xF0, 0x0F, 0xFF, 0xF8, 0x00, 0x00, 0x7F, 0xFF, 0xF8, 0x0F, 0xFF, 0xF8, 0x00, 0x00, 0x3F, 0xFF,
    0xFC, 0x0F, 0xFF, 0xF8, 0x00, 0x00, 0x00, 0x0F, 0xFF, 0xF8, 0x00, 0x00, 0x00, 0x0F, 0xFF, 0xF8,
    0x00, 0x00, 0x00, 0x0F, 0xFF, 0xF8, 0x00, 0x00, 0x00, 0x0F, 0xFF, 0xF8, 0x00, 0x00, 0x00, 0x0F,
    0xFF, 0xF8, 0x00, 0x00, 0x00, 0x0F, 0xFF, 0xF8, 0x00, 0x00, 0x00, 0x0F, 0xFF, 0xF8, 0x00, 0x00,
    0x00, 0x0F, 0xFF, 0xF8, 0x00, 0x00, 0x00, 0x0F, 0xFF, 0xF8, 0x00, 0x00, 0x00, 0x0F, 0xFF, 0xF8,
    0x00, 0x00, 0x00, 0x0F, 0xFF, 0xF8, 0x00, 0x00, 0x00, 0x0F, 0xFF, 0xF8, 0x00, 0x00, 0x00, 0x0F,
    0xFF, 0xF8, 0x00, 0x00, 0x00, 0x0F, 0xFF, 0xF8, 0x00, 0x00, 0x00, 0x0F, 0xFF, 0xF8, 0x00, 0x00,
    0x00, 0x0F, 0xFF, 0xF8, 0x00, 0x00, 0x00, 0x0F, 0xFF, 0xF8, 0x00, 0x00, 0x00, 0x0F, 0xFF, 0xF8,
    0x00, 0x00, 0x00, 0x0F, 0xFF, 0xF8, 0x00, 0x00, 0x00, 0x0F, 0xFF, 0xF8, 0x00, 0x00, 0x00, 0x0F,
    0xFF, 0xF8, 0x00, 0x00, 0x00, 0x0F, 0xFF, 0xF8, 0x00, 0x00, 0x00, 0x0F, 0xFF, 0xF8, 0x00, 0x00,
    0x00, 0x0F, 0xFF, 0xF8, 0x00, 0x00, 0x00, 0x0F, 0xFF, 0xF8, 0x00, 0x00, 0x00, 0x0F, 0xFF, 0xF8,
    0x00, 0x00, 0x00, 0x0F, 0xFF, 0xF8, 0x00, 0x00, 0x00, 0x0F, 0xFF, 0xF8, 0x00, 0x00, 0x00, 0x0F,
    0xFF, 0xF8, 0x00, 0x00, 0x00, 0x0F, 0xFF, 0xF8, 0x00, 0x00, 0x00, 0x0F, 0xFF, 0xF8, 0x00, 0x00,
    0x00, 0x0F, 0xFF, 0xF8, 0x00, 0x00, 0x00, 0x0F, 0xFF, 0xF8, 0x00, 0x00, 0x00, 0x0F, 0xFF, 0xF8,
    0x00, 0x00, 0x00, 0x0F, 0xFF, 0xF8, 0x00, 0x00, 0x00, 0x0F, 0xFF, 0xF8, 0x00, 0x00, 0x00, 0x0F,
    0xFF, 0xF8, 0x00, 0x00, 0x00, 0x0F, 0xFF, 0xF8, 0x00, 0x00, 0x00, 0x0F, 0xFF, 0xF8, 0x00, 0x00,
    0x00, 0x0F, 0xFF, 0xF8, 0x00, 0x00, 0x00, 0x0F, 0xFF, 0xF8, 0x00, 0x00, 0x00, 0x0F, 0xFF, 0xF8,
    0x00, 0x00, 0x00, 0x0F, 0xFF, 0xF8, 0x00, 0x00, 0x00, 0x0F, 0xFF, 0xF8, 0x00, 0x00, 0x00, 0x0F,
    0xFF, 0xF8, 0x00, 0x00, 0x00, 0x0F, 0xFF, 0xF8, 0x00, 0x00, 0x00, 0x0F, 0xFF, 0xF8, 0x00, 0x00,
    0x00, 0x0F, 0xFF, 0xFF, 0xFF, 0xFF, 0xF8, 0x0F, 0xFF, 0xFF, 0xFF, 0xFF, 0xF8, 0x0F, 0xFF, 0xFF,
    0xFF, 0xFF, 0xF8, 0x0F, 0xFF, 0xFF, 0xFF, 0xFF, 0xF8, 0x0F, 0xFF, 0xFF, 0xFF, 0xFF, 0xF8, 0x0F,
    0xFF, 0xFF, 0xFF, 0xFF, 0xF8, 0x0F, 0xFF, 0xFF, 0xFF, 0xFF, 0xF8, 0x0F, 0xFF, 0xFF, 0xFF, 0xFF,
    0xF8, 0x0F, 0xFF, 0xFF, 0xFF, 0xFF, 0xF8, 0x0F, 0xFF, 0xFF, 0xFF, 0xFF, 0xF8, 0x0F, 0xFF, 0xFF,
    0xFF, 0xFF, 0xF8, 0x0F, 0xFF, 0xFF, 0xFF, 0xFF, 0xF8, 0x0F, 0xFF, 0xFF, 0xFF, 0xFF, 0xF8, 0x0F,
    0xFF, 0xFF, 0xFF, 0xFF, 0xF8, 0x0F, 0xFF, 0xFF, 0xFC, 0x00, 0x00, 0x3F, 0xFF, 0xFF, 0xF0, 0x0F,
    0xFF, 0xFF, 0xFE, 0x00, 0x00, 0x3F, 0xFF, 0xFF, 0xF0, 0x0F, 0xFF, 0xFF, 0xFE, 0x00, 0x00, 0x7F,
    0xFF, 0xFF, 0xF0, 0x0F, 0xFF, 0xFF, 0xFE, 0x00, 0x00, 0x7F, 0xFF, 0xFF, 0xF0, 0x0F, 0xFF, 0xFF,
    0xFE, 0x00, 0x00, 0x7F, 0xFF, 0xFF, 0xF0, 0x0F, 0xFF, 0xFF, 0xFF, 0x00, 0x00, 0x7F, 0xFF, 0xFF,
    0xF0, 0x0F, 0xFF, 0xFF, 0xFF, 0x00, 0x00, 0xFF, 0xFF, 0xFF, 0xF0, 0x0F, 0xFF, 0xFF, 0xFF, 0x00,
    0x00, 0xFF, 0xFF, 0xFF, 0xF0, 0x0F, 0xFF, 0xFF, 0xFF, 0x80, 0x00, 0xFF, 0xFF, 0xFF, 0xF0, 0x0F,
    0xFF, 0xFF, 0xFF, 0x80, 0x01, 0xFF, 0xFF, 0xFF, 0xF0, 0x0F, 0xFF, 0xFF, 0xFF, 0x80, 0x01, 0xFF,
    0xFF, 0xFF, 0xF0, 0x0F, 0xFF, 0xFF, 0xFF, 0x80, 0x01, 0xFF, 0xFF, 0xFF, 0xF0, 0x0F, 0xFF, 0xFF,
    0xFF, 0xC0, 0x01, 0xFF, 0xFF, 0xFF, 0xF0, 0x0F, 0xFF, 0xFF, 0xFF, 0xC0, 0x03, 0xFF, 0xFF, 0xFF,
    0xF0, 0x0F, 0xFF, 0xFF, 0xFF, 0xC0, 0x03, 0xFF, 0xFF, 0xFF, 0xF0, 0x0F, 0xFF, 0xFF, 0xFF, 0xE0,
    0x03, 0xFF, 0xFF, 0xFF, 0xF0, 0x0F, 0xFF, 0xF7, 0xFF, 0xE0, 0x03, 0xFF, 0xFF, 0xFF, 0xF0, 0x0F,
    0xFF, 0xF7, 0xFF, 0xE0, 0x07, 0xFF, 0xEF, 0xFF, 0xF0, 0x0F, 0xFF, 0xF7, 0xFF, 0xE0, 0x07, 0xFF,
    0xEF, 0xFF, 0xF0, 0x0F, 0xFF, 0xF7, 0xFF, 0xF0, 0x07, 0xFF, 0xEF, 0xFF, 0xF0, 0x0F, 0xFF, 0xF7,
    0xFF, 0xF0, 0x0F, 0xFF, 0xEF, 0xFF, 0xF0, 0x0F, 0xFF, 0xF3, 0xFF, 0xF0, 0x0F, 0xFF, 0xCF, 0xFF,
    0xF0, 0x0F, 0xFF, 0xF3, 0xFF, 0xF0, 0x0F, 0xFF, 0xCF, 0xFF, 0xF0, 0x0F, 0xFF, 0xF3, 0xFF, 0xF8,
    0x0F, 0xFF, 0xCF, 0xFF, 0xF0, 0x0F, 0xFF, 0xF3, 0xFF, 0xF8, 0x0F, 0xFF, 0xCF, 0xFF, 0xF0, 0x0F,
    0xFF, 0xF1, 0xFF, 0xF8, 0x1F, 0xFF, 0xCF, 0xFF, 0xF0, 0x0F, 0xFF, 0xF1, 0xFF, 0xF8, 0x1F, 0xFF,
    0x8F, 0xFF, 0xF0, 0x0F, 0xFF, 0xF1, 0xFF, 0xFC, 0x1F, 0xFF, 0x8F, 0xFF, 0xF0, 0x0F, 0xFF, 0xF1,
    0xFF, 0xFC, 0x1F, 0xFF, 0x8F, 0xFF, 0xF0, 0x0F, 0xFF, 0xF0, 0xFF, 0xFC, 0x3F, 0xFF, 0x8F, 0xFF,
    0xF0, 0x0F, 0xFF, 0xF8, 0xFF, 0xFC, 0x3F, 0xFF, 0x0F, 0xFF, 0xF0, 0x0F, 0xFF, 0xF8, 0xFF, 0xFC,
    0x3F, 0xFF, 0x0F, 0xFF, 0xF0, 0x0F, 0xFF, 0xF8, 0xFF, 0xFE, 0x3F, 0xFF, 0x0F, 0xFF, 0xF0, 0x0F,
    0xFF, 0xF8, 0x7F, 0xFE, 0x3F, 0xFE, 0x0F, 0xFF, 0xF0, 0x0F, 0xFF, 0xF8, 0x7F, 0xFE, 0x7F, 0xFE,
    0x0F, 0xFF, 0xF0, 0x0F, 0xFF, 0xF8, 0x7F, 0xFE, 0x7F, 0xFE, 0x0F, 0xFF, 0xF0, 0x0F, 0xFF, 0xF8,
    0x3F, 0xFE, 0x7F, 0xFE, 0x0F, 0xFF, 0xF0, 0x0F, 0xFF, 0xF8, 0x3F, 0xFE, 0x7F, 0xFC, 0x0F, 0xFF,
    0xF0, 0x0F, 0xFF, 0xF8, 0x3F, 0xFF, 0x7F, 0xFC, 0x0F, 0xFF, 0xF0, 0x0F, 0xFF, 0xF8, 0x1F, 0xFF,
    0x7F, 0xFC, 0x0F, 0xFF, 0xF0, 0x0F, 0xFF, 0xF8, 0x1F, 0xFF, 0xFF, 0xF8, 0x0F, 0xFF, 0xF0, 0x0F,
    0xFF, 0xF8, 0x1F, 0xFF, 0xFF, 0xF8, 0x0F, 0xFF, 0xF0, 0x0F, 0xFF, 0xF8, 0x1F, 0xFF, 0xFF, 0xF8,
    0x0F, 0xFF, 0xF0, 0x0F, 0xFF, 0xF8, 0x0F, 0xFF, 0xFF, 0xF8, 0x0F, 0xFF, 0xF0, 0x0F, 0xFF, 0xF8,
    0x0F, 0xFF, 0xFF, 0xF0, 0x0F, 0xFF, 0xF0, 0x0F, 0xFF, 0xF8, 0x0F, 0xFF, 0xFF, 0xF0, 0x0F, 0xFF,
    0xF0, 0x0F, 0xFF, 0xF8, 0x07, 0xFF, 0xFF, 0xF0, 0x0F, 0xFF, 0xF0, 0x0F, 0xFF, 0xF8, 0x07, 0xFF,
    0xFF, 0xE0, 0x0F, 0xFF, 0xF0, 0x0F, 0xFF, 0xF8, 0x07, 0xFF, 0xFF, 0xE0, 0x0F, 0xFF, 0xF0, 0x0F,
    0xFF, 0xF8, 0x03, 0xFF, 0xFF, 0xE0, 0x0F, 0xFF, 0xF0, 0x0F, 0xFF, 0xF8, 0x03, 0xFF, 0xFF, 0xE0,
    0x0F, 0xFF, 0xF0, 0x0F, 0xFF, 0xF8, 0x03, 0xFF, 0xFF, 0xC0, 0x0F, 0xFF, 0xF0, 0x0F, 0xFF, 0xF8,
    0x03, 0xFF, 0xFF, 0xC0, 0x0F, 0xFF, 0xF0, 0x0F, 0xFF, 0xF8, 0x01, 0xFF, 0xFF, 0xC0, 0x0F, 0xFF,
    0xF0, 0x0F, 0xFF, 0xF8, 0x01, 0xFF, 0xFF, 0x80, 0x0F, 0xFF, 0xF0, 0x0F, 0xFF, 0xF8, 0x01, 0xFF,
    0xFF, 0x80, 0x0F, 0xFF, 0xF0, 0x0F, 0xFF, 0xF8, 0x00, 0xFF, 0xFF, 0x80, 0x0F, 0xFF, 0xF0, 0x0F,
    0xFF, 0xF8, 0x00, 0xFF, 0xFF, 0x00, 0x0F, 0xFF, 0xF0, 0x0F, 0xFF, 0xF8, 0x00, 0xFF, 0xFF, 0x00,
    0x0F, 0xFF, 0xF0, 0x0F, 0xFF, 0xF8, 0x00, 0x7F, 0xFF, 0x00, 0x0F, 0xFF, 0xF0, 0x0F, 0xFF, 0xF8,
    0x00, 0x7F, 0xFF, 0x00, 0x0F, 0xFF, 0xF0, 0x0F, 0xFF, 0xF8, 0x00, 0x7F, 0xFE, 0x00, 0x0F, 0xFF,
    0xF0, 0x0F, 0xFF, 0xFC, 0x00, 0x00, 0x0F, 0xFF, 0xF8, 0x00, 0x0F, 0xFF, 0xFE, 0x00, 0x00, 0x0F,
    0xFF, 0xF8, 0x00, 0x0F, 0xFF, 0xFE, 0x00, 0x00, 0x0F, 0xFF, 0xF8, 0x00, 0x0F, 0xFF, 0xFF, 0x00,
    0x00, 0x0F, 0xFF, 0xF8, 0x00, 0x0F, 0xFF, 0xFF, 0x80, 0x00, 0x0F, 0xFF, 0xF8, 0x00, 0x0F, 0xFF,
    0xFF, 0x80, 0x00, 0x0F, 0xFF, 0xF8, 0x00, 0x0F, 0xFF, 0xFF, 0xC0, 0x00, 0x0F, 0xFF, 0xF8, 0x00,
    0x0F, 0xFF, 0xFF, 0xC0, 0x00, 0x0F, 0xFF, 0xF8, 0x00, 0x0F, 0xFF, 0xFF, 0xE0, 0x00, 0x0F, 0xFF,
    0xF8, 0x00, 0x0F, 0xFF, 0xFF, 0xF0, 0x00, 0x0F, 0xFF, 0xF8, 0x00, 0x0F, 0xFF, 0xFF, 0xF0, 0x00,
    0x0F, 0xFF, 0xF8, 0x00, 0x0F, 0xFF, 0xFF, 0xF8, 0x00, 0x0F, 0xFF, 0xF8, 0x00, 0x0F, 0xFF, 0xFF,
    0xF8, 0x00, 0x0F, 0xFF, 0xF8, 0x00, 0x0F, 0xFF, 0xFF, 0xFC, 0x00, 0x0F, 0xFF, 0xF8, 0x00, 0x0F,
    0xFF, 0xFF, 0xFE, 0x00, 0x0F, 0xFF, 0xF8, 0x00, 0x0F, 0xFF, 0xFF, 0xFE, 0x00, 0x0F, 0xFF, 0xF8,
    0x00, 0x0F, 0xFF, 0xFF, 0xFF, 0x00, 0x0F, 0xFF, 0xF8, 0x00, 0x0F, 0xFF, 0xFF, 0xFF, 0x00, 0x0F,
    0xFF, 0xF8, 0x00, 0x0F, 0xFF, 0xFF, 0xFF, 0x80, 0x0F, 0xFF, 0xF8, 0x00, 0x0F, 0xFF, 0xFF, 0xFF,
    0xC0, 0x0F, 0xFF, 0xF8, 0x00, 0x0F, 0xFF, 0xFF, 0xFF, 0xC0, 0x0F, 0xFF, 0xF8, 0x00, 0x0F, 0xFF,
    0xFF, 0xFF, 0xE0, 0x0F, 0xFF, 0xF8, 0x00, 0x0F, 0xFF, 0xFF, 0xFF, 0xE0, 0x0F, 0xFF, 0xF8, 0x00,
    0x0F, 0xFF, 0xF7, 0xFF, 0xF0, 0x0F, 0xFF, 0xF8, 0x00, 0x0F, 0xFF, 0xF7, 0xFF, 0xF8, 0x0F, 0xFF,
    0xF8, 0x00, 0x0F, 0xFF, 0xF3, 0xFF, 0xF8, 0x0F, 0xFF, 0xF8, 0x00, 0x0F, 0xFF, 0xF3, 0xFF, 0xFC,
    0x0F, 0xFF, 0xF8, 0x00, 0x0F, 0xFF, 0xF1, 0xFF, 0xFC, 0x0F, 0xFF, 0xF8, 0x00, 0x0F, 0xFF, 0xF9,
    0xFF, 0xFE, 0x0F, 0xFF, 0xF8, 0x00, 0x0F, 0xFF, 0xF8, 0xFF, 0xFE, 0x0F, 0xFF, 0xF8, 0x00, 0x0F,
    0xFF, 0xF8, 0xFF, 0xFF, 0x0F, 0xFF, 0xF8, 0x00, 0x0F, 0xFF, 0xF8, 0x7F, 0xFF, 0x0F, 0xFF, 0xF8,
    0x00, 0x0F, 0xFF, 0xF8, 0x7F, 0xFF, 0x8F, 0xFF, 0xF8, 0x00, 0x0F, 0xFF, 0xF8, 0x3F, 0xFF, 0x8F,
    0xFF, 0xF8, 0x00, 0x0F, 0xFF, 0xF8, 0x3F, 0xFF, 0xCF, 0xFF, 0xF8, 0x00, 0x0F, 0xFF, 0xF8, 0x1F,
    0xFF, 0xCF, 0xFF, 0xF8, 0x00, 0x0F, 0xFF, 0xF8, 0x1F, 0xFF, 0xEF, 0xFF, 0xF8, 0x00, 0x0F, 0xFF,
    0xF8, 0x0F, 0xFF, 0xEF, 0xFF, 0xF8, 0x00, 0x0F, 0xFF, 0xF8, 0x07, 0xFF, 0xFF, 0xFF, 0xF8, 0x00,
    0x0F, 0xFF, 0xF8, 0x07, 0xFF, 0xFF, 0xFF, 0xF8, 0x00, 0x0F, 0xFF, 0xF8, 0x03, 0xFF, 0xF7, 0xFF,
    0xF8, 0x00, 0x0F, 0xFF, 0xF8, 0x03, 0xFF, 0xFF, 0xFF, 0xF8, 0x00, 0x0F, 0xFF, 0xF8, 0x01, 0xFF,
    0xFF, 0xFF, 0xF8, 0x00, 0x0F, 0xFF, 0xF8, 0x00, 0xFF, 0xFF, 0xFF, 0xF8, 0x00, 0x0F, 0xFF, 0xF8,
    0x00, 0xFF, 0xFF, 0xFF, 0xF8, 0x00, 0x0F, 0xFF, 0xF8, 0x00, 0x7F, 0xFF, 0xFF, 0xF8, 0x00, 0x0F,
    0xFF, 0xF8, 0x00, 0x7F, 0xFF, 0xFF, 0xF8, 0x00, 0x0F, 0xFF, 0xF8, 0x00, 0x3F, 0xFF, 0xFF, 0xF8,
    0x00, 0x0F, 0xFF, 0xF8, 0x00, 0x1F, 0xFF, 0xFF, 0xF8, 0x00, 0x0F, 0xFF, 0xF8, 0x00, 0x1F, 0xFF,
    0xFF, 0xF8, 0x00, 0x0F, 0xFF, 0xF8, 0x00, 0x0F, 0xFF, 0xFF, 0xF8, 0x00, 0x0F, 0xFF, 0xF8, 0x00,
    0x0F, 0xFF, 0xFF, 0xF8, 0x00, 0x0F, 0xFF, 0xF8, 0x00, 0x07, 0xFF, 0xFF, 0xF8, 0x00, 0x0F, 0xFF,
    0xF8, 0x00, 0x03, 0xFF, 0xFF, 0xF8, 0x00, 0x0F, 0xFF, 0xF8, 0x00, 0x03, 0xFF, 0xFF, 0xF8, 0x00,
    0x0F, 0xFF, 0xF8, 0x00, 0x01, 0xFF, 0xFF, 0xF8, 0x00, 0x0F, 0xFF, 0xF8, 0x00, 0x01, 0xFF, 0xFF,
    0xF8, 0x00, 0x0F, 0xFF, 0xF8, 0x00, 0x00, 0xFF, 0xFF, 0xF8, 0x00, 0x0F, 0xFF, 0xF8, 0x00, 0x00,
    0x7F, 0xFF, 0xF8, 0x00, 0x0F, 0xFF, 0xF8, 0x00, 0x00, 0x7F, 0xFF, 0xF8, 0x00, 0x0F, 0xFF, 0xF8,
    0x00, 0x00, 0x3F, 0xFF, 0xF8, 0x00, 0x0F, 0xFF, 0xF8, 0x00, 0x00, 0x3F, 0xFF, 0xF8, 0x00, 0x00,
    0x00, 0x00, 0x1F, 0xFE, 0x00, 0x00, 0x00, 0x00, 0x00, 0x00, 0x01, 0xFF, 0xFF, 0xE0, 0x00, 0x00,
    0x00, 0x00, 0x00, 0x0F, 0xFF, 0xFF, 0xF8, 0x00, 0x00, 0x00, 0x00, 0x00, 0x3F, 0xFF, 0xFF, 0xFE,
    0x00, 0x00, 0x00, 0x00, 0x00, 0xFF, 0xFF, 0xFF, 0xFF, 0x80, 0x00, 0x00, 0x00, 0x01, 0xFF, 0xFF,
    0xFF, 0xFF, 0xE0, 0x00, 0x00, 0x00, 0x07, 0xFF, 0xFF, 0xFF, 0xFF, 0xF0, 0x00, 0x00, 0x00, 0x0F,
    0xFF, 0xFF, 0xFF, 0xFF, 0xF8, 0x00, 0x00, 0x00, 0x1F, 0xFF, 0xFF, 0xFF, 0xFF, 0xFC, 0x00, 0x00,
    0x00, 0x3F, 0xFF, 0xFF, 0xFF, 0xFF, 0xFE, 0x00, 0x00, 0x00, 0x7F, 0xFF, 0xFF, 0xFF, 0xFF, 0xFF,
    0x00, 0x00, 0x00, 0x7F, 0xFF, 0xFF, 0xFF, 0xFF, 0xFF, 0x00, 0x00, 0x00, 0xFF, 0xFF, 0xFF, 0xFF,
    0xFF, 0xFF, 0x80, 0x00, 0x01, 0xFF, 0xFF, 0xFF, 0xFF, 0xFF, 0xFF, 0xC0, 0x00, 0x01, 0xFF, 0xFF,
    0xFF, 0xFF, 0xFF, 0xFF, 0xC0, 0x00, 0x03, 0xFF, 0xFF, 0xF8, 0x0F, 0xFF, 0xFF, 0xE0, 0x00, 0x03,
    0xFF, 0xFF, 0xC0, 0x01, 0xFF, 0xFF, 0xE0, 0x00, 0x07, 0xFF, 0xFF, 0x80, 0x00, 0xFF, 0xFF, 0xF0,
    0x00, 0x07, 0xFF, 0xFF, 0x00, 0x00, 0x7F, 0xFF, 0xF0, 0x00, 0x07, 0xFF, 0xFE, 0x00, 0x00, 0x3F,
    0xFF, 0xF0, 0x00, 0x0F, 0xFF, 0xFC, 0x00, 0x00, 0x1F, 0xFF, 0xF8, 0x00, 0x0F, 0xFF, 0xFC, 0x00,
    0x00, 0x1F, 0xFF, 0xF8, 0x00, 0x0F, 0xFF, 0xF8, 0x00, 0x00, 0x0F, 0xFF, 0xF8, 0x00, 0x0F, 0xFF,
    0xF8, 0x00, 0x00, 0x0F, 0xFF, 0xF8, 0x00, 0x1F, 0xFF, 0xF8, 0x00, 0x00, 0x0F, 0xFF, 0xFC, 0x00,
    0x1F, 0xFF, 0xF8, 0x00, 0x00, 0x07, 0xFF, 0xFC, 0x00, 0x1F, 0xFF, 0xF0, 0x00, 0x00, 0x07, 0xFF,
    0xFC, 0x00, 0x1F, 0xFF, 0xF0, 0x00, 0x00, 0x07, 0xFF, 0xFC, 0x00, 0x1F, 0xFF, 0xF0, 0x00, 0x00,
    0x07, 0xFF, 0xFC, 0x00, 0x1F, 0xFF, 0xF0, 0x00, 0x00, 0x07, 0xFF, 0xFC, 0x00, 0x1F, 0xFF, 0xF0,
    0x00, 0x00, 0x07, 0xFF, 0xFC, 0x00, 0x1F, 0xFF, 0xF0, 0x00, 0x00, 0x07, 0xFF, 0xFC, 0x00, 0x1F,
    0xFF, 0xF0, 0x00, 0x00, 0x07, 0xFF, 0xFC, 0x00, 0x1F, 0xFF, 0xF0, 0x00, 0x00, 0x07, 0xFF, 0xFC,
    0x00, 0x1F, 0xFF, 0xF0, 0x00, 0x00, 0x07, 0xFF, 0xFC, 0x00, 0x1F, 0xFF, 0xF0, 0x00, 0x00, 0x07,
    0xFF, 0xFC, 0x00, 0x1F, 0xFF, 0xF0, 0x00, 0x00, 0x07, 0xFF, 0xFC, 0x00, 0x1F, 0xFF, 0xF0, 0x00,
    0x00, 0x07, 0xFF, 0xFC, 0x00, 0x1F, 0xFF, 0xF8, 0x00, 0x00, 0x07, 0xFF, 0xFC, 0x00, 0x1F, 0xFF,
    0xF8, 0x00, 0x00, 0x0F, 0xFF, 0xFC, 0x00, 0x0F, 0xFF, 0xF8, 0x00, 0x00, 0x0F, 0xFF, 0xFC, 0x00,
    0x0F, 0xFF, 0xF8, 0x00, 0x00, 0x0F, 0xFF, 0xF8, 0x00, 0x0F, 0xFF, 0xFC, 0x00, 0x00, 0x1F, 0xFF,
    0xF8, 0x00, 0x0F, 0xFF, 0xFC, 0x00, 0x00, 0x1F, 0xFF, 0xF8, 0x00, 0x07, 0xFF, 0xFE, 0x00, 0x00,
    0x3F, 0xFF, 0xF8, 0x00, 0x07, 0xFF, 0xFF, 0x00, 0x00, 0x7F, 0xFF, 0xF0, 0x00, 0x07, 0xFF, 0xFF,
    0x80, 0x00, 0xFF, 0xFF, 0xF0, 0x00, 0x03, 0xFF, 0xFF, 0xC0, 0x01, 0xFF, 0xFF, 0xE0, 0x00, 0x03,
    0xFF, 0xFF, 0xF8, 0x0F, 0xFF, 0xFF, 0xE0, 0x00, 0x01, 0xFF, 0xFF, 0xFF, 0xFF, 0xFF, 0xFF, 0xC0,
    0x00, 0x01, 0xFF, 0xFF, 0xFF, 0xFF, 0xFF, 0xFF, 0xC0, 0x00, 0x00, 0xFF, 0xFF, 0xFF, 0xFF, 0xFF,
    0xFF, 0x80, 0x00, 0x00, 0x7F, 0xFF, 0xFF, 0xFF, 0xFF, 0xFF, 0x00, 0x00, 0x00, 0x7F, 0xFF, 0xFF,
    0xFF, 0xFF, 0xFF, 0x00, 0x00, 0x00, 0x3F, 0xFF, 0xFF, 0xFF, 0xFF, 0xFE, 0x00, 0x00, 0x00, 0x1F,
    0xFF, 0xFF, 0xFF, 0xFF, 0xFC, 0x00, 0x00, 0x00, 0x0F, 0xFF, 0xFF, 0xFF, 0xFF, 0xF8, 0x00, 0x00,
    0x00, 0x07, 0xFF, 0xFF, 0xFF, 0xFF, 0xF0, 0x00, 0x00, 0x00, 0x01, 0xFF, 0xFF, 0xFF, 0xFF, 0xE0,
    0x00, 0x00, 0x00, 0x00, 0xFF, 0xFF, 0xFF, 0xFF, 0x80, 0x00, 0x00, 0x00, 0x00, 0x3F, 0xFF, 0xFF,
    0xFE, 0x00, 0x00, 0x00, 0x00, 0x00, 0x0F, 0xFF, 0xFF, 0xF8, 0x00, 0x00, 0x00, 0x00, 0x00, 0x03,
    0xFF, 0xFF, 0xE0, 0x00, 0x00, 0x00, 0x00, 0x00, 0x00, 0x3F, 0xFC, 0x00, 0x00, 0x00, 0x00, 0x0F,
    0xFF, 0xFF, 0xFF, 0xF0, 0x00, 0x00, 0x0F, 0xFF, 0xFF, 0xFF, 0xFE, 0x00, 0x00, 0x0F, 0xFF, 0xFF,
    0xFF, 0xFF, 0xC0, 0x00, 0x0F, 0xFF, 0xFF, 0xFF, 0xFF, 0xF0, 0x00, 0x0F, 0xFF, 0xFF, 0xFF, 0xFF,
    0xF8, 0x00, 0x0F, 0xFF, 0xFF, 0xFF, 0xFF, 0xFC, 0x00, 0x0F, 0xFF, 0xFF, 0xFF, 0xFF, 0xFE, 0x00,
    0x0F, 0xFF, 0xFF, 0xFF, 0xFF, 0xFF, 0x00, 0x0F, 0xFF, 0xFF, 0xFF, 0xFF, 0xFF, 0x80, 0x0F, 0xFF,
    0xFF, 0xFF, 0xFF, 0xFF, 0xC0, 0x0F, 0xFF, 0xFF, 0xFF, 0xFF, 0xFF, 0xC0, 0x0F, 0xFF, 0xFF, 0xFF,
    0xFF, 0xFF, 0xE0, 0x0F, 0xFF, 0xFF, 0xFF, 0xFF, 0xFF, 0xE0, 0x0F, 0xFF, 0xF8, 0x03, 0xFF, 0xFF,
    0xF0, 0x0F, 0xFF, 0xF8, 0x00, 0xFF, 0xFF, 0xF0, 0x0F, 0xFF, 0xF8, 0x00, 0x7F, 0xFF, 0xF0, 0x0F,
    0xFF, 0xF8, 0x00, 0x3F, 0xFF, 0xF0, 0x0F, 0xFF, 0xF8, 0x00, 0x1F, 0xFF, 0xF8, 0x0F, 0xFF, 0xF8,
    0x00, 0x1F, 0xFF, 0xF8, 0x0F, 0xFF, 0xF8, 0x00, 0x1F, 0xFF, 0xF8, 0x0F, 0xFF, 0xF8, 0x00, 0x0F,
    0xFF, 0xF8, 0x0F, 0xFF, 0xF8, 0x00, 0x0F, 0xFF, 0xF8, 0x0F, 0xFF, 0xF8, 0x00, 0x0F, 0xFF, 0xF8,
    0x0F, 0xFF, 0xF8, 0x00, 0x0F, 0xFF, 0xF8, 0x0F, 0xFF, 0xF8, 0x00, 0x1F, 0xFF, 0xF8, 0x0F, 0xFF,
    0xF8, 0x00, 0x1F, 0xFF, 0xF8, 0x0F, 0xFF, 0xF8, 0x00, 0x1F, 0xFF, 0xF8, 0x0F, 0xFF, 0xF8, 0x00,
    0x3F, 0xFF, 0xF0, 0x0F, 0xFF, 0xF8, 0x00, 0x7F, 0xFF, 0xF0, 0x0F, 0xFF, 0xF8, 0x00, 0xFF, 0xFF,
    0xF0, 0x0F, 0xFF, 0xF8, 0x03, 0xFF, 0xFF, 0xE0, 0x0F, 0xFF, 0xFF, 0xFF, 0xFF, 0xFF, 0xE0, 0x0F,
    0xFF, 0xFF, 0xFF, 0xFF, 0xFF, 0xE0, 0x0F, 0xFF, 0xFF, 0xFF, 0xFF, 0xFF, 0xC0, 0x0F, 0xFF, 0xFF,
    0xFF, 0xFF, 0xFF, 0x80, 0x0F, 0xFF, 0xFF, 0xFF, 0xFF, 0xFF, 0x80, 0x0F, 0xFF, 0xFF, 0xFF, 0xFF,
    0xFF, 0x00, 0x0F, 0xFF, 0xFF, 0xFF, 0xFF, 0xFE, 0x00, 0x0F, 0xFF, 0xFF, 0xFF, 0xFF, 0xFC, 0x00,
    0x0F, 0xFF, 0xFF, 0xFF, 0xFF, 0xF0, 0x00, 0x0F, 0xFF, 0xFF, 0xFF, 0xFF, 0xE0, 0x00, 0x0F, 0xFF,
    0xFF, 0xFF, 0xFF, 0x00, 0x00, 0x0F, 0xFF, 0xFF, 0xFF, 0xFC, 0x00, 0x00, 0x0F, 0xFF, 0xF8, 0x00,
    0x00, 0x00, 0x00, 0x0F, 0xFF, 0xF8, 0x00, 0x00, 0x00, 0x00, 0x0F, 0xFF, 0xF8, 0x00, 0x00, 0x00,
    0x00, 0x0F, 0xFF, 0xF8, 0x00, 0x00, 0x00, 0x00, 0x0F, 0xFF, 0xF8, 0x00, 0x00, 0x00, 0x00, 0x0F,
    0xFF, 0xF8, 0x00, 0x00, 0x00, 0x00, 0x0F, 0xFF, 0xF8, 0x00, 0x00, 0x00, 0x00, 0x0F, 0xFF, 0xF8,
    0x00, 0x00, 0x00, 0x00, 0x0F, 0xFF, 0xF8, 0x00, 0x00, 0x00, 0x00, 0x0F, 0xFF, 0xF8, 0x00, 0x00,
    0x00, 0x00, 0x0F, 0xFF, 0xF8, 0x00, 0x00, 0x00, 0x00, 0x0F, 0xFF, 0xF8, 0x00, 0x00, 0x00, 0x00,
    0x0F, 0xFF, 0xF8, 0x00, 0x00, 0x00, 0x00, 0x0F, 0xFF, 0xF8, 0x00, 0x00, 0x00, 0x00, 0x0F, 0xFF,
    0xF8, 0x00, 0x00, 0x00, 0x00, 0x0F, 0xFF, 0xF8, 0x00, 0x00, 0x00, 0x00, 0x0F, 0xFF, 0xF8, 0x00,
    0x00, 0x00, 0x00, 0x0F, 0xFF, 0xF8, 0x00, 0x00, 0x00, 0x00, 0x0F, 0xFF, 0xF8, 0x00, 0x00, 0x00,
    0x00, 0x00, 0x00, 0x00, 0x1F, 0xFE, 0x00, 0x00, 0x00, 0x00, 0x00, 0x00, 0x01, 0xFF, 0xFF, 0xE0,
    0x00, 0x00, 0x00, 0x00, 0x00, 0x0F, 0xFF, 0xFF, 0xF8, 0x00, 0x00, 0x00, 0x00, 0x00, 0x3F, 0xFF,
    0xFF, 0xFE, 0x00, 0x00, 0x00, 0x00, 0x00, 0xFF, 0xFF, 0xFF, 0xFF, 0x80, 0x00, 0x00, 0x00, 0x01,
    0xFF, 0xFF, 0xFF, 0xFF, 0xE0, 0x00, 0x00, 0x00, 0x07, 0xFF, 0xFF, 0xFF, 0xFF, 0xF0, 0x00, 0x00,
    0x00, 0x0F, 0xFF, 0xFF, 0xFF, 0xFF, 0xF8, 0x00, 0x00, 0x00, 0x1F, 0xFF, 0xFF, 0xFF, 0xFF, 0xFC,
    0x00, 0x00, 0x00, 0x3F, 0xFF, 0xFF, 0xFF, 0xFF, 0xFE, 0x00, 0x00, 0x00, 0x7F, 0xFF, 0xFF, 0xFF,
    0xFF, 0xFF, 0x00, 0x00, 0x00, 0x7F, 0xFF, 0xFF, 0xFF, 0xFF, 0xFF, 0x00, 0x00, 0x00, 0xFF, 0xFF,
    0xFF, 0xFF, 0xFF, 0xFF, 0x80, 0x00, 0x01, 0xFF, 0xFF, 0xFF, 0xFF, 0xFF, 0xFF, 0xC0, 0x00, 0x01,
    0xFF, 0xFF, 0xFF, 0xFF, 0xFF, 0xFF, 0xC0, 0x00, 0x03, 0xFF, 0xFF, 0xF8, 0x0F, 0xFF, 0xFF, 0xE0,
    0x00, 0x03, 0xFF, 0xFF, 0xC0, 0x01, 0xFF, 0xFF, 0xE0, 0x00, 0x07, 0xFF, 0xFF, 0x80, 0x00, 0xFF,
    0xFF, 0xF0, 0x00, 0x07, 0xFF, 0xFF, 0x00, 0x00, 0x7F, 0xFF, 0xF0, 0x00, 0x07, 0xFF, 0xFE, 0x00,
    0x00, 0x3F, 0xFF, 0xF0, 0x00, 0x0F, 0xFF, 0xFC, 0x00, 0x00, 0x1F, 0xFF, 0xF8, 0x00, 0x0F, 0xFF,
    0xFC, 0x00, 0x00, 0x1F, 0xFF, 0xF8, 0x00, 0x0F, 0xFF, 0xF8, 0x00, 0x00, 0x0F, 0xFF, 0xF8, 0x00,
    0x0F, 0xFF, 0xF8, 0x00, 0x00, 0x0F, 0xFF, 0xF8, 0x00, 0x1F, 0xFF, 0xF8, 0x00, 0x00, 0x0F, 0xFF,
    0xFC, 0x00, 0x1F, 0xFF, 0xF8, 0x00, 0x00, 0x07, 0xFF, 0xFC, 0x00, 0x1F, 0xFF, 0xF0, 0x00, 0x00,
    0x07, 0xFF, 0xFC, 0x00, 0x1F, 0xFF, 0xF0, 0x00, 0x00, 0x07, 0xFF, 0xFC, 0x00, 0x1F, 0xFF, 0xF0,
    0x00, 0x00, 0x07, 0xFF, 0xFC, 0x00, 0x1F, 0xFF, 0xF0, 0x00, 0x00, 0x07, 0xFF, 0xFC, 0x00, 0x1F,
    0xFF, 0xF0, 0x00, 0x00, 0x07, 0xFF, 0xFC, 0x00, 0x1F, 0xFF, 0xF0, 0x00, 0x00, 0x07, 0xFF, 0xFC,
    0x00, 0x1F, 0xFF, 0xF0, 0x00, 0x00, 0x07, 0xFF, 0xFC, 0x00, 0x1F, 0xFF, 0xF0, 0x00, 0x00, 0x07,
    0xFF, 0xFC, 0x00, 0x1F, 0xFF, 0xF0, 0x00, 0x00, 0x07, 0xFF, 0xFC, 0x00, 0x1F, 0xFF, 0xF0, 0x00,
    0x00, 0x07, 0xFF, 0xFC, 0x00, 0x1F, 0xFF, 0xF0, 0x00, 0x00, 0x07, 0xFF, 0xFC, 0x00, 0x1F, 0xFF,
    0xF0, 0x00, 0x00, 0x07, 0xFF, 0xFC, 0x00, 0x1F, 0xFF, 0xF8, 0x00, 0x00, 0x07, 0xFF, 0xFC, 0x00,
    0x1F, 0xFF, 0xF8, 0x00, 0x00, 0x0F, 0xFF, 0xFC, 0x00, 0x0F, 0xFF, 0xF8, 0x0F, 0xFF, 0x8F, 0xFF,
    0xF8, 0x00, 0x0F, 0xFF, 0xF8, 0x07, 0xFF, 0xCF, 0xFF, 0xF8, 0x00, 0x0F, 0xFF, 0xFC, 0x07, 0xFF,
    0xDF, 0xFF, 0xF8, 0x00, 0x0F, 0xFF, 0xFC, 0x03, 0xFF, 0xFF, 0xFF, 0xF8, 0x00, 0x07, 0xFF, 0xFE,
    0x01, 0xFF, 0xFF, 0xFF, 0xF0, 0x00, 0x07, 0xFF, 0xFF, 0x00, 0xFF, 0xFF, 0xFF, 0xF0, 0x00, 0x07,
    0xFF, 0xFF, 0x80, 0x7F, 0xFF, 0xFF, 0xF0, 0x00, 0x03, 0xFF, 0xFF, 0xC0, 0x7F, 0xFF, 0xFF, 0xE0,
    0x00, 0x03, 0xFF, 0xFF, 0xF8, 0x3F, 0xFF, 0xFF, 0xE0, 0x00, 0x01, 0xFF, 0xFF, 0xFF, 0xFF, 0xFF,
    0xFF, 0xC0, 0x00, 0x01, 0xFF, 0xFF, 0xFF, 0xFF, 0xFF, 0xFF, 0xC0, 0x00, 0x00, 0xFF, 0xFF, 0xFF,
    0xFF, 0xFF, 0xFF, 0x80, 0x00, 0x00, 0x7F, 0xFF, 0xFF, 0xFF, 0xFF, 0xFF, 0x00, 0x00, 0x00, 0x7F,
    0xFF, 0xFF, 0xFF, 0xFF, 0xFF, 0x00, 0x00, 0x00, 0x3F, 0xFF, 0xFF, 0xFF, 0xFF, 0xFE, 0x00, 0x00,
    0x00, 0x1F, 0xFF, 0xFF, 0xFF, 0xFF, 0xFC, 0x00, 0x00, 0x00, 0x0F, 0xFF, 0xFF, 0xFF, 0xFF, 0xFC,
    0x00, 0x00, 0x00, 0x07, 0xFF, 0xFF, 0xFF, 0xFF, 0xFE, 0x00, 0x00, 0x00, 0x01, 0xFF, 0xFF, 0xFF,
    0xFF, 0xFF, 0x00, 0x00, 0x00, 0x00, 0xFF, 0xFF, 0xFF, 0xFF, 0xFF, 0x80, 0x00, 0x00, 0x00, 0x3F,
    0xFF, 0xFF, 0xFF, 0xFF, 0x80, 0x00, 0x00, 0x00, 0x0F, 0xFF, 0xFF, 0xFF, 0xFF, 0xC0, 0x00, 0x00,
    0x00, 0x03, 0xFF, 0xFF, 0xEF, 0xFF, 0xE0, 0x00, 0x00, 0x00, 0x00, 0x3F, 0xFE, 0x07, 0xFF, 0xF0,
    0x00, 0x00, 0x00, 0x00, 0x00, 0x00, 0x03, 0xFF, 0xF8, 0x00, 0x00, 0x00, 0x00, 0x00, 0x00, 0x01,
    0xFF, 0xFC, 0x00, 0x00, 0x00, 0x00, 0x00, 0x00, 0x00, 0xFF, 0xFE, 0x00, 0x00, 0x00, 0x00, 0x00,
    0x00, 0x00, 0x00, 0x00, 0x00, 0x0F, 0xFF, 0xFF, 0xFF, 0xF0, 0x00, 0x00, 0x0F, 0xFF, 0xFF, 0xFF,
    0xFF, 0x00, 0x00, 0x0F, 0xFF, 0xFF, 0xFF, 0xFF, 0xC0, 0x00, 0x0F, 0xFF, 0xFF, 0xFF, 0xFF, 0xF0,
    0x00, 0x0F, 0xFF, 0xFF, 0xFF, 0xFF, 0xF8, 0x00, 0x0F, 0xFF, 0xFF, 0xFF, 0xFF, 0xFE, 0x00, 0x0F,
    0xFF, 0xFF, 0xFF, 0xFF, 0xFF, 0x00, 0x0F, 0xFF, 0xFF, 0xFF, 0xFF, 0xFF, 0x80, 0x0F, 0xFF, 0xFF,
    0xFF, 0xFF, 0xFF, 0x80, 0x0F, 0xFF, 0xFF, 0xFF, 0xFF, 0xFF, 0xC0, 0x0F, 0xFF, 0xFF, 0xFF, 0xFF,
    0xFF, 0xE0, 0x0F, 0xFF, 0xFF, 0xFF, 0xFF, 0xFF, 0xE0, 0x0F, 0xFF, 0xFF, 0xFF, 0xFF, 0xFF, 0xE0,
    0x0F, 0xFF, 0xF8, 0x03, 0xFF, 0xFF, 0xF0, 0x0F, 0xFF, 0xF8, 0x00, 0x7F, 0xFF, 0xF0, 0x0F, 0xFF,
    0xF8, 0x00, 0x3F, 0xFF, 0xF0, 0x0F, 0xFF, 0xF8, 0x00, 0x1F, 0xFF, 0xF8, 0x0F, 0xFF, 0xF8, 0x00,
    0x1F, 0xFF, 0xF8, 0x0F, 0xFF, 0xF8, 0x00, 0x1F, 0xFF, 0xF8, 0x0F, 0xFF, 0xF8, 0x00, 0x0F, 0xFF,
    0xF8, 0x0F, 0xFF, 0xF8, 0x00, 0x0F, 0xFF, 0xF8, 0x0F, 0xFF, 0xF8, 0x00, 0x0F, 0xFF, 0xF8, 0x0F,
    0xFF, 0xF8, 0x00, 0x0F, 0xFF, 0xF8, 0x0F, 0xFF, 0xF8, 0x00, 0x1F, 0xFF, 0xF8, 0x0F, 0xFF, 0xF8,
    0x00, 0x1F, 0xFF, 0xF8, 0x0F, 0xFF, 0xF8, 0x00, 0x1F, 0xFF, 0xF8, 0x0F, 0xFF, 0xF8, 0x00, 0x3F,
    0xFF, 0xF0, 0x0F, 0xFF, 0xF8, 0x00, 0x7F, 0xFF, 0xF0, 0x0F, 0xFF, 0xF8, 0x03, 0xFF, 0xFF, 0xF0,
    0x0F, 0xFF, 0xFF, 0xFF, 0xFF, 0xFF, 0xF0, 0x0F, 0xFF, 0xFF, 0xFF, 0xFF, 0xFF, 0xE0, 0x0F, 0xFF,
    0xFF, 0xFF, 0xFF, 0xFF, 0xE0, 0x0F, 0xFF, 0xFF, 0xFF, 0xFF, 0xFF, 0xC0, 0x0F, 0xFF, 0xFF, 0xFF,
    0xFF, 0xFF, 0x80, 0x0F, 0xFF, 0xFF, 0xFF, 0xFF, 0xFF, 0x00, 0x0F, 0xFF, 0xFF, 0xFF, 0xFF, 0xFF,
    0x00, 0x0F, 0xFF, 0xFF, 0xFF, 0xFF, 0xFC, 0x00, 0x0F, 0xFF, 0xFF, 0xFF, 0xFF, 0xF8, 0x00, 0x0F,
    0xFF, 0xFF, 0xFF, 0xFF, 0xE0, 0x00, 0x0F, 0xFF, 0xFF, 0xFF, 0xFF, 0xE0, 0x00, 0x0F, 0xFF, 0xFF,
    0xFF, 0xFF, 0xE0, 0x00, 0x0F, 0xFF, 0xF8, 0x3F, 0xFF, 0xF0, 0x00, 0x0F, 0xFF, 0xF8, 0x1F, 0xFF,
    0xF8, 0x00, 0x0F, 0xFF, 0xF8, 0x1F, 0xFF, 0xF8, 0x00, 0x0F, 0xFF, 0xF8, 0x0F, 0xFF, 0xFC, 0x00,
    0x0F, 0xFF, 0xF8, 0x0F, 0xFF, 0xFC, 0x00, 0x0F, 0xFF, 0xF8, 0x07, 0xFF, 0xFE, 0x00, 0x0F, 0xFF,
    0xF8, 0x07, 0xFF, 0xFE, 0x00, 0x0F, 0xFF, 0xF8, 0x03, 0xFF, 0xFF, 0x00, 0x0F, 0xFF, 0xF8, 0x03,
    0xFF, 0xFF, 0x00, 0x0F, 0xFF, 0xF8, 0x01, 0xFF, 0xFF, 0x80, 0x0F, 0xFF, 0xF8, 0x01, 0xFF, 0xFF,
    0x80, 0x0F, 0xFF, 0xF8, 0x00, 0xFF, 0xFF, 0xC0, 0x0F, 0xFF, 0xF8, 0x00, 0x7F, 0xFF, 0xC0, 0x0F,
    0xFF, 0xF8, 0x00, 0x7F, 0xFF, 0xE0, 0x0F, 0xFF, 0xF8, 0x00, 0x3F, 0xFF, 0xF0, 0x0F, 0xFF, 0xF8,
    0x00, 0x3F, 0xFF, 0xF0, 0x0F, 0xFF, 0xF8, 0x00, 0x1F, 0xFF, 0xF8, 0x0F, 0xFF, 0xF8, 0x00, 0x1F,
    0xFF, 0xF8, 0x0F, 0xFF, 0xF8, 0x00, 0x0F, 0xFF, 0xFC, 0x0F, 0xFF, 0xF8, 0x00, 0x0F, 0xFF, 0xFC,
    0x0F, 0xFF, 0xF8, 0x00, 0x07, 0xFF, 0xFE, 0x00, 0x00, 0x01, 0xFF, 0xE0, 0x00, 0x00, 0x00, 0x00,
    0x3F, 0xFF, 0xFE, 0x00, 0x00, 0x00, 0x00, 0xFF, 0xFF, 0xFF, 0x80, 0x00, 0x00, 0x03, 0xFF, 0xFF,
    0xFF, 0xE0, 0x00, 0x00, 0x0F, 0xFF, 0xFF, 0xFF, 0xF8, 0x00, 0x00, 0x1F, 0xFF, 0xFF, 0xFF, 0xFC,
    0x00, 0x00, 0x3F, 0xFF, 0xFF, 0xFF, 0xFE, 0x00, 0x00, 0x7F, 0xFF, 0xFF, 0xFF, 0xFF, 0x00, 0x00,
    0xFF, 0xFF, 0xFF, 0xFF, 0xFF, 0x80, 0x01, 0xFF, 0xFF, 0xFF, 0xFF, 0xFF, 0xC0, 0x03, 0xFF, 0xFF,
    0xFF, 0xFF, 0xFF, 0xC0, 0x03, 0xFF, 0xFF, 0xFF, 0xFF, 0xFF, 0xE0, 0x07, 0xFF, 0xFF, 0xFF, 0xFF,
    0xFF, 0xE0, 0x07, 0xFF, 0xFF, 0xFF, 0xFF, 0xFF, 0xF0, 0x07, 0xFF, 0xFF, 0x80, 0xFF, 0xFF, 0xF0,
    0x0F, 0xFF, 0xFE, 0x00, 0x3F, 0xFF, 0xF0, 0x0F, 0xFF, 0xFC, 0x00, 0x1F, 0xFF, 0xF0, 0x0F, 0xFF,
    0xF8, 0x00, 0x0F, 0xFF, 0xF8, 0x0F, 0xFF, 0xF8, 0x00, 0x0F, 0xFF, 0xF8, 0x0F, 0xFF, 0xF8, 0x00,
    0x07, 0xFF, 0xF8, 0x0F, 0xFF, 0xFC, 0x00, 0x00, 0x00, 0x00, 0x0F, 0xFF, 0xFC, 0x00, 0x00, 0x00,
    0x00, 0x0F, 0xFF, 0xFE, 0x00, 0x00, 0x00, 0x00, 0x0F, 0xFF, 0xFF, 0x80, 0x00, 0x00, 0x00, 0x0F,
    0xFF, 0xFF, 0xF8, 0x00, 0x00, 0x00, 0x07, 0xFF, 0xFF, 0xFF, 0x80, 0x00, 0x00, 0x07, 0xFF, 0xFF,
    0xFF, 0xF8, 0x00, 0x00, 0x03, 0xFF, 0xFF, 0xFF, 0xFF, 0x00, 0x00, 0x03, 0xFF, 0xFF, 0xFF, 0xFF,
    0xE0, 0x00, 0x01, 0xFF, 0xFF, 0xFF, 0xFF, 0xF8, 0x00, 0x00, 0xFF, 0xFF, 0xFF, 0xFF, 0xFC, 0x00,
    0x00, 0x7F, 0xFF, 0xFF, 0xFF, 0xFF, 0x00, 0x00, 0x3F, 0xFF, 0xFF, 0xFF, 0xFF, 0x80, 0x00, 0x1F,
    0xFF, 0xFF, 0xFF, 0xFF, 0xC0, 0x00, 0x07, 0xFF, 0xFF, 0xFF, 0xFF, 0xC0, 0x00, 0x01, 0xFF, 0xFF,
    0xFF, 0xFF, 0xE0, 0x00, 0x00, 0x3F, 0xFF, 0xFF, 0xFF, 0xF0, 0x00, 0x00, 0x03, 0xFF, 0xFF, 0xFF,
    0xF0, 0x00, 0x00, 0x00, 0x3F, 0xFF, 0xFF, 0xF8, 0x00, 0x00, 0x00, 0x03, 0xFF, 0xFF, 0xF8, 0x00,
    0x00, 0x00, 0x00, 0x7F, 0xFF, 0xF8, 0x3F, 0xFF, 0xC0, 0x00, 0x1F, 0xFF, 0xF8, 0x3F, 0xFF, 0xC0,
    0x00, 0x0F, 0xFF, 0xF8, 0x3F, 0xFF, 0xC0, 0x00, 0x0F, 0xFF, 0xF8, 0x1F, 0xFF, 0xE0, 0x00, 0x07,
    0xFF, 0xFC, 0x1F, 0xFF, 0xE0, 0x00, 0x07, 0xFF, 0xFC, 0x1F, 0xFF, 0xF0, 0x00, 0x0F, 0xFF, 0xFC,
    0x1F, 0xFF, 0xF8, 0x00, 0x0F, 0xFF, 0xF8, 0x1F, 0xFF, 0xFC, 0x00, 0x1F, 0xFF, 0xF8, 0x0F, 0xFF,
    0xFF, 0x80, 0xFF, 0xFF, 0xF8, 0x0F, 0xFF, 0xFF, 0xFF, 0xFF, 0xFF, 0xF8, 0x0F, 0xFF, 0xFF, 0xFF,
    0xFF, 0xFF, 0xF8, 0x07, 0xFF, 0xFF, 0xFF, 0xFF, 0xFF, 0xF0, 0x07, 0xFF, 0xFF, 0xFF, 0xFF, 0xFF,
    0xF0, 0x03, 0xFF, 0xFF, 0xFF, 0xFF, 0xFF, 0xE0, 0x01, 0xFF, 0xFF, 0xFF, 0xFF, 0xFF, 0xC0, 0x01,
    0xFF, 0xFF, 0xFF, 0xFF, 0xFF, 0xC0, 0x00, 0xFF, 0xFF, 0xFF, 0xFF, 0xFF, 0x80, 0x00, 0x3F, 0xFF,
    0xFF, 0xFF, 0xFF, 0x00, 0x00, 0x1F, 0xFF, 0xFF, 0xFF, 0xFC, 0x00, 0x00, 0x07, 0xFF, 0xFF, 0xFF,
    0xF8, 0x00, 0x00, 0x01, 0xFF, 0xFF, 0xFF, 0xE0, 0x00, 0x00, 0x00, 0x7F, 0xFF, 0xFF, 0x00, 0x00,
    0x00, 0x00, 0x03, 0xFF, 0xE0, 0x00, 0x00, 0x3F, 0xFF, 0xFF, 0xFF, 0xFF, 0xFF, 0xFE, 0x00, 0x3F,
    0xFF, 0xFF, 0xFF, 0xFF, 0xFF, 0xFE, 0x00, 0x3F, 0xFF, 0xFF, 0xFF, 0xFF, 0xFF, 0xFE, 0x00, 0x3F,
    0xFF, 0xFF, 0xFF, 0xFF, 0xFF, 0xFE, 0x00, 0x3F, 0xFF, 0xFF, 0xFF, 0xFF, 0xFF, 0xFE, 0x00, 0x3F,
    0xFF, 0xFF, 0xFF, 0xFF, 0xFF, 0xFE, 0x00, 0x3F, 0xFF, 0xFF, 0xFF, 0xFF, 0xFF, 0xFE, 0x00, 0x3F,
    0xFF, 0xFF, 0xFF, 0xFF, 0xFF, 0xFE, 0x00, 0x3F, 0xFF, 0xFF, 0xFF, 0xFF, 0xFF, 0xFE, 0x00, 0x3F,
    0xFF, 0xFF, 0xFF, 0xFF, 0xFF, 0xFE, 0x00, 0x3F, 0xFF, 0xFF, 0xFF, 0xFF, 0xFF, 0xFE, 0x00, 0x3F,
    0xFF, 0xFF, 0xFF, 0xFF, 0xFF, 0xFE, 0x00, 0x3F, 0xFF, 0xFF, 0xFF, 0xFF, 0xFF, 0xFE, 0x00, 0x3F,
    0xFF, 0xFF, 0xFF, 0xFF, 0xFF, 0xFE, 0x00, 0x00, 0x00, 0x07, 0xFF, 0xF8, 0x00, 0x00, 0x00, 0x00,
    0x00, 0x07, 0xFF, 0xF8, 0x00, 0x00, 0x00, 0x00, 0x00, 0x07, 0xFF, 0xF8, 0x00, 0x00, 0x00, 0x00,
    0x00, 0x07, 0xFF, 0xF8, 0x00, 0x00, 0x00, 0x00, 0x00, 0x07, 0xFF, 0xF8, 0x00, 0x00, 0x00, 0x00,
    0x00, 0x07, 0xFF, 0xF8, 0x00, 0x00, 0x00, 0x00, 0x00, 0x07, 0xFF, 0xF8, 0x00, 0x00, 0x00, 0x00,
    0x00, 0x07, 0xFF, 0xF8, 0x00, 0x00, 0x00, 0x00, 0x00, 0x07, 0xFF, 0xF8, 0x00, 0x00, 0x00, 0x00,
    0x00, 0x07, 0xFF, 0xF8, 0x00, 0x00, 0x00, 0x00, 0x00, 0x07, 0xFF, 0xF8, 0x00, 0x00, 0x00, 0x00,
    0x00, 0x07, 0xFF, 0xF8, 0x00, 0x00, 0x00, 0x00, 0x00, 0x07, 0xFF, 0xF8, 0x00, 0x00, 0x00, 0x00,
    0x00, 0x07, 0xFF, 0xF8, 0x00, 0x00, 0x00, 0x00, 0x00, 0x07, 0xFF, 0xF8, 0x00, 0x00, 0x00, 0x00,
    0x00, 0x07, 0xFF, 0xF8, 0x00, 0x00, 0x00, 0x00, 0x00, 0x07, 0xFF, 0xF8, 0x00, 0x00, 0x00, 0x00,
    0x00, 0x07, 0xFF, 0xF8, 0x00, 0x00, 0x00, 0x00, 0x00, 0x07, 0xFF, 0xF8, 0x00, 0x00, 0x00, 0x00,
    0x00, 0x07, 0xFF, 0xF8, 0x00, 0x00, 0x00, 0x00, 0x00, 0x07, 0xFF, 0xF8, 0x00, 0x00, 0x00, 0x00,
    0x00, 0x07, 0xFF, 0xF8, 0x00, 0x00, 0x00, 0x00, 0x00, 0x07, 0xFF, 0xF8, 0x00, 0x00, 0x00, 0x00,
    0x00, 0x07, 0xFF, 0xF8, 0x00, 0x00, 0x00, 0x00, 0x00, 0x07, 0xFF, 0xF8, 0x00, 0x00, 0x00, 0x00,
    0x00, 0x07, 0xFF, 0xF8, 0x00, 0x00, 0x00, 0x00, 0x00, 0x07, 0xFF, 0xF8, 0x00, 0x00, 0x00, 0x00,
    0x00, 0x07, 0xFF, 0xF8, 0x00, 0x00, 0x00, 0x00, 0x00, 0x07, 0xFF, 0xF8, 0x00, 0x00, 0x00, 0x00,
    0x00, 0x07, 0xFF, 0xF8, 0x00, 0x00, 0x00, 0x00, 0x00, 0x07, 0xFF, 0xF8, 0x00, 0x00, 0x00, 0x00,
    0x00, 0x07, 0xFF, 0xF8, 0x00, 0x00, 0x00, 0x00, 0x00, 0x07, 0xFF, 0xF8, 0x00, 0x00, 0x00, 0x00,
    0x00, 0x07, 0xFF, 0xF8, 0x00, 0x00, 0x00, 0x00, 0x00, 0x07, 0xFF, 0xF8, 0x00, 0x00, 0x00, 0x00,
    0x00, 0x07, 0xFF, 0xF8, 0x00, 0x00, 0x00, 0x00, 0x00, 0x07, 0xFF, 0xF8, 0x00, 0x00, 0x00, 0x00,
    0x00, 0x07, 0xFF, 0xF8, 0x00, 0x00, 0x00, 0x00, 0x00, 0x07, 0xFF, 0xF8, 0x00, 0x00, 0x00, 0x00,
    0x00, 0x07, 0xFF, 0xF8, 0x00, 0x00, 0x00, 0x00, 0x00, 0x07, 0xFF, 0xF8, 0x00, 0x00, 0x00, 0x00,
    0x00, 0x07, 0xFF, 0xF8, 0x00, 0x00, 0x00, 0x00, 0x00, 0x07, 0xFF, 0xF8, 0x00, 0x00, 0x00, 0x00,
    0x00, 0x07, 0xFF, 0xF8, 0x00, 0x00, 0x00, 0x00, 0x00, 0x07, 0xFF, 0xF8, 0x00, 0x00, 0x00, 0x00,
    0x00, 0x07, 0xFF, 0xF8, 0x00, 0x00, 0x00, 0x00, 0x00, 0x07, 0xFF, 0xF8, 0x00, 0x00, 0x00, 0x00,
    0x00, 0x07, 0xFF, 0xF8, 0x00, 0x00, 0x00, 0x0F, 0xFF, 0xF8, 0x00, 0x00, 0xFF, 0xFF, 0x80, 0x0F,
    0xFF, 0xF8, 0x00, 0x00, 0xFF, 0xFF, 0x80, 0x0F, 0xFF, 0xF8, 0x00, 0x00, 0xFF, 0xFF, 0x80, 0x0F,
    0xFF, 0xF8, 0x00, 0x00, 0xFF, 0xFF, 0x80, 0x0F, 0xFF, 0xF8, 0x00, 0x00, 0xFF, 0xFF, 0x80, 0x0F,
    0xFF, 0xF8, 0x00, 0x00, 0xFF, 0xFF, 0x80, 0x0F, 0xFF, 0xF8, 0x00, 0x00, 0xFF, 0xFF, 0x80, 0x0F,
    0xFF, 0xF8, 0x00, 0x00, 0xFF, 0xFF, 0x80, 0x0F, 0xFF, 0xF8, 0x00, 0x00, 0xFF, 0xFF, 0x80, 0x0F,
    0xFF, 0xF8, 0x00, 0x00, 0xFF, 0xFF, 0x80, 0x0F, 0xFF, 0xF8, 0x00, 0x00, 0xFF, 0xFF, 0x80, 0x0F,
    0xFF, 0xF8, 0x00, 0x00, 0xFF, 0xFF, 0x80, 0x0F, 0xFF, 0xF8, 0x00, 0x00, 0xFF, 0xFF, 0x80, 0x0F,
    0xFF, 0xF8, 0x00, 0x00, 0xFF, 0xFF, 0x80, 0x0F, 0xFF, 0xF8, 0x00, 0x00, 0xFF, 0xFF, 0x80, 0x0F,
    0xFF, 0xF8, 0x00, 0x00, 0xFF, 0xFF, 0x80, 0x0F, 0xFF, 0xF8, 0x00, 0x00, 0xFF, 0xFF, 0x80, 0x0F,
    0xFF, 0xF8, 0x00, 0x00, 0xFF, 0xFF, 0x80, 0x0F, 0xFF, 0xF8, 0x00, 0x00, 0xFF, 0xFF, 0x80, 0x0F,
    0xFF, 0xF8, 0x00, 0x00, 0xFF, 0xFF, 0x80, 0x0F, 0xFF, 0xF8, 0x00, 0x00, 0xFF, 0xFF, 0x80, 0x0F,
    0xFF, 0xF8, 0x00, 0x00, 0xFF, 0xFF, 0x80, 0x0F, 0xFF, 0xF8, 0x00, 0x00, 0xFF, 0xFF, 0x80, 0x0F,
    0xFF, 0xF8, 0x00, 0x00, 0xFF, 0xFF, 0x80, 0x0F, 0xFF, 0xF8, 0x00, 0x00, 0xFF, 0xFF, 0x80, 0x0F,
    0xFF, 0xF8, 0x00, 0x00, 0xFF, 0xFF, 0x80, 0x0F, 0xFF, 0xF8, 0x00, 0x00, 0xFF, 0xFF, 0x80, 0x0F,
    0xFF, 0xF8, 0x00, 0x00, 0xFF, 0xFF, 0x80, 0x0F, 0xFF, 0xF8, 0x00, 0x00, 0xFF, 0xFF, 0x80, 0x0F,
    0xFF, 0xF8, 0x00, 0x00, 0xFF, 0xFF, 0x80, 0x0F, 0xFF, 0xF8, 0x00, 0x00, 0xFF, 0xFF, 0x80, 0x0F,
    0xFF, 0xF8, 0x00, 0x00, 0xFF, 0xFF, 0x80, 0x0F, 0xFF, 0xF8, 0x00, 0x00, 0xFF, 0xFF, 0x80, 0x0F,
    0xFF, 0xF8, 0x00, 0x00, 0xFF, 0xFF, 0x80, 0x0F, 0xFF, 0xF8, 0x00, 0x00, 0xFF, 0xFF, 0x80, 0x0F,
    0xFF, 0xF8, 0x00, 0x00, 0xFF, 0xFF, 0x80, 0x0F, 0xFF, 0xF8, 0x00, 0x00, 0xFF, 0xFF, 0x80, 0x0F,
    0xFF, 0xF8, 0x00, 0x00, 0xFF, 0xFF, 0x80, 0x0F, 0xFF, 0xF8, 0x00, 0x00, 0xFF, 0xFF, 0x80, 0x0F,
    0xFF, 0xF8, 0x00, 0x00, 0xFF, 0xFF, 0x80, 0x0F, 0xFF, 0xF8, 0x00, 0x00, 0xFF, 0xFF, 0x80, 0x0F,
    0xFF, 0xF8, 0x00, 0x00, 0xFF, 0xFF, 0x80, 0x0F, 0xFF, 0xF8, 0x00, 0x01, 0xFF, 0xFF, 0x80, 0x0F,
    0xFF, 0xFC, 0x00, 0x01, 0xFF, 0xFF, 0x00, 0x0F, 0xFF, 0xFE, 0x00, 0x03, 0xFF, 0xFF, 0x00, 0x07,
    0xFF, 0xFF, 0x00, 0x07, 0xFF, 0xFF, 0x00, 0x07, 0xFF, 0xFF, 0x80, 0x0F, 0xFF, 0xFF, 0x00, 0x07,
    0xFF, 0xFF, 0xE0, 0x3F, 0xFF, 0xFF, 0x00, 0x07, 0xFF, 0xFF, 0xFF, 0xFF, 0xFF, 0xFE, 0x00, 0x03,
    0xFF, 0xFF, 0xFF, 0xFF, 0xFF, 0xFE, 0x00, 0x03, 0xFF, 0xFF, 0xFF, 0xFF, 0xFF, 0xFC, 0x00, 0x01,
    0xFF, 0xFF, 0xFF, 0xFF, 0xFF, 0xFC, 0x00, 0x01, 0xFF, 0xFF, 0xFF, 0xFF, 0xFF, 0xF8, 0x00, 0x00,
    0xFF, 0xFF, 0xFF, 0xFF, 0xFF, 0xF0, 0x00, 0x00, 0x7F, 0xFF, 0xFF, 0xFF, 0xFF, 0xF0, 0x00, 0x00,
    0x3F, 0xFF, 0xFF, 0xFF, 0xFF, 0xE0, 0x00, 0x00, 0x1F, 0xFF, 0xFF, 0xFF, 0xFF, 0xC0, 0x00, 0x00,
    0x0F, 0xFF, 0xFF, 0xFF, 0xFF, 0x00, 0x00, 0x00, 0x07, 0xFF, 0xFF, 0xFF, 0xFE, 0x00, 0x00, 0x00,
    0x01, 0xFF, 0xFF, 0xFF, 0xF8, 0x00, 0x00, 0x00, 0x00, 0x7F, 0xFF, 0xFF, 0xE0, 0x00, 0x00, 0x00,
    0x00, 0x0F, 0xFF, 0xFF, 0x80, 0x00, 0x00, 0x00, 0x00, 0x00, 0xFF, 0xF0, 0x00, 0x00, 0x00, 0x3F,
    0xFF, 0xF8, 0x00, 0x00, 0x03, 0xFF, 0xFF, 0x80, 0x3F, 0xFF, 0xF8, 0x00, 0x00, 0x03, 0xFF, 0xFF,
    0x00, 0x1F, 0xFF, 0xF8, 0x00, 0x00, 0x03, 0xFF, 0xFF, 0x00, 0x1F, 0xFF, 0xFC, 0x00, 0x00, 0x07,
    0xFF, 0xFF, 0x00, 0x1F, 0xFF, 0xFC, 0x00, 0x00, 0x07, 0xFF, 0xFE, 0x00, 0x0F, 0xFF, 0xFC, 0x00,
    0x00, 0x07, 0xFF, 0xFE, 0x00, 0x0F, 0xFF, 0xFE, 0x00, 0x00, 0x0F, 0xFF, 0xFE, 0x00, 0x0F, 0xFF,
    0xFE, 0x00, 0x00, 0x0F, 0xFF, 0xFE, 0x00, 0x07, 0xFF, 0xFE, 0x00, 0x00, 0x0F, 0xFF, 0xFC, 0x00,
    0x07, 0xFF, 0xFE, 0x00, 0x00, 0x0F, 0xFF, 0xFC, 0x00, 0x07, 0xFF, 0xFF, 0x00, 0x00, 0x1F, 0xFF,
    0xFC, 0x00, 0x03, 0xFF, 0xFF, 0x00, 0x00, 0x1F, 0xFF, 0xF8, 0x00, 0x03, 0xFF, 0xFF, 0x00, 0x00,
    0x1F, 0xFF, 0xF8, 0x00, 0x03, 0xFF, 0xFF, 0x80, 0x00, 0x1F, 0xFF, 0xF8, 0x00, 0x01, 0xFF, 0xFF,
    0x80, 0x00, 0x3F, 0xFF, 0xF0, 0x00, 0x01, 0xFF, 0xFF, 0x80, 0x00, 0x3F, 0xFF, 0xF0, 0x00, 0x01,
    0xFF, 0xFF, 0xC0, 0x00, 0x3F, 0xFF, 0xF0, 0x00, 0x00, 0xFF, 0xFF, 0xC0, 0x00, 0x7F, 0xFF, 0xE0,
    0x00, 0x00, 0xFF, 0xFF, 0xC0, 0x00, 0x7F, 0xFF, 0xE0, 0x00, 0x00, 0xFF, 0xFF, 0xC0, 0x00, 0x7F,
    0xFF, 0xE0, 0x00, 0x00, 0x7F, 0xFF, 0xE0, 0x00, 0x7F, 0xFF, 0xC0, 0x00, 0x00, 0x7F, 0xFF, 0xE0,
    0x00, 0xFF, 0xFF, 0xC0, 0x00, 0x00, 0x7F, 0xFF, 0xE0, 0x00, 0xFF, 0xFF, 0xC0, 0x00, 0x00, 0x3F,
    0xFF, 0xF0, 0x00, 0xFF, 0xFF, 0x80, 0x00, 0x00, 0x3F, 0xFF, 0xF0, 0x01, 0xFF, 0xFF, 0x80, 0x00,
    0x00, 0x3F, 0xFF, 0xF0, 0x01, 0xFF, 0xFF, 0x80, 0x00, 0x00, 0x1F, 0xFF, 0xF0, 0x01, 0xFF, 0xFF,
    0x00, 0x00, 0x00, 0x1F, 0xFF, 0xF8, 0x01, 0xFF, 0xFF, 0x00, 0x00, 0x00, 0x1F, 0xFF, 0xF8, 0x03,
    0xFF, 0xFF, 0x00, 0x00, 0x00, 0x0F, 0xFF, 0xF8, 0x03, 0xFF, 0xFE, 0x00, 0x00, 0x00, 0x0F, 0xFF,
    0xFC, 0x03, 0xFF, 0xFE, 0x00, 0x00, 0x00, 0x0F, 0xFF, 0xFC, 0x03, 0xFF, 0xFE, 0x00, 0x00, 0x00,
    0x07, 0xFF, 0xFC, 0x07, 0xFF, 0xFC, 0x00, 0x00, 0x00, 0x07, 0xFF, 0xFC, 0x07, 0xFF, 0xFC, 0x00,
    0x00, 0x00, 0x07, 0xFF, 0xFE, 0x07, 0xFF, 0xFC, 0x00, 0x00, 0x00, 0x03, 0xFF, 0xFE, 0x07, 0xFF,
    0xFC, 0x00, 0x00, 0x00, 0x03, 0xFF, 0xFE, 0x0F, 0xFF, 0xF8, 0x00, 0x00, 0x00, 0x03, 0xFF, 0xFE,
    0x0F, 0xFF, 0xF8, 0x00, 0x00, 0x00, 0x01, 0xFF, 0xFF, 0x0F, 0xFF, 0xF8, 0x00, 0x00, 0x00, 0x01,
    0xFF, 0xFF, 0x0F, 0xFF, 0xF0, 0x00, 0x00, 0x00, 0x01, 0xFF, 0xFF, 0x1F, 0xFF, 0xF0, 0x00, 0x00,
    0x00, 0x00, 0xFF, 0xFF, 0x1F, 0xFF, 0xF0, 0x00, 0x00, 0x00, 0x00, 0xFF, 0xFF, 0x9F, 0xFF, 0xE0,
    0x00, 0x00, 0x00, 0x00, 0xFF, 0xFF, 0x9F, 0xFF, 0xE0, 0x00, 0x00, 0x00, 0x00, 0x7F, 0xFF, 0x9F,
    0xFF, 0xE0, 0x00, 0x00, 0x00, 0x00, 0x7F, 0xFF, 0xBF, 0xFF, 0xC0, 0x00, 0x00, 0x00, 0x00, 0x7F,
    0xFF, 0xFF, 0xFF, 0xC0, 0x00, 0x00, 0x00, 0x00, 0x3F, 0xFF, 0xFF, 0xFF, 0xC0, 0x00, 0x00, 0x00,
    0x00, 0x3F, 0xFF, 0xFF, 0xFF, 0x80, 0x00, 0x00, 0x00, 0x00, 0x3F, 0xFF, 0xFF, 0xFF, 0x80, 0x00,
    0x00, 0x00, 0x00, 0x1F, 0xFF, 0xFF, 0xFF, 0x80, 0x00, 0x00, 0x00, 0x00, 0x1F, 0xFF, 0xFF, 0xFF,
    0x00, 0x00, 0x00, 0x00, 0x00, 0x1F, 0xFF, 0xFF, 0xFF, 0x00, 0x00, 0x00, 0x00, 0x00, 0x0F, 0xFF,
    0xFF, 0xFF, 0x00, 0x00, 0x00, 0x00, 0x00, 0x0F, 0xFF, 0xFF, 0xFE, 0x00, 0x00, 0x00, 0x00, 0x00,
    0x0F, 0xFF, 0xFF, 0xFE, 0x00, 0x00, 0x00, 0x00, 0x00, 0x07, 0xFF, 0xFF, 0xFE, 0x00, 0x00, 0x00,
    0x00, 0x00, 0x07, 0xFF, 0xFF, 0xFC, 0x00, 0x00, 0x00, 0x00, 0x00, 0x07, 0xFF, 0xFF, 0xFC, 0x00,
    0x00, 0x00, 0x00, 0x00, 0x03, 0xFF, 0xFF, 0xFC, 0x00, 0x00, 0x00, 0x00, 0x00, 0x03, 0xFF, 0xFF,
    0xFC, 0x00, 0x00, 0x00, 0x00, 0x00, 0x03, 0xFF, 0xFF, 0xF8, 0x00, 0x00, 0x00, 0x3F, 0xFF, 0xF8,
    0x00, 0x07, 0xFF, 0xFC, 0x00, 0x03, 0xFF, 0xFF, 0x80, 0x3F, 0xFF, 0xF8, 0x00, 0x07, 0xFF, 0xFC,
    0x00, 0x03, 0xFF, 0xFF, 0x80, 0x1F, 0xFF, 0xF8, 0x00, 0x07, 0xFF, 0xFC, 0x00, 0x03, 0xFF, 0xFF,
    0x00, 0x1F, 0xFF, 0xF8, 0x00, 0x0F, 0xFF, 0xFE, 0x00, 0x03, 0xFF, 0xFF, 0x00, 0x1F, 0xFF, 0xF8,
    0x00, 0x0F, 0xFF, 0xFE, 0x00, 0x03, 0xFF, 0xFF, 0x00, 0x1F, 0xFF, 0xFC, 0x00, 0x0F, 0xFF, 0xFE,
    0x00, 0x07, 0xFF, 0xFF, 0x00, 0x0F, 0xFF, 0xFC, 0x00, 0x0F, 0xFF, 0xFE, 0x00, 0x07, 0xFF, 0xFE,
    0x00, 0x0F, 0xFF, 0xFC, 0x00, 0x1F, 0xFF, 0xFE, 0x00, 0x07, 0xFF, 0xFE, 0x00, 0x0F, 0xFF, 0xFC,
    0x00, 0x1F, 0xFF, 0xFF, 0x00, 0x07, 0xFF, 0xFE, 0x00, 0x0F, 0xFF, 0xFC, 0x00, 0x1F, 0xFF, 0xFF,
    0x00, 0x07, 0xFF, 0xFE, 0x00, 0x07, 0xFF, 0xFE, 0x00, 0x1F, 0xFF, 0xFF, 0x00, 0x0F, 0xFF, 0xFC,
    0x00, 0x07, 0xFF, 0xFE, 0x00, 0x1F, 0xFF, 0xFF, 0x00, 0x0F, 0xFF, 0xFC, 0x00, 0x07, 0xFF, 0xFE,
    0x00, 0x3F, 0xFF, 0xFF, 0x80, 0x0F, 0xFF, 0xFC, 0x00, 0x07, 0xFF, 0xFE, 0x00, 0x3F, 0xFF, 0xFF,
    0x80, 0x0F, 0xFF, 0xF8, 0x00, 0x03, 0xFF, 0xFE, 0x00, 0x3F, 0xFF, 0xFF, 0x80, 0x1F, 0xFF, 0xF8,
    0x00, 0x03, 0xFF, 0xFF, 0x00, 0x3F, 0xFF, 0xFF, 0x80, 0x1F, 0xFF, 0xF8, 0x00, 0x03, 0xFF, 0xFF,
    0x00, 0x7F, 0xFF, 0xFF, 0x80, 0x1F, 0xFF, 0xF8, 0x00, 0x03, 0xFF, 0xFF, 0x00, 0x7F, 0xFF, 0xFF,
    0xC0, 0x1F, 0xFF, 0xF0, 0x00, 0x01, 0xFF, 0xFF, 0x00, 0x7F, 0xFF, 0xFF, 0xC0, 0x1F, 0xFF, 0xF0,
    0x00, 0x01, 0xFF, 0xFF, 0x00, 0x7F, 0xFF, 0xFF, 0xC0, 0x3F, 0xFF, 0xF0, 0x00, 0x01, 0xFF, 0xFF,
    0x80, 0x7F, 0xFF, 0xFF, 0xC0, 0x3F, 0xFF, 0xF0, 0x00, 0x00, 0xFF, 0xFF, 0x80, 0xFF, 0xFF, 0xFF,
    0xE0, 0x3F, 0xFF, 0xE0, 0x00, 0x00, 0xFF, 0xFF, 0x80, 0xFF, 0xFF, 0xFF, 0xE0, 0x3F, 0xFF, 0xE0,
    0x00, 0x00, 0xFF, 0xFF, 0x80, 0xFF, 0xFB, 0xFF, 0xE0, 0x3F, 0xFF, 0xE0, 0x00, 0x00, 0xFF, 0xFF,
    0x80, 0xFF, 0xFB, 0xFF, 0xE0, 0x7F, 0xFF, 0xE0, 0x00, 0x00, 0x7F, 0xFF, 0xC1, 0xFF, 0xFB, 0xFF,
    0xE0, 0x7F, 0xFF, 0xC0, 0x00, 0x00, 0x7F, 0xFF, 0xC1, 0xFF, 0xFB, 0xFF, 0xF0, 0x7F, 0xFF, 0xC0,
    0x00, 0x00, 0x7F, 0xFF, 0xC1, 0xFF, 0xFB, 0xFF, 0xF0, 0x7F, 0xFF, 0xC0, 0x00, 0x00, 0x7F, 0xFF,
    0xC1, 0xFF, 0xF3, 0xFF, 0xF0, 0x7F, 0xFF, 0xC0, 0x00, 0x00, 0x3F, 0xFF, 0xC1, 0xFF, 0xF1, 0xFF,
    0xF0, 0x7F, 0xFF, 0x80, 0x00, 0x00, 0x3F, 0xFF, 0xC3, 0xFF, 0xF1, 0xFF, 0xF0, 0xFF, 0xFF, 0x80,
    0x00, 0x00, 0x3F, 0xFF, 0xE3, 0xFF, 0xF1, 0xFF, 0xF8, 0xFF, 0xFF, 0x80, 0x00, 0x00, 0x3F, 0xFF,
    0xE3, 0xFF, 0xF1, 0xFF, 0xF8, 0xFF, 0xFF, 0x80, 0x00, 0x00, 0x1F, 0xFF, 0xE3, 0xFF, 0xF1, 0xFF,
    0xF8, 0xFF, 0xFF, 0x00, 0x00, 0x00, 0x1F, 0xFF, 0xE3, 0xFF, 0xE1, 0xFF, 0xF8, 0xFF, 0xFF, 0x00,
    0x00, 0x00, 0x1F, 0xFF, 0xE3, 0xFF, 0xE0, 0xFF, 0xF8, 0xFF, 0xFF, 0x00, 0x00, 0x00, 0x1F, 0xFF,
    0xE7, 0xFF, 0xE0, 0xFF, 0xF8, 0xFF, 0xFE, 0x00, 0x00, 0x00, 0x0F, 0xFF, 0xE7, 0xFF, 0xE0, 0xFF,
    0xFD, 0xFF, 0xFE, 0x00, 0x00, 0x00, 0x0F, 0xFF, 0xF7, 0xFF, 0xE0, 0xFF, 0xFD, 0xFF, 0xFE, 0x00,
    0x00, 0x00, 0x0F, 0xFF, 0xF7, 0xFF, 0xC0, 0x7F, 0xFD, 0xFF, 0xFE, 0x00, 0x00, 0x00, 0x0F, 0xFF,
    0xF7, 0xFF, 0xC0, 0x7F, 0xFD, 0xFF, 0xFC, 0x00, 0x00, 0x00, 0x07, 0xFF, 0xF7, 0xFF, 0xC0, 0x7F,
    0xFD, 0xFF, 0xFC, 0x00, 0x00, 0x00, 0x07, 0xFF, 0xF7, 0xFF, 0xC0, 0x7F, 0xFD, 0xFF, 0xFC, 0x00,
    0x00, 0x00, 0x07, 0xFF, 0xFF, 0xFF, 0x80, 0x3F, 0xFD, 0xFF, 0xFC, 0x00, 0x00, 0x00, 0x03, 0xFF,
    0xFF, 0xFF, 0x80, 0x3F, 0xFF, 0xFF, 0xF8, 0x00, 0x00, 0x00, 0x03, 0xFF, 0xFF, 0xFF, 0x80, 0x3F,
    0xFF, 0xFF, 0xF8, 0x00, 0x00, 0x00, 0x03, 0xFF, 0xFF, 0xFF, 0x80, 0x3F, 0xFF, 0xFF, 0xF8, 0x00,
    0x00, 0x00, 0x03, 0xFF, 0xFF, 0xFF, 0x00, 0x1F, 0xFF, 0xFF, 0xF8, 0x00, 0x00, 0x00, 0x01, 0xFF,
    0xFF, 0xFF, 0x00, 0x1F, 0xFF, 0xFF, 0xF0, 0x00, 0x00, 0x00, 0x01, 0xFF, 0xFF, 0xFF, 0x00, 0x1F,
    0xFF, 0xFF, 0xF0, 0x00, 0x00, 0x00, 0x01, 0xFF, 0xFF, 0xFF, 0x00, 0x1F, 0xFF, 0xFF, 0xF0, 0x00,
    0x00, 0x00, 0x01, 0xFF, 0xFF, 0xFE, 0x00, 0x0F, 0xFF, 0xFF, 0xF0, 0x00, 0x00, 0x00, 0x00, 0xFF,
    0xFF, 0xFE, 0x00, 0x0F, 0xFF, 0xFF, 0xE0, 0x00, 0x00, 0x00, 0x00, 0xFF, 0xFF, 0xFE, 0x00, 0x0F,
    0xFF, 0xFF, 0xE0, 0x00, 0x00, 0x00, 0x00, 0xFF, 0xFF, 0xFE, 0x00, 0x0F, 0xFF, 0xFF, 0xE0, 0x00,
    0x00, 0x00, 0x00, 0xFF, 0xFF, 0xFC, 0x00, 0x0F, 0xFF, 0xFF, 0xE0, 0x00, 0x00, 0x00, 0x00, 0x7F,
    0xFF, 0xFC, 0x00, 0x07, 0xFF, 0xFF, 0xC0, 0x00, 0x00, 0x00, 0x00, 0x7F, 0xFF, 0xFC, 0x00, 0x07,
    0xFF, 0xFF, 0xC0, 0x00, 0x00, 0x00, 0x00, 0x7F, 0xFF, 0xFC, 0x00, 0x07, 0xFF, 0xFF, 0xC0, 0x00,
    0x00, 0x00, 0x00, 0x7F, 0xFF, 0xF8, 0x00, 0x07, 0xFF, 0xFF, 0x80, 0x00, 0x00, 0x00, 0x00, 0x3F,
    0xFF, 0xF8, 0x00, 0x03, 0xFF, 0xFF, 0x80, 0x00, 0x00, 0x00, 0x00, 0x3F, 0xFF, 0xF8, 0x00, 0x03,
    0xFF, 0xFF, 0x80, 0x00, 0x00, 0x0F, 0xFF, 0xFF, 0x00, 0x00, 0x1F, 0xFF, 0xFC, 0x00, 0x07, 0xFF,
    0xFF, 0x00, 0x00, 0x3F, 0xFF, 0xF8, 0x00, 0x03, 0xFF, 0xFF, 0x80, 0x00, 0x7F, 0xFF, 0xF0, 0x00,
    0x01, 0xFF, 0xFF, 0xC0, 0x00, 0x7F, 0xFF, 0xF0, 0x00, 0x01, 0xFF, 0xFF, 0xC0, 0x00, 0xFF, 0xFF,
    0xE0, 0x00, 0x00, 0xFF, 0xFF, 0xE0, 0x00, 0xFF, 0xFF, 0xC0, 0x00, 0x00, 0x7F, 0xFF, 0xF0, 0x01,
    0xFF, 0xFF, 0xC0, 0x00, 0x00, 0x7F, 0xFF, 0xF0, 0x03, 0xFF, 0xFF, 0x80, 0x00, 0x00, 0x3F, 0xFF,
    0xF8, 0x03, 0xFF, 0xFF, 0x00, 0x00, 0x00, 0x3F, 0xFF, 0xF8, 0x07, 0xFF, 0xFF, 0x00, 0x00, 0x00,
    0x1F, 0xFF, 0xFC, 0x07, 0xFF, 0xFE, 0x00, 0x00, 0x00, 0x0F, 0xFF, 0xFC, 0x0F, 0xFF, 0xFC, 0x00,
    0x00, 0x00, 0x0F, 0xFF, 0xFE, 0x0F, 0xFF, 0xFC, 0x00, 0x00, 0x00, 0x07, 0xFF, 0xFE, 0x1F, 0xFF,
    0xF8, 0x00, 0x00, 0x00, 0x03, 0xFF, 0xFF, 0x1F, 0xFF, 0xF0, 0x00, 0x00, 0x00, 0x03, 0xFF, 0xFF,
    0x3F, 0xFF, 0xF0, 0x00, 0x00, 0x00, 0x01, 0xFF, 0xFF, 0xBF, 0xFF, 0xE0, 0x00, 0x00, 0x00, 0x00,
    0xFF, 0xFF, 0xFF, 0xFF, 0xE0, 0x00, 0x00, 0x00, 0x00, 0xFF, 0xFF, 0xFF, 0xFF, 0xC0, 0x00, 0x00,
    0x00, 0x00, 0x7F, 0xFF, 0xFF, 0xFF, 0x80, 0x00, 0x00, 0x00, 0x00, 0x3F, 0xFF, 0xFF, 0xFF, 0x80,
    0x00, 0x00, 0x00, 0x00, 0x3F, 0xFF, 0xFF, 0xFF, 0x00, 0x00, 0x00, 0x00, 0x00, 0x1F, 0xFF, 0xFF,
    0xFE, 0x00, 0x00, 0x00, 0x00, 0x00, 0x1F, 0xFF, 0xFF, 0xFE, 0x00, 0x00, 0x00, 0x00, 0x00, 0x0F,
    0xFF, 0xFF, 0xFC, 0x00, 0x00, 0x00, 0x00, 0x00, 0x07, 0xFF, 0xFF, 0xF8, 0x00, 0x00, 0x00, 0x00,
    0x00, 0x07, 0xFF, 0xFF, 0xF8, 0x00, 0x00, 0x00, 0x00, 0x00, 0x03, 0xFF, 0xFF, 0xF0, 0x00, 0x00,
    0x00, 0x00, 0x00, 0x01, 0xFF, 0xFF, 0xE0, 0x00, 0x00, 0x00, 0x00, 0x00, 0x01, 0xFF, 0xFF, 0xE0,
    0x00, 0x00, 0x00, 0x00, 0x00, 0x00, 0xFF, 0xFF, 0xE0, 0x00, 0x00, 0x00, 0x00, 0x00, 0x01, 0xFF,
    0xFF, 0xF0, 0x00, 0x00, 0x00, 0x00, 0x00, 0x03, 0xFF, 0xFF, 0xF0, 0x00, 0x00, 0x00, 0x00, 0x00,
    0x03, 0xFF, 0xFF, 0xF8, 0x00, 0x00, 0x00, 0x00, 0x00, 0x07, 0xFF, 0xFF, 0xFC, 0x00, 0x00, 0x00,
    0x00, 0x00, 0x0F, 0xFF, 0xFF, 0xFC, 0x00, 0x00, 0x00, 0x00, 0x00, 0x0F, 0xFF, 0xFF, 0xFE, 0x00,
    0x00, 0x00, 0x00, 0x00, 0x1F, 0xFF, 0xFF, 0xFF, 0x00, 0x00, 0x00, 0x00, 0x00, 0x3F, 0xFF, 0xFF,
    0xFF, 0x00, 0x00, 0x00, 0x00, 0x00, 0x3F, 0xFF, 0xFF, 0xFF, 0x80, 0x00, 0x00, 0x00, 0x00, 0x7F,
    0xFF, 0xFF, 0xFF, 0xC0, 0x00, 0x00, 0x00, 0x00, 0xFF, 0xFF, 0xFF, 0xFF, 0xC0, 0x00, 0x00, 0x00,
    0x01, 0xFF, 0xFF, 0xFF, 0xFF, 0xE0, 0x00, 0x00, 0x00, 0x01, 0xFF, 0xFF, 0xFF, 0xFF, 0xF0, 0x00,
    0x00, 0x00, 0x03, 0xFF, 0xFF, 0x3F, 0xFF, 0xF0, 0x00, 0x00, 0x00, 0x07, 0xFF, 0xFF, 0x3F, 0xFF,
    0xF8, 0x00, 0x00, 0x00, 0x07, 0xFF, 0xFE, 0x1F, 0xFF, 0xFC, 0x00, 0x00, 0x00, 0x0F, 0xFF, 0xFE,
    0x1F, 0xFF, 0xFC, 0x00, 0x00, 0x00, 0x1F, 0xFF, 0xFC, 0x0F, 0xFF, 0xFE, 0x00, 0x00, 0x00, 0x1F,
    0xFF, 0xF8, 0x07, 0xFF, 0xFF, 0x00, 0x00, 0x00, 0x3F, 0xFF, 0xF8, 0x07, 0xFF, 0xFF, 0x00, 0x00,
    0x00, 0x7F, 0xFF, 0xF0, 0x03, 0xFF, 0xFF, 0x80, 0x00, 0x00, 0xFF, 0xFF, 0xE0, 0x03, 0xFF, 0xFF,
    0xC0, 0x00, 0x00, 0xFF, 0xFF, 0xE0, 0x01, 0xFF, 0xFF, 0xC0, 0x00, 0x01, 0xFF, 0xFF, 0xC0, 0x00,
    0xFF, 0xFF, 0xE0, 0x00, 0x03, 0xFF, 0xFF, 0x80, 0x00, 0xFF, 0xFF, 0xF0, 0x00, 0x03, 0xFF, 0xFF,
    0x80, 0x00, 0x7F, 0xFF, 0xF0, 0x00, 0x07, 0xFF, 0xFF, 0x00, 0x00, 0x3F, 0xFF, 0xF8, 0x00, 0x0F,
    0xFF, 0xFE, 0x00, 0x00, 0x3F, 0xFF, 0xFC, 0x00, 0x0F, 0xFF, 0xFE, 0x00, 0x00, 0x1F, 0xFF, 0xFC,
    0x00, 0x1F, 0xFF, 0xFC, 0x00, 0x00, 0x1F, 0xFF, 0xFE, 0x00, 0x3F, 0xFF, 0xFC, 0x00, 0x00, 0x0F,
    0xFF, 0xFF, 0x00, 0x3F, 0xFF, 0xFC, 0x00, 0x00, 0x0F, 0xFF, 0xFE, 0x00, 0x1F, 0xFF, 0xFC, 0x00,
    0x00, 0x1F, 0xFF, 0xFC, 0x00, 0x1F, 0xFF, 0xFE, 0x00, 0x00, 0x1F, 0xFF, 0xFC, 0x00, 0x0F, 0xFF,
    0xFE, 0x00, 0x00, 0x3F, 0xFF, 0xF8, 0x00, 0x0F, 0xFF, 0xFE, 0x00, 0x00, 0x3F, 0xFF, 0xF8, 0x00,
    0x07, 0xFF, 0xFF, 0x00, 0x00, 0x7F, 0xFF, 0xF0, 0x00, 0x03, 0xFF, 0xFF, 0x00, 0x00, 0x7F, 0xFF,
    0xF0, 0x00, 0x03, 0xFF, 0xFF, 0x80, 0x00, 0x7F, 0xFF, 0xE0, 0x00, 0x01, 0xFF, 0xFF, 0x80, 0x00,
    0xFF, 0xFF, 0xE0, 0x00, 0x01, 0xFF, 0xFF, 0xC0, 0x00, 0xFF, 0xFF, 0xC0, 0x00, 0x00, 0xFF, 0xFF,
    0xC0, 0x01, 0xFF, 0xFF, 0xC0, 0x00, 0x00, 0xFF, 0xFF, 0xE0, 0x01, 0xFF, 0xFF, 0x80, 0x00, 0x00,
    0x7F, 0xFF, 0xE0, 0x03, 0xFF, 0xFF, 0x00, 0x00, 0x00, 0x7F, 0xFF, 0xF0, 0x03, 0xFF, 0xFF, 0x00,
    0x00, 0x00, 0x3F, 0xFF, 0xF0, 0x07, 0xFF, 0xFE, 0x00, 0x00, 0x00, 0x1F, 0xFF, 0xF8, 0x07, 0xFF,
    0xFE, 0x00, 0x00, 0x00, 0x1F, 0xFF, 0xF8, 0x07, 0xFF, 0xFC, 0x00, 0x00, 0x00, 0x0F, 0xFF, 0xFC,
    0x0F, 0xFF, 0xFC, 0x00, 0x00, 0x00, 0x0F, 0xFF, 0xFC, 0x0F, 0xFF, 0xF8, 0x00, 0x00, 0x00, 0x07,
    0xFF, 0xFE, 0x1F, 0xFF, 0xF8, 0x00, 0x00, 0x00, 0x07, 0xFF, 0xFE, 0x1F, 0xFF, 0xF0, 0x00, 0x00,
    0x00, 0x03, 0xFF, 0xFE, 0x3F, 0xFF, 0xF0, 0x00, 0x00, 0x00, 0x01, 0xFF, 0xFF, 0x3F, 0xFF, 0xE0,
    0x00, 0x00, 0x00, 0x01, 0xFF, 0xFF, 0x3F, 0xFF, 0xC0, 0x00, 0x00, 0x00, 0x00, 0xFF, 0xFF, 0x7F,
    0xFF, 0xC0, 0x00, 0x00, 0x00, 0x00, 0xFF, 0xFF, 0xFF, 0xFF, 0x80, 0x00, 0x00, 0x00, 0x00, 0x7F,
    0xFF, 0xFF, 0xFF, 0x80, 0x00, 0x00, 0x00, 0x00, 0x7F, 0xFF, 0xFF, 0xFF, 0x00, 0x00, 0x00, 0x00,
    0x00, 0x3F, 0xFF, 0xFF, 0xFF, 0x00, 0x00, 0x00, 0x00, 0x00, 0x3F, 0xFF, 0xFF, 0xFE, 0x00, 0x00,
    0x00, 0x00, 0x00, 0x1F, 0xFF, 0xFF, 0xFE, 0x00, 0x00, 0x00, 0x00, 0x00, 0x0F, 0xFF, 0xFF, 0xFC,
    0x00, 0x00, 0x00, 0x00, 0x00, 0x0F, 0xFF, 0xFF, 0xFC, 0x00, 0x00, 0x00, 0x00, 0x00, 0x07, 0xFF,
    0xFF, 0xF8, 0x00, 0x00, 0x00, 0x00, 0x00, 0x07, 0xFF, 0xFF, 0xF0, 0x00, 0x00, 0x00, 0x00, 0x00,
    0x03, 0xFF, 0xFF, 0xF0, 0x00, 0x00, 0x00, 0x00, 0x00, 0x03, 0xFF, 0xFF, 0xE0, 0x00, 0x00, 0x00,
    0x00, 0x00, 0x01, 0xFF, 0xFF, 0xE0, 0x00, 0x00, 0x00, 0x00, 0x00, 0x00, 0xFF, 0xFF, 0xC0, 0x00,
    0x00, 0x00, 0x00, 0x00, 0x00, 0xFF, 0xFF, 0xC0, 0x00, 0x00, 0x00, 0x00, 0x00, 0x00, 0x7F, 0xFF,
    0x80, 0x00, 0x00, 0x00, 0x00, 0x00, 0x00, 0x7F, 0xFF, 0x80, 0x00, 0x00, 0x00, 0x00, 0x00, 0x00,
    0x7F, 0xFF, 0x80, 0x00, 0x00, 0x00, 0x00, 0x00, 0x00, 0x7F, 0xFF, 0x80, 0x00, 0x00, 0x00, 0x00,
    0x00, 0x00, 0x7F, 0xFF, 0x80, 0x00, 0x00, 0x00, 0x00, 0x00, 0x00, 0x7F, 0xFF, 0x80, 0x00, 0x00,
    0x00, 0x00, 0x00, 0x00, 0x7F, 0xFF, 0x80, 0x00, 0x00, 0x00, 0x00, 0x00, 0x00, 0x7F, 0xFF, 0x80,
    0x00, 0x00, 0x00, 0x00, 0x00, 0x00, 0x7F, 0xFF, 0x80, 0x00, 0x00, 0x00, 0x00, 0x00, 0x00, 0x7F,
    0xFF, 0x80, 0x00, 0x00, 0x00, 0x00, 0x00, 0x00, 0x7F, 0xFF, 0x80, 0x00, 0x00, 0x00, 0x00, 0x00,
    0x00, 0x7F, 0xFF, 0x80, 0x00, 0x00, 0x00, 0x00, 0x00, 0x00, 0x7F, 0xFF, 0x80, 0x00, 0x00, 0x00,
    0x00, 0x00, 0x00, 0x7F, 0xFF, 0x80, 0x00, 0x00, 0x00, 0x00, 0x00, 0x00, 0x7F, 0xFF, 0x80, 0x00,
    0x00, 0x00, 0x00, 0x00, 0x00, 0x7F, 0xFF, 0x80, 0x00, 0x00, 0x00, 0x00, 0x00, 0x00, 0x7F, 0xFF,
    0x80, 0x00, 0x00, 0x00, 0x00, 0x00, 0x00, 0x7F, 0xFF, 0x80, 0x00, 0x00, 0x00, 0x00, 0x00, 0x00,
    0x7F, 0xFF, 0x80, 0x00, 0x00, 0x00, 0x00, 0x00, 0x00, 0x7F, 0xFF, 0x80, 0x00, 0x00, 0x00, 0x00,
    0x00, 0x00, 0x7F, 0xFF, 0x80, 0x00, 0x00, 0x00, 0x00, 0x00, 0x00, 0x7F, 0xFF, 0x80, 0x00, 0x00,
    0x00, 0x0F, 0xFF, 0xFF, 0xFF, 0xFF, 0xFF, 0xFC, 0x00, 0x0F, 0xFF, 0xFF, 0xFF, 0xFF, 0xFF, 0xFC,
    0x00, 0x0F, 0xFF, 0xFF, 0xFF, 0xFF, 0xFF, 0xFC, 0x00, 0x0F, 0xFF, 0xFF, 0xFF, 0xFF, 0xFF, 0xFC,
    0x00, 0x0F, 0xFF, 0xFF, 0xFF, 0xFF, 0xFF, 0xFC, 0x00, 0x0F, 0xFF, 0xFF, 0xFF, 0xFF, 0xFF, 0xFC,
    0x00, 0x0F, 0xFF, 0xFF, 0xFF, 0xFF, 0xFF, 0xFC, 0x00, 0x0F, 0xFF, 0xFF, 0xFF, 0xFF, 0xFF, 0xFC,
    0x00, 0x0F, 0xFF, 0xFF, 0xFF, 0xFF, 0xFF, 0xFC, 0x00, 0x0F, 0xFF, 0xFF, 0xFF, 0xFF, 0xFF, 0xFC,
    0x00, 0x0F, 0xFF, 0xFF, 0xFF, 0xFF, 0xFF, 0xF8, 0x00, 0x0F, 0xFF, 0xFF, 0xFF, 0xFF, 0xFF, 0xF0,
    0x00, 0x0F, 0xFF, 0xFF, 0xFF, 0xFF, 0xFF, 0xF0, 0x00, 0x00, 0x00, 0x00, 0x00, 0x3F, 0xFF, 0xE0,
    0x00, 0x00, 0x00, 0x00, 0x00, 0x7F, 0xFF, 0xC0, 0x00, 0x00, 0x00, 0x00, 0x00, 0xFF, 0xFF, 0x80,
    0x00, 0x00, 0x00, 0x00, 0x01, 0xFF, 0xFF, 0x80, 0x00, 0x00, 0x00, 0x00, 0x03, 0xFF, 0xFF, 0x00,
    0x00, 0x00, 0x00, 0x00, 0x07, 0xFF, 0xFE, 0x00, 0x00, 0x00, 0x00, 0x00, 0x07, 0xFF, 0xFE, 0x00,
    0x00, 0x00, 0x00, 0x00, 0x0F, 0xFF, 0xFC, 0x00, 0x00, 0x00, 0x00, 0x00, 0x1F, 0xFF, 0xF8, 0x00,
    0x00, 0x00, 0x00, 0x00, 0x3F, 0xFF, 0xF0, 0x00, 0x00, 0x00, 0x00, 0x00, 0x3F, 0xFF, 0xF0, 0x00,
    0x00, 0x00, 0x00, 0x00, 0x7F, 0xFF, 0xE0, 0x00, 0x00, 0x00, 0x00, 0x00, 0xFF, 0xFF, 0xC0, 0x00,
    0x00, 0x00, 0x00, 0x01, 0xFF, 0xFF, 0xC0, 0x00, 0x00, 0x00, 0x00, 0x01, 0xFF, 0xFF, 0x80, 0x00,
    0x00, 0x00, 0x00, 0x03, 0xFF, 0xFF, 0x00, 0x00, 0x00, 0x00, 0x00, 0x07, 0xFF, 0xFE, 0x00, 0x00,
    0x00, 0x00, 0x00, 0x07, 0xFF, 0xFE, 0x00, 0x00, 0x00, 0x00, 0x00, 0x0F, 0xFF, 0xFC, 0x00, 0x00,
    0x00, 0x00, 0x00, 0x1F, 0xFF, 0xF8, 0x00, 0x00, 0x00, 0x00, 0x00, 0x3F, 0xFF, 0xF0, 0x00, 0x00,
    0x00, 0x00, 0x00, 0x3F, 0xFF, 0xF0, 0x00, 0x00, 0x00, 0x00, 0x00, 0x7F, 0xFF, 0xE0, 0x00, 0x00,
    0x00, 0x00, 0x00, 0xFF, 0xFF, 0xC0, 0x00, 0x00, 0x00, 0x00, 0x01, 0xFF, 0xFF, 0xC0, 0x00, 0x00,
    0x00, 0x00, 0x01, 0xFF, 0xFF, 0x80, 0x00, 0x00, 0x00, 0x00, 0x03, 0xFF, 0xFF, 0x00, 0x00, 0x00,
    0x00, 0x00, 0x07, 0xFF, 0xFE, 0x00, 0x00, 0x00, 0x00, 0x00, 0x07, 0xFF, 0xFE, 0x00, 0x00, 0x00,
    0x00, 0x00, 0x0F, 0xFF, 0xFC, 0x00, 0x00, 0x00, 0x00, 0x00, 0x1F, 0xFF, 0xF8, 0x00, 0x00, 0x00,
    0x00, 0x00, 0x3F, 0xFF, 0xF0, 0x00, 0x00, 0x00, 0x00, 0x00, 0x3F, 0xFF, 0xE0, 0x00, 0x00, 0x00,
    0x00, 0x00, 0x7F, 0xFF, 0xC0, 0x00, 0x00, 0x00, 0x00, 0x00, 0xFF, 0xFF, 0xC0, 0x00, 0x00, 0x00,
    0x00, 0x00, 0xFF, 0xFF, 0x80, 0x00, 0x00, 0x00, 0x00, 0x01, 0xFF, 0xFF, 0xFF, 0xFF, 0xFF, 0xFC,
    0x00, 0x03, 0xFF, 0xFF, 0xFF, 0xFF, 0xFF, 0xFC, 0x00, 0x07, 0xFF, 0xFF, 0xFF, 0xFF, 0xFF, 0xFC,
    0x00, 0x07, 0xFF, 0xFF, 0xFF, 0xFF, 0xFF, 0xFC, 0x00, 0x0F, 0xFF, 0xFF, 0xFF, 0xFF, 0xFF, 0xFC,
    0x00, 0x0F, 0xFF, 0xFF, 0xFF, 0xFF, 0xFF, 0xFC, 0x00, 0x0F, 0xFF, 0xFF, 0xFF, 0xFF, 0xFF, 0xFC,
    0x00, 0x0F, 0xFF, 0xFF, 0xFF, 0xFF, 0xFF, 0xFC, 0x00, 0x0F, 0xFF, 0xFF, 0xFF, 0xFF, 0xFF, 0xFC,
    0x00, 0x0F, 0xFF, 0xFF, 0xFF, 0xFF, 0xFF, 0xFC, 0x00, 0x0F, 0xFF, 0xFF, 0xFF, 0xFF, 0xFF, 0xFC,
    0x00, 0x0F, 0xFF, 0xFF, 0xFF, 0xFF, 0xFF, 0xFC, 0x00, 0x0F, 0xFF, 0xFF, 0xFF, 0xFF, 0xFF, 0xFC,
    0x00, 0x03, 0xFF, 0xFF, 0xF8, 0x00, 0x03, 0xFF, 0xFF, 0xF8, 0x00, 0x03, 0xFF, 0xFF, 0xF8, 0x00,
    0x03, 0xFF, 0xFF, 0xF8, 0x00, 0x03, 0xFF, 0xFF, 0xF8, 0x00, 0x03, 0xFF, 0xFF, 0xF8, 0x00, 0x03,
    0xFF, 0xFF, 0xF8, 0x00, 0x03, 0xFF, 0xFF, 0xF8, 0x00, 0x03, 0xFF, 0xFF, 0xF8, 0x00, 0x03, 0xFF,
    0xFF, 0xF8, 0x00, 0x03, 0xFF, 0xFF, 0xF8, 0x00, 0x03, 0xFF, 0xFF, 0xF8, 0x00, 0x03, 0xFF, 0xFC,
    0x00, 0x00, 0x03, 0xFF, 0xFC, 0x00, 0x00, 0x03, 0xFF, 0xFC, 0x00, 0x00, 0x03, 0xFF, 0xFC, 0x00,
    0x00, 0x03, 0xFF, 0xFC, 0x00, 0x00, 0x03, 0xFF, 0xFC, 0x00, 0x00, 0x03, 0xFF, 0xFC, 0x00, 0x00,
    0x03, 0xFF, 0xFC, 0x00, 0x00, 0x03, 0xFF, 0xFC, 0x00, 0x00, 0x03, 0xFF, 0xFC, 0x00, 0x00, 0x03,
    0xFF, 0xFC, 0x00, 0x00, 0x03, 0xFF, 0xFC, 0x00, 0x00, 0x03, 0xFF, 0xFC, 0x00, 0x00, 0x03, 0xFF,
    0xFC, 0x00, 0x00, 0x03, 0xFF, 0xFC, 0x00, 0x00, 0x03, 0xFF, 0xFC, 0x00, 0x00, 0x03, 0xFF, 0xFC,
    0x00, 0x00, 0x03, 0xFF, 0xFC, 0x00, 0x00, 0x03, 0xFF, 0xFC, 0x00, 0x00, 0x03, 0xFF, 0xFC, 0x00,
    0x00, 0x03, 0xFF, 0xFC, 0x00, 0x00, 0x03, 0xFF, 0xFC, 0x00, 0x00, 0x03, 0xFF, 0xFC, 0x00, 0x00,
    0x03, 0xFF, 0xFC, 0x00, 0x00, 0x03, 0xFF, 0xFC, 0x00, 0x00, 0x03, 0xFF, 0xFC, 0x00, 0x00, 0x03,
    0xFF, 0xFC, 0x00, 0x00, 0x03, 0xFF, 0xFC, 0x00, 0x00, 0x03, 0xFF, 0xFC, 0x00, 0x00, 0x03, 0xFF,
    0xFC, 0x00, 0x00, 0x03, 0xFF, 0xFC, 0x00, 0x00, 0x03, 0xFF, 0xFC, 0x00, 0x00, 0x03, 0xFF, 0xFC,
    0x00, 0x00, 0x03, 0xFF, 0xFC, 0x00, 0x00, 0x03, 0xFF, 0xFC, 0x00, 0x00, 0x03, 0xFF, 0xFC, 0x00,
    0x00, 0x03, 0xFF, 0xFC, 0x00, 0x00, 0x03, 0xFF, 0xFC, 0x00, 0x00, 0x03, 0xFF, 0xFC, 0x00, 0x00,
    0x03, 0xFF, 0xFC, 0x00, 0x00, 0x03, 0xFF, 0xFC, 0x00, 0x00, 0x03, 0xFF, 0xFC, 0x00, 0x00, 0x03,
    0xFF, 0xFC, 0x00, 0x00, 0x03, 0xFF, 0xFC, 0x00, 0x00, 0x03, 0xFF, 0xFC, 0x00, 0x00, 0x03, 0xFF,
    0xFC, 0x00, 0x00, 0x03, 0xFF, 0xFC, 0x00, 0x00, 0x03, 0xFF, 0xFC, 0x00, 0x00, 0x03, 0xFF, 0xFC,
    0x00, 0x00, 0x03, 0xFF, 0xFC, 0x00, 0x00, 0x03, 0xFF, 0xFC, 0x00, 0x00, 0x03, 0xFF, 0xFC, 0x00,
    0x00, 0x03, 0xFF, 0xFC, 0x00, 0x00, 0x03, 0xFF, 0xFF, 0xF8, 0x00, 0x03, 0xFF, 0xFF, 0xF8, 0x00,
    0x03, 0xFF, 0xFF, 0xF8, 0x00, 0x03, 0xFF, 0xFF, 0xF8, 0x00, 0x03, 0xFF, 0xFF, 0xF8, 0x00, 0x03,
    0xFF, 0xFF, 0xF8, 0x00, 0x03, 0xFF, 0xFF, 0xF8, 0x00, 0x03, 0xFF, 0xFF, 0xF8, 0x00, 0x03, 0xFF,
    0xFF, 0xF8, 0x00, 0x03, 0xFF, 0xFF, 0xF8, 0x00, 0x03, 0xFF, 0xFF, 0xF8, 0x00, 0x03, 0xFF, 0xFF,
    0xF8, 0x00, 0x00, 0x00, 0x00, 0x00, 0x00, 0xFF, 0xFE, 0x00, 0x00, 0x00, 0x7F, 0xFE, 0x00, 0x00,
    0x00, 0x7F, 0xFE, 0x00, 0x00, 0x00, 0x7F, 0xFE, 0x00, 0x00, 0x00, 0x3F, 0xFF, 0x00, 0x00, 0x00,
    0x3F, 0xFF, 0x00, 0x00, 0x00, 0x3F, 0xFF, 0x00, 0x00, 0x00, 0x3F, 0xFF, 0x00, 0x00, 0x00, 0x1F,
    0xFF, 0x80, 0x00, 0x00, 0x1F, 0xFF, 0x80, 0x00, 0x00, 0x1F, 0xFF, 0x80, 0x00, 0x00, 0x0F, 0xFF,
    0xC0, 0x00, 0x00, 0x0F, 0xFF, 0xC0, 0x00, 0x00, 0x0F, 0xFF, 0xC0, 0x00, 0x00, 0x0F, 0xFF, 0xC0,
    0x00, 0x00, 0x07, 0xFF, 0xE0, 0x00, 0x00, 0x07, 0xFF, 0xE0, 0x00, 0x00, 0x07, 0xFF, 0xE0, 0x00,
    0x00, 0x07, 0xFF, 0xE0, 0x00, 0x00, 0x03, 0xFF, 0xF0, 0x00, 0x00, 0x03, 0xFF, 0xF0, 0x00, 0x00,
    0x03, 0xFF, 0xF0, 0x00, 0x00, 0x03, 0xFF, 0xF0, 0x00, 0x00, 0x01, 0xFF, 0xF8, 0x00, 0x00, 0x01,
    0xFF, 0xF8, 0x00, 0x00, 0x01, 0xFF, 0xF8, 0x00, 0x00, 0x00, 0xFF, 0xF8, 0x00, 0x00, 0x00, 0xFF,
    0xFC, 0x00, 0x00, 0x00, 0xFF, 0xFC, 0x00, 0x00, 0x00, 0xFF, 0xFC, 0x00, 0x00, 0x00, 0x7F, 0xFE,
    0x00, 0x00, 0x00, 0x7F, 0xFE, 0x00, 0x00, 0x00, 0x7F, 0xFE, 0x00, 0x00, 0x00, 0x7F, 0xFE, 0x00,
    0x00, 0x00, 0x3F, 0xFF, 0x00, 0x00, 0x00, 0x3F, 0xFF, 0x00, 0x00, 0x00, 0x3F, 0xFF, 0x00, 0x00,
    0x00, 0x3F, 0xFF, 0x00, 0x00, 0x00, 0x1F, 0xFF, 0x80, 0x00, 0x00, 0x1F, 0xFF, 0x80, 0x00, 0x00,
    0x1F, 0xFF, 0x80, 0x00, 0x00, 0x0F, 0xFF, 0x80, 0x00, 0x00, 0x0F, 0xFF, 0xC0, 0x00, 0x00, 0x0F,
    0xFF, 0xC0, 0x00, 0x00, 0x0F, 0xFF, 0xC0, 0x00, 0x00, 0x07, 0xFF, 0xE0, 0x00, 0x00, 0x07, 0xFF,
    0xE0, 0x00, 0x00, 0x07, 0xFF, 0xE0, 0x00, 0x00, 0x07, 0xFF, 0xE0, 0x00, 0x00, 0x03, 0xFF, 0xF0,
    0x00, 0x00, 0x03, 0xFF, 0xF0, 0x00, 0x00, 0x03, 0xFF, 0xF0, 0x00, 0x00, 0x03, 0xFF, 0xF0, 0x00,
    0x00, 0x01, 0xFF, 0xF8, 0x00, 0x00, 0x01, 0xFF, 0xF8, 0x00, 0x00, 0x01, 0xFF, 0xF8, 0x00, 0x00,
    0x00, 0xFF, 0xF8, 0x00, 0x00, 0x00, 0xFF, 0xFC, 0x00, 0x00, 0x00, 0xFF, 0xFC, 0x00, 0x00, 0x00,
    0xFF, 0xFC, 0x00, 0x00, 0x00, 0x7F, 0xFE, 0x00, 0x00, 0x00, 0x7F, 0xFE, 0x00, 0x00, 0x00, 0x7F,
    0xFE, 0x00, 0x00, 0x00, 0x7F, 0xFE, 0x00, 0x00, 0x00, 0x3F, 0xFF, 0x00, 0x00, 0x00, 0x3F, 0xFF,
    0x00, 0x00, 0x00, 0x3F, 0xFF, 0x00, 0x00, 0x00, 0x3F, 0xFF, 0x00, 0x00, 0x00, 0x1F, 0xFF, 0x80,
    0x00, 0x00, 0x1F, 0xFF, 0x80, 0x00, 0x00, 0x1F, 0xFF, 0x80, 0x00, 0x00, 0x0F, 0xFF, 0x80, 0x00,
    0x00, 0x0F, 0xFF, 0xC0, 0x00, 0x00, 0x0F, 0xFF, 0xC0, 0x1F, 0xFF, 0xFF, 0xE0, 0x00, 0x1F, 0xFF,
    0xFF, 0xE0, 0x00, 0x1F, 0xFF, 0xFF, 0xE0, 0x00, 0x1F, 0xFF, 0xFF, 0xE0, 0x00, 0x1F, 0xFF, 0xFF,
    0xE0, 0x00, 0x1F, 0xFF, 0xFF, 0xE0, 0x00, 0x1F, 0xFF, 0xFF, 0xE0, 0x00, 0x1F, 0xFF, 0xFF, 0xE0,
    0x00, 0x1F, 0xFF, 0xFF, 0xE0, 0x00, 0x1F, 0xFF, 0xFF, 0xE0, 0x00, 0x1F, 0xFF, 0xFF, 0xE0, 0x00,
    0x1F, 0xFF, 0xFF, 0xE0, 0x00, 0x00, 0x1F, 0xFF, 0xE0, 0x00, 0x00, 0x1F, 0xFF, 0xE0, 0x00, 0x00,
    0x1F, 0xFF, 0xE0, 0x00, 0x00, 0x1F, 0xFF, 0xE0, 0x00, 0x00, 0x1F, 0xFF, 0xE0, 0x00, 0x00, 0x1F,
    0xFF, 0xE0, 0x00, 0x00, 0x1F, 0xFF, 0xE0, 0x00, 0x00, 0x1F, 0xFF, 0xE0, 0x00, 0x00, 0x1F, 0xFF,
    0xE0, 0x00, 0x00, 0x1F, 0xFF, 0xE0, 0x00, 0x00, 0x1F, 0xFF, 0xE0, 0x00, 0x00, 0x1F, 0xFF, 0xE0,
    0x00, 0x00, 0x1F, 0xFF, 0xE0, 0x00, 0x00, 0x1F, 0xFF, 0xE0, 0x00, 0x00, 0x1F, 0xFF, 0xE0, 0x00,
    0x00, 0x1F, 0xFF, 0xE0, 0x00, 0x00, 0x1F, 0xFF, 0xE0, 0x00, 0x00, 0x1F, 0xFF, 0xE0, 0x00, 0x00,
    0x1F, 0xFF, 0xE0, 0x00, 0x00, 0x1F, 0xFF, 0xE0, 0x00, 0x00, 0x1F, 0xFF, 0xE0, 0x00, 0x00, 0x1F,
    0xFF, 0xE0, 0x00, 0x00, 0x1F, 0xFF, 0xE0, 0x00, 0x00, 0x1F, 0xFF, 0xE0, 0x00, 0x00, 0x1F, 0xFF,
    0xE0, 0x00, 0x00, 0x1F, 0xFF, 0xE0, 0x00, 0x00, 0x1F, 0xFF, 0xE0, 0x00, 0x00, 0x1F, 0xFF, 0xE0,
    0x00, 0x00, 0x1F, 0xFF, 0xE0, 0x00, 0x00, 0x1F, 0xFF, 0xE0, 0x00, 0x00, 0x1F, 0xFF, 0xE0, 0x00,
    0x00, 0x1F, 0xFF, 0xE0, 0x00, 0x00, 0x1F, 0xFF, 0xE0, 0x00, 0x00, 0x1F, 0xFF, 0xE0, 0x00, 0x00,
    0x1F, 0xFF, 0xE0, 0x00, 0x00, 0x1F, 0xFF, 0xE0, 0x00, 0x00, 0x1F, 0xFF, 0xE0, 0x00, 0x00, 0x1F,
    0xFF, 0xE0, 0x00, 0x00, 0x1F, 0xFF, 0xE0, 0x00, 0x00, 0x1F, 0xFF, 0xE0, 0x00, 0x00, 0x1F, 0xFF,
    0xE0, 0x00, 0x00, 0x1F, 0xFF, 0xE0, 0x00, 0x00, 0x1F, 0xFF, 0xE0, 0x00, 0x00, 0x1F, 0xFF, 0xE0,
    0x00, 0x00, 0x1F, 0xFF, 0xE0, 0x00, 0x00, 0x1F, 0xFF, 0xE0, 0x00, 0x00, 0x1F, 0xFF, 0xE0, 0x00,
    0x00, 0x1F, 0xFF, 0xE0, 0x00, 0x00, 0x1F, 0xFF, 0xE0, 0x00, 0x00, 0x1F, 0xFF, 0xE0, 0x00, 0x00,
    0x1F, 0xFF, 0xE0, 0x00, 0x00, 0x1F, 0xFF, 0xE0, 0x00, 0x00, 0x1F, 0xFF, 0xE0, 0x00, 0x1F, 0xFF,
    0xFF, 0xE0, 0x00, 0x1F, 0xFF, 0xFF, 0xE0, 0x00, 0x1F, 0xFF, 0xFF, 0xE0, 0x00, 0x1F, 0xFF, 0xFF,
    0xE0, 0x00, 0x1F, 0xFF, 0xFF, 0xE0, 0x00, 0x1F, 0xFF, 0xFF, 0xE0, 0x00, 0x1F, 0xFF, 0xFF, 0xE0,
    0x00, 0x1F, 0xFF, 0xFF, 0xE0, 0x00, 0x1F, 0xFF, 0xFF, 0xE0, 0x00, 0x1F, 0xFF, 0xFF, 0xE0, 0x00,
    0x1F, 0xFF, 0xFF, 0xE0, 0x00, 0x1F, 0xFF, 0xFF, 0xE0, 0x00, 0x00, 0x00, 0x00, 0x00, 0x00, 0x00,
    0x01, 0xFF, 0xE0, 0x00, 0x00, 0x00, 0x03, 0xFF, 0xF0, 0x00, 0x00, 0x00, 0x03, 0xFF, 0xF0, 0x00,
    0x00, 0x00, 0x07, 0xFF, 0xF0, 0x00, 0x00, 0x00, 0x07, 0xFF, 0xF8, 0x00, 0x00, 0x00, 0x07, 0xFF,
    0xF8, 0x00, 0x00, 0x00, 0x0F, 0xFF, 0xFC, 0x00, 0x00, 0x00, 0x0F, 0xFF, 0xFC, 0x00, 0x00, 0x00,
    0x1F, 0xFF, 0xFE, 0x00, 0x00, 0x00, 0x1F, 0xFF, 0xFE, 0x00, 0x00, 0x00, 0x3F, 0xFF, 0xFF, 0x00,
    0x00, 0x00, 0x3F, 0xF3, 0xFF, 0x00, 0x00, 0x00, 0x7F, 0xF3, 0xFF, 0x80, 0x00, 0x00, 0x7F, 0xE1,
    0xFF, 0x80, 0x00, 0x00, 0xFF, 0xE1, 0xFF, 0xC0, 0x00, 0x00, 0xFF, 0xE1, 0xFF, 0xC0, 0x00, 0x01,
    0xFF, 0xC0, 0xFF, 0xE0, 0x00, 0x01, 0xFF, 0xC0, 0xFF, 0xE0, 0x00, 0x03, 0xFF, 0x80, 0x7F, 0xF0,
    0x00, 0x03, 0xFF, 0x80, 0x7F, 0xF0, 0x00, 0x07, 0xFF, 0x00, 0x3F, 0xF8, 0x00, 0x07, 0xFF, 0x00,
    0x3F, 0xF8, 0x00, 0x0F, 0xFF, 0x00, 0x3F, 0xF8, 0x00, 0x0F, 0xFE, 0x00, 0x1F, 0xFC, 0x00, 0x0F,
    0xFE, 0x00, 0x1F, 0xFC, 0x00, 0x1F, 0xFC, 0x00, 0x0F, 0xFE, 0x00, 0x3F, 0xFC, 0x00, 0x0F, 0xFF,
    0x00, 0x00, 0x00, 0x00, 0x00, 0x00, 0x00, 0x00, 0x00, 0x00, 0x00, 0x00, 0x00, 0x00, 0x00, 0x00,
    0x00, 0x00, 0x00, 0x00, 0x00, 0x00, 0x00, 0x00, 0x00, 0x00, 0x00, 0x00, 0x00, 0x00, 0x00, 0x00,
    0x00, 0x00, 0x00, 0x00, 0x00, 0x00, 0x00, 0x00, 0x00, 0x00, 0x00, 0x00, 0x00, 0x00, 0x00, 0x00,
    0x00, 0x00, 0x00, 0x00, 0x00, 0x00, 0x00, 0x00, 0x00, 0x00, 0x00, 0x00, 0x00, 0x00, 0x00, 0x00,
    0x00, 0x00, 0x00, 0x00, 0x00, 0x00, 0x00, 0x00, 0x00, 0x00, 0x00, 0x00, 0x00, 0x00, 0x00, 0x00,
    0x00, 0x00, 0x00, 0x00, 0x00, 0x00, 0x00, 0x00, 0x00, 0x00, 0x00, 0x00, 0x00, 0x00, 0x00, 0x00,
    0x00, 0x00, 0x00, 0x00, 0x00, 0x00, 0x00, 0x00, 0x00, 0x00, 0x00, 0x00, 0x00, 0x00, 0x00, 0x00,
    0x00, 0x00, 0x00, 0x00, 0x00, 0x00, 0x00, 0x00, 0x00, 0x00, 0x00, 0x00, 0x00, 0x00, 0x00, 0x00,
    0x00, 0x00, 0x00, 0x00, 0x00, 0x00, 0x00, 0x00, 0x00, 0x00, 0x00, 0x00, 0x00, 0x00, 0x00, 0x00,
    0x00, 0x00, 0x00, 0x00, 0x00, 0x00, 0x00, 0x00, 0x00, 0x00, 0x00, 0x00, 0x00, 0x00, 0x00, 0x00,
    0x00, 0x00, 0x00, 0x00, 0x00, 0x00, 0x00, 0x00, 0x00, 0x00, 0x00, 0x00, 0x00, 0x00, 0x00, 0x00,
    0x00, 0x00, 0x00, 0x00, 0x00, 0x00, 0x00, 0x00, 0x00, 0x00, 0x00, 0x00, 0x00, 0x00, 0x00, 0x00,
    0x00, 0x00, 0x00, 0x00, 0x00, 0x00, 0x00, 0x00, 0x00, 0x00, 0x00, 0x00, 0x00, 0xFF, 0xFF, 0xFF,
    0xFF, 0xFF, 0x80, 0xFF, 0xFF, 0xFF, 0xFF, 0xFF, 0x80, 0xFF, 0xFF, 0xFF, 0xFF, 0xFF, 0x80, 0xFF,
    0xFF, 0xFF, 0xFF, 0xFF, 0x80, 0xFF, 0xFF, 0xFF, 0xFF, 0xFF, 0x80, 0xFF, 0xFF, 0xFF, 0xFF, 0xFF,
    0x80, 0xFF, 0xFF, 0xFF, 0xFF, 0xFF, 0x80, 0xFF, 0xFF, 0xFF, 0xFF, 0xFF, 0x80, 0xFF, 0xFF, 0xFF,
    0xFF, 0xFF, 0x80, 0xFF, 0xFF, 0xFF, 0xFF, 0xFF, 0x80, 0xFF, 0xFF, 0xFF, 0xFF, 0xFF, 0x80, 0xFF,
    0xFF, 0xFF, 0xFF, 0xFF, 0x80, 0x00, 0x00, 0x00, 0x00, 0x00, 0x00, 0x01, 0xFF, 0xF8, 0x00, 0x00,
    0x00, 0xFF, 0xFC, 0x00, 0x00, 0x00, 0x7F, 0xFC, 0x00, 0x00, 0x00, 0x7F, 0xFE, 0x00, 0x00, 0x00,
    0x3F, 0xFE, 0x00, 0x00, 0x00, 0x3F, 0xFE, 0x00, 0x00, 0x00, 0x1F, 0xFF, 0x00, 0x00, 0x00, 0x0F,
    0xFF, 0x00, 0x00, 0x00, 0x0F, 0xFF, 0x80, 0x00, 0x00, 0x07, 0xFF, 0x80, 0x00, 0x00, 0x03, 0xFF,
    0x80, 0x00, 0x00, 0x03, 0xFF, 0xC0, 0x00, 0x00, 0x01, 0xFF, 0xC0, 0x00, 0x00, 0x00, 0xFF, 0xE0,
    0x00, 0x00, 0x00, 0x00, 0x00, 0x00, 0x00, 0x00, 0x00, 0x00, 0x00, 0x00, 0x00, 0x00, 0x00, 0x00,
    0x00, 0x00, 0x00, 0x00, 0x00, 0x00, 0x00, 0x00, 0x00, 0x00, 0x00, 0x00, 0x00, 0x00, 0x00, 0x00,
    0x00, 0x00, 0x00, 0x00, 0x00, 0x00, 0x00, 0x00, 0x00, 0x00, 0x00, 0x00, 0x00, 0x00, 0x00, 0x00,
    0x00, 0x00, 0x00, 0x00, 0x00, 0x00, 0x00, 0x00, 0x00, 0x00, 0x00, 0x00, 0x00, 0x00, 0x00, 0x00,
    0x00, 0x00, 0x00, 0x00, 0x00, 0x00, 0x00, 0x00, 0x00, 0x00, 0x00, 0x00, 0x00, 0x00, 0x00, 0x00,
    0x00, 0x00, 0x00, 0x00, 0x00, 0x00, 0x00, 0x00, 0x00, 0x00, 0x00, 0x00, 0x00, 0x00, 0x00, 0x00,
    0x00, 0x00, 0x00, 0x00, 0x00, 0x00, 0x00, 0x00, 0x00, 0x00, 0x00, 0x00, 0x00, 0x00, 0x00, 0x00,
    0x00, 0x00, 0x00, 0x00, 0x00, 0x00, 0x00, 0x00, 0x00, 0x00, 0x00, 0x00, 0x00, 0x00, 0x00, 0x00,
    0x00, 0x00, 0x00, 0x00, 0x00, 0x00, 0x00, 0x00, 0x00, 0x00, 0x00, 0x00, 0x00, 0x00, 0x00, 0x00,
    0x00, 0x00, 0x00, 0x00, 0x00, 0x00, 0x00, 0x00, 0x00, 0x00, 0x00, 0x00, 0x00, 0x00, 0x00, 0x00,
    0x00, 0x00, 0x00, 0x00, 0x00, 0x00, 0x00, 0x00, 0x00, 0x00, 0x00, 0x00, 0x00, 0x00, 0x00, 0x00,
    0x00, 0x00, 0x00, 0x00, 0x00, 0x00, 0x00, 0x00, 0x00, 0x00, 0x00, 0x00, 0x00, 0x00, 0x00, 0x00,
    0x00, 0x00, 0x00, 0x00, 0x00, 0x00, 0x00, 0x00, 0x00, 0x00, 0x00, 0x00, 0x00, 0x00, 0x00, 0x00,
    0x00, 0x00, 0x00, 0x00, 0x00, 0x00, 0x00, 0x00, 0x00, 0x00, 0x00, 0x00, 0x00, 0x00, 0x00, 0x00,
    0x00, 0x00, 0x00, 0x00, 0x00, 0x00, 0x00, 0x00, 0x00, 0x00, 0x00, 0x00, 0x00, 0x00, 0x00, 0x00,
    0x00, 0x00, 0x00, 0x00, 0x00, 0x00, 0x00, 0x00, 0x00, 0x00, 0x00, 0x00, 0x00, 0x00, 0x00, 0x00,
    0x00, 0x00, 0x00, 0x00, 0x00, 0x00, 0x00, 0x00, 0x80, 0x00, 0x00, 0x00, 0x00, 0x00, 0xFF, 0xFF,
    0x80, 0x00, 0x00, 0x00, 0x07, 0xFF, 0xFF, 0xF0, 0x00, 0x00, 0x00, 0x1F, 0xFF, 0xFF, 0xFC, 0x00,
    0x00, 0x00, 0x3F, 0xFF, 0xFF, 0xFF, 0x00, 0x00, 0x00, 0xFF, 0xFF, 0xFF, 0xFF, 0x80, 0x00, 0x01,
    0xFF, 0xFF, 0xFF, 0xFF, 0xC0, 0x00, 0x03, 0xFF, 0xFF, 0xFF, 0xFF, 0xE0, 0x00, 0x03, 0xFF, 0xFF,
    0xFF, 0xFF, 0xF0, 0x00, 0x07, 0xFF, 0xFF, 0xFF, 0xFF, 0xF0, 0x00, 0x0F, 0xFF, 0xFF, 0xFF, 0xFF,
    0xF8, 0x00, 0x0F, 0xFF, 0xFF, 0xFF, 0xFF, 0xF8, 0x00, 0x0F, 0xFF, 0xF0, 0x0F, 0xFF, 0xFC, 0x00,
    0x1F, 0xFF, 0xE0, 0x07, 0xFF, 0xFC, 0x00, 0x01, 0xFF, 0xE0, 0x07, 0xFF, 0xFC, 0x00, 0x00, 0x00,
    0x40, 0x07, 0xFF, 0xFC, 0x00, 0x00, 0x00, 0x00, 0x07, 0xFF, 0xFC, 0x00, 0x00, 0x00, 0x00, 0x07,
    0xFF, 0xFC, 0x00, 0x00, 0x00, 0x00, 0x3F, 0xFF, 0xFC, 0x00, 0x00, 0x00, 0x0F, 0xFF, 0xFF, 0xFC,
    0x00, 0x00, 0x0F, 0xFF, 0xFF, 0xFF, 0xFC, 0x00, 0x00, 0x3F, 0xFF, 0xFF, 0xFF, 0xFC, 0x00, 0x00,
    0xFF, 0xFF, 0xFF, 0xFF, 0xFC, 0x00, 0x03, 0xFF, 0xFF, 0xFF, 0xFF, 0xFC, 0x00, 0x07, 0xFF, 0xFF,
    0xFF, 0xFF, 0xFC, 0x00, 0x07, 0xFF, 0xFF, 0xFF, 0xFF, 0xFC, 0x00, 0x0F, 0xFF, 0xFF, 0xFF, 0xFF,
    0xFC, 0x00, 0x1F, 0xFF, 0xFF, 0xE3, 0xFF, 0xFC, 0x00, 0x1F, 0xFF, 0xFC, 0x03, 0xFF, 0xFC, 0x00,
    0x1F, 0xFF, 0xF0, 0x03, 0xFF, 0xFC, 0x00, 0x3F, 0xFF, 0xE0, 0x03, 0xFF, 0xFC, 0x00, 0x3F, 0xFF,
    0xC0, 0x03, 0xFF, 0xFC, 0x00, 0x3F, 0xFF, 0xC0, 0x07, 0xFF, 0xFC, 0x00, 0x3F, 0xFF, 0xC0, 0x07,
    0xFF, 0xFC, 0x00, 0x3F, 0xFF, 0xC0, 0x0F, 0xFF, 0xFC, 0x00, 0x3F, 0xFF, 0xC0, 0x1F, 0xFF, 0xFC,
    0x00, 0x3F, 0xFF, 0xF0, 0x7F, 0xFF, 0xFC, 0x00, 0x3F, 0xFF, 0xFF, 0xFF, 0xFF, 0xFC, 0x00, 0x3F,
    0xFF, 0xFF, 0xFF, 0xFF, 0xFC, 0x00, 0x1F, 0xFF, 0xFF, 0xFF, 0xFF, 0xFC, 0x00, 0x1F, 0xFF, 0xFF,
    0xFD, 0xFF, 0xFC, 0x00, 0x0F, 0xFF, 0xFF, 0xFD, 0xFF, 0xFC, 0x00, 0x0F, 0xFF, 0xFF, 0xF9, 0xFF,
    0xFC, 0x00, 0x07, 0xFF, 0xFF, 0xF1, 0xFF, 0xFC, 0x00, 0x03, 0xFF, 0xFF, 0xE1, 0xFF, 0xFC, 0x00,
    0x01, 0xFF, 0xFF, 0xC1, 0xFF, 0xFC, 0x00, 0x00, 0x7F, 0xFF, 0x01, 0xFF, 0xFC, 0x00, 0x00, 0x0F,
    0xF8, 0x00, 0x00, 0x00, 0x00, 0x0F, 0xFF, 0xF8, 0x00, 0x00, 0x00, 0x00, 0x0F, 0xFF, 0xF8, 0x00,
    0x00, 0x00, 0x00, 0x0F, 0xFF, 0xF8, 0x00, 0x00, 0x00, 0x00, 0x0F, 0xFF, 0xF8, 0x00, 0x00, 0x00,
    0x00, 0x0F, 0xFF, 0xF8, 0x00, 0x00, 0x00, 0x00, 0x0F, 0xFF, 0xF8, 0x00, 0x00, 0x00, 0x00, 0x0F,
    0xFF, 0xF8, 0x00, 0x00, 0x00, 0x00, 0x0F, 0xFF, 0xF8, 0x00, 0x00, 0x00, 0x00, 0x0F, 0xFF, 0xF8,
    0x00, 0x00, 0x00, 0x00, 0x0F, 0xFF, 0xF8, 0x00, 0x00, 0x00, 0x00, 0x0F, 0xFF, 0xF8, 0x00, 0x00,
    0x00, 0x00, 0x0F, 0xFF, 0xF8, 0x00, 0x00, 0x00, 0x00, 0x0F, 0xFF, 0xF8, 0x00, 0x00, 0x00, 0x00,
    0x0F, 0xFF, 0xF8, 0x00, 0x00, 0x00, 0x00, 0x0F, 0xFF, 0xF8, 0x00, 0x00, 0x00, 0x00, 0x0F, 0xFF,
    0xF8, 0x00, 0x40, 0x00, 0x00, 0x0F, 0xFF, 0xF8, 0x0F, 0xFE, 0x00, 0x00, 0x0F, 0xFF, 0xF8, 0x3F,
    0xFF, 0xC0, 0x00, 0x0F, 0xFF, 0xF8, 0x7F, 0xFF, 0xE0, 0x00, 0x0F, 0xFF, 0xF8, 0xFF, 0xFF, 0xF8,
    0x00, 0x0F, 0xFF, 0xF9, 0xFF, 0xFF, 0xFC, 0x00, 0x0F, 0xFF, 0xFB, 0xFF, 0xFF, 0xFC, 0x00, 0x0F,
    0xFF, 0xFB, 0xFF, 0xFF, 0xFE, 0x00, 0x0F, 0xFF, 0xFF, 0xFF, 0xFF, 0xFF, 0x00, 0x0F, 0xFF, 0xFF,
    0xFF, 0xFF, 0xFF, 0x00, 0x0F, 0xFF, 0xFF, 0xFF, 0xFF, 0xFF, 0x80, 0x0F, 0xFF, 0xFF, 0xFF, 0xFF,
    0xFF, 0x80, 0x0F, 0xFF, 0xFF, 0xFF, 0xFF, 0xFF, 0xC0, 0x0F, 0xFF, 0xFF, 0x83, 0xFF, 0xFF, 0xC0,
    0x0F, 0xFF, 0xFE, 0x00, 0xFF, 0xFF, 0xE0, 0x0F, 0xFF, 0xFE, 0x00, 0xFF, 0xFF, 0xE0, 0x0F, 0xFF,
    0xFC, 0x00, 0x7F, 0xFF, 0xE0, 0x0F, 0xFF, 0xF8, 0x00, 0x3F, 0xFF, 0xE0, 0x0F, 0xFF, 0xF8, 0x00,
    0x3F, 0xFF, 0xE0, 0x0F, 0xFF, 0xF8, 0x00, 0x3F, 0xFF, 0xE0, 0x0F, 0xFF, 0xF8, 0x00, 0x3F, 0xFF,
    0xF0, 0x0F, 0xFF, 0xF0, 0x00, 0x1F, 0xFF, 0xF0, 0x0F, 0xFF, 0xF0, 0x00, 0x1F, 0xFF, 0xF0, 0x0F,
    0xFF, 0xF0, 0x00, 0x1F, 0xFF, 0xF0, 0x0F, 0xFF, 0xF0, 0x00, 0x1F, 0xFF, 0xF0, 0x0F, 0xFF, 0xF0,
    0x00, 0x1F, 0xFF, 0xF0, 0x0F, 0xFF, 0xF0, 0x00, 0x1F, 0xFF, 0xF0, 0x0F, 0xFF, 0xF0, 0x00, 0x3F,
    0xFF, 0xF0, 0x0F, 0xFF, 0xF8, 0x00, 0x3F, 0xFF, 0xF0, 0x0F, 0xFF, 0xF8, 0x00, 0x3F, 0xFF, 0xE0,
    0x0F, 0xFF, 0xF8, 0x00, 0x3F, 0xFF, 0xE0, 0x0F, 0xFF, 0xFC, 0x00, 0x7F, 0xFF, 0xE0, 0x0F, 0xFF,
    0xFC, 0x00, 0x7F, 0xFF, 0xE0, 0x0F, 0xFF, 0xFE, 0x00, 0xFF, 0xFF, 0xE0, 0x0F, 0xFF, 0xFF, 0x01,
    0xFF, 0xFF, 0xC0, 0x0F, 0xFF, 0xFF, 0xEF, 0xFF, 0xFF, 0xC0, 0x0F, 0xFF, 0xFF, 0xFF, 0xFF, 0xFF,
    0xC0, 0x0F, 0xFF, 0xFF, 0xFF, 0xFF, 0xFF, 0x80, 0x0F, 0xFF, 0xFF, 0xFF, 0xFF, 0xFF, 0x80, 0x0F,
    0xFF, 0xFF, 0xFF, 0xFF, 0xFF, 0x00, 0x0F, 0xFF, 0xFF, 0xFF, 0xFF, 0xFF, 0x00, 0x0F, 0xFF, 0xFB,
    0xFF, 0xFF, 0xFE, 0x00, 0x0F, 0xFF, 0xFB, 0xFF, 0xFF, 0xFC, 0x00, 0x0F, 0xFF, 0xF9, 0xFF, 0xFF,
    0xF8, 0x00, 0x0F, 0xFF, 0xF8, 0xFF, 0xFF, 0xF0, 0x00, 0x0F, 0xFF, 0xF8, 0x7F, 0xFF, 0xE0, 0x00,
    0x0F, 0xFF, 0xF8, 0x1F, 0xFF, 0x80, 0x00, 0x00, 0x00, 0x00, 0x03, 0xFC, 0x00, 0x00, 0x00, 0x00,
    0x00, 0x20, 0x00, 0x00, 0x00, 0x00, 0x00, 0x3F, 0xFF, 0xC0, 0x00, 0x00, 0x00, 0x01, 0xFF, 0xFF,
    0xF8, 0x00, 0x00, 0x00, 0x07, 0xFF, 0xFF, 0xFE, 0x00, 0x00, 0x00, 0x0F, 0xFF, 0xFF, 0xFF, 0x80,
    0x00, 0x00, 0x1F, 0xFF, 0xFF, 0xFF, 0xC0, 0x00, 0x00, 0x7F, 0xFF, 0xFF, 0xFF, 0xE0, 0x00, 0x00,
    0xFF, 0xFF, 0xFF, 0xFF, 0xF0, 0x00, 0x00, 0xFF, 0xFF, 0xFF, 0xFF, 0xF8, 0x00, 0x01, 0xFF, 0xFF,
    0xFF, 0xFF, 0xF8, 0x00, 0x03, 0xFF, 0xFF, 0xFF, 0xFF, 0xFC, 0x00, 0x03, 0xFF, 0xFF, 0xFF, 0xFF,
    0xFC, 0x00, 0x07, 0xFF, 0xFF, 0xFF, 0xFF, 0xFE, 0x00, 0x07, 0xFF, 0xFF, 0x07, 0xFF, 0xFE, 0x00,
    0x0F, 0xFF, 0xFC, 0x01, 0xFF, 0xFF, 0x00, 0x0F, 0xFF, 0xF8, 0x01, 0xFF, 0xFF, 0x00, 0x1F, 0xFF,
    0xF8, 0x00, 0xFF, 0xFF, 0x00, 0x1F, 0xFF, 0xF0, 0x00, 0xFF, 0xFF, 0x00, 0x1F, 0xFF, 0xF0, 0x00,
    0x7F, 0xF8, 0x00, 0x1F, 0xFF, 0xF0, 0x00, 0x7E, 0x00, 0x00, 0x1F, 0xFF, 0xF0, 0x00, 0x00, 0x00,
    0x00, 0x1F, 0xFF, 0xE0, 0x00, 0x00, 0x00, 0x00, 0x1F, 0xFF, 0xE0, 0x00, 0x00, 0x00, 0x00, 0x1F,
    0xFF, 0xE0, 0x00, 0x00, 0x00, 0x00, 0x1F, 0xFF, 0xE0, 0x00, 0x00, 0x00, 0x00, 0x1F, 0xFF, 0xE0,
    0x00, 0x00, 0x00, 0x00, 0x1F, 0xFF, 0xE0, 0x00, 0x00, 0x00, 0x00, 0x1F, 0xFF, 0xF0, 0x00, 0x00,
    0x00, 0x00, 0x1F, 0xFF, 0xF0, 0x00, 0x78, 0x00, 0x00, 0x1F, 0xFF, 0xF0, 0x00, 0x7F, 0xF0, 0x00,
    0x1F, 0xFF, 0xF0, 0x00, 0xFF, 0xFF, 0x00, 0x1F, 0xFF, 0xF8, 0x00, 0xFF, 0xFF, 0x00, 0x0F, 0xFF,
    0xF8, 0x00, 0xFF, 0xFF, 0x00, 0x0F, 0xFF, 0xFC, 0x01, 0xFF, 0xFF, 0x00, 0x0F, 0xFF, 0xFE, 0x03,
    0xFF, 0xFE, 0x00, 0x07, 0xFF, 0xFF, 0xDF, 0xFF, 0xFE, 0x00, 0x07, 0xFF, 0xFF, 0xFF, 0xFF, 0xFE,
    0x00, 0x03, 0xFF, 0xFF, 0xFF, 0xFF, 0xFC, 0x00, 0x03, 0xFF, 0xFF, 0xFF, 0xFF, 0xFC, 0x00, 0x01,
    0xFF, 0xFF, 0xFF, 0xFF, 0xF8, 0x00, 0x00, 0xFF, 0xFF, 0xFF, 0xFF, 0xF0, 0x00, 0x00, 0x7F, 0xFF,
    0xFF, 0xFF, 0xE0, 0x00, 0x00, 0x3F, 0xFF, 0xFF, 0xFF, 0xC0, 0x00, 0x00, 0x1F, 0xFF, 0xFF, 0xFF,
    0x80, 0x00, 0x00, 0x07, 0xFF, 0xFF, 0xFF, 0x00, 0x00, 0x00, 0x03, 0xFF, 0xFF, 0xFC, 0x00, 0x00,
    0x00, 0x00, 0x7F, 0xFF, 0xF0, 0x00, 0x00, 0x00, 0x00, 0x0F, 0xFF, 0x00, 0x00, 0x00, 0x00, 0x00,
    0x00, 0x00, 0x3F, 0xFF, 0xC0, 0x00, 0x00, 0x00, 0x00, 0x3F, 0xFF, 0xC0, 0x00, 0x00, 0x00, 0x00,
    0x3F, 0xFF, 0xC0, 0x00, 0x00, 0x00, 0x00, 0x3F, 0xFF, 0xC0, 0x00, 0x00, 0x00, 0x00, 0x3F, 0xFF,
    0xC0, 0x00, 0x00, 0x00, 0x00, 0x3F, 0xFF, 0xC0, 0x00, 0x00, 0x00, 0x00, 0x3F, 0xFF, 0xC0, 0x00,
    0x00, 0x00, 0x00, 0x3F, 0xFF, 0xC0, 0x00, 0x00, 0x00, 0x00, 0x3F, 0xFF, 0xC0, 0x00, 0x00, 0x00,
    0x00, 0x3F, 0xFF, 0xC0, 0x00, 0x00, 0x00, 0x00, 0x3F, 0xFF, 0xC0, 0x00, 0x00, 0x00, 0x00, 0x3F,
    0xFF, 0xC0, 0x00, 0x00, 0x00, 0x00, 0x3F, 0xFF, 0xC0, 0x00, 0x00, 0x00, 0x00, 0x3F, 0xFF, 0xC0,
    0x00, 0x00, 0x00, 0x00, 0x3F, 0xFF, 0xC0, 0x00, 0x00, 0x08, 0x00, 0x3F, 0xFF, 0xC0, 0x00, 0x01,
    0xFF, 0xC0, 0x3F, 0xFF, 0xC0, 0x00, 0x07, 0xFF, 0xF0, 0x3F, 0xFF, 0xC0, 0x00, 0x1F, 0xFF, 0xF8,
    0x3F, 0xFF, 0xC0, 0x00, 0x3F, 0xFF, 0xFC, 0x3F, 0xFF, 0xC0, 0x00, 0x7F, 0xFF, 0xFE, 0x3F, 0xFF,
    0xC0, 0x00, 0xFF, 0xFF, 0xFF, 0x3F, 0xFF, 0xC0, 0x01, 0xFF, 0xFF, 0xFF, 0xBF, 0xFF, 0xC0, 0x03,
    0xFF, 0xFF, 0xFF, 0xBF, 0xFF, 0xC0, 0x03, 0xFF, 0xFF, 0xFF, 0xFF, 0xFF, 0xC0, 0x07, 0xFF, 0xFF,
    0xFF, 0xFF, 0xFF, 0xC0, 0x07, 0xFF, 0xFF, 0xFF, 0xFF, 0xFF, 0xC0, 0x0F, 0xFF, 0xFF, 0xFF, 0xFF,
    0xFF, 0xC0, 0x0F, 0xFF, 0xFF, 0x07, 0xFF, 0xFF, 0xC0, 0x0F, 0xFF, 0xFE, 0x01, 0xFF, 0xFF, 0xC0,
    0x1F, 0xFF, 0xFC, 0x00, 0xFF, 0xFF, 0xC0, 0x1F, 0xFF, 0xF8, 0x00, 0xFF, 0xFF, 0xC0, 0x1F, 0xFF,
    0xF8, 0x00, 0x7F, 0xFF, 0xC0, 0x1F, 0xFF, 0xF0, 0x00, 0x7F, 0xFF, 0xC0, 0x1F, 0xFF, 0xF0, 0x00,
    0x7F, 0xFF, 0xC0, 0x1F, 0xFF, 0xF0, 0x00, 0x3F, 0xFF, 0xC0, 0x1F, 0xFF, 0xF0, 0x00, 0x3F, 0xFF,
    0xC0, 0x1F, 0xFF, 0xF0, 0x00, 0x3F, 0xFF, 0xC0, 0x1F, 0xFF, 0xF0, 0x00, 0x3F, 0xFF, 0xC0, 0x1F,
    0xFF, 0xF0, 0x00, 0x3F, 0xFF, 0xC0, 0x1F, 0xFF, 0xF0, 0x00, 0x3F, 0xFF, 0xC0, 0x1F, 0xFF, 0xF0,
    0x00, 0x3F, 0xFF, 0xC0, 0x1F, 0xFF, 0xF0, 0x00, 0x3F, 0xFF, 0xC0, 0x1F, 0xFF, 0xF0, 0x00, 0x3F,
    0xFF, 0xC0, 0x1F, 0xFF, 0xF0, 0x00, 0x7F, 0xFF, 0xC0, 0x1F, 0xFF, 0xF0, 0x00, 0x7F, 0xFF, 0xC0,
    0x1F, 0xFF, 0xF8, 0x00, 0x7F, 0xFF, 0xC0, 0x1F, 0xFF, 0xF8, 0x00, 0xFF, 0xFF, 0xC0, 0x0F, 0xFF,
    0xFC, 0x01, 0xFF, 0xFF, 0xC0, 0x0F, 0xFF, 0xFE, 0x03, 0xFF, 0xFF, 0xC0, 0x0F, 0xFF, 0xFF, 0xDF,
    0xFF, 0xFF, 0xC0, 0x07, 0xFF, 0xFF, 0xFF, 0xFF, 0xFF, 0xC0, 0x07, 0xFF, 0xFF, 0xFF, 0xFF, 0xFF,
    0xC0, 0x07, 0xFF, 0xFF, 0xFF, 0xFF, 0xFF, 0xC0, 0x03, 0xFF, 0xFF, 0xFF, 0xFF, 0xFF, 0xC0, 0x01,
    0xFF, 0xFF, 0xFF, 0xBF, 0xFF, 0xC0, 0x01, 0xFF, 0xFF, 0xFF, 0xBF, 0xFF, 0xC0, 0x00, 0xFF, 0xFF,
    0xFF, 0x3F, 0xFF, 0xC0, 0x00, 0x7F, 0xFF, 0xFE, 0x3F, 0xFF, 0xC0, 0x00, 0x3F, 0xFF, 0xFC, 0x3F,
    0xFF, 0xC0, 0x00, 0x0F, 0xFF, 0xF8, 0x3F, 0xFF, 0xC0, 0x00, 0x03, 0xFF, 0xE0, 0x3F, 0xFF, 0xC0,
    0x00, 0x00, 0x7F, 0x80, 0x00, 0x00, 0x00, 0x00, 0x00, 0x00, 0x40, 0x00, 0x00, 0x00, 0x00, 0x00,
    0x3F, 0xFF, 0x80, 0x00, 0x00, 0x00, 0x01, 0xFF, 0xFF, 0xF0, 0x00, 0x00, 0x00, 0x07, 0xFF, 0xFF,
    0xFC, 0x00, 0x00, 0x00, 0x0F, 0xFF, 0xFF, 0xFF, 0x00, 0x00, 0x00, 0x3F, 0xFF, 0xFF, 0xFF, 0x80,
    0x00, 0x00, 0x7F, 0xFF, 0xFF, 0xFF, 0xC0, 0x00, 0x00, 0xFF, 0xFF, 0xFF, 0xFF, 0xE0, 0x00, 0x00,
    0xFF, 0xFF, 0xFF, 0xFF, 0xF0, 0x00, 0x01, 0xFF, 0xFF, 0xFF, 0xFF, 0xF8, 0x00, 0x03, 0xFF, 0xFF,
    0xFF, 0xFF, 0xF8, 0x00, 0x03, 0xFF, 0xFF, 0xFF, 0xFF, 0xFC, 0x00, 0x07, 0xFF, 0xFF, 0xFF, 0xFF,
    0xFC, 0x00, 0x07, 0xFF, 0xFC, 0x03, 0xFF, 0xFE, 0x00, 0x0F, 0xFF, 0xF8, 0x01, 0xFF, 0xFE, 0x00,
    0x0F, 0xFF, 0xF0, 0x00, 0xFF, 0xFE, 0x00, 0x1F, 0xFF, 0xE0, 0x00, 0xFF, 0xFF, 0x00, 0x1F, 0xFF,
    0xE0, 0x00, 0x7F, 0xFF, 0x00, 0x1F, 0xFF, 0xE0, 0x00, 0x7F, 0xFF, 0x00, 0x1F, 0xFF, 0xFF, 0xFF,
    0xFF, 0xFF, 0x00, 0x1F, 0xFF, 0xFF, 0xFF, 0xFF, 0xFF, 0x00, 0x1F, 0xFF, 0xFF, 0xFF, 0xFF, 0xFF,
    0x00, 0x1F, 0xFF, 0xFF, 0xFF, 0xFF, 0xFF, 0x80, 0x1F, 0xFF, 0xFF, 0xFF, 0xFF, 0xFF, 0x80, 0x1F,
    0xFF, 0xFF, 0xFF, 0xFF, 0xFF, 0x80, 0x1F, 0xFF, 0xFF, 0xFF, 0xFF, 0xFF, 0x80, 0x1F, 0xFF, 0xFF,
    0xFF, 0xFF, 0xFF, 0x80, 0x1F, 0xFF, 0xFF, 0xFF, 0xFF, 0xFF, 0x80, 0x1F, 0xFF, 0xE0, 0x00, 0x00,
    0x00, 0x00, 0x1F, 0xFF, 0xE0, 0x00, 0x00, 0x00, 0x00, 0x1F, 0xFF, 0xE0, 0x00, 0x00, 0x00, 0x00,
    0x1F, 0xFF, 0xE0, 0x00, 0x00, 0x00, 0x00, 0x0F, 0xFF, 0xF0, 0x00, 0x60, 0x00, 0x00, 0x0F, 0xFF,
    0xF0, 0x00, 0x7F, 0xC0, 0x00, 0x0F, 0xFF, 0xFC, 0x00, 0xFF, 0xFF, 0x00, 0x07, 0xFF, 0xFE, 0x03,
    0xFF, 0xFE, 0x00, 0x07, 0xFF, 0xFF, 0xFF, 0xFF, 0xFE, 0x00, 0x03, 0xFF, 0xFF, 0xFF, 0xFF, 0xFE,
    0x00, 0x03, 0xFF, 0xFF, 0xFF, 0xFF, 0xFC, 0x00, 0x01, 0xFF, 0xFF, 0xFF, 0xFF, 0xFC, 0x00, 0x00,
    0xFF, 0xFF, 0xFF, 0xFF, 0xF8, 0x00, 0x00, 0x7F, 0xFF, 0xFF, 0xFF, 0xF0, 0x00, 0x00, 0x3F, 0xFF,
    0xFF, 0xFF, 0xE0, 0x00, 0x00, 0x1F, 0xFF, 0xFF, 0xFF, 0xC0, 0x00, 0x00, 0x0F, 0xFF, 0xFF, 0xFF,
    0x00, 0x00, 0x00, 0x03, 0xFF, 0xFF, 0xFC, 0x00, 0x00, 0x00, 0x00, 0xFF, 0xFF, 0xF0, 0x00, 0x00,
    0x00, 0x00, 0x0F, 0xFF, 0x00, 0x00, 0x00, 0x00, 0x00, 0x3F, 0xFF, 0x80, 0x00, 0x00, 0xFF, 0xFF,
    0xE0, 0x00, 0x03, 0xFF, 0xFF, 0xE0, 0x00, 0x07, 0xFF, 0xFF, 0xE0, 0x00, 0x0F, 0xFF, 0xFF, 0xC0,
    0x00, 0x1F, 0xFF, 0xFF, 0xC0, 0x00, 0x3F, 0xFF, 0xFF, 0xC0, 0x00, 0x3F, 0xFF, 0xFF, 0xC0, 0x00,
    0x7F, 0xFF, 0xFF, 0xC0, 0x00, 0x7F, 0xFF, 0xFF, 0x80, 0x00, 0x7F, 0xFF, 0xFF, 0x80, 0x00, 0x7F,
    0xFF, 0xFF, 0x80, 0x00, 0xFF, 0xFF, 0xC0, 0x80, 0x00, 0xFF, 0xFF, 0x80, 0x00, 0x00, 0xFF, 0xFF,
    0x80, 0x00, 0x00, 0xFF, 0xFF, 0x80, 0x00, 0x00, 0xFF, 0xFF, 0x80, 0x00, 0x00, 0xFF, 0xFF, 0x80,
    0x00, 0x7F, 0xFF, 0xFF, 0xFF, 0x80, 0x7F, 0xFF, 0xFF, 0xFF, 0x80, 0x7F, 0xFF, 0xFF, 0xFF, 0x80,
    0x7F, 0xFF, 0xFF, 0xFF, 0x80, 0x7F, 0xFF, 0xFF, 0xFF, 0x80, 0x7F, 0xFF, 0xFF, 0xFF, 0x80, 0x7F,
    0xFF, 0xFF, 0xFF, 0x80, 0x7F, 0xFF, 0xFF, 0xFF, 0x80, 0x7F, 0xFF, 0xFF, 0xFF, 0x80, 0x7F, 0xFF,
    0xFF, 0xFF, 0x80, 0x7F, 0xFF, 0xFF, 0xFF, 0x80, 0x7F, 0xFF, 0xFF, 0xFF, 0x80, 0x00, 0xFF, 0xFF,
    0x80, 0x00, 0x00, 0xFF, 0xFF, 0x80, 0x00, 0x00, 0xFF, 0xFF, 0x80, 0x00, 0x00, 0xFF, 0xFF, 0x80,
    0x00, 0x00, 0xFF, 0xFF, 0x80, 0x00, 0x00, 0xFF, 0xFF, 0x80, 0x00, 0x00, 0xFF, 0xFF, 0x80, 0x00,
    0x00, 0xFF, 0xFF, 0x80, 0x00, 0x00, 0xFF, 0xFF, 0x80, 0x00, 0x00, 0xFF, 0xFF, 0x80, 0x00, 0x00,
    0xFF, 0xFF, 0x80, 0x00, 0x00, 0xFF, 0xFF, 0x80, 0x00, 0x00, 0xFF, 0xFF, 0x80, 0x00, 0x00, 0xFF,
    0xFF, 0x80, 0x00, 0x00, 0xFF, 0xFF, 0x80, 0x00, 0x00, 0xFF, 0xFF, 0x80, 0x00, 0x00, 0xFF, 0xFF,
    0x80, 0x00, 0x00, 0xFF, 0xFF, 0x80, 0x00, 0x00, 0xFF, 0xFF, 0x80, 0x00, 0x00, 0xFF, 0xFF, 0x80,
    0x00, 0x00, 0xFF, 0xFF, 0x80, 0x00, 0x00, 0xFF, 0xFF, 0x80, 0x00, 0x00, 0xFF, 0xFF, 0x80, 0x00,
    0x00, 0xFF, 0xFF, 0x80, 0x00, 0x00, 0xFF, 0xFF, 0x80, 0x00, 0x00, 0xFF, 0xFF, 0x80, 0x00, 0x00,
    0xFF, 0xFF, 0x80, 0x00, 0x00, 0xFF, 0xFF, 0x80, 0x00, 0x00, 0xFF, 0xFF, 0x80, 0x00, 0x00, 0xFF,
    0xFF, 0x80, 0x00, 0x00, 0xFF, 0xFF, 0x80, 0x00, 0x00, 0xFF, 0xFF, 0x80, 0x00, 0x00, 0xFF, 0xFF,
    0x80, 0x00, 0x00, 0xFF, 0xFF, 0x80, 0x00, 0x00, 0x00, 0x00, 0x00, 0x00, 0x00, 0x00, 0x08, 0x00,
    0x00, 0x00, 0x00, 0x00, 0x01, 0xFF, 0xC0, 0x3F, 0xFF, 0xC0, 0x00, 0x07, 0xFF, 0xF0, 0x3F, 0xFF,
    0xC0, 0x00, 0x1F, 0xFF, 0xF8, 0x3F, 0xFF, 0xC0, 0x00, 0x3F, 0xFF, 0xFE, 0x3F, 0xFF, 0xC0, 0x00,
    0x7F, 0xFF, 0xFE, 0x3F, 0xFF, 0xC0, 0x00, 0xFF, 0xFF, 0xFF, 0x3F, 0xFF, 0xC0, 0x01, 0xFF, 0xFF,
    0xFF, 0xBF, 0xFF, 0xC0, 0x03, 0xFF, 0xFF, 0xFF, 0xBF, 0xFF, 0xC0, 0x03, 0xFF, 0xFF, 0xFF, 0xFF,
    0xFF, 0xC0, 0x07, 0xFF, 0xFF, 0xFF, 0xFF, 0xFF, 0xC0, 0x07, 0xFF, 0xFF, 0xFF, 0xFF, 0xFF, 0xC0,
    0x0F, 0xFF, 0xFF, 0xFF, 0xFF, 0xFF, 0xC0, 0x0F, 0xFF, 0xFF, 0x07, 0xFF, 0xFF, 0xC0, 0x0F, 0xFF,
    0xFE, 0x01, 0xFF, 0xFF, 0xC0, 0x1F, 0xFF, 0xFC, 0x00, 0xFF, 0xFF, 0xC0, 0x1F, 0xFF, 0xF8, 0x00,
    0xFF, 0xFF, 0xC0, 0x1F, 0xFF, 0xF8, 0x00, 0x7F, 0xFF, 0xC0, 0x1F, 0xFF, 0xF0, 0x00, 0x7F, 0xFF,
    0xC0, 0x1F, 0xFF, 0xF0, 0x00, 0x7F, 0xFF, 0xC0, 0x1F, 0xFF, 0xF0, 0x00, 0x3F, 0xFF, 0xC0, 0x1F,
    0xFF, 0xF0, 0x00, 0x3F, 0xFF, 0xC0, 0x1F, 0xFF, 0xF0, 0x00, 0x3F, 0xFF, 0xC0, 0x1F, 0xFF, 0xF0,
    0x00, 0x3F, 0xFF, 0xC0, 0x1F, 0xFF, 0xF0, 0x00, 0x3F, 0xFF, 0xC0, 0x1F, 0xFF, 0xF0, 0x00, 0x3F,
    0xFF, 0xC0, 0x1F, 0xFF, 0xF0, 0x00, 0x3F, 0xFF, 0xC0, 0x1F, 0xFF, 0xF0, 0x00, 0x3F, 0xFF, 0xC0,
    0x1F, 0xFF, 0xF0, 0x00, 0x7F, 0xFF, 0xC0, 0x1F, 0xFF, 0xF0, 0x00, 0x7F, 0xFF, 0xC0, 0x1F, 0xFF,
    0xF8, 0x00, 0x7F, 0xFF, 0xC0, 0x1F, 0xFF, 0xF8, 0x00, 0xFF, 0xFF, 0xC0, 0x1F, 0xFF, 0xFC, 0x01,
    0xFF, 0xFF, 0xC0, 0x0F, 0xFF, 0xFE, 0x03, 0xFF, 0xFF, 0xC0, 0x0F, 0xFF, 0xFF, 0xDF, 0xFF, 0xFF,
    0xC0, 0x0F, 0xFF, 0xFF, 0xFF, 0xFF, 0xFF, 0xC0, 0x07, 0xFF, 0xFF, 0xFF, 0xFF, 0xFF, 0xC0, 0x07,
    0xFF, 0xFF, 0xFF, 0xFF, 0xFF, 0xC0, 0x03, 0xFF, 0xFF, 0xFF, 0xFF, 0xFF, 0xC0, 0x03, 0xFF, 0xFF,
    0xFF, 0xBF, 0xFF, 0xC0, 0x01, 0xFF, 0xFF, 0xFF, 0x3F, 0xFF, 0xC0, 0x00, 0xFF, 0xFF, 0xFF, 0x3F,
    0xFF, 0xC0, 0x00, 0x7F, 0xFF, 0xFE, 0x3F, 0xFF, 0xC0, 0x00, 0x3F, 0xFF, 0xFC, 0x3F, 0xFF, 0xC0,
    0x00, 0x1F, 0xFF, 0xF8, 0x3F, 0xFF, 0xC0, 0x00, 0x07, 0xFF, 0xE0, 0x3F, 0xFF, 0xC0, 0x00, 0x00,
    0xFF, 0x80, 0x3F, 0xFF, 0xC0, 0x00, 0x00, 0x00, 0x00, 0x3F, 0xFF, 0xC0, 0x00, 0x00, 0x00, 0x00,
    0x3F, 0xFF, 0xC0, 0x00, 0x00, 0x00, 0x00, 0x7F, 0xFF, 0xC0, 0x00, 0x03, 0xE0, 0x00, 0x7F, 0xFF,
    0x80, 0x07, 0xFF, 0xF0, 0x00, 0xFF, 0xFF, 0x80, 0x0F, 0xFF, 0xFC, 0x03, 0xFF, 0xFF, 0x80, 0x0F,
    0xFF, 0xFF, 0xFF, 0xFF, 0xFF, 0x00, 0x07, 0xFF, 0xFF, 0xFF, 0xFF, 0xFF, 0x00, 0x07, 0xFF, 0xFF,
    0xFF, 0xFF, 0xFE, 0x00, 0x03, 0xFF, 0xFF, 0xFF, 0xFF, 0xFC, 0x00, 0x01, 0xFF, 0xFF, 0xFF, 0xFF,
    0xF8, 0x00, 0x00, 0xFF, 0xFF, 0xFF, 0xFF, 0xF0, 0x00, 0x00, 0x7F, 0xFF, 0xFF, 0xFF, 0xE0, 0x00,
    0x00, 0x1F, 0xFF, 0xFF, 0xFF, 0x80, 0x00, 0x00, 0x0F, 0xFF, 0xFF, 0xFE, 0x00, 0x00, 0x00, 0x01,
    0xFF, 0xFF, 0xF8, 0x00, 0x00, 0x00, 0x00, 0x1F, 0xFF, 0x00, 0x00, 0x00, 0x0F, 0xFF, 0xF0, 0x00,
    0x00, 0x00, 0x00, 0x0F, 0xFF, 0xF0, 0x00, 0x00, 0x00, 0x00, 0x0F, 0xFF, 0xF0, 0x00, 0x00, 0x00,
    0x00, 0x0F, 0xFF, 0xF0, 0x00, 0x00, 0x00, 0x00, 0x0F, 0xFF, 0xF0, 0x00, 0x00, 0x00, 0x00, 0x0F,
    0xFF, 0xF0, 0x00, 0x00, 0x00, 0x00, 0x0F, 0xFF, 0xF0, 0x00, 0x00, 0x00, 0x00, 0x0F, 0xFF, 0xF0,
    0x00, 0x00, 0x00, 0x00, 0x0F, 0xFF, 0xF0, 0x00, 0x00, 0x00, 0x00, 0x0F, 0xFF, 0xF0, 0x00, 0x00,
    0x00, 0x00, 0x0F, 0xFF, 0xF0, 0x00, 0x00, 0x00, 0x00, 0x0F, 0xFF, 0xF0, 0x00, 0x00, 0x00, 0x00,
    0x0F, 0xFF, 0xF0, 0x00, 0x00, 0x00, 0x00, 0x0F, 0xFF, 0xF0, 0x00, 0x00, 0x00, 0x00, 0x0F, 0xFF,
    0xF0, 0x00, 0x00, 0x00, 0x00, 0x0F, 0xFF, 0xF0, 0x00, 0x20, 0x00, 0x00, 0x0F, 0xFF, 0xF0, 0x07,
    0xFF, 0x00, 0x00, 0x0F, 0xFF, 0xF0, 0x1F, 0xFF, 0xC0, 0x00, 0x0F, 0xFF, 0xF0, 0x7F, 0xFF, 0xF0,
    0x00, 0x0F, 0xFF, 0xF0, 0xFF, 0xFF, 0xF8, 0x00, 0x0F, 0xFF, 0xF1, 0xFF, 0xFF, 0xFC, 0x00, 0x0F,
    0xFF, 0xF1, 0xFF, 0xFF, 0xFE, 0x00, 0x0F, 0xFF, 0xF3, 0xFF, 0xFF, 0xFF, 0x00, 0x0F, 0xFF, 0xF7,
    0xFF, 0xFF, 0xFF, 0x00, 0x0F, 0xFF, 0xF7, 0xFF, 0xFF, 0xFF, 0x80, 0x0F, 0xFF, 0xFF, 0xFF, 0xFF,
    0xFF, 0x80, 0x0F, 0xFF, 0xFF, 0xFF, 0xFF, 0xFF, 0x80, 0x0F, 0xFF, 0xFF, 0xFF, 0xFF, 0xFF, 0xC0,
    0x0F, 0xFF, 0xFF, 0xFF, 0xFF, 0xFF, 0xC0, 0x0F, 0xFF, 0xFF, 0xFF, 0xFF, 0xFF, 0xC0, 0x0F, 0xFF,
    0xFF, 0x01, 0xFF, 0xFF, 0xC0, 0x0F, 0xFF, 0xFC, 0x00, 0xFF, 0xFF, 0xC0, 0x0F, 0xFF, 0xFC, 0x00,
    0x7F, 0xFF, 0xC0, 0x0F, 0xFF, 0xF8, 0x00, 0x7F, 0xFF, 0xC0, 0x0F, 0xFF, 0xF8, 0x00, 0x3F, 0xFF,
    0xC0, 0x0F, 0xFF, 0xF8, 0x00, 0x3F, 0xFF, 0xC0, 0x0F, 0xFF, 0xF8, 0x00, 0x3F, 0xFF, 0xC0, 0x0F,
    0xFF, 0xF8, 0x00, 0x3F, 0xFF, 0xC0, 0x0F, 0xFF, 0xF8, 0x00, 0x3F, 0xFF, 0xC0, 0x0F, 0xFF, 0xF8,
    0x00, 0x3F, 0xFF, 0xC0, 0x0F, 0xFF, 0xF8, 0x00, 0x3F, 0xFF, 0xC0, 0x0F, 0xFF, 0xF8, 0x00, 0x3F,
    0xFF, 0xC0, 0x0F, 0xFF, 0xF8, 0x00, 0x3F, 0xFF, 0xC0, 0x0F, 0xFF, 0xF8, 0x00, 0x3F, 0xFF, 0xC0,
    0x0F, 0xFF, 0xF8, 0x00, 0x3F, 0xFF, 0xC0, 0x0F, 0xFF, 0xF8, 0x00, 0x3F, 0xFF, 0xC0, 0x0F, 0xFF,
    0xF8, 0x00, 0x3F, 0xFF, 0xC0, 0x0F, 0xFF, 0xF8, 0x00, 0x3F, 0xFF, 0xC0, 0x0F, 0xFF, 0xF8, 0x00,
    0x3F, 0xFF, 0xC0, 0x0F, 0xFF, 0xF8, 0x00, 0x3F, 0xFF, 0xC0, 0x0F, 0xFF, 0xF8, 0x00, 0x3F, 0xFF,
    0xC0, 0x0F, 0xFF, 0xF8, 0x00, 0x3F, 0xFF, 0xC0, 0x0F, 0xFF, 0xF8, 0x00, 0x3F, 0xFF, 0xC0, 0x0F,
    0xFF, 0xF8, 0x00, 0x3F, 0xFF, 0xC0, 0x0F, 0xFF, 0xF8, 0x00, 0x3F, 0xFF, 0xC0, 0x0F, 0xFF, 0xF8,
    0x00, 0x3F, 0xFF, 0xC0, 0x0F, 0xFF, 0xF8, 0x00, 0x3F, 0xFF, 0xC0, 0x0F, 0xFF, 0xF8, 0x00, 0x3F,
    0xFF, 0xC0, 0x0F, 0xFF, 0xF8, 0x00, 0x3F, 0xFF, 0xC0, 0x0F, 0xFF, 0xF8, 0x00, 0x3F, 0xFF, 0xC0,
    0x0F, 0xFF, 0xF8, 0x00, 0x3F, 0xFF, 0xC0, 0x0F, 0xFF, 0xF8, 0x00, 0x3F, 0xFF, 0xC0, 0x00, 0x7E,
    0x00, 0x00, 0x01, 0xFF, 0x80, 0x00, 0x03, 0xFF, 0xC0, 0x00, 0x07, 0xFF, 0xE0, 0x00, 0x07, 0xFF,
    0xF0, 0x00, 0x07, 0xFF, 0xF0, 0x00, 0x0F, 0xFF, 0xF0, 0x00, 0x0F, 0xFF, 0xF8, 0x00, 0x0F, 0xFF,
    0xF0, 0x00, 0x07, 0xFF, 0xF0, 0x00, 0x07, 0xFF, 0xF0, 0x00, 0x07, 0xFF, 0xE0, 0x00, 0x03, 0xFF,
    0xC0, 0x00, 0x01, 0xFF, 0x80, 0x00, 0x00, 0x7E, 0x00, 0x00, 0x00, 0x00, 0x00, 0x00, 0x00, 0x00,
    0x00, 0x00, 0x00, 0x00, 0x00, 0x00, 0x00, 0x00, 0x00, 0x00, 0x00, 0x00, 0x00, 0x00, 0x0F, 0xFF,
    0xF8, 0x00, 0x0F, 0xFF, 0xF8, 0x00, 0x0F, 0xFF, 0xF8, 0x00, 0x0F, 0xFF, 0xF8, 0x00, 0x0F, 0xFF,
    0xF8, 0x00, 0x0F, 0xFF, 0xF8, 0x00, 0x0F, 0xFF, 0xF8, 0x00, 0x0F, 0xFF, 0xF8, 0x00, 0x0F, 0xFF,
    0xF8, 0x00, 0x0F, 0xFF, 0xF8, 0x00, 0x0F, 0xFF, 0xF8, 0x00, 0x0F, 0xFF, 0xF8, 0x00, 0x0F, 0xFF,
    0xF8, 0x00, 0x0F, 0xFF, 0xF8, 0x00, 0x0F, 0xFF, 0xF8, 0x00, 0x0F, 0xFF, 0xF8, 0x00, 0x0F, 0xFF,
    0xF8, 0x00, 0x0F, 0xFF, 0xF8, 0x00, 0x0F, 0xFF, 0xF8, 0x00, 0x0F, 0xFF, 0xF8, 0x00, 0x0F, 0xFF,
    0xF8, 0x00, 0x0F, 0xFF, 0xF8, 0x00, 0x0F, 0xFF, 0xF8, 0x00, 0x0F, 0xFF, 0xF8, 0x00, 0x0F, 0xFF,
    0xF8, 0x00, 0x0F, 0xFF, 0xF8, 0x00, 0x0F, 0xFF, 0xF8, 0x00, 0x0F, 0xFF, 0xF8, 0x00, 0x0F, 0xFF,
    0xF8, 0x00, 0x0F, 0xFF, 0xF8, 0x00, 0x0F, 0xFF, 0xF8, 0x00, 0x0F, 0xFF, 0xF8, 0x00, 0x0F, 0xFF,
    0xF8, 0x00, 0x0F, 0xFF, 0xF8, 0x00, 0x0F, 0xFF, 0xF8, 0x00, 0x0F, 0xFF, 0xF8, 0x00, 0x0F, 0xFF,
    0xF8, 0x00, 0x0F, 0xFF, 0xF8, 0x00, 0x0F, 0xFF, 0xF8, 0x00, 0x0F, 0xFF, 0xF8, 0x00, 0x0F, 0xFF,
    0xF8, 0x00, 0x0F, 0xFF, 0xF8, 0x00, 0x0F, 0xFF, 0xF8, 0x00, 0x0F, 0xFF, 0xF8, 0x00, 0x0F, 0xFF,
    0xF8, 0x00, 0x0F, 0xFF, 0xF8, 0x00, 0x00, 0x0F, 0xC0, 0x00, 0x00, 0x1F, 0xF0, 0x00, 0x00, 0x7F,
    0xF8, 0x00, 0x00, 0x7F, 0xFC, 0x00, 0x00, 0xFF, 0xFE, 0x00, 0x00, 0xFF, 0xFE, 0x00, 0x01, 0xFF,
    0xFE, 0x00, 0x01, 0xFF, 0xFF, 0x00, 0x01, 0xFF, 0xFE, 0x00, 0x00, 0xFF, 0xFE, 0x00, 0x00, 0xFF,
    0xFE, 0x00, 0x00, 0x7F, 0xFC, 0x00, 0x00, 0x7F, 0xFC, 0x00, 0x00, 0x1F, 0xF0, 0x00, 0x00, 0x0F,
    0xC0, 0x00, 0x00, 0x00, 0x00, 0x00, 0x00, 0x00, 0x00, 0x00, 0x00, 0x00, 0x00, 0x00, 0x00, 0x00,
    0x00, 0x00, 0x00, 0x00, 0x00, 0x00, 0x01, 0xFF, 0xFF, 0x00, 0x01, 0xFF, 0xFF, 0x00, 0x01, 0xFF,
    0xFF, 0x00, 0x01, 0xFF, 0xFF, 0x00, 0x01, 0xFF, 0xFF, 0x00, 0x01, 0xFF, 0xFF, 0x00, 0x01, 0xFF,
    0xFF, 0x00, 0x01, 0xFF, 0xFF, 0x00, 0x01, 0xFF, 0xFF, 0x00, 0x01, 0xFF, 0xFF, 0x00, 0x01, 0xFF,
    0xFF, 0x00, 0x01, 0xFF, 0xFF, 0x00, 0x01, 0xFF, 0xFF, 0x00, 0x01, 0xFF, 0xFF, 0x00, 0x01, 0xFF,
    0xFF, 0x00, 0x01, 0xFF, 0xFF, 0x00, 0x01, 0xFF, 0xFF, 0x00, 0x01, 0xFF, 0xFF, 0x00, 0x01, 0xFF,
    0xFF, 0x00, 0x01, 0xFF, 0xFF, 0x00, 0x01, 0xFF, 0xFF, 0x00, 0x01, 0xFF, 0xFF, 0x00, 0x01, 0xFF,
    0xFF, 0x00, 0x01, 0xFF, 0xFF, 0x00, 0x01, 0xFF, 0xFF, 0x00, 0x01, 0xFF, 0xFF, 0x00, 0x01, 0xFF,
    0xFF, 0x00, 0x01, 0xFF, 0xFF, 0x00, 0x01, 0xFF, 0xFF, 0x00, 0x01, 0xFF, 0xFF, 0x00, 0x01, 0xFF,
    0xFF, 0x00, 0x01, 0xFF, 0xFF, 0x00, 0x01, 0xFF, 0xFF, 0x00, 0x01, 0xFF, 0xFF, 0x00, 0x01, 0xFF,
    0xFF, 0x00, 0x01, 0xFF, 0xFF, 0x00, 0x01, 0xFF, 0xFF, 0x00, 0x01, 0xFF, 0xFF, 0x00, 0x01, 0xFF,
    0xFF, 0x00, 0x01, 0xFF, 0xFF, 0x00, 0x01, 0xFF, 0xFF, 0x00, 0x01, 0xFF, 0xFF, 0x00, 0x01, 0xFF,
    0xFF, 0x00, 0x01, 0xFF, 0xFF, 0x00, 0x01, 0xFF, 0xFF, 0x00, 0x01, 0xFF, 0xFF, 0x00, 0x01, 0xFF,
    0xFF, 0x00, 0x01, 0xFF, 0xFF, 0x00, 0x01, 0xFF, 0xFF, 0x00, 0x03, 0xFF, 0xFF, 0x00, 0x1F, 0xFF,
    0xFE, 0x00, 0xFF, 0xFF, 0xFE, 0x00, 0xFF, 0xFF, 0xFE, 0x00, 0xFF, 0xFF, 0xFE, 0x00, 0xFF, 0xFF,
    0xFC, 0x00, 0xFF, 0xFF, 0xFC, 0x00, 0xFF, 0xFF, 0xF8, 0x00, 0xFF, 0xFF, 0xF8, 0x00, 0xFF, 0xFF,
    0xF0, 0x00, 0xFF, 0xFF, 0xC0, 0x00, 0xFF, 0xFF, 0x80, 0x00, 0xFF, 0xFC, 0x00, 0x00, 0xFF, 0xC0,
    0x00, 0x00, 0x0F, 0xFF, 0xF8, 0x00, 0x00, 0x00, 0x00, 0x0F, 0xFF, 0xF8, 0x00, 0x00, 0x00, 0x00,
    0x0F, 0xFF, 0xF8, 0x00, 0x00, 0x00, 0x00, 0x0F, 0xFF, 0xF8, 0x00, 0x00, 0x00, 0x00, 0x0F, 0xFF,
    0xF8, 0x00, 0x00, 0x00, 0x00, 0x0F, 0xFF, 0xF8, 0x00, 0x00, 0x00, 0x00, 0x0F, 0xFF, 0xF8, 0x00,
    0x00, 0x00, 0x00, 0x0F, 0xFF, 0xF8, 0x00, 0x00, 0x00, 0x00, 0x0F, 0xFF, 0xF8, 0x00, 0x00, 0x00,
    0x00, 0x0F, 0xFF, 0xF8, 0x00, 0x00, 0x00, 0x00, 0x0F, 0xFF, 0xF8, 0x00, 0x00, 0x00, 0x00, 0x0F,
    0xFF, 0xF8, 0x00, 0x00, 0x00, 0x00, 0x0F, 0xFF, 0xF8, 0x00, 0x00, 0x00, 0x00, 0x0F, 0xFF, 0xF8,
    0x00, 0x00, 0x00, 0x00, 0x0F, 0xFF, 0xF8, 0x00, 0x00, 0x00, 0x00, 0x0F, 0xFF, 0xF8, 0x00, 0x00,
    0x00, 0x00, 0x0F, 0xFF, 0xF8, 0x00, 0xFF, 0xFF, 0xE0, 0x0F, 0xFF, 0xF8, 0x01, 0xFF, 0xFF, 0xC0,
    0x0F, 0xFF, 0xF8, 0x01, 0xFF, 0xFF, 0x80, 0x0F, 0xFF, 0xF8, 0x03, 0xFF, 0xFF, 0x00, 0x0F, 0xFF,
    0xF8, 0x07, 0xFF, 0xFE, 0x00, 0x0F, 0xFF, 0xF8, 0x0F, 0xFF, 0xFE, 0x00, 0x0F, 0xFF, 0xF8, 0x0F,
    0xFF, 0xFC, 0x00, 0x0F, 0xFF, 0xF8, 0x1F, 0xFF, 0xF8, 0x00, 0x0F, 0xFF, 0xF8, 0x3F, 0xFF, 0xF0,
    0x00, 0x0F, 0xFF, 0xF8, 0x3F, 0xFF, 0xF0, 0x00, 0x0F, 0xFF, 0xF8, 0x7F, 0xFF, 0xE0, 0x00, 0x0F,
    0xFF, 0xF8, 0xFF, 0xFF, 0xC0, 0x00, 0x0F, 0xFF, 0xF9, 0xFF, 0xFF, 0x80, 0x00, 0x0F, 0xFF, 0xF9,
    0xFF, 0xFF, 0x80, 0x00, 0x0F, 0xFF, 0xFB, 0xFF, 0xFF, 0x00, 0x00, 0x0F, 0xFF, 0xFF, 0xFF, 0xFE,
    0x00, 0x00, 0x0F, 0xFF, 0xFF, 0xFF, 0xFC, 0x00, 0x00, 0x0F, 0xFF, 0xFF, 0xFF, 0xF8, 0x00, 0x00,
    0x0F, 0xFF, 0xFF, 0xFF, 0xF8, 0x00, 0x00, 0x0F, 0xFF, 0xFF, 0xFF, 0xF0, 0x00, 0x00, 0x0F, 0xFF,
    0xFF, 0xFF, 0xE0, 0x00, 0x00, 0x0F, 0xFF, 0xFF, 0xFF, 0xF0, 0x00, 0x00, 0x0F, 0xFF, 0xFF, 0xFF,
    0xF8, 0x00, 0x00, 0x0F, 0xFF, 0xFF, 0xFF, 0xF8, 0x00, 0x00, 0x0F, 0xFF, 0xFF, 0xFF, 0xFC, 0x00,
    0x00, 0x0F, 0xFF, 0xFF, 0xFF, 0xFE, 0x00, 0x00, 0x0F, 0xFF, 0xFF, 0xFF, 0xFE, 0x00, 0x00, 0x0F,
    0xFF, 0xFF, 0xFF, 0xFF, 0x00, 0x00, 0x0F, 0xFF, 0xFF, 0xFF, 0xFF, 0x00, 0x00, 0x0F, 0xFF, 0xFF,
    0xFF, 0xFF, 0x80, 0x00, 0x0F, 0xFF, 0xFF, 0xFF, 0xFF, 0xC0, 0x00, 0x0F, 0xFF, 0xFC, 0xFF, 0xFF,
    0xC0, 0x00, 0x0F, 0xFF, 0xF8, 0x7F, 0xFF, 0xE0, 0x00, 0x0F, 0xFF, 0xF8, 0x7F, 0xFF, 0xE0, 0x00,
    0x0F, 0xFF, 0xF8, 0x3F, 0xFF, 0xF0, 0x00, 0x0F, 0xFF, 0xF8, 0x3F, 0xFF, 0xF8, 0x00, 0x0F, 0xFF,
    0xF8, 0x1F, 0xFF, 0xF8, 0x00, 0x0F, 0xFF, 0xF8, 0x0F, 0xFF, 0xFC, 0x00, 0x0F, 0xFF, 0xF8, 0x0F,
    0xFF, 0xFE, 0x00, 0x0F, 0xFF, 0xF8, 0x07, 0xFF, 0xFE, 0x00, 0x0F, 0xFF, 0xF8, 0x07, 0xFF, 0xFF,
    0x00, 0x0F, 0xFF, 0xF8, 0x03, 0xFF, 0xFF, 0x00, 0x0F, 0xFF, 0xF8, 0x03, 0xFF, 0xFF, 0x80, 0x0F,
    0xFF, 0xF8, 0x01, 0xFF, 0xFF, 0xC0, 0x0F, 0xFF, 0xF8, 0x00, 0xFF, 0xFF, 0xC0, 0x0F, 0xFF, 0xF8,
    0x00, 0xFF, 0xFF, 0xE0, 0x0F, 0xFF, 0xF8, 0x00, 0x0F, 0xFF, 0xF8, 0x00, 0x0F, 0xFF, 0xF8, 0x00,
    0x0F, 0xFF, 0xF8, 0x00, 0x0F, 0xFF, 0xF8, 0x00, 0x0F, 0xFF, 0xF8, 0x00, 0x0F, 0xFF, 0xF8, 0x00,
    0x0F, 0xFF, 0xF8, 0x00, 0x0F, 0xFF, 0xF8, 0x00, 0x0F, 0xFF, 0xF8, 0x00, 0x0F, 0xFF, 0xF8, 0x00,
    0x0F, 0xFF, 0xF8, 0x00, 0x0F, 0xFF, 0xF8, 0x00, 0x0F, 0xFF, 0xF8, 0x00, 0x0F, 0xFF, 0xF8, 0x00,
    0x0F, 0xFF, 0xF8, 0x00, 0x0F, 0xFF, 0xF8, 0x00, 0x0F, 0xFF, 0xF8, 0x00, 0x0F, 0xFF, 0xF8, 0x00,
    0x0F, 0xFF, 0xF8, 0x00, 0x0F, 0xFF, 0xF8, 0x00, 0x0F, 0xFF, 0xF8, 0x00, 0x0F, 0xFF, 0xF8, 0x00,
    0x0F, 0xFF, 0xF8, 0x00, 0x0F, 0xFF, 0xF8, 0x00, 0x0F, 0xFF, 0xF8, 0x00, 0x0F, 0xFF, 0xF8, 0x00,
    0x0F, 0xFF, 0xF8, 0x00, 0x0F, 0xFF, 0xF8, 0x00, 0x0F, 0xFF, 0xF8, 0x00, 0x0F, 0xFF, 0xF8, 0x00,
    0x0F, 0xFF, 0xF8, 0x00, 0x0F, 0xFF, 0xF8, 0x00, 0x0F, 0xFF, 0xF8, 0x00, 0x0F, 0xFF, 0xF8, 0x00,
    0x0F, 0xFF, 0xF8, 0x00, 0x0F, 0xFF, 0xF8, 0x00, 0x0F, 0xFF, 0xF8, 0x00, 0x0F, 0xFF, 0xF8, 0x00,
    0x0F, 0xFF, 0xF8, 0x00, 0x0F, 0xFF, 0xF8, 0x00, 0x0F, 0xFF, 0xF8, 0x00, 0x0F, 0xFF, 0xF8, 0x00,
    0x0F, 0xFF, 0xF8, 0x00, 0x0F, 0xFF, 0xF8, 0x00, 0x0F, 0xFF, 0xF8, 0x00, 0x0F, 0xFF, 0xF8, 0x00,
    0x0F, 0xFF, 0xF8, 0x00, 0x0F, 0xFF, 0xF8, 0x00, 0x0F, 0xFF, 0xF8, 0x00, 0x0F, 0xFF, 0xF8, 0x00,
    0x0F, 0xFF, 0xF8, 0x00, 0x0F, 0xFF, 0xF8, 0x00, 0x0F, 0xFF, 0xF8, 0x00, 0x0F, 0xFF, 0xF8, 0x00,
    0x0F, 0xFF, 0xF8, 0x00, 0x0F, 0xFF, 0xF8, 0x00, 0x0F, 0xFF, 0xF8, 0x00, 0x0F, 0xFF, 0xF8, 0x00,
    0x0F, 0xFF, 0xF8, 0x00, 0x0F, 0xFF, 0xF8, 0x00, 0x0F, 0xFF, 0xF8, 0x00, 0x00, 0x00, 0x00, 0x00,
    0x40, 0x00, 0x00, 0x08, 0x00, 0x00, 0x0F, 0xFF, 0xE0, 0x0F, 0xFC, 0x00, 0x01, 0xFF, 0xC0, 0x00,
    0x0F, 0xFF, 0xE0, 0x3F, 0xFF, 0x00, 0x0F, 0xFF, 0xF0, 0x00, 0x0F, 0xFF, 0xE0, 0x7F, 0xFF, 0x80,
    0x1F, 0xFF, 0xFC, 0x00, 0x0F, 0xFF, 0xF0, 0xFF, 0xFF, 0xC0, 0x3F, 0xFF, 0xFE, 0x00, 0x0F, 0xFF,
    0xF1, 0xFF, 0xFF, 0xE0, 0x7F, 0xFF, 0xFF, 0x00, 0x0F, 0xFF, 0xF3, 0xFF, 0xFF, 0xE0, 0xFF, 0xFF,
    0xFF, 0x00, 0x0F, 0xFF, 0xF7, 0xFF, 0xFF, 0xF1, 0xFF, 0xFF, 0xFF, 0x80, 0x0F, 0xFF, 0xF7, 0xFF,
    0xFF, 0xF1, 0xFF, 0xFF, 0xFF, 0xC0, 0x0F, 0xFF, 0xFF, 0xFF, 0xFF, 0xFB, 0xFF, 0xFF, 0xFF, 0xC0,
    0x0F, 0xFF, 0xFF, 0xFF, 0xFF, 0xFB, 0xFF, 0xFF, 0xFF, 0xC0, 0x0F, 0xFF, 0xFF, 0xFF, 0xFF, 0xFF,
    0xFF, 0xFF, 0xFF, 0xE0, 0x0F, 0xFF, 0xFF, 0xFF, 0xFF, 0xFF, 0xFF, 0xFF, 0xFF, 0xE0, 0x0F, 0xFF,
    0xFF, 0xFF, 0xFF, 0xFF, 0xFF, 0xFF, 0xFF, 0xE0, 0x0F, 0xFF, 0xFE, 0x07, 0xFF, 0xFF, 0xC0, 0xFF,
    0xFF, 0xE0, 0x0F, 0xFF, 0xFC, 0x03, 0xFF, 0xFF, 0x80, 0x7F, 0xFF, 0xE0, 0x0F, 0xFF, 0xF8, 0x01,
    0xFF, 0xFF, 0x00, 0x3F, 0xFF, 0xE0, 0x0F, 0xFF, 0xF8, 0x01, 0xFF, 0xFF, 0x00, 0x3F, 0xFF, 0xE0,
    0x0F, 0xFF, 0xF8, 0x00, 0xFF, 0xFF, 0x00, 0x3F, 0xFF, 0xE0, 0x0F, 0xFF, 0xF8, 0x00, 0xFF, 0xFF,
    0x00, 0x1F, 0xFF, 0xE0, 0x0F, 0xFF, 0xF8, 0x00, 0xFF, 0xFF, 0x00, 0x1F, 0xFF, 0xE0, 0x0F, 0xFF,
    0xF8, 0x00, 0xFF, 0xFF, 0x00, 0x1F, 0xFF, 0xE0, 0x0F, 0xFF, 0xF8, 0x00, 0xFF, 0xFF, 0x00, 0x1F,
    0xFF, 0xE0, 0x0F, 0xFF, 0xF8, 0x00, 0xFF, 0xFF, 0x00, 0x1F, 0xFF, 0xE0, 0x0F, 0xFF, 0xF8, 0x00,
    0xFF, 0xFF, 0x00, 0x1F, 0xFF, 0xE0, 0x0F, 0xFF, 0xF8, 0x00, 0xFF, 0xFF, 0x00, 0x1F, 0xFF, 0xE0,
    0x0F, 0xFF, 0xF8, 0x00, 0xFF, 0xFF, 0x00, 0x1F, 0xFF, 0xE0, 0x0F, 0xFF, 0xF8, 0x00, 0xFF, 0xFF,
    0x00, 0x1F, 0xFF, 0xE0, 0x0F, 0xFF, 0xF8, 0x00, 0xFF, 0xFF, 0x00, 0x1F, 0xFF, 0xE0, 0x0F, 0xFF,
    0xF8, 0x00, 0xFF, 0xFF, 0x00, 0x1F, 0xFF, 0xE0, 0x0F, 0xFF, 0xF8, 0x00, 0xFF, 0xFF, 0x00, 0x1F,
    0xFF, 0xE0, 0x0F, 0xFF, 0xF8, 0x00, 0xFF, 0xFF, 0x00, 0x1F, 0xFF, 0xE0, 0x0F, 0xFF, 0xF8, 0x00,
    0xFF, 0xFF, 0x00, 0x1F, 0xFF, 0xE0, 0x0F, 0xFF, 0xF8, 0x00, 0xFF, 0xFF, 0x00, 0x1F, 0xFF, 0xE0,
    0x0F, 0xFF, 0xF8, 0x00, 0xFF, 0xFF, 0x00, 0x1F, 0xFF, 0xE0, 0x0F, 0xFF, 0xF8, 0x00, 0xFF, 0xFF,
    0x00, 0x1F, 0xFF, 0xE0, 0x0F, 0xFF, 0xF8, 0x00, 0xFF, 0xFF, 0x00, 0x1F, 0xFF, 0xE0, 0x0F, 0xFF,
    0xF8, 0x00, 0xFF, 0xFF, 0x00, 0x1F, 0xFF, 0xE0, 0x0F, 0xFF, 0xF8, 0x00, 0xFF, 0xFF, 0x00, 0x1F,
    0xFF, 0xE0, 0x0F, 0xFF, 0xF8, 0x00, 0xFF, 0xFF, 0x00, 0x1F, 0xFF, 0xE0, 0x0F, 0xFF, 0xF8, 0x00,
    0xFF, 0xFF, 0x00, 0x1F, 0xFF, 0xE0, 0x0F, 0xFF, 0xF8, 0x00, 0xFF, 0xFF, 0x00, 0x1F, 0xFF, 0xE0,
    0x0F, 0xFF, 0xF8, 0x00, 0xFF, 0xFF, 0x00, 0x1F, 0xFF, 0xE0, 0x0F, 0xFF, 0xF8, 0x00, 0xFF, 0xFF,
    0x00, 0x1F, 0xFF, 0xE0, 0x0F, 0xFF, 0xF8, 0x00, 0xFF, 0xFF, 0x00, 0x1F, 0xFF, 0xE0, 0x0F, 0xFF,
    0xF8, 0x00, 0xFF, 0xFF, 0x00, 0x1F, 0xFF, 0xE0, 0x0F, 0xFF, 0xF8, 0x00, 0xFF, 0xFF, 0x00, 0x1F,
    0xFF, 0xE0, 0x00, 0x00, 0x00, 0x00, 0x20, 0x00, 0x00, 0x0F, 0xFF, 0xF0, 0x07, 0xFF, 0x00, 0x00,
    0x0F, 0xFF, 0xF0, 0x1F, 0xFF, 0xC0, 0x00, 0x0F, 0xFF, 0xF0, 0x7F, 0xFF, 0xF0, 0x00, 0x0F, 0xFF,
    0xF0, 0xFF, 0xFF, 0xF8, 0x00, 0x0F, 0xFF, 0xF1, 0xFF, 0xFF, 0xFC, 0x00, 0x0F, 0xFF, 0xF1, 0xFF,
    0xFF, 0xFE, 0x00, 0x0F, 0xFF, 0xF3, 0xFF, 0xFF, 0xFF, 0x00, 0x0F, 0xFF, 0xF7, 0xFF, 0xFF, 0xFF,
    0x00, 0x0F, 0xFF, 0xF7, 0xFF, 0xFF, 0xFF, 0x80, 0x0F, 0xFF, 0xFF, 0xFF, 0xFF, 0xFF, 0x80, 0x0F,
    0xFF, 0xFF, 0xFF, 0xFF, 0xFF, 0x80, 0x0F, 0xFF, 0xFF, 0xFF, 0xFF, 0xFF, 0xC0, 0x0F, 0xFF, 0xFF,
    0xFF, 0xFF, 0xFF, 0xC0, 0x0F, 0xFF, 0xFF, 0xFF, 0xFF, 0xFF, 0xC0, 0x0F, 0xFF, 0xFF, 0x01, 0xFF,
    0xFF, 0xC0, 0x0F, 0xFF, 0xFC, 0x00, 0xFF, 0xFF, 0xC0, 0x0F, 0xFF, 0xFC, 0x00, 0x7F, 0xFF, 0xC0,
    0x0F, 0xFF, 0xF8, 0x00, 0x7F, 0xFF, 0xC0, 0x0F, 0xFF, 0xF8, 0x00, 0x3F, 0xFF, 0xC0, 0x0F, 0xFF,
    0xF8, 0x00, 0x3F, 0xFF, 0xC0, 0x0F, 0xFF, 0xF8, 0x00, 0x3F, 0xFF, 0xC0, 0x0F, 0xFF, 0xF8, 0x00,
    0x3F, 0xFF, 0xC0, 0x0F, 0xFF, 0xF8, 0x00, 0x3F, 0xFF, 0xC0, 0x0F, 0xFF, 0xF8, 0x00, 0x3F, 0xFF,
    0xC0, 0x0F, 0xFF, 0xF8, 0x00, 0x3F, 0xFF, 0xC0, 0x0F, 0xFF, 0xF8, 0x00, 0x3F, 0xFF, 0xC0, 0x0F,
    0xFF, 0xF8, 0x00, 0x3F, 0xFF, 0xC0, 0x0F, 0xFF, 0xF8, 0x00, 0x3F, 0xFF, 0xC0, 0x0F, 0xFF, 0xF8,
    0x00, 0x3F, 0xFF, 0xC0, 0x0F, 0xFF, 0xF8, 0x00, 0x3F, 0xFF, 0xC0, 0x0F, 0xFF, 0xF8, 0x00, 0x3F,
    0xFF, 0xC0, 0x0F, 0xFF, 0xF8, 0x00, 0x3F, 0xFF, 0xC0, 0x0F, 0xFF, 0xF8, 0x00, 0x3F, 0xFF, 0xC0,
    0x0F, 0xFF, 0xF8, 0x00, 0x3F, 0xFF, 0xC0, 0x0F, 0xFF, 0xF8, 0x00, 0x3F, 0xFF, 0xC0, 0x0F, 0xFF,
    0xF8, 0x00, 0x3F, 0xFF, 0xC0, 0x0F, 0xFF, 0xF8, 0x00, 0x3F, 0xFF, 0xC0, 0x0F, 0xFF, 0xF8, 0x00,
    0x3F, 0xFF, 0xC0, 0x0F, 0xFF, 0xF8, 0x00, 0x3F, 0xFF, 0xC0, 0x0F, 0xFF, 0xF8, 0x00, 0x3F, 0xFF,
    0xC0, 0x0F, 0xFF, 0xF8, 0x00, 0x3F, 0xFF, 0xC0, 0x0F, 0xFF, 0xF8, 0x00, 0x3F, 0xFF, 0xC0, 0x0F,
    0xFF, 0xF8, 0x00, 0x3F, 0xFF, 0xC0, 0x0F, 0xFF, 0xF8, 0x00, 0x3F, 0xFF, 0xC0, 0x0F, 0xFF, 0xF8,
    0x00, 0x3F, 0xFF, 0xC0, 0x0F, 0xFF, 0xF8, 0x00, 0x3F, 0xFF, 0xC0, 0x00, 0x00, 0x00, 0x20, 0x00,
    0x00, 0x00, 0x00, 0x00, 0x3F, 0xFF, 0xC0, 0x00, 0x00, 0x00, 0x01, 0xFF, 0xFF, 0xF8, 0x00, 0x00,
    0x00, 0x07, 0xFF, 0xFF, 0xFE, 0x00, 0x00, 0x00, 0x0F, 0xFF, 0xFF, 0xFF, 0x80, 0x00, 0x00, 0x1F,
    0xFF, 0xFF, 0xFF, 0xC0, 0x00, 0x00, 0x7F, 0xFF, 0xFF, 0xFF, 0xE0, 0x00, 0x00, 0xFF, 0xFF, 0xFF,
    0xFF, 0xF0, 0x00, 0x00, 0xFF, 0xFF, 0xFF, 0xFF, 0xF8, 0x00, 0x01, 0xFF, 0xFF, 0xFF, 0xFF, 0xFC,
    0x00, 0x03, 0xFF, 0xFF, 0xFF, 0xFF, 0xFC, 0x00, 0x03, 0xFF, 0xFF, 0xFF, 0xFF, 0xFE, 0x00, 0x07,
    0xFF, 0xFF, 0xFF, 0xFF, 0xFE, 0x00, 0x07, 0xFF, 0xFF, 0x07, 0xFF, 0xFF, 0x00, 0x0F, 0xFF, 0xFC,
    0x03, 0xFF, 0xFF, 0x00, 0x0F, 0xFF, 0xF8, 0x01, 0xFF, 0xFF, 0x80, 0x1F, 0xFF, 0xF8, 0x00, 0xFF,
    0xFF, 0x80, 0x1F, 0xFF, 0xF0, 0x00, 0xFF, 0xFF, 0x80, 0x1F, 0xFF, 0xF0, 0x00, 0xFF, 0xFF, 0x80,
    0x1F, 0xFF, 0xF0, 0x00, 0x7F, 0xFF, 0xC0, 0x1F, 0xFF, 0xF0, 0x00, 0x7F, 0xFF, 0xC0, 0x1F, 0xFF,
    0xE0, 0x00, 0x7F, 0xFF, 0xC0, 0x1F, 0xFF, 0xE0, 0x00, 0x7F, 0xFF, 0xC0, 0x1F, 0xFF, 0xE0, 0x00,
    0x7F, 0xFF, 0xC0, 0x1F, 0xFF, 0xE0, 0x00, 0x7F, 0xFF, 0xC0, 0x1F, 0xFF, 0xE0, 0x00, 0x7F, 0xFF,
    0xC0, 0x1F, 0xFF, 0xE0, 0x00, 0x7F, 0xFF, 0xC0, 0x1F, 0xFF, 0xF0, 0x00, 0x7F, 0xFF, 0xC0, 0x1F,
    0xFF, 0xF0, 0x00, 0x7F, 0xFF, 0xC0, 0x1F, 0xFF, 0xF0, 0x00, 0x7F, 0xFF, 0xC0, 0x1F, 0xFF, 0xF0,
    0x00, 0xFF, 0xFF, 0x80, 0x1F, 0xFF, 0xF8, 0x00, 0xFF, 0xFF, 0x80, 0x0F, 0xFF, 0xF8, 0x01, 0xFF,
    0xFF, 0x80, 0x0F, 0xFF, 0xFC, 0x01, 0xFF, 0xFF, 0x80, 0x0F, 0xFF, 0xFE, 0x03, 0xFF, 0xFF, 0x00,
    0x07, 0xFF, 0xFF, 0xDF, 0xFF, 0xFF, 0x00, 0x07, 0xFF, 0xFF, 0xFF, 0xFF, 0xFE, 0x00, 0x03, 0xFF,
    0xFF, 0xFF, 0xFF, 0xFE, 0x00, 0x03, 0xFF, 0xFF, 0xFF, 0xFF, 0xFC, 0x00, 0x01, 0xFF, 0xFF, 0xFF,
    0xFF, 0xF8, 0x00, 0x00, 0xFF, 0xFF, 0xFF, 0xFF, 0xF8, 0x00, 0x00, 0x7F, 0xFF, 0xFF, 0xFF, 0xF0,
    0x00, 0x00, 0x3F, 0xFF, 0xFF, 0xFF, 0xE0, 0x00, 0x00, 0x1F, 0xFF, 0xFF, 0xFF, 0x80, 0x00, 0x00,
    0x07, 0xFF, 0xFF, 0xFF, 0x00, 0x00, 0x00, 0x03, 0xFF, 0xFF, 0xFC, 0x00, 0x00, 0x00, 0x00, 0x7F,
    0xFF, 0xF0, 0x00, 0x00, 0x00, 0x00, 0x07, 0xFF, 0x00, 0x00, 0x00, 0x00, 0x00, 0x00, 0x00, 0x40,
    0x00, 0x00, 0x0F, 0xFF, 0xF8, 0x0F, 0xFE, 0x00, 0x00, 0x0F, 0xFF, 0xF8, 0x3F, 0xFF, 0xC0, 0x00,
    0x0F, 0xFF, 0xF8, 0x7F, 0xFF, 0xE0, 0x00, 0x0F, 0xFF, 0xF8, 0xFF, 0xFF, 0xF8, 0x00, 0x0F, 0xFF,
    0xF9, 0xFF, 0xFF, 0xFC, 0x00, 0x0F, 0xFF, 0xFB, 0xFF, 0xFF, 0xFC, 0x00, 0x0F, 0xFF, 0xFB, 0xFF,
    0xFF, 0xFE, 0x00, 0x0F, 0xFF, 0xFF, 0xFF, 0xFF, 0xFF, 0x00, 0x0F, 0xFF, 0xFF, 0xFF, 0xFF, 0xFF,
    0x00, 0x0F, 0xFF, 0xFF, 0xFF, 0xFF, 0xFF, 0x80, 0x0F, 0xFF, 0xFF, 0xFF, 0xFF, 0xFF, 0x80, 0x0F,
    0xFF, 0xFF, 0xFF, 0xFF, 0xFF, 0xC0, 0x0F, 0xFF, 0xFF, 0x83, 0xFF, 0xFF, 0xC0, 0x0F, 0xFF, 0xFE,
    0x00, 0xFF, 0xFF, 0xE0, 0x0F, 0xFF, 0xFE, 0x00, 0xFF, 0xFF, 0xE0, 0x0F, 0xFF, 0xFC, 0x00, 0x7F,
    0xFF, 0xE0, 0x0F, 0xFF, 0xF8, 0x00, 0x3F, 0xFF, 0xE0, 0x0F, 0xFF, 0xF8, 0x00, 0x3F, 0xFF, 0xE0,
    0x0F, 0xFF, 0xF8, 0x00, 0x3F, 0xFF, 0xE0, 0x0F, 0xFF, 0xF8, 0x00, 0x3F, 0xFF, 0xF0, 0x0F, 0xFF,
    0xF0, 0x00, 0x1F, 0xFF, 0xF0, 0x0F, 0xFF, 0xF0, 0x00, 0x1F, 0xFF, 0xF0, 0x0F, 0xFF, 0xF0, 0x00,
    0x1F, 0xFF, 0xF0, 0x0F, 0xFF, 0xF0, 0x00, 0x1F, 0xFF, 0xF0, 0x0F, 0xFF, 0xF0, 0x00, 0x1F, 0xFF,
    0xF0, 0x0F, 0xFF, 0xF0, 0x00, 0x1F, 0xFF, 0xF0, 0x0F, 0xFF, 0xF0, 0x00, 0x3F, 0xFF, 0xF0, 0x0F,
    0xFF, 0xF8, 0x00, 0x3F, 0xFF, 0xF0, 0x0F, 0xFF, 0xF8, 0x00, 0x3F, 0xFF, 0xE0, 0x0F, 0xFF, 0xF8,
    0x00, 0x3F, 0xFF, 0xE0, 0x0F, 0xFF, 0xFC, 0x00, 0x7F, 0xFF, 0xE0, 0x0F, 0xFF, 0xFC, 0x00, 0x7F,
    0xFF, 0xE0, 0x0F, 0xFF, 0xFE, 0x00, 0xFF, 0xFF, 0xE0, 0x0F, 0xFF, 0xFF, 0x01, 0xFF, 0xFF, 0xC0,
    0x0F, 0xFF, 0xFF, 0xEF, 0xFF, 0xFF, 0xC0, 0x0F, 0xFF, 0xFF, 0xFF, 0xFF, 0xFF, 0xC0, 0x0F, 0xFF,
    0xFF, 0xFF, 0xFF, 0xFF, 0x80, 0x0F, 0xFF, 0xFF, 0xFF, 0xFF, 0xFF, 0x80, 0x0F, 0xFF, 0xFF, 0xFF,
    0xFF, 0xFF, 0x00, 0x0F, 0xFF, 0xFF, 0xFF, 0xFF, 0xFF, 0x00, 0x0F, 0xFF, 0xFB, 0xFF, 0xFF, 0xFE,
    0x00, 0x0F, 0xFF, 0xFB, 0xFF, 0xFF, 0xFC, 0x00, 0x0F, 0xFF, 0xF9, 0xFF, 0xFF, 0xF8, 0x00, 0x0F,
    0xFF, 0xF8, 0xFF, 0xFF, 0xF0, 0x00, 0x0F, 0xFF, 0xF8, 0x7F, 0xFF, 0xE0, 0x00, 0x0F, 0xFF, 0xF8,
    0x1F, 0xFF, 0x80, 0x00, 0x0F, 0xFF, 0xF8, 0x03, 0xFC, 0x00, 0x00, 0x0F, 0xFF, 0xF8, 0x00, 0x00,
    0x00, 0x00, 0x0F, 0xFF, 0xF8, 0x00, 0x00, 0x00, 0x00, 0x0F, 0xFF, 0xF8, 0x00, 0x00, 0x00, 0x00,
    0x0F, 0xFF, 0xF8, 0x00, 0x00, 0x00, 0x00, 0x0F, 0xFF, 0xF8, 0x00, 0x00, 0x00, 0x00, 0x0F, 0xFF,
    0xF8, 0x00, 0x00, 0x00, 0x00, 0x0F, 0xFF, 0xF8, 0x00, 0x00, 0x00, 0x00, 0x0F, 0xFF, 0xF8, 0x00,
    0x00, 0x00, 0x00, 0x0F, 0xFF, 0xF8, 0x00, 0x00, 0x00, 0x00, 0x0F, 0xFF, 0xF8, 0x00, 0x00, 0x00,
    0x00, 0x0F, 0xFF, 0xF8, 0x00, 0x00, 0x00, 0x00, 0x0F, 0xFF, 0xF8, 0x00, 0x00, 0x00, 0x00, 0x0F,
    0xFF, 0xF8, 0x00, 0x00, 0x00, 0x00, 0x0F, 0xFF, 0xF8, 0x00, 0x00, 0x00, 0x00, 0x0F, 0xFF, 0xF8,
    0x00, 0x00, 0x00, 0x00, 0x0F, 0xFF, 0xF8, 0x00, 0x00, 0x00, 0x00, 0x00, 0x00, 0x08, 0x00, 0x00,
    0x00, 0x00, 0x00, 0x01, 0xFF, 0xC0, 0x3F, 0xFF, 0xC0, 0x00, 0x07, 0xFF, 0xF0, 0x3F, 0xFF, 0xC0,
    0x00, 0x1F, 0xFF, 0xF8, 0x3F, 0xFF, 0xC0, 0x00, 0x3F, 0xFF, 0xFC, 0x3F, 0xFF, 0xC0, 0x00, 0x7F,
    0xFF, 0xFE, 0x3F, 0xFF, 0xC0, 0x00, 0xFF, 0xFF, 0xFF, 0x3F, 0xFF, 0xC0, 0x01, 0xFF, 0xFF, 0xFF,
    0xBF, 0xFF, 0xC0, 0x03, 0xFF, 0xFF, 0xFF, 0xBF, 0xFF, 0xC0, 0x03, 0xFF, 0xFF, 0xFF, 0xFF, 0xFF,
    0xC0, 0x07, 0xFF, 0xFF, 0xFF, 0xFF, 0xFF, 0xC0, 0x07, 0xFF, 0xFF, 0xFF, 0xFF, 0xFF, 0xC0, 0x0F,
    0xFF, 0xFF, 0xFF, 0xFF, 0xFF, 0xC0, 0x0F, 0xFF, 0xFF, 0x07, 0xFF, 0xFF, 0xC0, 0x0F, 0xFF, 0xFE,
    0x01, 0xFF, 0xFF, 0xC0, 0x1F, 0xFF, 0xFC, 0x00, 0xFF, 0xFF, 0xC0, 0x1F, 0xFF, 0xF8, 0x00, 0xFF,
    0xFF, 0xC0, 0x1F, 0xFF, 0xF8, 0x00, 0x7F, 0xFF, 0xC0, 0x1F, 0xFF, 0xF0, 0x00, 0x7F, 0xFF, 0xC0,
    0x1F, 0xFF, 0xF0, 0x00, 0x7F, 0xFF, 0xC0, 0x1F, 0xFF, 0xF0, 0x00, 0x3F, 0xFF, 0xC0, 0x1F, 0xFF,
    0xF0, 0x00, 0x3F, 0xFF, 0xC0, 0x1F, 0xFF, 0xF0, 0x00, 0x3F, 0xFF, 0xC0, 0x1F, 0xFF, 0xF0, 0x00,
    0x3F, 0xFF, 0xC0, 0x1F, 0xFF, 0xF0, 0x00, 0x3F, 0xFF, 0xC0, 0x1F, 0xFF, 0xF0, 0x00, 0x3F, 0xFF,
    0xC0, 0x1F, 0xFF, 0xF0, 0x00, 0x3F, 0xFF, 0xC0, 0x1F, 0xFF, 0xF0, 0x00, 0x3F, 0xFF, 0xC0, 0x1F,
    0xFF, 0xF0, 0x00, 0x3F, 0xFF, 0xC0, 0x1F, 0xFF, 0xF0, 0x00, 0x7F, 0xFF, 0xC0, 0x1F, 0xFF, 0xF0,
    0x00, 0x7F, 0xFF, 0xC0, 0x1F, 0xFF, 0xF8, 0x00, 0x7F, 0xFF, 0xC0, 0x1F, 0xFF, 0xF8, 0x00, 0xFF,
    0xFF, 0xC0, 0x0F, 0xFF, 0xFC, 0x01, 0xFF, 0xFF, 0xC0, 0x0F, 0xFF, 0xFE, 0x03, 0xFF, 0xFF, 0xC0,
    0x0F, 0xFF, 0xFF, 0xDF, 0xFF, 0xFF, 0xC0, 0x07, 0xFF, 0xFF, 0xFF, 0xFF, 0xFF, 0xC0, 0x07, 0xFF,
    0xFF, 0xFF, 0xFF, 0xFF, 0xC0, 0x07, 0xFF, 0xFF, 0xFF, 0xFF, 0xFF, 0xC0, 0x03, 0xFF, 0xFF, 0xFF,
    0xFF, 0xFF, 0xC0, 0x01, 0xFF, 0xFF, 0xFF, 0xBF, 0xFF, 0xC0, 0x01, 0xFF, 0xFF, 0xFF, 0xBF, 0xFF,
    0xC0, 0x00, 0xFF, 0xFF, 0xFF, 0x3F, 0xFF, 0xC0, 0x00, 0x7F, 0xFF, 0xFE, 0x3F, 0xFF, 0xC0, 0x00,
    0x3F, 0xFF, 0xFC, 0x3F, 0xFF, 0xC0, 0x00, 0x0F, 0xFF, 0xF8, 0x3F, 0xFF, 0xC0, 0x00, 0x03, 0xFF,
    0xE0, 0x3F, 0xFF, 0xC0, 0x00, 0x00, 0x7F, 0x80, 0x3F, 0xFF, 0xC0, 0x00, 0x00, 0x00, 0x00, 0x3F,
    0xFF, 0xC0, 0x00, 0x00, 0x00, 0x00, 0x3F, 0xFF, 0xC0, 0x00, 0x00, 0x00, 0x00, 0x3F, 0xFF, 0xC0,
    0x00, 0x00, 0x00, 0x00, 0x3F, 0xFF, 0xC0, 0x00, 0x00, 0x00, 0x00, 0x3F, 0xFF, 0xC0, 0x00, 0x00,
    0x00, 0x00, 0x3F, 0xFF, 0xC0, 0x00, 0x00, 0x00, 0x00, 0x3F, 0xFF, 0xC0, 0x00, 0x00, 0x00, 0x00,
    0x3F, 0xFF, 0xC0, 0x00, 0x00, 0x00, 0x00, 0x3F, 0xFF, 0xC0, 0x00, 0x00, 0x00, 0x00, 0x3F, 0xFF,
    0xC0, 0x00, 0x00, 0x00, 0x00, 0x3F, 0xFF, 0xC0, 0x00, 0x00, 0x00, 0x00, 0x3F, 0xFF, 0xC0, 0x00,
    0x00, 0x00, 0x00, 0x3F, 0xFF, 0xC0, 0x00, 0x00, 0x00, 0x00, 0x3F, 0xFF, 0xC0, 0x00, 0x00, 0x00,
    0x00, 0x3F, 0xFF, 0xC0, 0x00, 0x00, 0x00, 0x00, 0x3F, 0xFF, 0xC0, 0x00, 0x00, 0x00, 0x01, 0x00,
    0x0F, 0xFF, 0xF0, 0x1F, 0xE0, 0x0F, 0xFF, 0xF0, 0x7F, 0xE0, 0x0F, 0xFF, 0xF0, 0xFF, 0xE0, 0x0F,
    0xFF, 0xF1, 0xFF, 0xE0, 0x0F, 0xFF, 0xF3, 0xFF, 0xE0, 0x0F, 0xFF, 0xF3, 0xFF, 0xE0, 0x0F, 0xFF,
    0xF7, 0xFF, 0xE0, 0x0F, 0xFF, 0xF7, 0xFF, 0xE0, 0x0F, 0xFF, 0xF7, 0xFF, 0xE0, 0x0F, 0xFF, 0xFF,
    0xFF, 0xE0, 0x0F, 0xFF, 0xFF, 0xFF, 0xE0, 0x0F, 0xFF, 0xFF, 0xFF, 0xE0, 0x0F, 0xFF, 0xFF, 0xFF,
    0xE0, 0x0F, 0xFF, 0xFF, 0xFF, 0xE0, 0x0F, 0xFF, 0xFF, 0x80, 0x00, 0x0F, 0xFF, 0xFE, 0x00, 0x00,
    0x0F, 0xFF, 0xFC, 0x00, 0x00, 0x0F, 0xFF, 0xFC, 0x00, 0x00, 0x0F, 0xFF, 0xF8, 0x00, 0x00, 0x0F,
    0xFF, 0xF8, 0x00, 0x00, 0x0F, 0xFF, 0xF8, 0x00, 0x00, 0x0F, 0xFF, 0xF8, 0x00, 0x00, 0x0F, 0xFF,
    0xF8, 0x00, 0x00, 0x0F, 0xFF, 0xF8, 0x00, 0x00, 0x0F, 0xFF, 0xF8, 0x00, 0x00, 0x0F, 0xFF, 0xF8,
    0x00, 0x00, 0x0F, 0xFF, 0xF8, 0x00, 0x00, 0x0F, 0xFF, 0xF8, 0x00, 0x00, 0x0F, 0xFF, 0xF8, 0x00,
    0x00, 0x0F, 0xFF, 0xF8, 0x00, 0x00, 0x0F, 0xFF, 0xF8, 0x00, 0x00, 0x0F, 0xFF, 0xF8, 0x00, 0x00,
    0x0F, 0xFF, 0xF8, 0x00, 0x00, 0x0F, 0xFF, 0xF8, 0x00, 0x00, 0x0F, 0xFF, 0xF8, 0x00, 0x00, 0x0F,
    0xFF, 0xF8, 0x00, 0x00, 0x0F, 0xFF, 0xF8, 0x00, 0x00, 0x0F, 0xFF, 0xF8, 0x00, 0x00, 0x0F, 0xFF,
    0xF8, 0x00, 0x00, 0x0F, 0xFF, 0xF8, 0x00, 0x00, 0x0F, 0xFF, 0xF8, 0x00, 0x00, 0x0F, 0xFF, 0xF8,
    0x00, 0x00, 0x0F, 0xFF, 0xF8, 0x00, 0x00, 0x0F, 0xFF, 0xF8, 0x00, 0x00, 0x0F, 0xFF, 0xF8, 0x00,
    0x00, 0x0F, 0xFF, 0xF8, 0x00, 0x00, 0x00, 0x00, 0x00, 0x80, 0x00, 0x00, 0x00, 0x00, 0x01, 0xFF,
    0xFF, 0x80, 0x00, 0x00, 0x00, 0x0F, 0xFF, 0xFF, 0xF0, 0x00, 0x00, 0x00, 0x3F, 0xFF, 0xFF, 0xFC,
    0x00, 0x00, 0x00, 0x7F, 0xFF, 0xFF, 0xFF, 0x00, 0x00, 0x01, 0xFF, 0xFF, 0xFF, 0xFF, 0x80, 0x00,
    0x03, 0xFF, 0xFF, 0xFF, 0xFF, 0xC0, 0x00, 0x03, 0xFF, 0xFF, 0xFF, 0xFF, 0xE0, 0x00, 0x07, 0xFF,
    0xFF, 0xFF, 0xFF, 0xF0, 0x00, 0x0F, 0xFF, 0xFF, 0xFF, 0xFF, 0xF0, 0x00, 0x0F, 0xFF, 0xFF, 0xFF,
    0xFF, 0xF8, 0x00, 0x0F, 0xFF, 0xFF, 0xFF, 0xFF, 0xF8, 0x00, 0x1F, 0xFF, 0xF8, 0x07, 0xFF, 0xF8,
    0x00, 0x1F, 0xFF, 0xF0, 0x03, 0xFF, 0xFC, 0x00, 0x1F, 0xFF, 0xF0, 0x01, 0xFF, 0xC0, 0x00, 0x1F,
    0xFF, 0xF0, 0x01, 0xE0, 0x00, 0x00, 0x1F, 0xFF, 0xF8, 0x00, 0x00, 0x00, 0x00, 0x1F, 0xFF, 0xFE,
    0x00, 0x00, 0x00, 0x00, 0x1F, 0xFF, 0xFF, 0xF0, 0x00, 0x00, 0x00, 0x0F, 0xFF, 0xFF, 0xFF, 0xC0,
    0x00, 0x00, 0x0F, 0xFF, 0xFF, 0xFF, 0xFC, 0x00, 0x00, 0x0F, 0xFF, 0xFF, 0xFF, 0xFF, 0x00, 0x00,
    0x07, 0xFF, 0xFF, 0xFF, 0xFF, 0xC0, 0x00, 0x03, 0xFF, 0xFF, 0xFF, 0xFF, 0xE0, 0x00, 0x01, 0xFF,
    0xFF, 0xFF, 0xFF, 0xF0, 0x00, 0x00, 0xFF, 0xFF, 0xFF, 0xFF, 0xF8, 0x00, 0x00, 0x7F, 0xFF, 0xFF,
    0xFF, 0xFC, 0x00, 0x00, 0x1F, 0xFF, 0xFF, 0xFF, 0xFC, 0x00, 0x00, 0x03, 0xFF, 0xFF, 0xFF, 0xFE,
    0x00, 0x00, 0x00, 0x1F, 0xFF, 0xFF, 0xFE, 0x00, 0x00, 0x00, 0x00, 0xFF, 0xFF, 0xFE, 0x00, 0x00,
    0x00, 0x80, 0x0F, 0xFF, 0xFE, 0x00, 0x00, 0x7F, 0xC0, 0x03, 0xFF, 0xFE, 0x00, 0x1F, 0xFF, 0xC0,
    0x03, 0xFF, 0xFE, 0x00, 0x3F, 0xFF, 0xE0, 0x03, 0xFF, 0xFE, 0x00, 0x1F, 0xFF, 0xF0, 0x03, 0xFF,
    0xFE, 0x00, 0x1F, 0xFF, 0xFC, 0x07, 0xFF, 0xFE, 0x00, 0x1F, 0xFF, 0xFF, 0xFF, 0xFF, 0xFC, 0x00,
    0x0F, 0xFF, 0xFF, 0xFF, 0xFF, 0xFC, 0x00, 0x0F, 0xFF, 0xFF, 0xFF, 0xFF, 0xF8, 0x00, 0x07, 0xFF,
    0xFF, 0xFF, 0xFF, 0xF0, 0x00, 0x03, 0xFF, 0xFF, 0xFF, 0xFF, 0xE0, 0x00, 0x01, 0xFF, 0xFF, 0xFF,
    0xFF, 0xC0, 0x00, 0x00, 0xFF, 0xFF, 0xFF, 0xFF, 0x80, 0x00, 0x00, 0x3F, 0xFF, 0xFF, 0xFF, 0x00,
    0x00, 0x00, 0x0F, 0xFF, 0xFF, 0xFC, 0x00, 0x00, 0x00, 0x03, 0xFF, 0xFF, 0xE0, 0x00, 0x00, 0x00,
    0x00, 0x3F, 0xFE, 0x00, 0x00, 0x00, 0x01, 0xFF, 0xFE, 0x00, 0x00, 0x01, 0xFF, 0xFE, 0x00, 0x00,
    0x01, 0xFF, 0xFE, 0x00, 0x00, 0x01, 0xFF, 0xFE, 0x00, 0x00, 0x01, 0xFF, 0xFE, 0x00, 0x00, 0x01,
    0xFF, 0xFE, 0x00, 0x00, 0x01, 0xFF, 0xFE, 0x00, 0x00, 0x01, 0xFF, 0xFE, 0x00, 0x00, 0x01, 0xFF,
    0xFE, 0x00, 0x00, 0x01, 0xFF, 0xFE, 0x00, 0x00, 0x01, 0xFF, 0xFE, 0x00, 0x00, 0x7F, 0xFF, 0xFF,
    0xFE, 0x00, 0x7F, 0xFF, 0xFF, 0xFE, 0x00, 0x7F, 0xFF, 0xFF, 0xFE, 0x00, 0x7F, 0xFF, 0xFF, 0xFE,
    0x00, 0x7F, 0xFF, 0xFF, 0xFE, 0x00, 0x7F, 0xFF, 0xFF, 0xFE, 0x00, 0x7F, 0xFF, 0xFF, 0xFE, 0x00,
    0x7F, 0xFF, 0xFF, 0xFE, 0x00, 0x7F, 0xFF, 0xFF, 0xFE, 0x00, 0x7F, 0xFF, 0xFF, 0xFE, 0x00, 0x7F,
    0xFF, 0xFF, 0xFE, 0x00, 0x7F, 0xFF, 0xFF, 0xFE, 0x00, 0x01, 0xFF, 0xFE, 0x00, 0x00, 0x01, 0xFF,
    0xFE, 0x00, 0x00, 0x01, 0xFF, 0xFE, 0x00, 0x00, 0x01, 0xFF, 0xFE, 0x00, 0x00, 0x01, 0xFF, 0xFE,
    0x00, 0x00, 0x01, 0xFF, 0xFE, 0x00, 0x00, 0x01, 0xFF, 0xFE, 0x00, 0x00, 0x01, 0xFF, 0xFE, 0x00,
    0x00, 0x01, 0xFF, 0xFE, 0x00, 0x00, 0x01, 0xFF, 0xFE, 0x00, 0x00, 0x01, 0xFF, 0xFE, 0x00, 0x00,
    0x01, 0xFF, 0xFE, 0x00, 0x00, 0x01, 0xFF, 0xFE, 0x00, 0x00, 0x01, 0xFF, 0xFE, 0x00, 0x00, 0x01,
    0xFF, 0xFE, 0x00, 0x00, 0x01, 0xFF, 0xFE, 0x00, 0x00, 0x01, 0xFF, 0xFE, 0x00, 0x00, 0x01, 0xFF,
    0xFE, 0x00, 0x00, 0x01, 0xFF, 0xFE, 0x00, 0x00, 0x01, 0xFF, 0xFE, 0x00, 0x00, 0x01, 0xFF, 0xFE,
    0x00, 0x00, 0x01, 0xFF, 0xFF, 0x00, 0x00, 0x01, 0xFF, 0xFF, 0xDC, 0x00, 0x01, 0xFF, 0xFF, 0xFE,
    0x00, 0x01, 0xFF, 0xFF, 0xFE, 0x00, 0x01, 0xFF, 0xFF, 0xFE, 0x00, 0x01, 0xFF, 0xFF, 0xFE, 0x00,
    0x00, 0xFF, 0xFF, 0xFE, 0x00, 0x00, 0xFF, 0xFF, 0xFE, 0x00, 0x00, 0x7F, 0xFF, 0xFF, 0x00, 0x00,
    0x7F, 0xFF, 0xFF, 0x00, 0x00, 0x3F, 0xFF, 0xFF, 0x00, 0x00, 0x0F, 0xFF, 0xFF, 0x00, 0x00, 0x03,
    0xFF, 0xFF, 0x00, 0x00, 0x00, 0x7F, 0xF8, 0x00, 0x0F, 0xFF, 0xF8, 0x00, 0x3F, 0xFF, 0xC0, 0x0F,
    0xFF, 0xF8, 0x00, 0x3F, 0xFF, 0xC0, 0x0F, 0xFF, 0xF8, 0x00, 0x3F, 0xFF, 0xC0, 0x0F, 0xFF, 0xF8,
    0x00, 0x3F, 0xFF, 0xC0, 0x0F, 0xFF, 0xF8, 0x00, 0x3F, 0xFF, 0xC0, 0x0F, 0xFF, 0xF8, 0x00, 0x3F,
    0xFF, 0xC0, 0x0F, 0xFF, 0xF8, 0x00, 0x3F, 0xFF, 0xC0, 0x0F, 0xFF, 0xF8, 0x00, 0x3F, 0xFF, 0xC0,
    0x0F, 0xFF, 0xF8, 0x00, 0x3F, 0xFF, 0xC0, 0x0F, 0xFF, 0xF8, 0x00, 0x3F, 0xFF, 0xC0, 0x0F, 0xFF,
    0xF8, 0x00, 0x3F, 0xFF, 0xC0, 0x0F, 0xFF, 0xF8, 0x00, 0x3F, 0xFF, 0xC0, 0x0F, 0xFF, 0xF8, 0x00,
    0x3F, 0xFF, 0xC0, 0x0F, 0xFF, 0xF8, 0x00, 0x3F, 0xFF, 0xC0, 0x0F, 0xFF, 0xF8, 0x00, 0x3F, 0xFF,
    0xC0, 0x0F, 0xFF, 0xF8, 0x00, 0x3F, 0xFF, 0xC0, 0x0F, 0xFF, 0xF8, 0x00, 0x3F, 0xFF, 0xC0, 0x0F,
    0xFF, 0xF8, 0x00, 0x3F, 0xFF, 0xC0, 0x0F, 0xFF, 0xF8, 0x00, 0x3F, 0xFF, 0xC0, 0x0F, 0xFF, 0xF8,
    0x00, 0x3F, 0xFF, 0xC0, 0x0F, 0xFF, 0xF8, 0x00, 0x3F, 0xFF, 0xC0, 0x0F, 0xFF, 0xF8, 0x00, 0x3F,
    0xFF, 0xC0, 0x0F, 0xFF, 0xF8, 0x00, 0x3F, 0xFF, 0xC0, 0x0F, 0xFF, 0xF8, 0x00, 0x3F, 0xFF, 0xC0,
    0x0F, 0xFF, 0xF8, 0x00, 0x3F, 0xFF, 0xC0, 0x0F, 0xFF, 0xF8, 0x00, 0x3F, 0xFF, 0xC0, 0x0F, 0xFF,
    0xF8, 0x00, 0x3F, 0xFF, 0xC0, 0x0F, 0xFF, 0xF8, 0x00, 0x3F, 0xFF, 0xC0, 0x0F, 0xFF, 0xF8, 0x00,
    0x7F, 0xFF, 0xC0, 0x0F, 0xFF, 0xF8, 0x00, 0x7F, 0xFF, 0xC0, 0x0F, 0xFF, 0xFC, 0x00, 0x7F, 0xFF,
    0xC0, 0x0F, 0xFF, 0xFE, 0x00, 0xFF, 0xFF, 0xC0, 0x0F, 0xFF, 0xFF, 0x03, 0xFF, 0xFF, 0xC0, 0x0F,
    0xFF, 0xFF, 0xFF, 0xFF, 0xFF, 0xC0, 0x07, 0xFF, 0xFF, 0xFF, 0xFF, 0xFF, 0xC0, 0x07, 0xFF, 0xFF,
    0xFF, 0xFF, 0xFF, 0xC0, 0x07, 0xFF, 0xFF, 0xFF, 0xDF, 0xFF, 0xC0, 0x03, 0xFF, 0xFF, 0xFF, 0xDF,
    0xFF, 0xC0, 0x03, 0xFF, 0xFF, 0xFF, 0x9F, 0xFF, 0xC0, 0x01, 0xFF, 0xFF, 0xFF, 0x9F, 0xFF, 0xC0,
    0x01, 0xFF, 0xFF, 0xFF, 0x1F, 0xFF, 0xC0, 0x00, 0xFF, 0xFF, 0xFE, 0x1F, 0xFF, 0xC0, 0x00, 0x7F,
    0xFF, 0xFE, 0x1F, 0xFF, 0xC0, 0x00, 0x3F, 0xFF, 0xFC, 0x1F, 0xFF, 0xC0, 0x00, 0x1F, 0xFF, 0xF8,
    0x1F, 0xFF, 0xC0, 0x00, 0x07, 0xFF, 0xE0, 0x1F, 0xFF, 0xC0, 0x00, 0x00, 0xFF, 0x00, 0x00, 0x00,
    0x00, 0xFF, 0xFF, 0xC0, 0x00, 0x1F, 0xFF, 0xF8, 0x7F, 0xFF, 0xC0, 0x00, 0x1F, 0xFF, 0xF0, 0x7F,
    0xFF, 0xE0, 0x00, 0x1F, 0xFF, 0xF0, 0x3F, 0xFF, 0xE0, 0x00, 0x1F, 0xFF, 0xE0, 0x3F, 0xFF, 0xE0,
    0x00, 0x3F, 0xFF, 0xE0, 0x3F, 0xFF, 0xE0, 0x00, 0x3F, 0xFF, 0xE0, 0x1F, 0xFF, 0xF0, 0x00, 0x3F,
    0xFF, 0xC0, 0x1F, 0xFF, 0xF0, 0x00, 0x7F, 0xFF, 0xC0, 0x0F, 0xFF, 0xF0, 0x00, 0x7F, 0xFF, 0xC0,
    0x0F, 0xFF, 0xF0, 0x00, 0x7F, 0xFF, 0x80, 0x0F, 0xFF, 0xF8, 0x00, 0x7F, 0xFF, 0x80, 0x07, 0xFF,
    0xF8, 0x00, 0xFF, 0xFF, 0x00, 0x07, 0xFF, 0xF8, 0x00, 0xFF, 0xFF, 0x00, 0x07, 0xFF, 0xFC, 0x00,
    0xFF, 0xFF, 0x00, 0x03, 0xFF, 0xFC, 0x00, 0xFF, 0xFE, 0x00, 0x03, 0xFF, 0xFC, 0x01, 0xFF, 0xFE,
    0x00, 0x03, 0xFF, 0xFC, 0x01, 0xFF, 0xFE, 0x00, 0x01, 0xFF, 0xFE, 0x01, 0xFF, 0xFC, 0x00, 0x01,
    0xFF, 0xFE, 0x03, 0xFF, 0xFC, 0x00, 0x01, 0xFF, 0xFE, 0x03, 0xFF, 0xFC, 0x00, 0x00, 0xFF, 0xFF,
    0x03, 0xFF, 0xF8, 0x00, 0x00, 0xFF, 0xFF, 0x03, 0xFF, 0xF8, 0x00, 0x00, 0xFF, 0xFF, 0x07, 0xFF,
    0xF8, 0x00, 0x00, 0x7F, 0xFF, 0x07, 0xFF, 0xF0, 0x00, 0x00, 0x7F, 0xFF, 0x87, 0xFF, 0xF0, 0x00,
    0x00, 0x3F, 0xFF, 0x87, 0xFF, 0xF0, 0x00, 0x00, 0x3F, 0xFF, 0x8F, 0xFF, 0xE0, 0x00, 0x00, 0x3F,
    0xFF, 0x8F, 0xFF, 0xE0, 0x00, 0x00, 0x1F, 0xFF, 0xCF, 0xFF, 0xC0, 0x00, 0x00, 0x1F, 0xFF, 0xCF,
    0xFF, 0xC0, 0x00, 0x00, 0x1F, 0xFF, 0xDF, 0xFF, 0xC0, 0x00, 0x00, 0x0F, 0xFF, 0xDF, 0xFF, 0x80,
    0x00, 0x00, 0x0F, 0xFF, 0xDF, 0xFF, 0x80, 0x00, 0x00, 0x0F, 0xFF, 0xFF, 0xFF, 0x80, 0x00, 0x00,
    0x07, 0xFF, 0xFF, 0xFF, 0x00, 0x00, 0x00, 0x07, 0xFF, 0xFF, 0xFF, 0x00, 0x00, 0x00, 0x07, 0xFF,
    0xFF, 0xFF, 0x00, 0x00, 0x00, 0x03, 0xFF, 0xFF, 0xFE, 0x00, 0x00, 0x00, 0x03, 0xFF, 0xFF, 0xFE,
    0x00, 0x00, 0x00, 0x03, 0xFF, 0xFF, 0xFE, 0x00, 0x00, 0x00, 0x01, 0xFF, 0xFF, 0xFC, 0x00, 0x00,
    0x00, 0x01, 0xFF, 0xFF, 0xFC, 0x00, 0x00, 0x00, 0x00, 0xFF, 0xFF, 0xF8, 0x00, 0x00, 0x00, 0x00,
    0xFF, 0xFF, 0xF8, 0x00, 0x00, 0x00, 0x00, 0xFF, 0xFF, 0xF8, 0x00, 0x00, 0x00, 0x00, 0x7F, 0xFF,
    0xF0, 0x00, 0x00, 0xFF, 0xFF, 0x80, 0x03, 0xFF, 0xF0, 0x00, 0xFF, 0xFF, 0xC0, 0xFF, 0xFF, 0x80,
    0x07, 0xFF, 0xF0, 0x00, 0xFF, 0xFF, 0x80, 0x7F, 0xFF, 0xC0, 0x07, 0xFF, 0xF0, 0x00, 0xFF, 0xFF,
    0x80, 0x7F, 0xFF, 0xC0, 0x07, 0xFF, 0xF8, 0x00, 0xFF, 0xFF, 0x80, 0x7F, 0xFF, 0xC0, 0x07, 0xFF,
    0xF8, 0x01, 0xFF, 0xFF, 0x00, 0x3F, 0xFF, 0xC0, 0x07, 0xFF, 0xF8, 0x01, 0xFF, 0xFF, 0x00, 0x3F,
    0xFF, 0xC0, 0x0F, 0xFF, 0xF8, 0x01, 0xFF, 0xFF, 0x00, 0x3F, 0xFF, 0xE0, 0x0F, 0xFF, 0xF8, 0x01,
    0xFF, 0xFF, 0x00, 0x3F, 0xFF, 0xE0, 0x0F, 0xFF, 0xFC, 0x01, 0xFF, 0xFE, 0x00, 0x1F, 0xFF, 0xE0,
    0x0F, 0xFF, 0xFC, 0x03, 0xFF, 0xFE, 0x00, 0x1F, 0xFF, 0xE0, 0x1F, 0xFF, 0xFC, 0x03, 0xFF, 0xFE,
    0x00, 0x1F, 0xFF, 0xE0, 0x1F, 0xFF, 0xFC, 0x03, 0xFF, 0xFC, 0x00, 0x0F, 0xFF, 0xE0, 0x1F, 0xFF,
    0xFC, 0x03, 0xFF, 0xFC, 0x00, 0x0F, 0xFF, 0xF0, 0x1F, 0xFF, 0xFE, 0x03, 0xFF, 0xFC, 0x00, 0x0F,
    0xFF, 0xF0, 0x1F, 0xFF, 0xFE, 0x03, 0xFF, 0xFC, 0x00, 0x0F, 0xFF, 0xF0, 0x3F, 0xFF, 0xFE, 0x07,
    0xFF, 0xF8, 0x00, 0x07, 0xFF, 0xF0, 0x3F, 0xFF, 0xFE, 0x07, 0xFF, 0xF8, 0x00, 0x07, 0xFF, 0xF0,
    0x3F, 0xFF, 0xFE, 0x07, 0xFF, 0xF8, 0x00, 0x07, 0xFF, 0xF8, 0x3F, 0xFF, 0xFF, 0x07, 0xFF, 0xF0,
    0x00, 0x03, 0xFF, 0xF8, 0x3F, 0xFF, 0xFF, 0x07, 0xFF, 0xF0, 0x00, 0x03, 0xFF, 0xF8, 0x7F, 0xFF,
    0xFF, 0x0F, 0xFF, 0xF0, 0x00, 0x03, 0xFF, 0xF8, 0x7F, 0xF7, 0xFF, 0x0F, 0xFF, 0xF0, 0x00, 0x03,
    0xFF, 0xF8, 0x7F, 0xF7, 0xFF, 0x8F, 0xFF, 0xE0, 0x00, 0x01, 0xFF, 0xF8, 0x7F, 0xF7, 0xFF, 0x8F,
    0xFF, 0xE0, 0x00, 0x01, 0xFF, 0xFC, 0xFF, 0xF3, 0xFF, 0x8F, 0xFF, 0xE0, 0x00, 0x01, 0xFF, 0xFC,
    0xFF, 0xF3, 0xFF, 0x8F, 0xFF, 0xC0, 0x00, 0x00, 0xFF, 0xFC, 0xFF, 0xE3, 0xFF, 0x9F, 0xFF, 0xC0,
    0x00, 0x00, 0xFF, 0xFC, 0xFF, 0xE3, 0xFF, 0xDF, 0xFF, 0xC0, 0x00, 0x00, 0xFF, 0xFC, 0xFF, 0xE3,
    0xFF, 0xDF, 0xFF, 0x80, 0x00, 0x00, 0xFF, 0xFF, 0xFF, 0xE1, 0xFF, 0xDF, 0xFF, 0x80, 0x00, 0x00,
    0x7F, 0xFF, 0xFF, 0xE1, 0xFF, 0xDF, 0xFF, 0x80, 0x00, 0x00, 0x7F, 0xFF, 0xFF, 0xC1, 0xFF, 0xDF,
    0xFF, 0x80, 0x00, 0x00, 0x7F, 0xFF, 0xFF, 0xC0, 0xFF, 0xFF, 0xFF, 0x00, 0x00, 0x00, 0x3F, 0xFF,
    0xFF, 0xC0, 0xFF, 0xFF, 0xFF, 0x00, 0x00, 0x00, 0x3F, 0xFF, 0xFF, 0x80, 0xFF, 0xFF, 0xFF, 0x00,
    0x00, 0x00, 0x3F, 0xFF, 0xFF, 0x80, 0xFF, 0xFF, 0xFE, 0x00, 0x00, 0x00, 0x3F, 0xFF, 0xFF, 0x80,
    0x7F, 0xFF, 0xFE, 0x00, 0x00, 0x00, 0x1F, 0xFF, 0xFF, 0x80, 0x7F, 0xFF, 0xFE, 0x00, 0x00, 0x00,
    0x1F, 0xFF, 0xFF, 0x00, 0x7F, 0xFF, 0xFE, 0x00, 0x00, 0x00, 0x1F, 0xFF, 0xFF, 0x00, 0x3F, 0xFF,
    0xFC, 0x00, 0x00, 0x00, 0x0F, 0xFF, 0xFF, 0x00, 0x3F, 0xFF, 0xFC, 0x00, 0x00, 0x00, 0x0F, 0xFF,
    0xFE, 0x00, 0x3F, 0xFF, 0xFC, 0x00, 0x00, 0x00, 0x0F, 0xFF, 0xFE, 0x00, 0x3F, 0xFF, 0xF8, 0x00,
    0x00, 0x00, 0x0F, 0xFF, 0xFE, 0x00, 0x1F, 0xFF, 0xF8, 0x00, 0x00, 0x00, 0x07, 0xFF, 0xFC, 0x00,
    0x1F, 0xFF, 0xF8, 0x00, 0x00, 0x00, 0x07, 0xFF, 0xFC, 0x00, 0x1F, 0xFF, 0xF8, 0x00, 0x00, 0x3F,
    0xFF, 0xE0, 0x00, 0xFF, 0xFF, 0xC0, 0x1F, 0xFF, 0xF0, 0x00, 0xFF, 0xFF, 0x80, 0x1F, 0xFF, 0xF0,
    0x01, 0xFF, 0xFF, 0x00, 0x0F, 0xFF, 0xF8, 0x01, 0xFF, 0xFF, 0x00, 0x0F, 0xFF, 0xF8, 0x03, 0xFF,
    0xFE, 0x00, 0x07, 0xFF, 0xFC, 0x03, 0xFF, 0xFC, 0x00, 0x07, 0xFF, 0xFC, 0x07, 0xFF, 0xFC, 0x00,
    0x03, 0xFF, 0xFE, 0x07, 0xFF, 0xF8, 0x00, 0x01, 0xFF, 0xFE, 0x0F, 0xFF, 0xF8, 0x00, 0x01, 0xFF,
    0xFE, 0x0F, 0xFF, 0xF0, 0x00, 0x00, 0xFF, 0xFF, 0x0F, 0xFF, 0xE0, 0x00, 0x00, 0xFF, 0xFF, 0x1F,
    0xFF, 0xE0, 0x00, 0x00, 0x7F, 0xFF, 0x9F, 0xFF, 0xC0, 0x00, 0x00, 0x7F, 0xFF, 0xBF, 0xFF, 0xC0,
    0x00, 0x00, 0x3F, 0xFF, 0xFF, 0xFF, 0x80, 0x00, 0x00, 0x1F, 0xFF, 0xFF, 0xFF, 0x80, 0x00, 0x00,
    0x1F, 0xFF, 0xFF, 0xFF, 0x00, 0x00, 0x00, 0x0F, 0xFF, 0xFF, 0xFE, 0x00, 0x00, 0x00, 0x0F, 0xFF,
    0xFF, 0xFE, 0x00, 0x00, 0x00, 0x07, 0xFF, 0xFF, 0xFC, 0x00, 0x00, 0x00, 0x07, 0xFF, 0xFF, 0xFC,
    0x00, 0x00, 0x00, 0x03, 0xFF, 0xFF, 0xF8, 0x00, 0x00, 0x00, 0x01, 0xFF, 0xFF, 0xF0, 0x00, 0x00,
    0x00, 0x03, 0xFF, 0xFF, 0xF8, 0x00, 0x00, 0x00, 0x07, 0xFF, 0xFF, 0xFC, 0x00, 0x00, 0x00, 0x07,
    0xFF, 0xFF, 0xFC, 0x00, 0x00, 0x00, 0x0F, 0xFF, 0xFF, 0xFE, 0x00, 0x00, 0x00, 0x0F, 0xFF, 0xFF,
    0xFE, 0x00, 0x00, 0x00, 0x1F, 0xFF, 0xFF, 0xFF, 0x00, 0x00, 0x00, 0x1F, 0xFF, 0xFF, 0xFF, 0x00,
    0x00, 0x00, 0x3F, 0xFF, 0xBF, 0xFF, 0x80, 0x00, 0x00, 0x7F, 0xFF, 0xBF, 0xFF, 0xC0, 0x00, 0x00,
    0x7F, 0xFF, 0x3F, 0xFF, 0xC0, 0x00, 0x00, 0xFF, 0xFF, 0x1F, 0xFF, 0xE0, 0x00, 0x00, 0xFF, 0xFE,
    0x1F, 0xFF, 0xE0, 0x00, 0x01, 0xFF, 0xFE, 0x0F, 0xFF, 0xF0, 0x00, 0x03, 0xFF, 0xFE, 0x0F, 0xFF,
    0xF8, 0x00, 0x03, 0xFF, 0xFC, 0x07, 0xFF, 0xF8, 0x00, 0x07, 0xFF, 0xFC, 0x07, 0xFF, 0xFC, 0x00,
    0x07, 0xFF, 0xF8, 0x03, 0xFF, 0xFC, 0x00, 0x0F, 0xFF, 0xF8, 0x03, 0xFF, 0xFE, 0x00, 0x0F, 0xFF,
    0xF0, 0x01, 0xFF, 0xFF, 0x00, 0x1F, 0xFF, 0xF0, 0x01, 0xFF, 0xFF, 0x00, 0x3F, 0xFF, 0xE0, 0x00,
    0xFF, 0xFF, 0x80, 0x3F, 0xFF, 0xE0, 0x00, 0xFF, 0xFF, 0x80, 0x7F, 0xFF, 0xC0, 0x00, 0x7F, 0xFF,
    0xC0, 0xFF, 0xFF, 0xC0, 0x00, 0x0F, 0xFF, 0xF8, 0x7F, 0xFF, 0xC0, 0x00, 0x1F, 0xFF, 0xF0, 0x7F,
    0xFF, 0xE0, 0x00, 0x1F, 0xFF, 0xF0, 0x3F, 0xFF, 0xE0, 0x00, 0x1F, 0xFF, 0xF0, 0x3F, 0xFF, 0xE0,
    0x00, 0x3F, 0xFF, 0xE0, 0x1F, 0xFF, 0xE0, 0x00, 0x3F, 0xFF, 0xE0, 0x1F, 0xFF, 0xF0, 0x00, 0x3F,
    0xFF, 0xC0, 0x1F, 0xFF, 0xF0, 0x00, 0x7F, 0xFF, 0xC0, 0x0F, 0xFF, 0xF0, 0x00, 0x7F, 0xFF, 0xC0,
    0x0F, 0xFF, 0xF0, 0x00, 0x7F, 0xFF, 0x80, 0x0F, 0xFF, 0xF8, 0x00, 0x7F, 0xFF, 0x80, 0x07, 0xFF,
    0xF8, 0x00, 0xFF, 0xFF, 0x80, 0x07, 0xFF, 0xF8, 0x00, 0xFF, 0xFF, 0x00, 0x07, 0xFF, 0xFC, 0x00,
    0xFF, 0xFF, 0x00, 0x03, 0xFF, 0xFC, 0x01, 0xFF, 0xFE, 0x00, 0x03, 0xFF, 0xFC, 0x01, 0xFF, 0xFE,
    0x00, 0x01, 0xFF, 0xFC, 0x01, 0xFF, 0xFE, 0x00, 0x01, 0xFF, 0xFE, 0x03, 0xFF, 0xFC, 0x00, 0x01,
    0xFF, 0xFE, 0x03, 0xFF, 0xFC, 0x00, 0x00, 0xFF, 0xFE, 0x03, 0xFF, 0xFC, 0x00, 0x00, 0xFF, 0xFF,
    0x07, 0xFF, 0xF8, 0x00, 0x00, 0xFF, 0xFF, 0x07, 0xFF, 0xF8, 0x00, 0x00, 0x7F, 0xFF, 0x07, 0xFF,
    0xF0, 0x00, 0x00, 0x7F, 0xFF, 0x07, 0xFF, 0xF0, 0x00, 0x00, 0x3F, 0xFF, 0x8F, 0xFF, 0xF0, 0x00,
    0x00, 0x3F, 0xFF, 0x8F, 0xFF, 0xE0, 0x00, 0x00, 0x3F, 0xFF, 0x8F, 0xFF, 0xE0, 0x00, 0x00, 0x1F,
    0xFF, 0x9F, 0xFF, 0xC0, 0x00, 0x00, 0x1F, 0xFF, 0x9F, 0xFF, 0xC0, 0x00, 0x00, 0x1F, 0xFF, 0xDF,
    0xFF, 0xC0, 0x00, 0x00, 0x0F, 0xFF, 0xDF, 0xFF, 0x80, 0x00, 0x00, 0x0F, 0xFF, 0xDF, 0xFF, 0x80,
    0x00, 0x00, 0x07, 0xFF, 0xFF, 0xFF, 0x80, 0x00, 0x00, 0x07, 0xFF, 0xFF, 0xFF, 0x00, 0x00, 0x00,
    0x07, 0xFF, 0xFF, 0xFF, 0x00, 0x00, 0x00, 0x03, 0xFF, 0xFF, 0xFE, 0x00, 0x00, 0x00, 0x03, 0xFF,
    0xFF, 0xFE, 0x00, 0x00, 0x00, 0x03, 0xFF, 0xFF, 0xFE, 0x00, 0x00, 0x00, 0x01, 0xFF, 0xFF, 0xFC,
    0x00, 0x00, 0x00, 0x01, 0xFF, 0xFF, 0xFC, 0x00, 0x00, 0x00, 0x01, 0xFF, 0xFF, 0xFC, 0x00, 0x00,
    0x00, 0x00, 0xFF, 0xFF, 0xF8, 0x00, 0x00, 0x00, 0x00, 0xFF, 0xFF, 0xF8, 0x00, 0x00, 0x00, 0x00,
    0x7F, 0xFF, 0xF0, 0x00, 0x00, 0x00, 0x00, 0x7F, 0xFF, 0xF0, 0x00, 0x00, 0x00, 0x00, 0x7F, 0xFF,
    0xF0, 0x00, 0x00, 0x00, 0x00, 0x3F, 0xFF, 0xE0, 0x00, 0x00, 0x00, 0x00, 0x3F, 0xFF, 0xE0, 0x00,
    0x00, 0x00, 0x00, 0x3F, 0xFF, 0xE0, 0x00, 0x00, 0x00, 0x00, 0x3F, 0xFF, 0xC0, 0x00, 0x00, 0x00,
    0xC0, 0xFF, 0xFF, 0xC0, 0x00, 0x00, 0x01, 0xFF, 0xFF, 0xFF, 0x80, 0x00, 0x00, 0x01, 0xFF, 0xFF,
    0xFF, 0x80, 0x00, 0x00, 0x01, 0xFF, 0xFF, 0xFF, 0x00, 0x00, 0x00, 0x03, 0xFF, 0xFF, 0xFF, 0x00,
    0x00, 0x00, 0x03, 0xFF, 0xFF, 0xFE, 0x00, 0x00, 0x00, 0x03, 0xFF, 0xFF, 0xFC, 0x00, 0x00, 0x00,
    0x07, 0xFF, 0xFF, 0xF8, 0x00, 0x00, 0x00, 0x07, 0xFF, 0xFF, 0xF0, 0x00, 0x00, 0x00, 0x07, 0xFF,
    0xFF, 0xE0, 0x00, 0x00, 0x00, 0x07, 0xFF, 0xFF, 0x80, 0x00, 0x00, 0x00, 0x0F, 0xFF, 0xFF, 0x00,
    0x00, 0x00, 0x00, 0x00, 0xFF, 0xF0, 0x00, 0x00, 0x00, 0x00, 0x07, 0xFF, 0xFF, 0xFF, 0xFF, 0xF0,
    0x00, 0x07, 0xFF, 0xFF, 0xFF, 0xFF, 0xF0, 0x00, 0x07, 0xFF, 0xFF, 0xFF, 0xFF, 0xF0, 0x00, 0x07,
    0xFF, 0xFF, 0xFF, 0xFF, 0xF0, 0x00, 0x07, 0xFF, 0xFF, 0xFF, 0xFF, 0xF0, 0x00, 0x07, 0xFF, 0xFF,
    0xFF, 0xFF, 0xF0, 0x00, 0x07, 0xFF, 0xFF, 0xFF, 0xFF, 0xF0, 0x00, 0x07, 0xFF, 0xFF, 0xFF, 0xFF,
    0xF0, 0x00, 0x07, 0xFF, 0xFF, 0xFF, 0xFF, 0xF0, 0x00, 0x07, 0xFF, 0xFF, 0xFF, 0xFF, 0xF0, 0x00,
    0x07, 0xFF, 0xFF, 0xFF, 0xFF, 0xF0, 0x00, 0x07, 0xFF, 0xFF, 0xFF, 0xFF, 0xE0, 0x00, 0x00, 0x00,
    0x00, 0x7F, 0xFF, 0xC0, 0x00, 0x00, 0x00, 0x00, 0xFF, 0xFF, 0x80, 0x00, 0x00, 0x00, 0x01, 0xFF,
    0xFF, 0x80, 0x00, 0x00, 0x00, 0x03, 0xFF, 0xFF, 0x00, 0x00, 0x00, 0x00, 0x07, 0xFF, 0xFE, 0x00,
    0x00, 0x00, 0x00, 0x07, 0xFF, 0xFC, 0x00, 0x00, 0x00, 0x00, 0x0F, 0xFF, 0xFC, 0x00, 0x00, 0x00,
    0x00, 0x1F, 0xFF, 0xF8, 0x00, 0x00, 0x00, 0x00, 0x3F, 0xFF, 0xF0, 0x00, 0x00, 0x00, 0x00, 0x7F,
    0xFF, 0xE0, 0x00, 0x00, 0x00, 0x00, 0xFF, 0xFF, 0xC0, 0x00, 0x00, 0x00, 0x00, 0xFF, 0xFF, 0xC0,
    0x00, 0x00, 0x00, 0x01, 0xFF, 0xFF, 0x80, 0x00, 0x00, 0x00, 0x03, 0xFF, 0xFF, 0x00, 0x00, 0x00,
    0x00, 0x07, 0xFF, 0xFE, 0x00, 0x00, 0x00, 0x00, 0x0F, 0xFF, 0xFE, 0x00, 0x00, 0x00, 0x00, 0x0F,
    0xFF, 0xFC, 0x00, 0x00, 0x00, 0x00, 0x1F, 0xFF, 0xF8, 0x00, 0x00, 0x00, 0x00, 0x3F, 0xFF, 0xF0,
    0x00, 0x00, 0x00, 0x00, 0x7F, 0xFF, 0xF0, 0x00, 0x00, 0x00, 0x00, 0xFF, 0xFF, 0xE0, 0x00, 0x00,
    0x00, 0x00, 0xFF, 0xFF, 0xC0, 0x00, 0x00, 0x00, 0x01, 0xFF, 0xFF, 0xFF, 0xFF, 0xF8, 0x00, 0x03,
    0xFF, 0xFF, 0xFF, 0xFF, 0xF8, 0x00, 0x07, 0xFF, 0xFF, 0xFF, 0xFF, 0xF8, 0x00, 0x07, 0xFF, 0xFF,
    0xFF, 0xFF, 0xF8, 0x00, 0x07, 0xFF, 0xFF, 0xFF, 0xFF, 0xF8, 0x00, 0x07, 0xFF, 0xFF, 0xFF, 0xFF,
    0xF8, 0x00, 0x07, 0xFF, 0xFF, 0xFF, 0xFF, 0xF8, 0x00, 0x07, 0xFF, 0xFF, 0xFF, 0xFF, 0xF8, 0x00,
    0x07, 0xFF, 0xFF, 0xFF, 0xFF, 0xF8, 0x00, 0x07, 0xFF, 0xFF, 0xFF, 0xFF, 0xF8, 0x00, 0x07, 0xFF,
    0xFF, 0xFF, 0xFF, 0xF8, 0x00, 0x07, 0xFF, 0xFF, 0xFF, 0xFF, 0xF8, 0x00, 0x00, 0x00, 0x00, 0x3F,
    0xFE, 0x00, 0x00, 0x00, 0x01, 0xFF, 0xFE, 0x00, 0x00, 0x00, 0x07, 0xFF, 0xFE, 0x00, 0x00, 0x00,
    0x0F, 0xFF, 0xFE, 0x00, 0x00, 0x00, 0x1F, 0xFF, 0xFE, 0x00, 0x00, 0x00, 0x3F, 0xFF, 0xFE, 0x00,
    0x00, 0x00, 0x7F, 0xFF, 0xFE, 0x00, 0x00, 0x00, 0x7F, 0xFF, 0xFE, 0x00, 0x00, 0x00, 0xFF, 0xFF,
    0xFE, 0x00, 0x00, 0x00, 0xFF, 0xFF, 0xFE, 0x00, 0x00, 0x00, 0xFF, 0xFF, 0xFE, 0x00, 0x00, 0x01,
    0xFF, 0xFF, 0xFE, 0x00, 0x00, 0x01, 0xFF, 0xFF, 0xC0, 0x00, 0x00, 0x01, 0xFF, 0xFF, 0x00, 0x00,
    0x00, 0x01, 0xFF, 0xFE, 0x00, 0x00, 0x00, 0x01, 0xFF, 0xFE, 0x00, 0x00, 0x00, 0x01, 0xFF, 0xFE,
    0x00, 0x00, 0x00, 0x01, 0xFF, 0xFC, 0x00, 0x00, 0x00, 0x01, 0xFF, 0xFC, 0x00, 0x00, 0x00, 0x01,
    0xFF, 0xFC, 0x00, 0x00, 0x00, 0x01, 0xFF, 0xFC, 0x00, 0x00, 0x00, 0x01, 0xFF, 0xFC, 0x00, 0x00,
    0x00, 0x01, 0xFF, 0xFC, 0x00, 0x00, 0x00, 0x01, 0xFF, 0xFC, 0x00, 0x00, 0x00, 0x01, 0xFF, 0xFC,
    0x00, 0x00, 0x00, 0x01, 0xFF, 0xFC, 0x00, 0x00, 0x00, 0x03, 0xFF, 0xFC, 0x00, 0x00, 0x00, 0x03,
    0xFF, 0xFC, 0x00, 0x00, 0x00, 0x07, 0xFF, 0xFC, 0x00, 0x00, 0x00, 0x0F, 0xFF, 0xFC, 0x00, 0x00,
    0x00, 0x3F, 0xFF, 0xF8, 0x00, 0x00, 0x03, 0xFF, 0xFF, 0xF8, 0x00, 0x00, 0x03, 0xFF, 0xFF, 0xF0,
    0x00, 0x00, 0x03, 0xFF, 0xFF, 0xE0, 0x00, 0x00, 0x03, 0xFF, 0xFF, 0xC0, 0x00, 0x00, 0x03, 0xFF,
    0xFF, 0x80, 0x00, 0x00, 0x03, 0xFF, 0xFE, 0x00, 0x00, 0x00, 0x03, 0xFF, 0xF0, 0x00, 0x00, 0x00,
    0x03, 0xFF, 0xF0, 0x00, 0x00, 0x00, 0x03, 0xFF, 0xFC, 0x00, 0x00, 0x00, 0x03, 0xFF, 0xFF, 0x00,
    0x00, 0x00, 0x03, 0xFF, 0xFF, 0xC0, 0x00, 0x00, 0x03, 0xFF, 0xFF, 0xE0, 0x00, 0x00, 0x03, 0xFF,
    0xFF, 0xF0, 0x00, 0x00, 0x03, 0xFF, 0xFF, 0xF8, 0x00, 0x00, 0x00, 0x3F, 0xFF, 0xF8, 0x00, 0x00,
    0x00, 0x0F, 0xFF, 0xFC, 0x00, 0x00, 0x00, 0x07, 0xFF, 0xFC, 0x00, 0x00, 0x00, 0x03, 0xFF, 0xFC,
    0x00, 0x00, 0x00, 0x03, 0xFF, 0xFC, 0x00, 0x00, 0x00, 0x01, 0xFF, 0xFC, 0x00, 0x00, 0x00, 0x01,
    0xFF, 0xFC, 0x00, 0x00, 0x00, 0x01, 0xFF, 0xFC, 0x00, 0x00, 0x00, 0x01, 0xFF, 0xFC, 0x00, 0x00,
    0x00, 0x01, 0xFF, 0xFC, 0x00, 0x00, 0x00, 0x01, 0xFF, 0xFC, 0x00, 0x00, 0x00, 0x01, 0xFF, 0xFC,
    0x00, 0x00, 0x00, 0x01, 0xFF, 0xFC, 0x00, 0x00, 0x00, 0x01, 0xFF, 0xFC, 0x00, 0x00, 0x00, 0x01,
    0xFF, 0xFC, 0x00, 0x00, 0x00, 0x01, 0xFF, 0xFE, 0x00, 0x00, 0x00, 0x01, 0xFF, 0xFE, 0x00, 0x00,
    0x00, 0x01, 0xFF, 0xFF, 0x00, 0x00, 0x00, 0x01, 0xFF, 0xFF, 0x80, 0x00, 0x00, 0x01, 0xFF, 0xFF,
    0xFE, 0x00, 0x00, 0x01, 0xFF, 0xFF, 0xFE, 0x00, 0x00, 0x00, 0xFF, 0xFF, 0xFE, 0x00, 0x00, 0x00,
    0xFF, 0xFF, 0xFE, 0x00, 0x00, 0x00, 0xFF, 0xFF, 0xFE, 0x00, 0x00, 0x00, 0x7F, 0xFF, 0xFE, 0x00,
    0x00, 0x00, 0x7F, 0xFF, 0xFE, 0x00, 0x00, 0x00, 0x3F, 0xFF, 0xFE, 0x00, 0x00, 0x00, 0x1F, 0xFF,
    0xFE, 0x00, 0x00, 0x00, 0x0F, 0xFF, 0xFE, 0x00, 0x00, 0x00, 0x03, 0xFF, 0xFE, 0x00, 0x00, 0x00,
    0x00, 0xFF, 0xFE, 0x00, 0x00, 0x00, 0x00, 0x0F, 0xFE, 0x00, 0x00, 0x00, 0x00, 0x00, 0x00, 0x00,
    0x00, 0x7F, 0xFF, 0x80, 0x00, 0x00, 0x7F, 0xFF, 0x80, 0x00, 0x00, 0x7F, 0xFF, 0x80, 0x00, 0x00,
    0x7F, 0xFF, 0x80, 0x00, 0x00, 0x7F, 0xFF, 0x80, 0x00, 0x00, 0x7F, 0xFF, 0x80, 0x00, 0x00, 0x7F,
    0xFF, 0x80, 0x00, 0x00, 0x7F, 0xFF, 0x80, 0x00, 0x00, 0x7F, 0xFF, 0x80, 0x00, 0x00, 0x7F, 0xFF,
    0x80, 0x00, 0x00, 0x7F, 0xFF, 0x80, 0x00, 0x00, 0x7F, 0xFF, 0x80, 0x00, 0x00, 0x7F, 0xFF, 0x80,
    0x00, 0x00, 0x7F, 0xFF, 0x80, 0x00, 0x00, 0x7F, 0xFF, 0x80, 0x00, 0x00, 0x7F, 0xFF, 0x80, 0x00,
    0x00, 0x7F, 0xFF, 0x80, 0x00, 0x00, 0x7F, 0xFF, 0x80, 0x00, 0x00, 0x7F, 0xFF, 0x80, 0x00, 0x00,
    0x7F, 0xFF, 0x80, 0x00, 0x00, 0x7F, 0xFF, 0x80, 0x00, 0x00, 0x7F, 0xFF, 0x80, 0x00, 0x00, 0x7F,
    0xFF, 0x80, 0x00, 0x00, 0x7F, 0xFF, 0x80, 0x00, 0x00, 0x7F, 0xFF, 0x80, 0x00, 0x00, 0x7F, 0xFF,
    0x80, 0x00, 0x00, 0x7F, 0xFF, 0x80, 0x00, 0x00, 0x7F, 0xFF, 0x80, 0x00, 0x00, 0x7F, 0xFF, 0x80,
    0x00, 0x00, 0x7F, 0xFF, 0x80, 0x00, 0x00, 0x7F, 0xFF, 0x80, 0x00, 0x00, 0x7F, 0xFF, 0x80, 0x00,
    0x00, 0x7F, 0xFF, 0x80, 0x00, 0x00, 0x7F, 0xFF, 0x80, 0x00, 0x00, 0x7F, 0xFF, 0x80, 0x00, 0x00,
    0x7F, 0xFF, 0x80, 0x00, 0x00, 0x7F, 0xFF, 0x80, 0x00, 0x00, 0x7F, 0xFF, 0x80, 0x00, 0x00, 0x7F,
    0xFF, 0x80, 0x00, 0x00, 0x7F, 0xFF, 0x80, 0x00, 0x00, 0x7F, 0xFF, 0x80, 0x00, 0x00, 0x7F, 0xFF,
    0x80, 0x00, 0x00, 0x7F, 0xFF, 0x80, 0x00, 0x00, 0x7F, 0xFF, 0x80, 0x00, 0x00, 0x7F, 0xFF, 0x80,
    0x00, 0x00, 0x7F, 0xFF, 0x80, 0x00, 0x00, 0x7F, 0xFF, 0x80, 0x00, 0x00, 0x7F, 0xFF, 0x80, 0x00,
    0x00, 0x7F, 0xFF, 0x80, 0x00, 0x00, 0x7F, 0xFF, 0x80, 0x00, 0x00, 0x7F, 0xFF, 0x80, 0x00, 0x00,
    0x7F, 0xFF, 0x80, 0x00, 0x00, 0x7F, 0xFF, 0x80, 0x00, 0x00, 0x7F, 0xFF, 0x80, 0x00, 0x00, 0x7F,
    0xFF, 0x80, 0x00, 0x00, 0x7F, 0xFF, 0x80, 0x00, 0x00, 0x7F, 0xFF, 0x80, 0x00, 0x00, 0x7F, 0xFF,
    0x80, 0x00, 0x00, 0x7F, 0xFF, 0x80, 0x00, 0x00, 0x7F, 0xFF, 0x80, 0x00, 0x00, 0x7F, 0xFF, 0x80,
    0x00, 0x00, 0x7F, 0xFF, 0x80, 0x00, 0x00, 0x7F, 0xFF, 0x80, 0x00, 0x00, 0x7F, 0xFF, 0x80, 0x00,
    0x00, 0x7F, 0xFF, 0x80, 0x00, 0x00, 0x7F, 0xFF, 0x80, 0x00, 0x00, 0x7F, 0xFF, 0x80, 0x00, 0x00,
    0x7F, 0xFF, 0x80, 0x00, 0x00, 0x7F, 0xFF, 0x80, 0x00, 0x00, 0x7F, 0xFF, 0x80, 0x00, 0x00, 0x7F,
    0xFF, 0x80, 0x00, 0x00, 0x7F, 0xFF, 0x80, 0x00, 0x00, 0x7F, 0xFF, 0x80, 0x00, 0x00, 0x7F, 0xFF,
    0x80, 0x00, 0x00, 0x7F, 0xFF, 0x80, 0x00, 0x00, 0x7F, 0xFF, 0x80, 0x00, 0x00, 0x7F, 0xFF, 0x80,
    0x00, 0x00, 0x7F, 0xFF, 0x80, 0x00, 0x00, 0x7F, 0xFF, 0x80, 0x00, 0x00, 0x7F, 0xFF, 0x80, 0x00,
    0x00, 0x7F, 0xFF, 0x80, 0x00, 0x00, 0x7F, 0xFF, 0x80, 0x00, 0x00, 0x7F, 0xFF, 0x80, 0x00, 0x00,
    0x7F, 0xFF, 0x80, 0x00, 0x00, 0x7F, 0xFF, 0x80, 0x00, 0x00, 0x7F, 0xFF, 0x80, 0x00, 0x00, 0x7F,
    0xFF, 0x80, 0x00, 0x00, 0x7F, 0xFF, 0x80, 0x00, 0x00, 0x7F, 0xFF, 0x80, 0x00, 0x00, 0x7F, 0xFF,
    0x80, 0x00, 0x00, 0x7F, 0xFF, 0x80, 0x00, 0x00, 0x7F, 0xFF, 0x80, 0x00, 0x00, 0x7F, 0xFF, 0x80,
    0x00, 0x00, 0x7F, 0xFF, 0x80, 0x00, 0x00, 0x7F, 0xFF, 0x80, 0x00, 0x00, 0x7F, 0xFF, 0x80, 0x00,
    0x00, 0x7F, 0xFF, 0x80, 0x00, 0x00, 0x7F, 0xFF, 0x80, 0x00, 0x00, 0x7F, 0xFF, 0x80, 0x00, 0x00,
    0x7F, 0xFF, 0x80, 0x00, 0x00, 0x7F, 0xFF, 0x80, 0x00, 0x00, 0x7F, 0xFF, 0x80, 0x00, 0x1F, 0xFF,
    0x00, 0x00, 0x00, 0x00, 0x1F, 0xFF, 0xE0, 0x00, 0x00, 0x00, 0x1F, 0xFF, 0xF8, 0x00, 0x00, 0x00,
    0x1F, 0xFF, 0xFE, 0x00, 0x00, 0x00, 0x1F, 0xFF, 0xFF, 0x00, 0x00, 0x00, 0x1F, 0xFF, 0xFF, 0x80,
    0x00, 0x00, 0x1F, 0xFF, 0xFF, 0x80, 0x00, 0x00, 0x1F, 0xFF, 0xFF, 0xC0, 0x00, 0x00, 0x1F, 0xFF,
    0xFF, 0xC0, 0x00, 0x00, 0x1F, 0xFF, 0xFF, 0xE0, 0x00, 0x00, 0x1F, 0xFF, 0xFF, 0xE0, 0x00, 0x00,
    0x1F, 0xFF, 0xFF, 0xE0, 0x00, 0x00, 0x00, 0xFF, 0xFF, 0xE0, 0x00, 0x00, 0x00, 0x3F, 0xFF, 0xE0,
    0x00, 0x00, 0x00, 0x1F, 0xFF, 0xE0, 0x00, 0x00, 0x00, 0x0F, 0xFF, 0xF0, 0x00, 0x00, 0x00, 0x0F,
    0xFF, 0xF0, 0x00, 0x00, 0x00, 0x0F, 0xFF, 0xF0, 0x00, 0x00, 0x00, 0x0F, 0xFF, 0xF0, 0x00, 0x00,
    0x00, 0x0F, 0xFF, 0xF0, 0x00, 0x00, 0x00, 0x0F, 0xFF, 0xF0, 0x00, 0x00, 0x00, 0x0F, 0xFF, 0xF0,
    0x00, 0x00, 0x00, 0x0F, 0xFF, 0xF0, 0x00, 0x00, 0x00, 0x0F, 0xFF, 0xF0, 0x00, 0x00, 0x00, 0x0F,
    0xFF, 0xF0, 0x00, 0x00, 0x00, 0x0F, 0xFF, 0xF0, 0x00, 0x00, 0x00, 0x0F, 0xFF, 0xF0, 0x00, 0x00,
    0x00, 0x0F, 0xFF, 0xF8, 0x00, 0x00, 0x00, 0x0F, 0xFF, 0xF8, 0x00, 0x00, 0x00, 0x07, 0xFF, 0xFC,
    0x00, 0x00, 0x00, 0x07, 0xFF, 0xFF, 0x80, 0x00, 0x00, 0x03, 0xFF, 0xFF, 0xF8, 0x00, 0x00, 0x03,
    0xFF, 0xFF, 0xF8, 0x00, 0x00, 0x01, 0xFF, 0xFF, 0xF8, 0x00, 0x00, 0x00, 0xFF, 0xFF, 0xF8, 0x00,
    0x00, 0x00, 0x3F, 0xFF, 0xF8, 0x00, 0x00, 0x00, 0x0F, 0xFF, 0xF8, 0x00, 0x00, 0x00, 0x03, 0xFF,
    0xF8, 0x00, 0x00, 0x00, 0x01, 0xFF, 0xF8, 0x00, 0x00, 0x00, 0x0F, 0xFF, 0xF8, 0x00, 0x00, 0x00,
    0x3F, 0xFF, 0xF8, 0x00, 0x00, 0x00, 0x7F, 0xFF, 0xF8, 0x00, 0x00, 0x01, 0xFF, 0xFF, 0xF8, 0x00,
    0x00, 0x03, 0xFF, 0xFF, 0xF8, 0x00, 0x00, 0x03, 0xFF, 0xFF, 0xF8, 0x00, 0x00, 0x07, 0xFF, 0xFF,
    0x80, 0x00, 0x00, 0x07, 0xFF, 0xFC, 0x00, 0x00, 0x00, 0x07, 0xFF, 0xF8, 0x00, 0x00, 0x00, 0x0F,
    0xFF, 0xF8, 0x00, 0x00, 0x00, 0x0F, 0xFF, 0xF0, 0x00, 0x00, 0x00, 0x0F, 0xFF, 0xF0, 0x00, 0x00,
    0x00, 0x0F, 0xFF, 0xF0, 0x00, 0x00, 0x00, 0x0F, 0xFF, 0xF0, 0x00, 0x00, 0x00, 0x0F, 0xFF, 0xF0,
    0x00, 0x00, 0x00, 0x0F, 0xFF, 0xF0, 0x00, 0x00, 0x00, 0x0F, 0xFF, 0xF0, 0x00, 0x00, 0x00, 0x0F,
    0xFF, 0xF0, 0x00, 0x00, 0x00, 0x0F, 0xFF, 0xF0, 0x00, 0x00, 0x00, 0x0F, 0xFF, 0xF0, 0x00, 0x00,
    0x00, 0x0F, 0xFF, 0xF0, 0x00, 0x00, 0x00, 0x0F, 0xFF, 0xF0, 0x00, 0x00, 0x00, 0x1F, 0xFF, 0xE0,
    0x00, 0x00, 0x00, 0x1F, 0xFF, 0xE0, 0x00, 0x00, 0x00, 0x7F, 0xFF, 0xE0, 0x00, 0x00, 0x0F, 0xFF,
    0xFF, 0xE0, 0x00, 0x00, 0x1F, 0xFF, 0xFF, 0xE0, 0x00, 0x00, 0x1F, 0xFF, 0xFF, 0xE0, 0x00, 0x00,
    0x1F, 0xFF, 0xFF, 0xC0, 0x00, 0x00, 0x1F, 0xFF, 0xFF, 0xC0, 0x00, 0x00, 0x1F, 0xFF, 0xFF, 0xC0,
    0x00, 0x00, 0x1F, 0xFF, 0xFF, 0x80, 0x00, 0x00, 0x1F, 0xFF, 0xFF, 0x00, 0x00, 0x00, 0x1F, 0xFF,
    0xFE, 0x00, 0x00, 0x00, 0x1F, 0xFF, 0xFC, 0x00, 0x00, 0x00, 0x1F, 0xFF, 0xF8, 0x00, 0x00, 0x00,
    0x1F, 0xFF, 0xC0, 0x00, 0x00, 0x00, 0x1F, 0xFC, 0x00, 0x00, 0x00, 0x00, 0x00, 0x00, 0x00, 0x00,
    0x00, 0x00, 0x00, 0x00, 0xFE, 0x00, 0x00, 0x00, 0x00, 0x00, 0x00, 0x07, 0xFF, 0xC0, 0x00, 0xFF,
    0xF0, 0x00, 0x00, 0x0F, 0xFF, 0xF0, 0x00, 0xFF, 0xF0, 0x00, 0x00, 0x1F, 0xFF, 0xF8, 0x00, 0xFF,
    0xF0, 0x00, 0x00, 0x3F, 0xFF, 0xFC, 0x00, 0xFF, 0xF0, 0x00, 0x00, 0x7F, 0xFF, 0xFE, 0x00, 0xFF,
    0xF0, 0x00, 0x00, 0x7F, 0xFF, 0xFF, 0x01, 0xFF, 0xF0, 0x00, 0x00, 0xFF, 0xFF, 0xFF, 0xC3, 0xFF,
    0xF0, 0x00, 0x00, 0xFF, 0xFF, 0xFF, 0xFF, 0xFF, 0xF0, 0x00, 0x01, 0xFF, 0xFF, 0xFF, 0xFF, 0xFF,
    0xF0, 0x00, 0x01, 0xFF, 0xFF, 0xFF, 0xFF, 0xFF, 0xE0, 0x00, 0x01, 0xFF, 0xFF, 0xFF, 0xFF, 0xFF,
    0xE0, 0x00, 0x01, 0xFF, 0xFF, 0xFF, 0xFF, 0xFF, 0xE0, 0x00, 0x03, 0xFF, 0xFF, 0xFF, 0xFF, 0xFF,
    0xC0, 0x00, 0x03, 0xFF, 0xF0, 0xFF, 0xFF, 0xFF, 0xC0, 0x00, 0x03, 0xFF, 0xE0, 0x3F, 0xFF, 0xFF,
    0x80, 0x00, 0x03, 0xFF, 0xE0, 0x1F, 0xFF, 0xFF, 0x80, 0x00, 0x03, 0xFF, 0xC0, 0x0F, 0xFF, 0xFF,
    0x00, 0x00, 0x03, 0xFF, 0xC0, 0x07, 0xFF, 0xFE, 0x00, 0x00, 0x03, 0xFF, 0xC0, 0x01, 0xFF, 0xFC,
    0x00, 0x00, 0x03, 0xFF, 0xC0, 0x00, 0xFF, 0xF8, 0x00, 0x00, 0x00, 0x00, 0x00, 0x00, 0x1F, 0xC0,
    0x00, 0x00, 0x00, 0x00, 0x00, 0x00, 0x00, 0x00, 0x00, 0x00, 0x00, 0x00, 0x00, 0x00, 0x00, 0x00,
    0x00, 0x00, 0x00, 0x00, 0x00, 0x00, 0x00, 0x00, 0x00, 0x00, 0x00, 0x00, 0x00, 0x00, 0x00, 0x00,
    0x00, 0x00, 0x00, 0x00, 0x00, 0x00, 0x00, 0x00, 0x00, 0x00, 0x00, 0x00, 0x00, 0x00, 0x00, 0x00,
    0x00, 0x00, 0x00, 0x00, 0x00, 0x00, 0x00, 0x00, 0x00, 0x00, 0x00, 0x00, 0x00, 0x00, 0x00, 0x00,
    0x00, 0x00, 0x00, 0x00, 0x00, 0x00, 0x00, 0x00, 0x00, 0x00, 0x00, 0x00, 0x00, 0x00, 0x00, 0x00,
    0x00, 0x00, 0x00, 0x00, 0x00, 0x00, 0x00, 0x00, 0x00, 0x00, 0x00, 0x00, 0x00, 0x00, 0x00, 0x00,
    0x00, 0x00, 0x00, 0x00, 0x00, 0x00, 0x00, 0x00, 0x00, 0x00, 0x00, 0x00, 0x00, 0x00, 0x00, 0x00,
    0x00, 0x00
};

inline constexpr BitmapFont kFontInterBlack84 = {"inter_black_84", 84U, 82U, 21U, 103U, kFontInterBlack84Glyphs, kFontInterBlack84Bitmap, sizeof(kFontInterBlack84Bitmap)};

inline constexpr Glyph kFontInterBlack87Glyphs[] = {
  {0U, 0U, 0U, 0, 85, 17U},
  {0U, 33U, 64U, 0, 22, 33U},
  {320U, 54U, 63U, 0, 22, 54U},
  {761U, 58U, 63U, 0, 22, 58U},
  {1265U, 58U, 79U, 0, 14, 58U},
  {1897U, 91U, 65U, 0, 21, 91U},
  {2677U, 61U, 65U, 0, 21, 61U},
  {3197U, 32U, 63U, 0, 22, 32U},
  {3449U, 34U, 79U, 0, 18, 34U},
  {3844U, 34U, 79U, 0, 18, 34U},
  {4239U, 53U, 63U, 0, 22, 53U},
  {4680U, 60U, 49U, 0, 36, 60U},
  {5072U, 32U, 28U, 0, 75, 32U},
  {5184U, 41U, 32U, 0, 53, 41U},
  {5376U, 32U, 17U, 0, 69, 32U},
  {5444U, 36U, 76U, 0, 18, 36U},
  {5824U, 62U, 65U, 0, 21, 62U},
  {6344U, 39U, 63U, 0, 22, 39U},
  {6659U, 56U, 64U, 0, 21, 56U},
  {7107U, 58U, 65U, 0, 21, 58U},
  {7627U, 61U, 63U, 0, 22, 61U},
  {8131U, 56U, 64U, 0, 22, 56U},
  {8579U, 59U, 65U, 0, 21, 59U},
  {9099U, 52U, 63U, 0, 22, 52U},
  {9540U, 59U, 65U, 0, 21, 59U},
  {10060U, 59U, 65U, 0, 21, 59U},
  {10580U, 32U, 46U, 0, 40, 32U},
  {10764U, 33U, 63U, 0, 40, 33U},
  {11079U, 60U, 53U, 0, 33, 60U},
  {11503U, 60U, 44U, 0, 41, 60U},
  {11855U, 60U, 53U, 0, 33, 60U},
  {12279U, 52U, 65U, 0, 21, 52U},
  {12734U, 92U, 84U, 0, 21, 92U},
  {13742U, 69U, 63U, 0, 22, 69U},
  {14309U, 58U, 63U, 0, 22, 58U},
  {14813U, 65U, 65U, 0, 21, 65U},
  {15398U, 63U, 63U, 0, 22, 63U},
  {15902U, 53U, 63U, 0, 22, 53U},
  {16343U, 51U, 63U, 0, 22, 51U},
  {16784U, 66U, 65U, 0, 21, 66U},
  {17369U, 65U, 63U, 0, 22, 65U},
  {17936U, 25U, 63U, 0, 22, 25U},
  {18188U, 52U, 64U, 0, 22, 52U},
  {18636U, 66U, 63U, 0, 22, 66U},
  {19203U, 49U, 63U, 0, 22, 49U},
  {19644U, 83U, 63U, 0, 22, 83U},
  {20337U, 67U, 63U, 0, 22, 67U},
  {20904U, 67U, 65U, 0, 21, 67U},
  {21489U, 57U, 63U, 0, 22, 57U},
  {21993U, 68U, 69U, 0, 21, 68U},
  {22614U, 58U, 63U, 0, 22, 58U},
  {23118U, 58U, 65U, 0, 21, 58U},
  {23638U, 60U, 63U, 0, 22, 60U},
  {24142U, 63U, 64U, 0, 22, 63U},
  {24654U, 69U, 63U, 0, 22, 69U},
  {25221U, 94U, 63U, 0, 22, 94U},
  {25977U, 68U, 63U, 0, 22, 68U},
  {26544U, 67U, 63U, 0, 22, 67U},
  {27111U, 60U, 63U, 0, 22, 60U},
  {27615U, 34U, 79U, 0, 18, 34U},
  {28010U, 36U, 76U, 0, 18, 36U},
  {28390U, 34U, 79U, 0, 18, 34U},
  {28785U, 44U, 63U, 0, 22, 44U},
  {29163U, 43U, 13U, 0, 84, 43U},
  {29241U, 35U, 67U, 0, 18, 35U},
  {29576U, 52U, 49U, 0, 37, 52U},
  {29919U, 56U, 64U, 0, 22, 56U},
  {30367U, 52U, 49U, 0, 37, 52U},
  {30710U, 56U, 64U, 0, 22, 56U},
  {31158U, 53U, 49U, 0, 37, 53U},
  {31501U, 37U, 66U, 0, 19, 37U},
  {31831U, 56U, 66U, 0, 37, 56U},
  {32293U, 57U, 63U, 0, 22, 57U},
  {32797U, 26U, 68U, 0, 17, 26U},
  {33069U, 29U, 86U, -3, 17, 26U},
  {33413U, 54U, 63U, 0, 22, 53U},
  {33854U, 26U, 63U, 0, 22, 26U},
  {34106U, 82U, 48U, 0, 37, 82U},
  {34634U, 57U, 48U, 0, 37, 57U},
  {35018U, 54U, 49U, 0, 37, 54U},
  {35361U, 56U, 66U, 0, 37, 56U},
  {35823U, 56U, 66U, 0, 37, 56U},
  {36285U, 38U, 48U, 0, 37, 38U},
  {36525U, 51U, 49U, 0, 37, 51U},
  {36868U, 35U, 60U, 0, 26, 35U},
  {37168U, 57U, 48U, 0, 38, 57U},
  {37552U, 55U, 47U, 0, 38, 55U},
  {37881U, 78U, 47U, -1, 38, 76U},
  {38351U, 53U, 47U, 0, 38, 53U},
  {38680U, 55U, 65U, 0, 38, 55U},
  {39135U, 51U, 47U, 0, 38, 51U},
  {39464U, 44U, 79U, 0, 18, 44U},
  {39938U, 35U, 104U, 0, 1, 35U},
  {40458U, 44U, 79U, 0, 18, 44U},
  {40932U, 60U, 37U, 0, 48, 60U}
};

inline constexpr std::uint8_t kFontInterBlack87Bitmap[] = {
    0x00, 0xFF, 0xFF, 0xC0, 0x00, 0x00, 0xFF, 0xFF, 0xC0, 0x00, 0x00, 0xFF, 0xFF, 0xC0, 0x00, 0x00,
    0xFF, 0xFF, 0x80, 0x00, 0x00, 0xFF, 0xFF, 0x80, 0x00, 0x00, 0xFF, 0xFF, 0x80, 0x00, 0x00, 0xFF,
    0xFF, 0x80, 0x00, 0x00, 0xFF, 0xFF, 0x80, 0x00, 0x00, 0xFF, 0xFF, 0x80, 0x00, 0x00, 0xFF, 0xFF,
    0x80, 0x00, 0x00, 0xFF, 0xFF, 0x80, 0x00, 0x00, 0xFF, 0xFF, 0x80, 0x00, 0x00, 0xFF, 0xFF, 0x80,
    0x00, 0x00, 0xFF, 0xFF, 0x80, 0x00, 0x00, 0xFF, 0xFF, 0x80, 0x00, 0x00, 0xFF, 0xFF, 0x80, 0x00,
    0x00, 0xFF, 0xFF, 0x80, 0x00, 0x00, 0xFF, 0xFF, 0x80, 0x00, 0x00, 0xFF, 0xFF, 0x80, 0x00, 0x00,
    0xFF, 0xFF, 0x80, 0x00, 0x00, 0xFF, 0xFF, 0x80, 0x00, 0x00, 0xFF, 0xFF, 0x80, 0x00, 0x00, 0xFF,
    0xFF, 0x80, 0x00, 0x00, 0xFF, 0xFF, 0x80, 0x00, 0x00, 0xFF, 0xFF, 0x80, 0x00, 0x00, 0xFF, 0xFF,
    0x80, 0x00, 0x00, 0xFF, 0xFF, 0x80, 0x00, 0x00, 0xFF, 0xFF, 0x80, 0x00, 0x00, 0xFF, 0xFF, 0x80,
    0x00, 0x00, 0xFF, 0xFF, 0x80, 0x00, 0x00, 0xFF, 0xFF, 0x80, 0x00, 0x00, 0x7F, 0xFF, 0x80, 0x00,
    0x00, 0x7F, 0xFF, 0x80, 0x00, 0x00, 0x7F, 0xFF, 0x80, 0x00, 0x00, 0x7F, 0xFF, 0x80, 0x00, 0x00,
    0x7F, 0xFF, 0x80, 0x00, 0x00, 0x7F, 0xFF, 0x80, 0x00, 0x00, 0x7F, 0xFF, 0x00, 0x00, 0x00, 0x7F,
    0xFF, 0x00, 0x00, 0x00, 0x7F, 0xFF, 0x00, 0x00, 0x00, 0x7F, 0xFF, 0x00, 0x00, 0x00, 0x7F, 0xFF,
    0x00, 0x00, 0x00, 0x7F, 0xFF, 0x00, 0x00, 0x00, 0x00, 0x00, 0x00, 0x00, 0x00, 0x00, 0x00, 0x00,
    0x00, 0x00, 0x00, 0x00, 0x00, 0x00, 0x00, 0x00, 0x00, 0x00, 0x00, 0x00, 0x07, 0xF0, 0x00, 0x00,
    0x00, 0x1F, 0xFC, 0x00, 0x00, 0x00, 0x3F, 0xFE, 0x00, 0x00, 0x00, 0x7F, 0xFF, 0x00, 0x00, 0x00,
    0xFF, 0xFF, 0x80, 0x00, 0x00, 0xFF, 0xFF, 0x80, 0x00, 0x00, 0xFF, 0xFF, 0x80, 0x00, 0x00, 0xFF,
    0xFF, 0xC0, 0x00, 0x01, 0xFF, 0xFF, 0xC0, 0x00, 0x00, 0xFF, 0xFF, 0xC0, 0x00, 0x00, 0xFF, 0xFF,
    0x80, 0x00, 0x00, 0xFF, 0xFF, 0x80, 0x00, 0x00, 0xFF, 0xFF, 0x80, 0x00, 0x00, 0x7F, 0xFF, 0x00,
    0x00, 0x00, 0x3F, 0xFE, 0x00, 0x00, 0x00, 0x1F, 0xFC, 0x00, 0x00, 0x00, 0x07, 0xF0, 0x00, 0x00,
    0x00, 0xFF, 0xFF, 0x03, 0xFF, 0xFC, 0x00, 0x00, 0xFF, 0xFF, 0x03, 0xFF, 0xFC, 0x00, 0x00, 0xFF,
    0xFF, 0x03, 0xFF, 0xFC, 0x00, 0x00, 0x7F, 0xFF, 0x03, 0xFF, 0xFC, 0x00, 0x00, 0x7F, 0xFF, 0x01,
    0xFF, 0xFC, 0x00, 0x00, 0x7F, 0xFF, 0x01, 0xFF, 0xFC, 0x00, 0x00, 0x7F, 0xFF, 0x01, 0xFF, 0xFC,
    0x00, 0x00, 0x7F, 0xFF, 0x01, 0xFF, 0xFC, 0x00, 0x00, 0x7F, 0xFF, 0x01, 0xFF, 0xFC, 0x00, 0x00,
    0x7F, 0xFF, 0x01, 0xFF, 0xF8, 0x00, 0x00, 0x7F, 0xFE, 0x01, 0xFF, 0xF8, 0x00, 0x00, 0x7F, 0xFE,
    0x01, 0xFF, 0xF8, 0x00, 0x00, 0x7F, 0xFE, 0x01, 0xFF, 0xF8, 0x00, 0x00, 0x7F, 0xFE, 0x01, 0xFF,
    0xF8, 0x00, 0x00, 0x7F, 0xFE, 0x01, 0xFF, 0xF8, 0x00, 0x00, 0x7F, 0xFE, 0x01, 0xFF, 0xF8, 0x00,
    0x00, 0x7F, 0xFE, 0x01, 0xFF, 0xF8, 0x00, 0x00, 0x7F, 0xFE, 0x01, 0xFF, 0xF8, 0x00, 0x00, 0x7F,
    0xFE, 0x01, 0xFF, 0xF8, 0x00, 0x00, 0x7F, 0xFE, 0x01, 0xFF, 0xF8, 0x00, 0x00, 0x7F, 0xFE, 0x01,
    0xFF, 0xF8, 0x00, 0x00, 0x3F, 0xFE, 0x01, 0xFF, 0xF8, 0x00, 0x00, 0x3F, 0xFE, 0x00, 0xFF, 0xF8,
    0x00, 0x00, 0x3F, 0xFE, 0x00, 0xFF, 0xF8, 0x00, 0x00, 0x3F, 0xFE, 0x00, 0xFF, 0xF8, 0x00, 0x00,
    0x3F, 0xFE, 0x00, 0xFF, 0xF8, 0x00, 0x00, 0x3F, 0xFE, 0x00, 0xFF, 0xF8, 0x00, 0x00, 0x3F, 0xFE,
    0x00, 0xFF, 0xF0, 0x00, 0x00, 0x00, 0x00, 0x00, 0x00, 0x00, 0x00, 0x00, 0x00, 0x00, 0x00, 0x00,
    0x00, 0x00, 0x00, 0x00, 0x00, 0x00, 0x00, 0x00, 0x00, 0x00, 0x00, 0x00, 0x00, 0x00, 0x00, 0x00,
    0x00, 0x00, 0x00, 0x00, 0x00, 0x00, 0x00, 0x00, 0x00, 0x00, 0x00, 0x00, 0x00, 0x00, 0x00, 0x00,
    0x00, 0x00, 0x00, 0x00, 0x00, 0x00, 0x00, 0x00, 0x00, 0x00, 0x00, 0x00, 0x00, 0x00, 0x00, 0x00,
    0x00, 0x00, 0x00, 0x00, 0x00, 0x00, 0x00, 0x00, 0x00, 0x00, 0x00, 0x00, 0x00, 0x00, 0x00, 0x00,
    0x00, 0x00, 0x00, 0x00, 0x00, 0x00, 0x00, 0x00, 0x00, 0x00, 0x00, 0x00, 0x00, 0x00, 0x00, 0x00,
    0x00, 0x00, 0x00, 0x00, 0x00, 0x00, 0x00, 0x00, 0x00, 0x00, 0x00, 0x00, 0x00, 0x00, 0x00, 0x00,
    0x00, 0x00, 0x00, 0x00, 0x00, 0x00, 0x00, 0x00, 0x00, 0x00, 0x00, 0x00, 0x00, 0x00, 0x00, 0x00,
    0x00, 0x00, 0x00, 0x00, 0x00, 0x00, 0x00, 0x00, 0x00, 0x00, 0x00, 0x00, 0x00, 0x00, 0x00, 0x00,
    0x00, 0x00, 0x00, 0x00, 0x00, 0x00, 0x00, 0x00, 0x00, 0x00, 0x00, 0x00, 0x00, 0x00, 0x00, 0x00,
    0x00, 0x00, 0x00, 0x00, 0x00, 0x00, 0x00, 0x00, 0x00, 0x00, 0x00, 0x00, 0x00, 0x00, 0x00, 0x00,
    0x00, 0x00, 0x00, 0x00, 0x00, 0x00, 0x00, 0x00, 0x00, 0x00, 0x00, 0x00, 0x00, 0x00, 0x00, 0x00,
    0x00, 0x00, 0x00, 0x00, 0x00, 0x00, 0x00, 0x00, 0x00, 0x00, 0x00, 0x00, 0x00, 0x00, 0x00, 0x00,
    0x00, 0x00, 0x00, 0x00, 0x00, 0x00, 0x00, 0x00, 0x00, 0x00, 0x00, 0x00, 0x00, 0x00, 0x00, 0x00,
    0x00, 0x00, 0x00, 0x00, 0x00, 0x00, 0x00, 0x00, 0x00, 0x00, 0x00, 0x00, 0x00, 0x00, 0x00, 0x00,
    0x00, 0x00, 0x00, 0x00, 0x00, 0x00, 0x00, 0x00, 0x00, 0x00, 0x00, 0x7F, 0xF8, 0x01, 0xFF, 0xE0,
    0x00, 0x00, 0x00, 0xFF, 0xF8, 0x01, 0xFF, 0xE0, 0x00, 0x00, 0x00, 0xFF, 0xF8, 0x03, 0xFF, 0xE0,
    0x00, 0x00, 0x00, 0xFF, 0xF0, 0x03, 0xFF, 0xE0, 0x00, 0x00, 0x00, 0xFF, 0xF0, 0x03, 0xFF, 0xE0,
    0x00, 0x00, 0x00, 0xFF, 0xF0, 0x03, 0xFF, 0xC0, 0x00, 0x00, 0x00, 0xFF, 0xF0, 0x03, 0xFF, 0xC0,
    0x00, 0x00, 0x01, 0xFF, 0xF0, 0x03, 0xFF, 0xC0, 0x00, 0x00, 0x01, 0xFF, 0xF0, 0x07, 0xFF, 0xC0,
    0x00, 0x00, 0x01, 0xFF, 0xE0, 0x07, 0xFF, 0xC0, 0x00, 0x00, 0x01, 0xFF, 0xE0, 0x07, 0xFF, 0xC0,
    0x00, 0x00, 0x01, 0xFF, 0xE0, 0x07, 0xFF, 0x80, 0x00, 0x00, 0x01, 0xFF, 0xE0, 0x07, 0xFF, 0x80,
    0x00, 0x00, 0x03, 0xFF, 0xE0, 0x07, 0xFF, 0x80, 0x00, 0x03, 0xFF, 0xFF, 0xFF, 0xFF, 0xFF, 0xFF,
    0x80, 0x03, 0xFF, 0xFF, 0xFF, 0xFF, 0xFF, 0xFF, 0x80, 0x03, 0xFF, 0xFF, 0xFF, 0xFF, 0xFF, 0xFF,
    0x80, 0x03, 0xFF, 0xFF, 0xFF, 0xFF, 0xFF, 0xFF, 0x80, 0x07, 0xFF, 0xFF, 0xFF, 0xFF, 0xFF, 0xFF,
    0x00, 0x07, 0xFF, 0xFF, 0xFF, 0xFF, 0xFF, 0xFF, 0x00, 0x07, 0xFF, 0xFF, 0xFF, 0xFF, 0xFF, 0xFF,
    0x00, 0x07, 0xFF, 0xFF, 0xFF, 0xFF, 0xFF, 0xFF, 0x00, 0x07, 0xFF, 0xFF, 0xFF, 0xFF, 0xFF, 0xFF,
    0x00, 0x07, 0xFF, 0xFF, 0xFF, 0xFF, 0xFF, 0xFF, 0x00, 0x0F, 0xFF, 0xFF, 0xFF, 0xFF, 0xFF, 0xFE,
    0x00, 0x0F, 0xFF, 0xFF, 0xFF, 0xFF, 0xFF, 0xFE, 0x00, 0x0F, 0xFF, 0xFF, 0xFF, 0xFF, 0xFF, 0xFE,
    0x00, 0x00, 0x0F, 0xFF, 0x80, 0x3F, 0xFE, 0x00, 0x00, 0x00, 0x0F, 0xFF, 0x00, 0x3F, 0xFE, 0x00,
    0x00, 0x00, 0x0F, 0xFF, 0x00, 0x3F, 0xFC, 0x00, 0x00, 0x00, 0x0F, 0xFF, 0x00, 0x3F, 0xFC, 0x00,
    0x00, 0x00, 0x1F, 0xFF, 0x00, 0x3F, 0xFC, 0x00, 0x00, 0x00, 0x1F, 0xFF, 0x00, 0x3F, 0xFC, 0x00,
    0x00, 0x00, 0x1F, 0xFF, 0x00, 0x7F, 0xFC, 0x00, 0x00, 0x00, 0x1F, 0xFE, 0x00, 0x7F, 0xFC, 0x00,
    0x00, 0x00, 0x1F, 0xFE, 0x00, 0x7F, 0xF8, 0x00, 0x00, 0x1F, 0xFF, 0xFF, 0xFF, 0xFF, 0xFF, 0xFC,
    0x00, 0x3F, 0xFF, 0xFF, 0xFF, 0xFF, 0xFF, 0xF8, 0x00, 0x3F, 0xFF, 0xFF, 0xFF, 0xFF, 0xFF, 0xF8,
    0x00, 0x3F, 0xFF, 0xFF, 0xFF, 0xFF, 0xFF, 0xF8, 0x00, 0x3F, 0xFF, 0xFF, 0xFF, 0xFF, 0xFF, 0xF8,
    0x00, 0x3F, 0xFF, 0xFF, 0xFF, 0xFF, 0xFF, 0xF8, 0x00, 0x3F, 0xFF, 0xFF, 0xFF, 0xFF, 0xFF, 0xF0,
    0x00, 0x7F, 0xFF, 0xFF, 0xFF, 0xFF, 0xFF, 0xF0, 0x00, 0x7F, 0xFF, 0xFF, 0xFF, 0xFF, 0xFF, 0xF0,
    0x00, 0x7F, 0xFF, 0xFF, 0xFF, 0xFF, 0xFF, 0xF0, 0x00, 0x7F, 0xFF, 0xFF, 0xFF, 0xFF, 0xFF, 0xF0,
    0x00, 0x7F, 0xFF, 0xFF, 0xFF, 0xFF, 0xFF, 0xF0, 0x00, 0x7F, 0xFF, 0xFF, 0xFF, 0xFF, 0xFF, 0xE0,
    0x00, 0x00, 0x7F, 0xF8, 0x01, 0xFF, 0xE0, 0x00, 0x00, 0x00, 0xFF, 0xF8, 0x01, 0xFF, 0xE0, 0x00,
    0x00, 0x00, 0xFF, 0xF8, 0x03, 0xFF, 0xE0, 0x00, 0x00, 0x00, 0xFF, 0xF0, 0x03, 0xFF, 0xE0, 0x00,
    0x00, 0x00, 0xFF, 0xF0, 0x03, 0xFF, 0xC0, 0x00, 0x00, 0x00, 0xFF, 0xF0, 0x03, 0xFF, 0xC0, 0x00,
    0x00, 0x00, 0xFF, 0xF0, 0x03, 0xFF, 0xC0, 0x00, 0x00, 0x01, 0xFF, 0xF0, 0x03, 0xFF, 0xC0, 0x00,
    0x00, 0x01, 0xFF, 0xF0, 0x07, 0xFF, 0xC0, 0x00, 0x00, 0x01, 0xFF, 0xE0, 0x07, 0xFF, 0xC0, 0x00,
    0x00, 0x01, 0xFF, 0xE0, 0x07, 0xFF, 0x80, 0x00, 0x00, 0x01, 0xFF, 0xE0, 0x07, 0xFF, 0x80, 0x00,
    0x00, 0x01, 0xFF, 0xE0, 0x07, 0xFF, 0x80, 0x00, 0x00, 0x03, 0xFF, 0xE0, 0x07, 0xFF, 0x80, 0x00,
    0x00, 0x00, 0x00, 0x00, 0x1F, 0x00, 0x00, 0x00, 0x00, 0x00, 0x00, 0x00, 0x1F, 0x00, 0x00, 0x00,
    0x00, 0x00, 0x00, 0x00, 0x1F, 0x00, 0x00, 0x00, 0x00, 0x00, 0x00, 0x00, 0x1F, 0x00, 0x00, 0x00,
    0x00, 0x00, 0x00, 0x00, 0x1F, 0x00, 0x00, 0x00, 0x00, 0x00, 0x00, 0x00, 0x1F, 0x00, 0x00, 0x00,
    0x00, 0x00, 0x00, 0x00, 0x1F, 0x00, 0x00, 0x00, 0x00, 0x00, 0x00, 0x03, 0xFF, 0xFC, 0x00, 0x00,
    0x00, 0x00, 0x00, 0x3F, 0xFF, 0xFF, 0xC0, 0x00, 0x00, 0x00, 0x01, 0xFF, 0xFF, 0xFF, 0xF0, 0x00,
    0x00, 0x00, 0x03, 0xFF, 0xFF, 0xFF, 0xFC, 0x00, 0x00, 0x00, 0x0F, 0xFF, 0xFF, 0xFF, 0xFE, 0x00,
    0x00, 0x00, 0x1F, 0xFF, 0xFF, 0xFF, 0xFF, 0x00, 0x00, 0x00, 0x3F, 0xFF, 0xFF, 0xFF, 0xFF, 0x80,
    0x00, 0x00, 0x7F, 0xFF, 0xFF, 0xFF, 0xFF, 0xC0, 0x00, 0x00, 0xFF, 0xFF, 0xFF, 0xFF, 0xFF, 0xE0,
    0x00, 0x01, 0xFF, 0xFF, 0xFF, 0xFF, 0xFF, 0xF0, 0x00, 0x03, 0xFF, 0xFF, 0xFF, 0xFF, 0xFF, 0xF0,
    0x00, 0x03, 0xFF, 0xFF, 0xFF, 0xFF, 0xFF, 0xF8, 0x00, 0x07, 0xFF, 0xFF, 0xFF, 0xFF, 0xFF, 0xF8,
    0x00, 0x07, 0xFF, 0xFF, 0xFF, 0xFF, 0xFF, 0xFC, 0x00, 0x07, 0xFF, 0xFF, 0x9F, 0x1F, 0xFF, 0xFC,
    0x00, 0x07, 0xFF, 0xFE, 0x1F, 0x0F, 0xFF, 0xFC, 0x00, 0x0F, 0xFF, 0xFC, 0x1F, 0x07, 0xFF, 0xFC,
    0x00, 0x0F, 0xFF, 0xFC, 0x1F, 0x03, 0xFF, 0xFC, 0x00, 0x0F, 0xFF, 0xFC, 0x1F, 0x03, 0xFF, 0xFE,
    0x00, 0x0F, 0xFF, 0xFC, 0x1F, 0x03, 0xFF, 0xFE, 0x00, 0x0F, 0xFF, 0xFE, 0x1F, 0x00, 0x00, 0x00,
    0x00, 0x0F, 0xFF, 0xFE, 0x1F, 0x00, 0x00, 0x00, 0x00, 0x0F, 0xFF, 0xFF, 0x9F, 0x00, 0x00, 0x00,
    0x00, 0x0F, 0xFF, 0xFF, 0xFF, 0x00, 0x00, 0x00, 0x00, 0x07, 0xFF, 0xFF, 0xFF, 0x00, 0x00, 0x00,
    0x00, 0x07, 0xFF, 0xFF, 0xFF, 0xE0, 0x00, 0x00, 0x00, 0x07, 0xFF, 0xFF, 0xFF, 0xFE, 0x00, 0x00,
    0x00, 0x03, 0xFF, 0xFF, 0xFF, 0xFF, 0xC0, 0x00, 0x00, 0x03, 0xFF, 0xFF, 0xFF, 0xFF, 0xF0, 0x00,
    0x00, 0x01, 0xFF, 0xFF, 0xFF, 0xFF, 0xFC, 0x00, 0x00, 0x00, 0xFF, 0xFF, 0xFF, 0xFF, 0xFF, 0x00,
    0x00, 0x00, 0x7F, 0xFF, 0xFF, 0xFF, 0xFF, 0x80, 0x00, 0x00, 0x3F, 0xFF, 0xFF, 0xFF, 0xFF, 0xC0,
    0x00, 0x00, 0x1F, 0xFF, 0xFF, 0xFF, 0xFF, 0xE0, 0x00, 0x00, 0x07, 0xFF, 0xFF, 0xFF, 0xFF, 0xF0,
    0x00, 0x00, 0x03, 0xFF, 0xFF, 0xFF, 0xFF, 0xF8, 0x00, 0x00, 0x00, 0x7F, 0xFF, 0xFF, 0xFF, 0xF8,
    0x00, 0x00, 0x00, 0x0F, 0xFF, 0xFF, 0xFF, 0xFC, 0x00, 0x00, 0x00, 0x00, 0xFF, 0xFF, 0xFF, 0xFC,
    0x00, 0x00, 0x00, 0x00, 0x1F, 0xFF, 0xFF, 0xFE, 0x00, 0x00, 0x00, 0x00, 0x1F, 0x7F, 0xFF, 0xFE,
    0x00, 0x00, 0x00, 0x00, 0x1F, 0x1F, 0xFF, 0xFE, 0x00, 0x3F, 0xFF, 0xE0, 0x1F, 0x0F, 0xFF, 0xFE,
    0x00, 0x3F, 0xFF, 0xE0, 0x1F, 0x07, 0xFF, 0xFE, 0x00, 0x1F, 0xFF, 0xE0, 0x1F, 0x03, 0xFF, 0xFE,
    0x00, 0x1F, 0xFF, 0xE0, 0x1F, 0x03, 0xFF, 0xFE, 0x00, 0x1F, 0xFF, 0xF0, 0x1F, 0x03, 0xFF, 0xFE,
    0x00, 0x1F, 0xFF, 0xF0, 0x1F, 0x03, 0xFF, 0xFE, 0x00, 0x1F, 0xFF, 0xF8, 0x1F, 0x07, 0xFF, 0xFE,
    0x00, 0x1F, 0xFF, 0xFE, 0x1F, 0x0F, 0xFF, 0xFE, 0x00, 0x0F, 0xFF, 0xFF, 0x9F, 0x3F, 0xFF, 0xFE,
    0x00, 0x0F, 0xFF, 0xFF, 0xFF, 0xFF, 0xFF, 0xFE, 0x00, 0x0F, 0xFF, 0xFF, 0xFF, 0xFF, 0xFF, 0xFC,
    0x00, 0x07, 0xFF, 0xFF, 0xFF, 0xFF, 0xFF, 0xFC, 0x00, 0x07, 0xFF, 0xFF, 0xFF, 0xFF, 0xFF, 0xFC,
    0x00, 0x03, 0xFF, 0xFF, 0xFF, 0xFF, 0xFF, 0xF8, 0x00, 0x01, 0xFF, 0xFF, 0xFF, 0xFF, 0xFF, 0xF0,
    0x00, 0x01, 0xFF, 0xFF, 0xFF, 0xFF, 0xFF, 0xF0, 0x00, 0x00, 0xFF, 0xFF, 0xFF, 0xFF, 0xFF, 0xE0,
    0x00, 0x00, 0x7F, 0xFF, 0xFF, 0xFF, 0xFF, 0xC0, 0x00, 0x00, 0x1F, 0xFF, 0xFF, 0xFF, 0xFF, 0x80,
    0x00, 0x00, 0x0F, 0xFF, 0xFF, 0xFF, 0xFE, 0x00, 0x00, 0x00, 0x03, 0xFF, 0xFF, 0xFF, 0xF8, 0x00,
    0x00, 0x00, 0x00, 0x7F, 0xFF, 0xFF, 0xE0, 0x00, 0x00, 0x00, 0x00, 0x07, 0xFF, 0xFC, 0x00, 0x00,
    0x00, 0x00, 0x00, 0x00, 0x1F, 0x00, 0x00, 0x00, 0x00, 0x00, 0x00, 0x00, 0x1F, 0x00, 0x00, 0x00,
    0x00, 0x00, 0x00, 0x00, 0x1F, 0x00, 0x00, 0x00, 0x00, 0x00, 0x00, 0x00, 0x1F, 0x00, 0x00, 0x00,
    0x00, 0x00, 0x00, 0x00, 0x1F, 0x00, 0x00, 0x00, 0x00, 0x00, 0x00, 0x00, 0x1F, 0x00, 0x00, 0x00,
    0x00, 0x00, 0x00, 0x00, 0x1F, 0x00, 0x00, 0x00, 0x00, 0x00, 0x00, 0x7F, 0xC0, 0x00, 0x00, 0x00,
    0x00, 0x00, 0x00, 0x00, 0x00, 0x00, 0x03, 0xFF, 0xF8, 0x00, 0x00, 0x00, 0x07, 0xFF, 0x00, 0x00,
    0x00, 0x00, 0x0F, 0xFF, 0xFC, 0x00, 0x00, 0x00, 0x07, 0xFE, 0x00, 0x00, 0x00, 0x00, 0x1F, 0xFF,
    0xFE, 0x00, 0x00, 0x00, 0x0F, 0xFC, 0x00, 0x00, 0x00, 0x00, 0x3F, 0xFF, 0xFF, 0x80, 0x00, 0x00,
    0x1F, 0xFC, 0x00, 0x00, 0x00, 0x00, 0x7F, 0xFF, 0xFF, 0x80, 0x00, 0x00, 0x1F, 0xF8, 0x00, 0x00,
    0x00, 0x00, 0x7F, 0xFF, 0xFF, 0xC0, 0x00, 0x00, 0x3F, 0xF0, 0x00, 0x00, 0x00, 0x00, 0xFF, 0xFF,
    0xFF, 0xE0, 0x00, 0x00, 0x7F, 0xF0, 0x00, 0x00, 0x00, 0x00, 0xFF, 0xFF, 0xFF, 0xE0, 0x00, 0x00,
    0x7F, 0xE0, 0x00, 0x00, 0x00, 0x01, 0xFF, 0xFF, 0xFF, 0xE0, 0x00, 0x00, 0xFF, 0xC0, 0x00, 0x00,
    0x00, 0x01, 0xFF, 0xE0, 0xFF, 0xF0, 0x00, 0x01, 0xFF, 0xC0, 0x00, 0x00, 0x00, 0x01, 0xFF, 0xC0,
    0x7F, 0xF0, 0x00, 0x01, 0xFF, 0x80, 0x00, 0x00, 0x00, 0x03, 0xFF, 0xC0, 0x7F, 0xF0, 0x00, 0x03,
    0xFF, 0x00, 0x00, 0x00, 0x00, 0x03, 0xFF, 0x80, 0x7F, 0xF0, 0x00, 0x07, 0xFE, 0x00, 0x00, 0x00,
    0x00, 0x03, 0xFF, 0x80, 0x7F, 0xF0, 0x00, 0x07, 0xFE, 0x00, 0x00, 0x00, 0x00, 0x03, 0xFF, 0x80,
    0x7F, 0xF0, 0x00, 0x0F, 0xFC, 0x00, 0x00, 0x00, 0x00, 0x03, 0xFF, 0x80, 0x7F, 0xF0, 0x00, 0x1F,
    0xF8, 0x00, 0x00, 0x00, 0x00, 0x03, 0xFF, 0x80, 0x7F, 0xF0, 0x00, 0x3F, 0xF8, 0x00, 0x00, 0x00,
    0x00, 0x03, 0xFF, 0x80, 0x7F, 0xF0, 0x00, 0x3F, 0xF0, 0x00, 0x00, 0x00, 0x00, 0x03, 0xFF, 0x80,
    0x7F, 0xF0, 0x00, 0x7F, 0xE0, 0x00, 0x00, 0x00, 0x00, 0x03, 0xFF, 0xC0, 0x7F, 0xF0, 0x00, 0xFF,
    0xE0, 0x00, 0x00, 0x00, 0x00, 0x01, 0xFF, 0xC0, 0x7F, 0xF0, 0x00, 0xFF, 0xC0, 0x00, 0x00, 0x00,
    0x00, 0x01, 0xFF, 0xE0, 0xFF, 0xF0, 0x01, 0xFF, 0x80, 0x00, 0x00, 0x00, 0x00, 0x01, 0xFF, 0xFF,
    0xFF, 0xE0, 0x03, 0xFF, 0x80, 0x00, 0x00, 0x00, 0x00, 0x01, 0xFF, 0xFF, 0xFF, 0xE0, 0x03, 0xFF,
    0x00, 0x00, 0x00, 0x00, 0x00, 0x00, 0xFF, 0xFF, 0xFF, 0xE0, 0x07, 0xFE, 0x00, 0x00, 0x00, 0x00,
    0x00, 0x00, 0x7F, 0xFF, 0xFF, 0xC0, 0x0F, 0xFC, 0x00, 0x00, 0x00, 0x00, 0x00, 0x00, 0x7F, 0xFF,
    0xFF, 0x80, 0x0F, 0xFC, 0x00, 0x00, 0x00, 0x00, 0x00, 0x00, 0x3F, 0xFF, 0xFF, 0x80, 0x1F, 0xF8,
    0x00, 0x00, 0x00, 0x00, 0x00, 0x00, 0x1F, 0xFF, 0xFE, 0x00, 0x3F, 0xF0, 0x00, 0x00, 0x00, 0x00,
    0x00, 0x00, 0x0F, 0xFF, 0xFC, 0x00, 0x7F, 0xF0, 0x00, 0x00, 0x00, 0x00, 0x00, 0x00, 0x03, 0xFF,
    0xF8, 0x00, 0x7F, 0xE0, 0x00, 0x00, 0x00, 0x00, 0x00, 0x00, 0x00, 0x7F, 0xC0, 0x00, 0xFF, 0xC0,
    0x00, 0x7F, 0xC0, 0x00, 0x00, 0x00, 0x00, 0x00, 0x00, 0x01, 0xFF, 0xC0, 0x03, 0xFF, 0xF8, 0x00,
    0x00, 0x00, 0x00, 0x00, 0x00, 0x01, 0xFF, 0x80, 0x07, 0xFF, 0xFC, 0x00, 0x00, 0x00, 0x00, 0x00,
    0x00, 0x03, 0xFF, 0x00, 0x1F, 0xFF, 0xFF, 0x00, 0x00, 0x00, 0x00, 0x00, 0x00, 0x07, 0xFF, 0x00,
    0x3F, 0xFF, 0xFF, 0x80, 0x00, 0x00, 0x00, 0x00, 0x00, 0x07, 0xFE, 0x00, 0x3F, 0xFF, 0xFF, 0xC0,
    0x00, 0x00, 0x00, 0x00, 0x00, 0x0F, 0xFC, 0x00, 0x7F, 0xFF, 0xFF, 0xC0, 0x00, 0x00, 0x00, 0x00,
    0x00, 0x1F, 0xF8, 0x00, 0xFF, 0xFF, 0xFF, 0xE0, 0x00, 0x00, 0x00, 0x00, 0x00, 0x1F, 0xF8, 0x00,
    0xFF, 0xFF, 0xFF, 0xE0, 0x00, 0x00, 0x00, 0x00, 0x00, 0x3F, 0xF0, 0x01, 0xFF, 0xFF, 0xFF, 0xF0,
    0x00, 0x00, 0x00, 0x00, 0x00, 0x7F, 0xE0, 0x01, 0xFF, 0xE0, 0xFF, 0xF0, 0x00, 0x00, 0x00, 0x00,
    0x00, 0xFF, 0xE0, 0x01, 0xFF, 0xC0, 0x7F, 0xF0, 0x00, 0x00, 0x00, 0x00, 0x00, 0xFF, 0xC0, 0x01,
    0xFF, 0xC0, 0x7F, 0xF0, 0x00, 0x00, 0x00, 0x00, 0x01, 0xFF, 0x80, 0x01, 0xFF, 0xC0, 0x7F, 0xF0,
    0x00, 0x00, 0x00, 0x00, 0x03, 0xFF, 0x80, 0x01, 0xFF, 0x80, 0x3F, 0xF8, 0x00, 0x00, 0x00, 0x00,
    0x03, 0xFF, 0x00, 0x01, 0xFF, 0x80, 0x3F, 0xF8, 0x00, 0x00, 0x00, 0x00, 0x07, 0xFE, 0x00, 0x01,
    0xFF, 0x80, 0x3F, 0xF8, 0x00, 0x00, 0x00, 0x00, 0x0F, 0xFE, 0x00, 0x01, 0xFF, 0x80, 0x3F, 0xF8,
    0x00, 0x00, 0x00, 0x00, 0x0F, 0xFC, 0x00, 0x01, 0xFF, 0x80, 0x3F, 0xF8, 0x00, 0x00, 0x00, 0x00,
    0x1F, 0xF8, 0x00, 0x01, 0xFF, 0xC0, 0x3F, 0xF0, 0x00, 0x00, 0x00, 0x00, 0x3F, 0xF8, 0x00, 0x01,
    0xFF, 0xC0, 0x7F, 0xF0, 0x00, 0x00, 0x00, 0x00, 0x3F, 0xF0, 0x00, 0x01, 0xFF, 0xC0, 0x7F, 0xF0,
    0x00, 0x00, 0x00, 0x00, 0x7F, 0xE0, 0x00, 0x01, 0xFF, 0xE0, 0xFF, 0xF0, 0x00, 0x00, 0x00, 0x00,
    0xFF, 0xC0, 0x00, 0x01, 0xFF, 0xFF, 0xFF, 0xF0, 0x00, 0x00, 0x00, 0x00, 0xFF, 0xC0, 0x00, 0x00,
    0xFF, 0xFF, 0xFF, 0xE0, 0x00, 0x00, 0x00, 0x01, 0xFF, 0x80, 0x00, 0x00, 0xFF, 0xFF, 0xFF, 0xE0,
    0x00, 0x00, 0x00, 0x03, 0xFF, 0x00, 0x00, 0x00, 0x7F, 0xFF, 0xFF, 0xC0, 0x00, 0x00, 0x00, 0x07,
    0xFF, 0x00, 0x00, 0x00, 0x7F, 0xFF, 0xFF, 0xC0, 0x00, 0x00, 0x00, 0x07, 0xFE, 0x00, 0x00, 0x00,
    0x3F, 0xFF, 0xFF, 0x80, 0x00, 0x00, 0x00, 0x0F, 0xFC, 0x00, 0x00, 0x00, 0x1F, 0xFF, 0xFF, 0x00,
    0x00, 0x00, 0x00, 0x1F, 0xFC, 0x00, 0x00, 0x00, 0x07, 0xFF, 0xFC, 0x00, 0x00, 0x00, 0x00, 0x3F,
    0xF8, 0x00, 0x00, 0x00, 0x03, 0xFF, 0xF8, 0x00, 0x00, 0x00, 0x00, 0x00, 0x00, 0x00, 0x00, 0x00,
    0x00, 0x7F, 0xC0, 0x00, 0x00, 0x00, 0x00, 0x03, 0xFF, 0x00, 0x00, 0x00, 0x00, 0x00, 0x00, 0x1F,
    0xFF, 0xE0, 0x00, 0x00, 0x00, 0x00, 0x00, 0x7F, 0xFF, 0xF8, 0x00, 0x00, 0x00, 0x00, 0x01, 0xFF,
    0xFF, 0xFC, 0x00, 0x00, 0x00, 0x00, 0x03, 0xFF, 0xFF, 0xFE, 0x00, 0x00, 0x00, 0x00, 0x07, 0xFF,
    0xFF, 0xFF, 0x00, 0x00, 0x00, 0x00, 0x0F, 0xFF, 0xFF, 0xFF, 0x80, 0x00, 0x00, 0x00, 0x0F, 0xFF,
    0xFF, 0xFF, 0xC0, 0x00, 0x00, 0x00, 0x1F, 0xFF, 0xFF, 0xFF, 0xC0, 0x00, 0x00, 0x00, 0x3F, 0xFF,
    0xFF, 0xFF, 0xE0, 0x00, 0x00, 0x00, 0x3F, 0xFF, 0xFF, 0xFF, 0xE0, 0x00, 0x00, 0x00, 0x7F, 0xFF,
    0xFF, 0xFF, 0xF0, 0x00, 0x00, 0x00, 0x7F, 0xFF, 0xFF, 0xFF, 0xF0, 0x00, 0x00, 0x00, 0x7F, 0xFF,
    0x87, 0xFF, 0xF0, 0x00, 0x00, 0x00, 0x7F, 0xFE, 0x01, 0xFF, 0xF0, 0x00, 0x00, 0x00, 0x7F, 0xFE,
    0x01, 0xFF, 0xF0, 0x00, 0x00, 0x00, 0xFF, 0xFC, 0x00, 0xFF, 0xF0, 0x00, 0x00, 0x00, 0xFF, 0xFC,
    0x00, 0xFF, 0xF0, 0x00, 0x00, 0x00, 0x7F, 0xFC, 0x01, 0xFF, 0xF0, 0x00, 0x00, 0x00, 0x7F, 0xFE,
    0x01, 0xFF, 0xF0, 0x00, 0x00, 0x00, 0x7F, 0xFE, 0x03, 0xFF, 0xF0, 0x00, 0x00, 0x00, 0x7F, 0xFF,
    0x07, 0xFF, 0xE0, 0x00, 0x00, 0x00, 0x7F, 0xFF, 0x1F, 0xFF, 0xE0, 0x00, 0x00, 0x00, 0x7F, 0xFF,
    0xBF, 0xFF, 0xC0, 0x00, 0x00, 0x00, 0x3F, 0xFF, 0xFF, 0xFF, 0xC0, 0x00, 0x00, 0x00, 0x3F, 0xFF,
    0xFF, 0xFF, 0x80, 0x00, 0x00, 0x00, 0x1F, 0xFF, 0xFF, 0xFF, 0x80, 0x00, 0x00, 0x00, 0x1F, 0xFF,
    0xFF, 0xFF, 0x00, 0x00, 0x00, 0x00, 0x0F, 0xFF, 0xFF, 0xFE, 0x00, 0x00, 0x00, 0x00, 0x0F, 0xFF,
    0xFF, 0xFC, 0x00, 0x00, 0x00, 0x00, 0x07, 0xFF, 0xFF, 0xF0, 0x00, 0x00, 0x00, 0x00, 0x07, 0xFF,
    0xFF, 0xE0, 0x0F, 0xFF, 0x80, 0x00, 0x0F, 0xFF, 0xFF, 0x80, 0x0F, 0xFF, 0x80, 0x00, 0x3F, 0xFF,
    0xFF, 0x80, 0x0F, 0xFF, 0x80, 0x00, 0x7F, 0xFF, 0xFF, 0xC0, 0x1F, 0xFF, 0x80, 0x00, 0xFF, 0xFF,
    0xFF, 0xE0, 0x1F, 0xFF, 0x80, 0x01, 0xFF, 0xFF, 0xFF, 0xF0, 0x1F, 0xFF, 0x80, 0x03, 0xFF, 0xFF,
    0xFF, 0xF8, 0x1F, 0xFF, 0x80, 0x07, 0xFF, 0xFF, 0xFF, 0xFC, 0x3F, 0xFF, 0x80, 0x07, 0xFF, 0xFF,
    0xFF, 0xFE, 0x3F, 0xFF, 0x00, 0x0F, 0xFF, 0xFF, 0xFF, 0xFE, 0x3F, 0xFF, 0x00, 0x0F, 0xFF, 0xFB,
    0xFF, 0xFF, 0x7F, 0xFF, 0x00, 0x1F, 0xFF, 0xF1, 0xFF, 0xFF, 0xFF, 0xFF, 0x00, 0x1F, 0xFF, 0xF0,
    0xFF, 0xFF, 0xFF, 0xFF, 0x00, 0x1F, 0xFF, 0xE0, 0x7F, 0xFF, 0xFF, 0xFE, 0x00, 0x1F, 0xFF, 0xE0,
    0x3F, 0xFF, 0xFF, 0xFE, 0x00, 0x1F, 0xFF, 0xE0, 0x1F, 0xFF, 0xFF, 0xFE, 0x00, 0x1F, 0xFF, 0xE0,
    0x0F, 0xFF, 0xFF, 0xFC, 0x00, 0x1F, 0xFF, 0xE0, 0x07, 0xFF, 0xFF, 0xFC, 0x00, 0x1F, 0xFF, 0xF0,
    0x03, 0xFF, 0xFF, 0xF8, 0x00, 0x1F, 0xFF, 0xF8, 0x01, 0xFF, 0xFF, 0xF8, 0x00, 0x1F, 0xFF, 0xFC,
    0x03, 0xFF, 0xFF, 0xF0, 0x00, 0x1F, 0xFF, 0xFF, 0xFF, 0xFF, 0xFF, 0xF0, 0x00, 0x0F, 0xFF, 0xFF,
    0xFF, 0xFF, 0xFF, 0xE0, 0x00, 0x0F, 0xFF, 0xFF, 0xFF, 0xFF, 0xFF, 0xF0, 0x00, 0x07, 0xFF, 0xFF,
    0xFF, 0xFF, 0xFF, 0xF8, 0x00, 0x03, 0xFF, 0xFF, 0xFF, 0xFF, 0xFF, 0xFC, 0x00, 0x03, 0xFF, 0xFF,
    0xFF, 0xFF, 0xFF, 0xFE, 0x00, 0x01, 0xFF, 0xFF, 0xFF, 0xFF, 0xFF, 0xFF, 0x00, 0x00, 0xFF, 0xFF,
    0xFF, 0xFF, 0xFF, 0xFF, 0x80, 0x00, 0x7F, 0xFF, 0xFF, 0xFF, 0xFF, 0xFF, 0xC0, 0x00, 0x1F, 0xFF,
    0xFF, 0xFE, 0x7F, 0xFF, 0xE0, 0x00, 0x07, 0xFF, 0xFF, 0xF8, 0x3F, 0xFF, 0xF0, 0x00, 0x01, 0xFF,
    0xFF, 0xC0, 0x1F, 0xFF, 0xF8, 0x00, 0x00, 0x1F, 0xFC, 0x00, 0x00, 0x00, 0x00, 0x00, 0xFF, 0xFF,
    0x00, 0x00, 0xFF, 0xFF, 0x00, 0x00, 0xFF, 0xFF, 0x00, 0x00, 0x7F, 0xFF, 0x00, 0x00, 0x7F, 0xFF,
    0x00, 0x00, 0x7F, 0xFF, 0x00, 0x00, 0x7F, 0xFF, 0x00, 0x00, 0x7F, 0xFF, 0x00, 0x00, 0x7F, 0xFF,
    0x00, 0x00, 0x7F, 0xFF, 0x00, 0x00, 0x7F, 0xFE, 0x00, 0x00, 0x7F, 0xFE, 0x00, 0x00, 0x7F, 0xFE,
    0x00, 0x00, 0x7F, 0xFE, 0x00, 0x00, 0x7F, 0xFE, 0x00, 0x00, 0x7F, 0xFE, 0x00, 0x00, 0x7F, 0xFE,
    0x00, 0x00, 0x7F, 0xFE, 0x00, 0x00, 0x7F, 0xFE, 0x00, 0x00, 0x7F, 0xFE, 0x00, 0x00, 0x7F, 0xFE,
    0x00, 0x00, 0x3F, 0xFE, 0x00, 0x00, 0x3F, 0xFE, 0x00, 0x00, 0x3F, 0xFE, 0x00, 0x00, 0x3F, 0xFE,
    0x00, 0x00, 0x3F, 0xFE, 0x00, 0x00, 0x3F, 0xFE, 0x00, 0x00, 0x3F, 0xFE, 0x00, 0x00, 0x00, 0x00,
    0x00, 0x00, 0x00, 0x00, 0x00, 0x00, 0x00, 0x00, 0x00, 0x00, 0x00, 0x00, 0x00, 0x00, 0x00, 0x00,
    0x00, 0x00, 0x00, 0x00, 0x00, 0x00, 0x00, 0x00, 0x00, 0x00, 0x00, 0x00, 0x00, 0x00, 0x00, 0x00,
    0x00, 0x00, 0x00, 0x00, 0x00, 0x00, 0x00, 0x00, 0x00, 0x00, 0x00, 0x00, 0x00, 0x00, 0x00, 0x00,
    0x00, 0x00, 0x00, 0x00, 0x00, 0x00, 0x00, 0x00, 0x00, 0x00, 0x00, 0x00, 0x00, 0x00, 0x00, 0x00,
    0x00, 0x00, 0x00, 0x00, 0x00, 0x00, 0x00, 0x00, 0x00, 0x00, 0x00, 0x00, 0x00, 0x00, 0x00, 0x00,
    0x00, 0x00, 0x00, 0x00, 0x00, 0x00, 0x00, 0x00, 0x00, 0x00, 0x00, 0x00, 0x00, 0x00, 0x00, 0x00,
    0x00, 0x00, 0x00, 0x00, 0x00, 0x00, 0x00, 0x00, 0x00, 0x00, 0x00, 0x00, 0x00, 0x00, 0x00, 0x00,
    0x00, 0x00, 0x00, 0x00, 0x00, 0x00, 0x00, 0x00, 0x00, 0x00, 0x00, 0x00, 0x00, 0x00, 0x00, 0x00,
    0x00, 0x00, 0x00, 0x00, 0x00, 0x00, 0x00, 0x00, 0x00, 0x00, 0x00, 0xFF, 0xFF, 0x00, 0x00, 0x01,
    0xFF, 0xFE, 0x00, 0x00, 0x01, 0xFF, 0xFE, 0x00, 0x00, 0x03, 0xFF, 0xFC, 0x00, 0x00, 0x03, 0xFF,
    0xFC, 0x00, 0x00, 0x07, 0xFF, 0xFC, 0x00, 0x00, 0x07, 0xFF, 0xF8, 0x00, 0x00, 0x0F, 0xFF, 0xF8,
    0x00, 0x00, 0x0F, 0xFF, 0xF8, 0x00, 0x00, 0x0F, 0xFF, 0xF0, 0x00, 0x00, 0x1F, 0xFF, 0xF0, 0x00,
    0x00, 0x1F, 0xFF, 0xF0, 0x00, 0x00, 0x1F, 0xFF, 0xE0, 0x00, 0x00, 0x3F, 0xFF, 0xE0, 0x00, 0x00,
    0x3F, 0xFF, 0xE0, 0x00, 0x00, 0x3F, 0xFF, 0xE0, 0x00, 0x00, 0x7F, 0xFF, 0xC0, 0x00, 0x00, 0x7F,
    0xFF, 0xC0, 0x00, 0x00, 0x7F, 0xFF, 0xC0, 0x00, 0x00, 0xFF, 0xFF, 0xC0, 0x00, 0x00, 0xFF, 0xFF,
    0x80, 0x00, 0x00, 0xFF, 0xFF, 0x80, 0x00, 0x00, 0xFF, 0xFF, 0x80, 0x00, 0x01, 0xFF, 0xFF, 0x80,
    0x00, 0x01, 0xFF, 0xFF, 0x00, 0x00, 0x01, 0xFF, 0xFF, 0x00, 0x00, 0x01, 0xFF, 0xFF, 0x00, 0x00,
    0x01, 0xFF, 0xFF, 0x00, 0x00, 0x03, 0xFF, 0xFF, 0x00, 0x00, 0x03, 0xFF, 0xFF, 0x00, 0x00, 0x03,
    0xFF, 0xFF, 0x00, 0x00, 0x03, 0xFF, 0xFE, 0x00, 0x00, 0x03, 0xFF, 0xFE, 0x00, 0x00, 0x03, 0xFF,
    0xFE, 0x00, 0x00, 0x03, 0xFF, 0xFE, 0x00, 0x00, 0x03, 0xFF, 0xFE, 0x00, 0x00, 0x03, 0xFF, 0xFE,
    0x00, 0x00, 0x03, 0xFF, 0xFE, 0x00, 0x00, 0x07, 0xFF, 0xFE, 0x00, 0x00, 0x07, 0xFF, 0xFE, 0x00,
    0x00, 0x07, 0xFF, 0xFE, 0x00, 0x00, 0x07, 0xFF, 0xFE, 0x00, 0x00, 0x07, 0xFF, 0xFE, 0x00, 0x00,
    0x07, 0xFF, 0xFE, 0x00, 0x00, 0x07, 0xFF, 0xFE, 0x00, 0x00, 0x03, 0xFF, 0xFE, 0x00, 0x00, 0x03,
    0xFF, 0xFE, 0x00, 0x00, 0x03, 0xFF, 0xFE, 0x00, 0x00, 0x03, 0xFF, 0xFE, 0x00, 0x00, 0x03, 0xFF,
    0xFE, 0x00, 0x00, 0x03, 0xFF, 0xFE, 0x00, 0x00, 0x03, 0xFF, 0xFF, 0x00, 0x00, 0x03, 0xFF, 0xFF,
    0x00, 0x00, 0x01, 0xFF, 0xFF, 0x00, 0x00, 0x01, 0xFF, 0xFF, 0x00, 0x00, 0x01, 0xFF, 0xFF, 0x00,
    0x00, 0x01, 0xFF, 0xFF, 0x80, 0x00, 0x01, 0xFF, 0xFF, 0x80, 0x00, 0x00, 0xFF, 0xFF, 0x80, 0x00,
    0x00, 0xFF, 0xFF, 0x80, 0x00, 0x00, 0xFF, 0xFF, 0xC0, 0x00, 0x00, 0xFF, 0xFF, 0xC0, 0x00, 0x00,
    0x7F, 0xFF, 0xC0, 0x00, 0x00, 0x7F, 0xFF, 0xC0, 0x00, 0x00, 0x7F, 0xFF, 0xE0, 0x00, 0x00, 0x3F,
    0xFF, 0xE0, 0x00, 0x00, 0x3F, 0xFF, 0xE0, 0x00, 0x00, 0x1F, 0xFF, 0xF0, 0x00, 0x00, 0x1F, 0xFF,
    0xF0, 0x00, 0x00, 0x1F, 0xFF, 0xF0, 0x00, 0x00, 0x0F, 0xFF, 0xF8, 0x00, 0x00, 0x0F, 0xFF, 0xF8,
    0x00, 0x00, 0x07, 0xFF, 0xF8, 0x00, 0x00, 0x07, 0xFF, 0xFC, 0x00, 0x00, 0x03, 0xFF, 0xFC, 0x00,
    0x00, 0x03, 0xFF, 0xFE, 0x00, 0x00, 0x01, 0xFF, 0xFE, 0x00, 0x00, 0x01, 0xFF, 0xFE, 0x00, 0x00,
    0x00, 0xFF, 0xFF, 0x00, 0x3F, 0xFF, 0xC0, 0x00, 0x00, 0x3F, 0xFF, 0xC0, 0x00, 0x00, 0x1F, 0xFF,
    0xE0, 0x00, 0x00, 0x1F, 0xFF, 0xE0, 0x00, 0x00, 0x0F, 0xFF, 0xF0, 0x00, 0x00, 0x0F, 0xFF, 0xF0,
    0x00, 0x00, 0x0F, 0xFF, 0xF8, 0x00, 0x00, 0x07, 0xFF, 0xF8, 0x00, 0x00, 0x07, 0xFF, 0xFC, 0x00,
    0x00, 0x07, 0xFF, 0xFC, 0x00, 0x00, 0x03, 0xFF, 0xFC, 0x00, 0x00, 0x03, 0xFF, 0xFE, 0x00, 0x00,
    0x03, 0xFF, 0xFE, 0x00, 0x00, 0x01, 0xFF, 0xFF, 0x00, 0x00, 0x01, 0xFF, 0xFF, 0x00, 0x00, 0x01,
    0xFF, 0xFF, 0x00, 0x00, 0x01, 0xFF, 0xFF, 0x00, 0x00, 0x00, 0xFF, 0xFF, 0x80, 0x00, 0x00, 0xFF,
    0xFF, 0x80, 0x00, 0x00, 0xFF, 0xFF, 0x80, 0x00, 0x00, 0xFF, 0xFF, 0xC0, 0x00, 0x00, 0x7F, 0xFF,
    0xC0, 0x00, 0x00, 0x7F, 0xFF, 0xC0, 0x00, 0x00, 0x7F, 0xFF, 0xC0, 0x00, 0x00, 0x7F, 0xFF, 0xC0,
    0x00, 0x00, 0x7F, 0xFF, 0xE0, 0x00, 0x00, 0x3F, 0xFF, 0xE0, 0x00, 0x00, 0x3F, 0xFF, 0xE0, 0x00,
    0x00, 0x3F, 0xFF, 0xE0, 0x00, 0x00, 0x3F, 0xFF, 0xE0, 0x00, 0x00, 0x3F, 0xFF, 0xF0, 0x00, 0x00,
    0x3F, 0xFF, 0xF0, 0x00, 0x00, 0x3F, 0xFF, 0xF0, 0x00, 0x00, 0x3F, 0xFF, 0xF0, 0x00, 0x00, 0x1F,
    0xFF, 0xF0, 0x00, 0x00, 0x1F, 0xFF, 0xF0, 0x00, 0x00, 0x1F, 0xFF, 0xF0, 0x00, 0x00, 0x1F, 0xFF,
    0xF0, 0x00, 0x00, 0x1F, 0xFF, 0xF0, 0x00, 0x00, 0x1F, 0xFF, 0xF0, 0x00, 0x00, 0x1F, 0xFF, 0xF0,
    0x00, 0x00, 0x1F, 0xFF, 0xF0, 0x00, 0x00, 0x1F, 0xFF, 0xF0, 0x00, 0x00, 0x1F, 0xFF, 0xF0, 0x00,
    0x00, 0x1F, 0xFF, 0xF0, 0x00, 0x00, 0x1F, 0xFF, 0xF0, 0x00, 0x00, 0x1F, 0xFF, 0xF0, 0x00, 0x00,
    0x1F, 0xFF, 0xF0, 0x00, 0x00, 0x3F, 0xFF, 0xF0, 0x00, 0x00, 0x3F, 0xFF, 0xF0, 0x00, 0x00, 0x3F,
    0xFF, 0xF0, 0x00, 0x00, 0x3F, 0xFF, 0xF0, 0x00, 0x00, 0x3F, 0xFF, 0xE0, 0x00, 0x00, 0x3F, 0xFF,
    0xE0, 0x00, 0x00, 0x3F, 0xFF, 0xE0, 0x00, 0x00, 0x7F, 0xFF, 0xE0, 0x00, 0x00, 0x7F, 0xFF, 0xE0,
    0x00, 0x00, 0x7F, 0xFF, 0xC0, 0x00, 0x00, 0x7F, 0xFF, 0xC0, 0x00, 0x00, 0xFF, 0xFF, 0xC0, 0x00,
    0x00, 0xFF, 0xFF, 0xC0, 0x00, 0x00, 0xFF, 0xFF, 0x80, 0x00, 0x00, 0xFF, 0xFF, 0x80, 0x00, 0x01,
    0xFF, 0xFF, 0x80, 0x00, 0x01, 0xFF, 0xFF, 0x00, 0x00, 0x01, 0xFF, 0xFF, 0x00, 0x00, 0x03, 0xFF,
    0xFF, 0x00, 0x00, 0x03, 0xFF, 0xFE, 0x00, 0x00, 0x03, 0xFF, 0xFE, 0x00, 0x00, 0x07, 0xFF, 0xFC,
    0x00, 0x00, 0x07, 0xFF, 0xFC, 0x00, 0x00, 0x07, 0xFF, 0xF8, 0x00, 0x00, 0x0F, 0xFF, 0xF8, 0x00,
    0x00, 0x0F, 0xFF, 0xF0, 0x00, 0x00, 0x0F, 0xFF, 0xF0, 0x00, 0x00, 0x1F, 0xFF, 0xE0, 0x00, 0x00,
    0x1F, 0xFF, 0xE0, 0x00, 0x00, 0x3F, 0xFF, 0xC0, 0x00, 0x00, 0x3F, 0xFF, 0xC0, 0x00, 0x00, 0x00,
    0x00, 0x07, 0xFE, 0x00, 0x00, 0x00, 0x00, 0x00, 0x03, 0xFE, 0x00, 0x00, 0x00, 0x00, 0x00, 0x03,
    0xFE, 0x00, 0x00, 0x00, 0x00, 0x00, 0x03, 0xFE, 0x00, 0x00, 0x00, 0x00, 0x00, 0x03, 0xFE, 0x00,
    0x00, 0x00, 0x00, 0x04, 0x03, 0xFE, 0x01, 0x00, 0x00, 0x00, 0x07, 0x03, 0xFE, 0x07, 0x00, 0x00,
    0x00, 0x0F, 0x83, 0xFE, 0x0F, 0x80, 0x00, 0x00, 0x0F, 0xC3, 0xFE, 0x3F, 0x80, 0x00, 0x00, 0x1F,
    0xF3, 0xFE, 0x7F, 0xC0, 0x00, 0x00, 0x3F, 0xFB, 0xFC, 0xFF, 0xE0, 0x00, 0x00, 0x3F, 0xFF, 0xFF,
    0xFF, 0xE0, 0x00, 0x00, 0x7F, 0xFF, 0xFF, 0xFF, 0xF0, 0x00, 0x00, 0xFF, 0xFF, 0xFF, 0xFF, 0xF0,
    0x00, 0x00, 0x3F, 0xFF, 0xFF, 0xFF, 0xE0, 0x00, 0x00, 0x0F, 0xFF, 0xFF, 0xFF, 0x00, 0x00, 0x00,
    0x01, 0xFF, 0xFF, 0xFC, 0x00, 0x00, 0x00, 0x00, 0x7F, 0xFF, 0xF0, 0x00, 0x00, 0x00, 0x00, 0x3F,
    0xFF, 0xE0, 0x00, 0x00, 0x00, 0x00, 0xFF, 0xFF, 0xF8, 0x00, 0x00, 0x00, 0x03, 0xFF, 0xFF, 0xFE,
    0x00, 0x00, 0x00, 0x1F, 0xFF, 0xFF, 0xFF, 0x80, 0x00, 0x00, 0xFF, 0xFF, 0xFF, 0xFF, 0xF0, 0x00,
    0x00, 0x7F, 0xFF, 0xFF, 0xFF, 0xF0, 0x00, 0x00, 0x7F, 0xFF, 0xFF, 0xFF, 0xE0, 0x00, 0x00, 0x3F,
    0xFF, 0xFD, 0xFF, 0xE0, 0x00, 0x00, 0x1F, 0xFB, 0xFE, 0xFF, 0xC0, 0x00, 0x00, 0x1F, 0xE3, 0xFE,
    0x3F, 0xC0, 0x00, 0x00, 0x0F, 0xC3, 0xFE, 0x1F, 0x80, 0x00, 0x00, 0x0F, 0x03, 0xFE, 0x07, 0x80,
    0x00, 0x00, 0x06, 0x03, 0xFE, 0x03, 0x00, 0x00, 0x00, 0x00, 0x03, 0xFE, 0x00, 0x00, 0x00, 0x00,
    0x00, 0x03, 0xFE, 0x00, 0x00, 0x00, 0x00, 0x00, 0x03, 0xFE, 0x00, 0x00, 0x00, 0x00, 0x00, 0x03,
    0xFE, 0x00, 0x00, 0x00, 0x00, 0x00, 0x07, 0xFE, 0x00, 0x00, 0x00, 0x00, 0x00, 0x00, 0x00, 0x00,
    0x00, 0x00, 0x00, 0x00, 0x00, 0x00, 0x00, 0x00, 0x00, 0x00, 0x00, 0x00, 0x00, 0x00, 0x00, 0x00,
    0x00, 0x00, 0x00, 0x00, 0x00, 0x00, 0x00, 0x00, 0x00, 0x00, 0x00, 0x00, 0x00, 0x00, 0x00, 0x00,
    0x00, 0x00, 0x00, 0x00, 0x00, 0x00, 0x00, 0x00, 0x00, 0x00, 0x00, 0x00, 0x00, 0x00, 0x00, 0x00,
    0x00, 0x00, 0x00, 0x00, 0x00, 0x00, 0x00, 0x00, 0x00, 0x00, 0x00, 0x00, 0x00, 0x00, 0x00, 0x00,
    0x00, 0x00, 0x00, 0x00, 0x00, 0x00, 0x00, 0x00, 0x00, 0x00, 0x00, 0x00, 0x00, 0x00, 0x00, 0x00,
    0x00, 0x00, 0x00, 0x00, 0x00, 0x00, 0x00, 0x00, 0x00, 0x00, 0x00, 0x00, 0x00, 0x00, 0x00, 0x00,
    0x00, 0x00, 0x00, 0x00, 0x00, 0x00, 0x00, 0x00, 0x00, 0x00, 0x00, 0x00, 0x00, 0x00, 0x00, 0x00,
    0x00, 0x00, 0x00, 0x00, 0x00, 0x00, 0x00, 0x00, 0x00, 0x00, 0x00, 0x00, 0x00, 0x00, 0x00, 0x00,
    0x00, 0x00, 0x00, 0x00, 0x00, 0x00, 0x00, 0x00, 0x00, 0x00, 0x00, 0x00, 0x00, 0x00, 0x00, 0x00,
    0x00, 0x00, 0x00, 0x00, 0x00, 0x00, 0x00, 0x00, 0x00, 0x00, 0x00, 0x00, 0x00, 0x00, 0x00, 0x00,
    0x00, 0x00, 0x00, 0x00, 0x00, 0x00, 0x00, 0x00, 0x00, 0x00, 0x00, 0x00, 0x00, 0x00, 0x00, 0x00,
    0x00, 0x00, 0x00, 0x00, 0x00, 0x00, 0x00, 0x00, 0x00, 0x00, 0x01, 0xFF, 0xF8, 0x00, 0x00, 0x00,
    0x00, 0x00, 0x01, 0xFF, 0xF8, 0x00, 0x00, 0x00, 0x00, 0x00, 0x01, 0xFF, 0xF8, 0x00, 0x00, 0x00,
    0x00, 0x00, 0x01, 0xFF, 0xF8, 0x00, 0x00, 0x00, 0x00, 0x00, 0x01, 0xFF, 0xF8, 0x00, 0x00, 0x00,
    0x00, 0x00, 0x01, 0xFF, 0xF8, 0x00, 0x00, 0x00, 0x00, 0x00, 0x01, 0xFF, 0xF8, 0x00, 0x00, 0x00,
    0x00, 0x00, 0x01, 0xFF, 0xF8, 0x00, 0x00, 0x00, 0x00, 0x00, 0x01, 0xFF, 0xF8, 0x00, 0x00, 0x00,
    0x00, 0x00, 0x01, 0xFF, 0xF8, 0x00, 0x00, 0x00, 0x00, 0x00, 0x01, 0xFF, 0xF8, 0x00, 0x00, 0x00,
    0x00, 0x00, 0x01, 0xFF, 0xF8, 0x00, 0x00, 0x00, 0x00, 0x00, 0x01, 0xFF, 0xF8, 0x00, 0x00, 0x00,
    0x00, 0x00, 0x01, 0xFF, 0xF8, 0x00, 0x00, 0x00, 0x00, 0x00, 0x01, 0xFF, 0xF8, 0x00, 0x00, 0x00,
    0x00, 0x00, 0x01, 0xFF, 0xF8, 0x00, 0x00, 0x00, 0x00, 0x00, 0x01, 0xFF, 0xF8, 0x00, 0x00, 0x00,
    0x01, 0xFF, 0xFF, 0xFF, 0xFF, 0xFF, 0xF8, 0x00, 0x01, 0xFF, 0xFF, 0xFF, 0xFF, 0xFF, 0xF8, 0x00,
    0x01, 0xFF, 0xFF, 0xFF, 0xFF, 0xFF, 0xF8, 0x00, 0x01, 0xFF, 0xFF, 0xFF, 0xFF, 0xFF, 0xF8, 0x00,
    0x01, 0xFF, 0xFF, 0xFF, 0xFF, 0xFF, 0xF8, 0x00, 0x01, 0xFF, 0xFF, 0xFF, 0xFF, 0xFF, 0xF8, 0x00,
    0x01, 0xFF, 0xFF, 0xFF, 0xFF, 0xFF, 0xF8, 0x00, 0x01, 0xFF, 0xFF, 0xFF, 0xFF, 0xFF, 0xF8, 0x00,
    0x01, 0xFF, 0xFF, 0xFF, 0xFF, 0xFF, 0xF8, 0x00, 0x01, 0xFF, 0xFF, 0xFF, 0xFF, 0xFF, 0xF8, 0x00,
    0x01, 0xFF, 0xFF, 0xFF, 0xFF, 0xFF, 0xF8, 0x00, 0x01, 0xFF, 0xFF, 0xFF, 0xFF, 0xFF, 0xF8, 0x00,
    0x01, 0xFF, 0xFF, 0xFF, 0xFF, 0xFF, 0xF8, 0x00, 0x00, 0x00, 0x01, 0xFF, 0xF8, 0x00, 0x00, 0x00,
    0x00, 0x00, 0x01, 0xFF, 0xF8, 0x00, 0x00, 0x00, 0x00, 0x00, 0x01, 0xFF, 0xF8, 0x00, 0x00, 0x00,
    0x00, 0x00, 0x01, 0xFF, 0xF8, 0x00, 0x00, 0x00, 0x00, 0x00, 0x01, 0xFF, 0xF8, 0x00, 0x00, 0x00,
    0x00, 0x00, 0x01, 0xFF, 0xF8, 0x00, 0x00, 0x00, 0x00, 0x00, 0x01, 0xFF, 0xF8, 0x00, 0x00, 0x00,
    0x00, 0x00, 0x01, 0xFF, 0xF8, 0x00, 0x00, 0x00, 0x00, 0x00, 0x01, 0xFF, 0xF8, 0x00, 0x00, 0x00,
    0x00, 0x00, 0x01, 0xFF, 0xF8, 0x00, 0x00, 0x00, 0x00, 0x00, 0x01, 0xFF, 0xF8, 0x00, 0x00, 0x00,
    0x00, 0x00, 0x01, 0xFF, 0xF8, 0x00, 0x00, 0x00, 0x00, 0x00, 0x01, 0xFF, 0xF8, 0x00, 0x00, 0x00,
    0x00, 0x00, 0x01, 0xFF, 0xF8, 0x00, 0x00, 0x00, 0x00, 0x00, 0x01, 0xFF, 0xF8, 0x00, 0x00, 0x00,
    0x00, 0x00, 0x01, 0xFF, 0xF8, 0x00, 0x00, 0x00, 0x00, 0x00, 0x00, 0x00, 0x00, 0x00, 0x00, 0x00,
    0x00, 0x00, 0x00, 0x00, 0x00, 0x00, 0x00, 0x00, 0x00, 0x00, 0x00, 0x00, 0x00, 0x00, 0x00, 0x00,
    0x00, 0xFF, 0xFF, 0x80, 0x00, 0xFF, 0xFF, 0x00, 0x00, 0xFF, 0xFF, 0x00, 0x00, 0xFF, 0xFF, 0x00,
    0x00, 0xFF, 0xFE, 0x00, 0x00, 0xFF, 0xFE, 0x00, 0x00, 0xFF, 0xFE, 0x00, 0x01, 0xFF, 0xFC, 0x00,
    0x01, 0xFF, 0xFC, 0x00, 0x01, 0xFF, 0xFC, 0x00, 0x01, 0xFF, 0xF8, 0x00, 0x01, 0xFF, 0xF8, 0x00,
    0x01, 0xFF, 0xF8, 0x00, 0x01, 0xFF, 0xF0, 0x00, 0x01, 0xFF, 0xF0, 0x00, 0x03, 0xFF, 0xF0, 0x00,
    0x03, 0xFF, 0xE0, 0x00, 0x03, 0xFF, 0xE0, 0x00, 0x03, 0xFF, 0xE0, 0x00, 0x03, 0xFF, 0xC0, 0x00,
    0x03, 0xFF, 0xC0, 0x00, 0x03, 0xFF, 0xC0, 0x00, 0x07, 0xFF, 0xC0, 0x00, 0x07, 0xFF, 0x80, 0x00,
    0x07, 0xFF, 0x80, 0x00, 0x07, 0xFF, 0x80, 0x00, 0x07, 0xFF, 0x00, 0x00, 0x07, 0xFF, 0x00, 0x00,
    0x03, 0xFF, 0xFF, 0xFF, 0xE0, 0x00, 0x03, 0xFF, 0xFF, 0xFF, 0xE0, 0x00, 0x03, 0xFF, 0xFF, 0xFF,
    0xE0, 0x00, 0x03, 0xFF, 0xFF, 0xFF, 0xE0, 0x00, 0x03, 0xFF, 0xFF, 0xFF, 0xE0, 0x00, 0x03, 0xFF,
    0xFF, 0xFF, 0xE0, 0x00, 0x03, 0xFF, 0xFF, 0xFF, 0xE0, 0x00, 0x03, 0xFF, 0xFF, 0xFF, 0xE0, 0x00,
    0x03, 0xFF, 0xFF, 0xFF, 0xE0, 0x00, 0x03, 0xFF, 0xFF, 0xFF, 0xE0, 0x00, 0x03, 0xFF, 0xFF, 0xFF,
    0xE0, 0x00, 0x03, 0xFF, 0xFF, 0xFF, 0xE0, 0x00, 0x03, 0xFF, 0xFF, 0xFF, 0xE0, 0x00, 0x00, 0x00,
    0x00, 0x00, 0x00, 0x00, 0x00, 0x00, 0x00, 0x00, 0x00, 0x00, 0x00, 0x00, 0x00, 0x00, 0x00, 0x00,
    0x00, 0x00, 0x00, 0x00, 0x00, 0x00, 0x00, 0x00, 0x00, 0x00, 0x00, 0x00, 0x00, 0x00, 0x00, 0x00,
    0x00, 0x00, 0x00, 0x00, 0x00, 0x00, 0x00, 0x00, 0x00, 0x00, 0x00, 0x00, 0x00, 0x00, 0x00, 0x00,
    0x00, 0x00, 0x00, 0x00, 0x00, 0x00, 0x00, 0x00, 0x00, 0x00, 0x00, 0x00, 0x00, 0x00, 0x00, 0x00,
    0x00, 0x00, 0x00, 0x00, 0x00, 0x00, 0x00, 0x00, 0x00, 0x00, 0x00, 0x00, 0x00, 0x00, 0x00, 0x00,
    0x00, 0x00, 0x00, 0x00, 0x00, 0x00, 0x00, 0x00, 0x00, 0x00, 0x00, 0x00, 0x00, 0x00, 0x00, 0x00,
    0x00, 0x00, 0x00, 0x00, 0x00, 0x00, 0x00, 0x00, 0x00, 0x00, 0x00, 0x00, 0x00, 0x00, 0x00, 0x00,
    0x00, 0x07, 0xE0, 0x00, 0x00, 0x1F, 0xF8, 0x00, 0x00, 0x3F, 0xFE, 0x00, 0x00, 0x7F, 0xFE, 0x00,
    0x00, 0xFF, 0xFF, 0x00, 0x00, 0xFF, 0xFF, 0x00, 0x00, 0xFF, 0xFF, 0x80, 0x00, 0xFF, 0xFF, 0x80,
    0x01, 0xFF, 0xFF, 0x80, 0x00, 0xFF, 0xFF, 0x80, 0x00, 0xFF, 0xFF, 0x80, 0x00, 0xFF, 0xFF, 0x00,
    0x00, 0xFF, 0xFF, 0x00, 0x00, 0x7F, 0xFE, 0x00, 0x00, 0x3F, 0xFE, 0x00, 0x00, 0x1F, 0xF8, 0x00,
    0x00, 0x07, 0xE0, 0x00, 0x00, 0x00, 0x07, 0xFF, 0xE0, 0x00, 0x00, 0x07, 0xFF, 0xE0, 0x00, 0x00,
    0x0F, 0xFF, 0xE0, 0x00, 0x00, 0x0F, 0xFF, 0xE0, 0x00, 0x00, 0x0F, 0xFF, 0xC0, 0x00, 0x00, 0x0F,
    0xFF, 0xC0, 0x00, 0x00, 0x1F, 0xFF, 0xC0, 0x00, 0x00, 0x1F, 0xFF, 0x80, 0x00, 0x00, 0x1F, 0xFF,
    0x80, 0x00, 0x00, 0x3F, 0xFF, 0x80, 0x00, 0x00, 0x3F, 0xFF, 0x80, 0x00, 0x00, 0x3F, 0xFF, 0x00,
    0x00, 0x00, 0x3F, 0xFF, 0x00, 0x00, 0x00, 0x7F, 0xFF, 0x00, 0x00, 0x00, 0x7F, 0xFF, 0x00, 0x00,
    0x00, 0x7F, 0xFE, 0x00, 0x00, 0x00, 0x7F, 0xFE, 0x00, 0x00, 0x00, 0xFF, 0xFE, 0x00, 0x00, 0x00,
    0xFF, 0xFC, 0x00, 0x00, 0x00, 0xFF, 0xFC, 0x00, 0x00, 0x01, 0xFF, 0xFC, 0x00, 0x00, 0x01, 0xFF,
    0xFC, 0x00, 0x00, 0x01, 0xFF, 0xF8, 0x00, 0x00, 0x01, 0xFF, 0xF8, 0x00, 0x00, 0x03, 0xFF, 0xF8,
    0x00, 0x00, 0x03, 0xFF, 0xF8, 0x00, 0x00, 0x03, 0xFF, 0xF0, 0x00, 0x00, 0x03, 0xFF, 0xF0, 0x00,
    0x00, 0x07, 0xFF, 0xF0, 0x00, 0x00, 0x07, 0xFF, 0xF0, 0x00, 0x00, 0x07, 0xFF, 0xE0, 0x00, 0x00,
    0x07, 0xFF, 0xE0, 0x00, 0x00, 0x0F, 0xFF, 0xE0, 0x00, 0x00, 0x0F, 0xFF, 0xC0, 0x00, 0x00, 0x0F,
    0xFF, 0xC0, 0x00, 0x00, 0x1F, 0xFF, 0xC0, 0x00, 0x00, 0x1F, 0xFF, 0xC0, 0x00, 0x00, 0x1F, 0xFF,
    0x80, 0x00, 0x00, 0x1F, 0xFF, 0x80, 0x00, 0x00, 0x3F, 0xFF, 0x80, 0x00, 0x00, 0x3F, 0xFF, 0x80,
    0x00, 0x00, 0x3F, 0xFF, 0x00, 0x00, 0x00, 0x3F, 0xFF, 0x00, 0x00, 0x00, 0x7F, 0xFF, 0x00, 0x00,
    0x00, 0x7F, 0xFE, 0x00, 0x00, 0x00, 0x7F, 0xFE, 0x00, 0x00, 0x00, 0xFF, 0xFE, 0x00, 0x00, 0x00,
    0xFF, 0xFE, 0x00, 0x00, 0x00, 0xFF, 0xFC, 0x00, 0x00, 0x00, 0xFF, 0xFC, 0x00, 0x00, 0x01, 0xFF,
    0xFC, 0x00, 0x00, 0x01, 0xFF, 0xFC, 0x00, 0x00, 0x01, 0xFF, 0xF8, 0x00, 0x00, 0x01, 0xFF, 0xF8,
    0x00, 0x00, 0x03, 0xFF, 0xF8, 0x00, 0x00, 0x03, 0xFF, 0xF8, 0x00, 0x00, 0x03, 0xFF, 0xF0, 0x00,
    0x00, 0x03, 0xFF, 0xF0, 0x00, 0x00, 0x07, 0xFF, 0xF0, 0x00, 0x00, 0x07, 0xFF, 0xE0, 0x00, 0x00,
    0x07, 0xFF, 0xE0, 0x00, 0x00, 0x0F, 0xFF, 0xE0, 0x00, 0x00, 0x0F, 0xFF, 0xE0, 0x00, 0x00, 0x0F,
    0xFF, 0xC0, 0x00, 0x00, 0x0F, 0xFF, 0xC0, 0x00, 0x00, 0x1F, 0xFF, 0xC0, 0x00, 0x00, 0x1F, 0xFF,
    0xC0, 0x00, 0x00, 0x1F, 0xFF, 0x80, 0x00, 0x00, 0x1F, 0xFF, 0x80, 0x00, 0x00, 0x3F, 0xFF, 0x80,
    0x00, 0x00, 0x3F, 0xFF, 0x00, 0x00, 0x00, 0x3F, 0xFF, 0x00, 0x00, 0x00, 0x7F, 0xFF, 0x00, 0x00,
    0x00, 0x7F, 0xFF, 0x00, 0x00, 0x00, 0x7F, 0xFE, 0x00, 0x00, 0x00, 0x7F, 0xFE, 0x00, 0x00, 0x00,
    0x00, 0x00, 0x00, 0x7F, 0xF8, 0x00, 0x00, 0x00, 0x00, 0x00, 0x07, 0xFF, 0xFF, 0x80, 0x00, 0x00,
    0x00, 0x00, 0x3F, 0xFF, 0xFF, 0xE0, 0x00, 0x00, 0x00, 0x00, 0xFF, 0xFF, 0xFF, 0xF8, 0x00, 0x00,
    0x00, 0x01, 0xFF, 0xFF, 0xFF, 0xFE, 0x00, 0x00, 0x00, 0x03, 0xFF, 0xFF, 0xFF, 0xFF, 0x00, 0x00,
    0x00, 0x0F, 0xFF, 0xFF, 0xFF, 0xFF, 0x80, 0x00, 0x00, 0x1F, 0xFF, 0xFF, 0xFF, 0xFF, 0xC0, 0x00,
    0x00, 0x3F, 0xFF, 0xFF, 0xFF, 0xFF, 0xE0, 0x00, 0x00, 0x3F, 0xFF, 0xFF, 0xFF, 0xFF, 0xF0, 0x00,
    0x00, 0x7F, 0xFF, 0xFF, 0xFF, 0xFF, 0xF8, 0x00, 0x00, 0xFF, 0xFF, 0xFF, 0xFF, 0xFF, 0xFC, 0x00,
    0x00, 0xFF, 0xFF, 0xFF, 0xFF, 0xFF, 0xFC, 0x00, 0x01, 0xFF, 0xFF, 0xFF, 0xFF, 0xFF, 0xFE, 0x00,
    0x01, 0xFF, 0xFF, 0xF0, 0x3F, 0xFF, 0xFE, 0x00, 0x03, 0xFF, 0xFF, 0xC0, 0x0F, 0xFF, 0xFF, 0x00,
    0x03, 0xFF, 0xFF, 0x80, 0x07, 0xFF, 0xFF, 0x00, 0x07, 0xFF, 0xFF, 0x00, 0x03, 0xFF, 0xFF, 0x80,
    0x07, 0xFF, 0xFF, 0x00, 0x03, 0xFF, 0xFF, 0x80, 0x07, 0xFF, 0xFE, 0x00, 0x01, 0xFF, 0xFF, 0x80,
    0x0F, 0xFF, 0xFE, 0x00, 0x01, 0xFF, 0xFF, 0x80, 0x0F, 0xFF, 0xFC, 0x00, 0x00, 0xFF, 0xFF, 0xC0,
    0x0F, 0xFF, 0xFC, 0x00, 0x00, 0xFF, 0xFF, 0xC0, 0x0F, 0xFF, 0xFC, 0x00, 0x00, 0xFF, 0xFF, 0xC0,
    0x0F, 0xFF, 0xF8, 0x00, 0x00, 0xFF, 0xFF, 0xC0, 0x1F, 0xFF, 0xF8, 0x00, 0x00, 0x7F, 0xFF, 0xC0,
    0x1F, 0xFF, 0xF8, 0x00, 0x00, 0x7F, 0xFF, 0xE0, 0x1F, 0xFF, 0xF8, 0x00, 0x00, 0x7F, 0xFF, 0xE0,
    0x1F, 0xFF, 0xF8, 0x00, 0x00, 0x7F, 0xFF, 0xE0, 0x1F, 0xFF, 0xF8, 0x00, 0x00, 0x7F, 0xFF, 0xE0,
    0x1F, 0xFF, 0xF8, 0x00, 0x00, 0x7F, 0xFF, 0xE0, 0x1F, 0xFF, 0xF8, 0x00, 0x00, 0x7F, 0xFF, 0xE0,
    0x1F, 0xFF, 0xF8, 0x00, 0x00, 0x7F, 0xFF, 0xE0, 0x1F, 0xFF, 0xF8, 0x00, 0x00, 0x7F, 0xFF, 0xE0,
    0x1F, 0xFF, 0xF8, 0x00, 0x00, 0x7F, 0xFF, 0xE0, 0x1F, 0xFF, 0xF8, 0x00, 0x00, 0x7F, 0xFF, 0xE0,
    0x1F, 0xFF, 0xF8, 0x00, 0x00, 0x7F, 0xFF, 0xE0, 0x1F, 0xFF, 0xF8, 0x00, 0x00, 0x7F, 0xFF, 0xE0,
    0x1F, 0xFF, 0xF8, 0x00, 0x00, 0x7F, 0xFF, 0xE0, 0x1F, 0xFF, 0xF8, 0x00, 0x00, 0x7F, 0xFF, 0xC0,
    0x0F, 0xFF, 0xF8, 0x00, 0x00, 0xFF, 0xFF, 0xC0, 0x0F, 0xFF, 0xFC, 0x00, 0x00, 0xFF, 0xFF, 0xC0,
    0x0F, 0xFF, 0xFC, 0x00, 0x00, 0xFF, 0xFF, 0xC0, 0x0F, 0xFF, 0xFC, 0x00, 0x00, 0xFF, 0xFF, 0xC0,
    0x0F, 0xFF, 0xFE, 0x00, 0x01, 0xFF, 0xFF, 0x80, 0x07, 0xFF, 0xFE, 0x00, 0x01, 0xFF, 0xFF, 0x80,
    0x07, 0xFF, 0xFF, 0x00, 0x03, 0xFF, 0xFF, 0x80, 0x07, 0xFF, 0xFF, 0x00, 0x03, 0xFF, 0xFF, 0x80,
    0x03, 0xFF, 0xFF, 0x80, 0x07, 0xFF, 0xFF, 0x00, 0x03, 0xFF, 0xFF, 0xC0, 0x0F, 0xFF, 0xFF, 0x00,
    0x01, 0xFF, 0xFF, 0xF0, 0x3F, 0xFF, 0xFE, 0x00, 0x01, 0xFF, 0xFF, 0xFF, 0xFF, 0xFF, 0xFE, 0x00,
    0x00, 0xFF, 0xFF, 0xFF, 0xFF, 0xFF, 0xFC, 0x00, 0x00, 0xFF, 0xFF, 0xFF, 0xFF, 0xFF, 0xFC, 0x00,
    0x00, 0x7F, 0xFF, 0xFF, 0xFF, 0xFF, 0xF8, 0x00, 0x00, 0x3F, 0xFF, 0xFF, 0xFF, 0xFF, 0xF0, 0x00,
    0x00, 0x3F, 0xFF, 0xFF, 0xFF, 0xFF, 0xE0, 0x00, 0x00, 0x1F, 0xFF, 0xFF, 0xFF, 0xFF, 0xE0, 0x00,
    0x00, 0x0F, 0xFF, 0xFF, 0xFF, 0xFF, 0x80, 0x00, 0x00, 0x03, 0xFF, 0xFF, 0xFF, 0xFF, 0x00, 0x00,
    0x00, 0x01, 0xFF, 0xFF, 0xFF, 0xFE, 0x00, 0x00, 0x00, 0x00, 0xFF, 0xFF, 0xFF, 0xF8, 0x00, 0x00,
    0x00, 0x00, 0x3F, 0xFF, 0xFF, 0xF0, 0x00, 0x00, 0x00, 0x00, 0x07, 0xFF, 0xFF, 0x80, 0x00, 0x00,
    0x00, 0x00, 0x00, 0x7F, 0xF8, 0x00, 0x00, 0x00, 0x00, 0x00, 0x7F, 0xFF, 0xE0, 0x00, 0x00, 0xFF,
    0xFF, 0xE0, 0x00, 0x01, 0xFF, 0xFF, 0xE0, 0x00, 0x07, 0xFF, 0xFF, 0xE0, 0x00, 0x0F, 0xFF, 0xFF,
    0xE0, 0x00, 0x3F, 0xFF, 0xFF, 0xE0, 0x00, 0x7F, 0xFF, 0xFF, 0xE0, 0x00, 0xFF, 0xFF, 0xFF, 0xE0,
    0x03, 0xFF, 0xFF, 0xFF, 0xE0, 0x07, 0xFF, 0xFF, 0xFF, 0xE0, 0x0F, 0xFF, 0xFF, 0xFF, 0xE0, 0x0F,
    0xFF, 0xFF, 0xFF, 0xE0, 0x0F, 0xFF, 0xFF, 0xFF, 0xE0, 0x0F, 0xFF, 0xFF, 0xFF, 0xE0, 0x0F, 0xFF,
    0xFF, 0xFF, 0xE0, 0x0F, 0xFF, 0xBF, 0xFF, 0xE0, 0x0F, 0xFF, 0x3F, 0xFF, 0xE0, 0x0F, 0xFC, 0x3F,
    0xFF, 0xE0, 0x0F, 0xF8, 0x3F, 0xFF, 0xE0, 0x0F, 0xE0, 0x3F, 0xFF, 0xE0, 0x0F, 0xC0, 0x3F, 0xFF,
    0xE0, 0x0F, 0x00, 0x3F, 0xFF, 0xE0, 0x0E, 0x00, 0x3F, 0xFF, 0xE0, 0x08, 0x00, 0x3F, 0xFF, 0xE0,
    0x08, 0x00, 0x3F, 0xFF, 0xE0, 0x00, 0x00, 0x3F, 0xFF, 0xE0, 0x00, 0x00, 0x3F, 0xFF, 0xE0, 0x00,
    0x00, 0x3F, 0xFF, 0xE0, 0x00, 0x00, 0x3F, 0xFF, 0xE0, 0x00, 0x00, 0x3F, 0xFF, 0xE0, 0x00, 0x00,
    0x3F, 0xFF, 0xE0, 0x00, 0x00, 0x3F, 0xFF, 0xE0, 0x00, 0x00, 0x3F, 0xFF, 0xE0, 0x00, 0x00, 0x3F,
    0xFF, 0xE0, 0x00, 0x00, 0x3F, 0xFF, 0xE0, 0x00, 0x00, 0x3F, 0xFF, 0xE0, 0x00, 0x00, 0x3F, 0xFF,
    0xE0, 0x00, 0x00, 0x3F, 0xFF, 0xE0, 0x00, 0x00, 0x3F, 0xFF, 0xE0, 0x00, 0x00, 0x3F, 0xFF, 0xE0,
    0x00, 0x00, 0x3F, 0xFF, 0xE0, 0x00, 0x00, 0x3F, 0xFF, 0xE0, 0x00, 0x00, 0x3F, 0xFF, 0xE0, 0x00,
    0x00, 0x3F, 0xFF, 0xE0, 0x00, 0x00, 0x3F, 0xFF, 0xE0, 0x00, 0x00, 0x3F, 0xFF, 0xE0, 0x00, 0x00,
    0x3F, 0xFF, 0xE0, 0x00, 0x00, 0x3F, 0xFF, 0xE0, 0x00, 0x00, 0x3F, 0xFF, 0xE0, 0x00, 0x00, 0x3F,
    0xFF, 0xE0, 0x00, 0x00, 0x3F, 0xFF, 0xE0, 0x00, 0x00, 0x3F, 0xFF, 0xE0, 0x00, 0x00, 0x3F, 0xFF,
    0xE0, 0x00, 0x00, 0x3F, 0xFF, 0xE0, 0x00, 0x00, 0x3F, 0xFF, 0xE0, 0x00, 0x00, 0x3F, 0xFF, 0xE0,
    0x00, 0x00, 0x3F, 0xFF, 0xE0, 0x00, 0x00, 0x3F, 0xFF, 0xE0, 0x00, 0x00, 0x3F, 0xFF, 0xE0, 0x00,
    0x00, 0x3F, 0xFF, 0xE0, 0x00, 0x00, 0x3F, 0xFF, 0xE0, 0x00, 0x00, 0x3F, 0xFF, 0xE0, 0x00, 0x00,
    0x3F, 0xFF, 0xE0, 0x00, 0x00, 0x07, 0xFF, 0xC0, 0x00, 0x00, 0x00, 0x00, 0x7F, 0xFF, 0xFC, 0x00,
    0x00, 0x00, 0x01, 0xFF, 0xFF, 0xFF, 0x80, 0x00, 0x00, 0x07, 0xFF, 0xFF, 0xFF, 0xE0, 0x00, 0x00,
    0x1F, 0xFF, 0xFF, 0xFF, 0xF0, 0x00, 0x00, 0x3F, 0xFF, 0xFF, 0xFF, 0xFC, 0x00, 0x00, 0x7F, 0xFF,
    0xFF, 0xFF, 0xFE, 0x00, 0x00, 0xFF, 0xFF, 0xFF, 0xFF, 0xFF, 0x00, 0x01, 0xFF, 0xFF, 0xFF, 0xFF,
    0xFF, 0x00, 0x03, 0xFF, 0xFF, 0xFF, 0xFF, 0xFF, 0x80, 0x03, 0xFF, 0xFF, 0xFF, 0xFF, 0xFF, 0xC0,
    0x07, 0xFF, 0xFF, 0xFF, 0xFF, 0xFF, 0xC0, 0x07, 0xFF, 0xFF, 0xFF, 0xFF, 0xFF, 0xE0, 0x0F, 0xFF,
    0xFE, 0x01, 0xFF, 0xFF, 0xE0, 0x0F, 0xFF, 0xFC, 0x00, 0x7F, 0xFF, 0xE0, 0x0F, 0xFF, 0xF8, 0x00,
    0x3F, 0xFF, 0xF0, 0x1F, 0xFF, 0xF0, 0x00, 0x3F, 0xFF, 0xF0, 0x1F, 0xFF, 0xF0, 0x00, 0x1F, 0xFF,
    0xF0, 0x1F, 0xFF, 0xF0, 0x00, 0x1F, 0xFF, 0xF0, 0x1F, 0xFF, 0xE0, 0x00, 0x1F, 0xFF, 0xF0, 0x1F,
    0xFF, 0xE0, 0x00, 0x1F, 0xFF, 0xF0, 0x00, 0x00, 0x00, 0x00, 0x1F, 0xFF, 0xF0, 0x00, 0x00, 0x00,
    0x00, 0x1F, 0xFF, 0xF0, 0x00, 0x00, 0x00, 0x00, 0x1F, 0xFF, 0xF0, 0x00, 0x00, 0x00, 0x00, 0x1F,
    0xFF, 0xE0, 0x00, 0x00, 0x00, 0x00, 0x3F, 0xFF, 0xE0, 0x00, 0x00, 0x00, 0x00, 0x7F, 0xFF, 0xE0,
    0x00, 0x00, 0x00, 0x00, 0xFF, 0xFF, 0xC0, 0x00, 0x00, 0x00, 0x00, 0xFF, 0xFF, 0xC0, 0x00, 0x00,
    0x00, 0x01, 0xFF, 0xFF, 0x80, 0x00, 0x00, 0x00, 0x07, 0xFF, 0xFF, 0x80, 0x00, 0x00, 0x00, 0x0F,
    0xFF, 0xFF, 0x00, 0x00, 0x00, 0x00, 0x1F, 0xFF, 0xFE, 0x00, 0x00, 0x00, 0x00, 0x3F, 0xFF, 0xFC,
    0x00, 0x00, 0x00, 0x00, 0x7F, 0xFF, 0xF8, 0x00, 0x00, 0x00, 0x00, 0xFF, 0xFF, 0xF0, 0x00, 0x00,
    0x00, 0x03, 0xFF, 0xFF, 0xE0, 0x00, 0x00, 0x00, 0x07, 0xFF, 0xFF, 0xC0, 0x00, 0x00, 0x00, 0x0F,
    0xFF, 0xFF, 0xC0, 0x00, 0x00, 0x00, 0x1F, 0xFF, 0xFF, 0x00, 0x00, 0x00, 0x00, 0x3F, 0xFF, 0xFE,
    0x00, 0x00, 0x00, 0x00, 0xFF, 0xFF, 0xFC, 0x00, 0x00, 0x00, 0x01, 0xFF, 0xFF, 0xF8, 0x00, 0x00,
    0x00, 0x03, 0xFF, 0xFF, 0xF0, 0x00, 0x00, 0x00, 0x07, 0xFF, 0xFF, 0xE0, 0x00, 0x00, 0x00, 0x0F,
    0xFF, 0xFF, 0x80, 0x00, 0x00, 0x00, 0x3F, 0xFF, 0xFF, 0x00, 0x00, 0x00, 0x00, 0x7F, 0xFF, 0xFE,
    0x00, 0x00, 0x00, 0x00, 0xFF, 0xFF, 0xFC, 0x00, 0x00, 0x00, 0x01, 0xFF, 0xFF, 0xF8, 0x00, 0x00,
    0x00, 0x03, 0xFF, 0xFF, 0xFF, 0xFF, 0xFF, 0xF8, 0x0F, 0xFF, 0xFF, 0xFF, 0xFF, 0xFF, 0xF8, 0x0F,
    0xFF, 0xFF, 0xFF, 0xFF, 0xFF, 0xF8, 0x0F, 0xFF, 0xFF, 0xFF, 0xFF, 0xFF, 0xF8, 0x0F, 0xFF, 0xFF,
    0xFF, 0xFF, 0xFF, 0xF8, 0x0F, 0xFF, 0xFF, 0xFF, 0xFF, 0xFF, 0xF8, 0x0F, 0xFF, 0xFF, 0xFF, 0xFF,
    0xFF, 0xF8, 0x0F, 0xFF, 0xFF, 0xFF, 0xFF, 0xFF, 0xF8, 0x0F, 0xFF, 0xFF, 0xFF, 0xFF, 0xFF, 0xF8,
    0x0F, 0xFF, 0xFF, 0xFF, 0xFF, 0xFF, 0xF8, 0x0F, 0xFF, 0xFF, 0xFF, 0xFF, 0xFF, 0xF8, 0x0F, 0xFF,
    0xFF, 0xFF, 0xFF, 0xFF, 0xF8, 0x0F, 0xFF, 0xFF, 0xFF, 0xFF, 0xFF, 0xF8, 0x0F, 0xFF, 0xFF, 0xFF,
    0xFF, 0xFF, 0xF8, 0x00, 0x00, 0x01, 0xFF, 0xE0, 0x00, 0x00, 0x00, 0x00, 0x00, 0x1F, 0xFF, 0xFE,
    0x00, 0x00, 0x00, 0x00, 0x00, 0xFF, 0xFF, 0xFF, 0xC0, 0x00, 0x00, 0x00, 0x03, 0xFF, 0xFF, 0xFF,
    0xF0, 0x00, 0x00, 0x00, 0x07, 0xFF, 0xFF, 0xFF, 0xF8, 0x00, 0x00, 0x00, 0x1F, 0xFF, 0xFF, 0xFF,
    0xFE, 0x00, 0x00, 0x00, 0x3F, 0xFF, 0xFF, 0xFF, 0xFF, 0x00, 0x00, 0x00, 0x7F, 0xFF, 0xFF, 0xFF,
    0xFF, 0x80, 0x00, 0x00, 0xFF, 0xFF, 0xFF, 0xFF, 0xFF, 0xC0, 0x00, 0x01, 0xFF, 0xFF, 0xFF, 0xFF,
    0xFF, 0xC0, 0x00, 0x01, 0xFF, 0xFF, 0xFF, 0xFF, 0xFF, 0xE0, 0x00, 0x03, 0xFF, 0xFF, 0xFF, 0xFF,
    0xFF, 0xE0, 0x00, 0x03, 0xFF, 0xFF, 0xFF, 0xFF, 0xFF, 0xF0, 0x00, 0x07, 0xFF, 0xFF, 0x80, 0x7F,
    0xFF, 0xF0, 0x00, 0x07, 0xFF, 0xFE, 0x00, 0x3F, 0xFF, 0xF0, 0x00, 0x07, 0xFF, 0xFC, 0x00, 0x1F,
    0xFF, 0xF8, 0x00, 0x07, 0xFF, 0xFC, 0x00, 0x0F, 0xFF, 0xF8, 0x00, 0x0F, 0xFF, 0xF8, 0x00, 0x0F,
    0xFF, 0xF8, 0x00, 0x0F, 0xFF, 0xF8, 0x00, 0x0F, 0xFF, 0xF8, 0x00, 0x0F, 0xFF, 0xF8, 0x00, 0x0F,
    0xFF, 0xF8, 0x00, 0x00, 0x00, 0x00, 0x00, 0x0F, 0xFF, 0xF8, 0x00, 0x00, 0x00, 0x00, 0x00, 0x0F,
    0xFF, 0xF8, 0x00, 0x00, 0x00, 0x00, 0x00, 0x1F, 0xFF, 0xF0, 0x00, 0x00, 0x00, 0x00, 0x00, 0x1F,
    0xFF, 0xF0, 0x00, 0x00, 0x00, 0x00, 0x00, 0x7F, 0xFF, 0xE0, 0x00, 0x00, 0x00, 0x00, 0x01, 0xFF,
    0xFF, 0xE0, 0x00, 0x00, 0x00, 0x07, 0xFF, 0xFF, 0xFF, 0xC0, 0x00, 0x00, 0x00, 0x07, 0xFF, 0xFF,
    0xFF, 0x80, 0x00, 0x00, 0x00, 0x07, 0xFF, 0xFF, 0xFF, 0x00, 0x00, 0x00, 0x00, 0x07, 0xFF, 0xFF,
    0xFC, 0x00, 0x00, 0x00, 0x00, 0x07, 0xFF, 0xFF, 0xF0, 0x00, 0x00, 0x00, 0x00, 0x07, 0xFF, 0xFF,
    0x00, 0x00, 0x00, 0x00, 0x00, 0x07, 0xFF, 0xFF, 0xF0, 0x00, 0x00, 0x00, 0x00, 0x07, 0xFF, 0xFF,
    0xFE, 0x00, 0x00, 0x00, 0x00, 0x07, 0xFF, 0xFF, 0xFF, 0x80, 0x00, 0x00, 0x00, 0x07, 0xFF, 0xFF,
    0xFF, 0xC0, 0x00, 0x00, 0x00, 0x07, 0xFF, 0xFF, 0xFF, 0xF0, 0x00, 0x00, 0x00, 0x07, 0xFF, 0xFF,
    0xFF, 0xF0, 0x00, 0x00, 0x00, 0x00, 0x00, 0xFF, 0xFF, 0xF8, 0x00, 0x00, 0x00, 0x00, 0x00, 0x3F,
    0xFF, 0xFC, 0x00, 0x00, 0x00, 0x00, 0x00, 0x1F, 0xFF, 0xFC, 0x00, 0x00, 0x00, 0x00, 0x00, 0x0F,
    0xFF, 0xFE, 0x00, 0x00, 0x00, 0x00, 0x00, 0x07, 0xFF, 0xFE, 0x00, 0x00, 0x00, 0x00, 0x00, 0x07,
    0xFF, 0xFE, 0x00, 0x00, 0x00, 0x00, 0x00, 0x07, 0xFF, 0xFE, 0x00, 0x1F, 0xFF, 0xF8, 0x00, 0x07,
    0xFF, 0xFE, 0x00, 0x1F, 0xFF, 0xF8, 0x00, 0x07, 0xFF, 0xFE, 0x00, 0x1F, 0xFF, 0xF8, 0x00, 0x0F,
    0xFF, 0xFE, 0x00, 0x0F, 0xFF, 0xFC, 0x00, 0x0F, 0xFF, 0xFE, 0x00, 0x0F, 0xFF, 0xFE, 0x00, 0x3F,
    0xFF, 0xFE, 0x00, 0x0F, 0xFF, 0xFF, 0x80, 0xFF, 0xFF, 0xFE, 0x00, 0x0F, 0xFF, 0xFF, 0xFF, 0xFF,
    0xFF, 0xFC, 0x00, 0x07, 0xFF, 0xFF, 0xFF, 0xFF, 0xFF, 0xFC, 0x00, 0x07, 0xFF, 0xFF, 0xFF, 0xFF,
    0xFF, 0xF8, 0x00, 0x03, 0xFF, 0xFF, 0xFF, 0xFF, 0xFF, 0xF8, 0x00, 0x01, 0xFF, 0xFF, 0xFF, 0xFF,
    0xFF, 0xF0, 0x00, 0x01, 0xFF, 0xFF, 0xFF, 0xFF, 0xFF, 0xE0, 0x00, 0x00, 0xFF, 0xFF, 0xFF, 0xFF,
    0xFF, 0xC0, 0x00, 0x00, 0x7F, 0xFF, 0xFF, 0xFF, 0xFF, 0x80, 0x00, 0x00, 0x1F, 0xFF, 0xFF, 0xFF,
    0xFF, 0x00, 0x00, 0x00, 0x0F, 0xFF, 0xFF, 0xFF, 0xFE, 0x00, 0x00, 0x00, 0x03, 0xFF, 0xFF, 0xFF,
    0xF8, 0x00, 0x00, 0x00, 0x00, 0xFF, 0xFF, 0xFF, 0xE0, 0x00, 0x00, 0x00, 0x00, 0x3F, 0xFF, 0xFF,
    0x00, 0x00, 0x00, 0x00, 0x00, 0x03, 0xFF, 0xE0, 0x00, 0x00, 0x00, 0x00, 0x00, 0x00, 0x07, 0xFF,
    0xFF, 0xE0, 0x00, 0x00, 0x00, 0x00, 0x0F, 0xFF, 0xFF, 0xE0, 0x00, 0x00, 0x00, 0x00, 0x1F, 0xFF,
    0xFF, 0xE0, 0x00, 0x00, 0x00, 0x00, 0x1F, 0xFF, 0xFF, 0xE0, 0x00, 0x00, 0x00, 0x00, 0x3F, 0xFF,
    0xFF, 0xE0, 0x00, 0x00, 0x00, 0x00, 0x3F, 0xFF, 0xFF, 0xE0, 0x00, 0x00, 0x00, 0x00, 0x7F, 0xFF,
    0xFF, 0xE0, 0x00, 0x00, 0x00, 0x00, 0xFF, 0xFF, 0xFF, 0xE0, 0x00, 0x00, 0x00, 0x00, 0xFF, 0xFF,
    0xFF, 0xE0, 0x00, 0x00, 0x00, 0x01, 0xFF, 0xFF, 0xFF, 0xE0, 0x00, 0x00, 0x00, 0x03, 0xFF, 0xFF,
    0xFF, 0xE0, 0x00, 0x00, 0x00, 0x03, 0xFF, 0xFF, 0xFF, 0xE0, 0x00, 0x00, 0x00, 0x07, 0xFF, 0xFF,
    0xFF, 0xE0, 0x00, 0x00, 0x00, 0x0F, 0xFF, 0xFF, 0xFF, 0xE0, 0x00, 0x00, 0x00, 0x0F, 0xFF, 0xFF,
    0xFF, 0xE0, 0x00, 0x00, 0x00, 0x1F, 0xFF, 0xFF, 0xFF, 0xE0, 0x00, 0x00, 0x00, 0x1F, 0xFF, 0xFF,
    0xFF, 0xE0, 0x00, 0x00, 0x00, 0x3F, 0xFF, 0xFF, 0xFF, 0xE0, 0x00, 0x00, 0x00, 0x7F, 0xFF, 0xDF,
    0xFF, 0xE0, 0x00, 0x00, 0x00, 0x7F, 0xFF, 0x9F, 0xFF, 0xE0, 0x00, 0x00, 0x00, 0xFF, 0xFF, 0x9F,
    0xFF, 0xE0, 0x00, 0x00, 0x01, 0xFF, 0xFF, 0x1F, 0xFF, 0xE0, 0x00, 0x00, 0x01, 0xFF, 0xFE, 0x1F,
    0xFF, 0xE0, 0x00, 0x00, 0x03, 0xFF, 0xFE, 0x1F, 0xFF, 0xE0, 0x00, 0x00, 0x07, 0xFF, 0xFC, 0x1F,
    0xFF, 0xE0, 0x00, 0x00, 0x07, 0xFF, 0xFC, 0x1F, 0xFF, 0xE0, 0x00, 0x00, 0x0F, 0xFF, 0xF8, 0x1F,
    0xFF, 0xE0, 0x00, 0x00, 0x0F, 0xFF, 0xF0, 0x1F, 0xFF, 0xE0, 0x00, 0x00, 0x1F, 0xFF, 0xF0, 0x1F,
    0xFF, 0xE0, 0x00, 0x00, 0x3F, 0xFF, 0xE0, 0x1F, 0xFF, 0xE0, 0x00, 0x00, 0x3F, 0xFF, 0xC0, 0x1F,
    0xFF, 0xE0, 0x00, 0x00, 0x7F, 0xFF, 0xC0, 0x1F, 0xFF, 0xE0, 0x00, 0x00, 0xFF, 0xFF, 0x80, 0x1F,
    0xFF, 0xE0, 0x00, 0x00, 0xFF, 0xFF, 0x80, 0x1F, 0xFF, 0xE0, 0x00, 0x01, 0xFF, 0xFF, 0x00, 0x1F,
    0xFF, 0xE0, 0x00, 0x03, 0xFF, 0xFE, 0x00, 0x1F, 0xFF, 0xE0, 0x00, 0x03, 0xFF, 0xFE, 0x00, 0x1F,
    0xFF, 0xE0, 0x00, 0x07, 0xFF, 0xFC, 0x00, 0x1F, 0xFF, 0xE0, 0x00, 0x0F, 0xFF, 0xF8, 0x00, 0x1F,
    0xFF, 0xE0, 0x00, 0x0F, 0xFF, 0xF8, 0x00, 0x1F, 0xFF, 0xE0, 0x00, 0x0F, 0xFF, 0xFF, 0xFF, 0xFF,
    0xFF, 0xFF, 0xC0, 0x0F, 0xFF, 0xFF, 0xFF, 0xFF, 0xFF, 0xFF, 0xC0, 0x0F, 0xFF, 0xFF, 0xFF, 0xFF,
    0xFF, 0xFF, 0xC0, 0x0F, 0xFF, 0xFF, 0xFF, 0xFF, 0xFF, 0xFF, 0xC0, 0x0F, 0xFF, 0xFF, 0xFF, 0xFF,
    0xFF, 0xFF, 0xC0, 0x0F, 0xFF, 0xFF, 0xFF, 0xFF, 0xFF, 0xFF, 0xC0, 0x0F, 0xFF, 0xFF, 0xFF, 0xFF,
    0xFF, 0xFF, 0xC0, 0x0F, 0xFF, 0xFF, 0xFF, 0xFF, 0xFF, 0xFF, 0xC0, 0x0F, 0xFF, 0xFF, 0xFF, 0xFF,
    0xFF, 0xFF, 0xC0, 0x0F, 0xFF, 0xFF, 0xFF, 0xFF, 0xFF, 0xFF, 0xC0, 0x0F, 0xFF, 0xFF, 0xFF, 0xFF,
    0xFF, 0xFF, 0xC0, 0x0F, 0xFF, 0xFF, 0xFF, 0xFF, 0xFF, 0xFF, 0xC0, 0x0F, 0xFF, 0xFF, 0xFF, 0xFF,
    0xFF, 0xFF, 0xC0, 0x00, 0x00, 0x00, 0x00, 0x3F, 0xFF, 0xE0, 0x00, 0x00, 0x00, 0x00, 0x00, 0x3F,
    0xFF, 0xE0, 0x00, 0x00, 0x00, 0x00, 0x00, 0x3F, 0xFF, 0xE0, 0x00, 0x00, 0x00, 0x00, 0x00, 0x3F,
    0xFF, 0xE0, 0x00, 0x00, 0x00, 0x00, 0x00, 0x3F, 0xFF, 0xE0, 0x00, 0x00, 0x00, 0x00, 0x00, 0x3F,
    0xFF, 0xE0, 0x00, 0x00, 0x00, 0x00, 0x00, 0x3F, 0xFF, 0xE0, 0x00, 0x00, 0x00, 0x00, 0x00, 0x3F,
    0xFF, 0xE0, 0x00, 0x00, 0x00, 0x00, 0x00, 0x3F, 0xFF, 0xE0, 0x00, 0x00, 0x00, 0x00, 0x00, 0x3F,
    0xFF, 0xE0, 0x00, 0x01, 0xFF, 0xFF, 0xFF, 0xFF, 0xFF, 0x80, 0x01, 0xFF, 0xFF, 0xFF, 0xFF, 0xFF,
    0x80, 0x01, 0xFF, 0xFF, 0xFF, 0xFF, 0xFF, 0x80, 0x01, 0xFF, 0xFF, 0xFF, 0xFF, 0xFF, 0x80, 0x03,
    0xFF, 0xFF, 0xFF, 0xFF, 0xFF, 0x80, 0x03, 0xFF, 0xFF, 0xFF, 0xFF, 0xFF, 0x80, 0x03, 0xFF, 0xFF,
    0xFF, 0xFF, 0xFF, 0x80, 0x03, 0xFF, 0xFF, 0xFF, 0xFF, 0xFF, 0x80, 0x03, 0xFF, 0xFF, 0xFF, 0xFF,
    0xFF, 0x80, 0x03, 0xFF, 0xFF, 0xFF, 0xFF, 0xFF, 0x80, 0x03, 0xFF, 0xFF, 0xFF, 0xFF, 0xFF, 0x80,
    0x03, 0xFF, 0xFF, 0xFF, 0xFF, 0xFF, 0x80, 0x03, 0xFF, 0xFF, 0xFF, 0xFF, 0xFF, 0x80, 0x03, 0xFF,
    0xFF, 0xFF, 0xFF, 0xFF, 0x80, 0x03, 0xFF, 0xF8, 0x00, 0x00, 0x00, 0x00, 0x03, 0xFF, 0xF8, 0x00,
    0x00, 0x00, 0x00, 0x03, 0xFF, 0xF8, 0x00, 0x00, 0x00, 0x00, 0x03, 0xFF, 0xF8, 0x00, 0x00, 0x00,
    0x00, 0x07, 0xFF, 0xF8, 0x00, 0x00, 0x00, 0x00, 0x07, 0xFF, 0xF0, 0x00, 0x00, 0x00, 0x00, 0x07,
    0xFF, 0xF0, 0x00, 0x00, 0x00, 0x00, 0x07, 0xFF, 0xF0, 0x07, 0xFC, 0x00, 0x00, 0x07, 0xFF, 0xF0,
    0x3F, 0xFF, 0xC0, 0x00, 0x07, 0xFF, 0xF0, 0xFF, 0xFF, 0xF0, 0x00, 0x07, 0xFF, 0xF1, 0xFF, 0xFF,
    0xF8, 0x00, 0x07, 0xFF, 0xF3, 0xFF, 0xFF, 0xFC, 0x00, 0x07, 0xFF, 0xF7, 0xFF, 0xFF, 0xFE, 0x00,
    0x07, 0xFF, 0xFF, 0xFF, 0xFF, 0xFF, 0x00, 0x07, 0xFF, 0xFF, 0xFF, 0xFF, 0xFF, 0x80, 0x07, 0xFF,
    0xFF, 0xFF, 0xFF, 0xFF, 0xC0, 0x07, 0xFF, 0xFF, 0xFF, 0xFF, 0xFF, 0xC0, 0x07, 0xFF, 0xFF, 0xFF,
    0xFF, 0xFF, 0xE0, 0x0F, 0xFF, 0xFF, 0xFF, 0xFF, 0xFF, 0xF0, 0x0F, 0xFF, 0xFF, 0x81, 0xFF, 0xFF,
    0xF0, 0x0F, 0xFF, 0xFE, 0x00, 0x7F, 0xFF, 0xF0, 0x01, 0xFF, 0xF8, 0x00, 0x3F, 0xFF, 0xF8, 0x00,
    0x0F, 0xF0, 0x00, 0x1F, 0xFF, 0xF8, 0x00, 0x00, 0x70, 0x00, 0x0F, 0xFF, 0xF8, 0x00, 0x00, 0x00,
    0x00, 0x0F, 0xFF, 0xF8, 0x00, 0x00, 0x00, 0x00, 0x0F, 0xFF, 0xF8, 0x00, 0x00, 0x00, 0x00, 0x07,
    0xFF, 0xF8, 0x00, 0x00, 0x00, 0x00, 0x07, 0xFF, 0xF8, 0x00, 0x00, 0x00, 0x00, 0x07, 0xFF, 0xF8,
    0x00, 0x00, 0x00, 0x00, 0x07, 0xFF, 0xF8, 0x1F, 0xFF, 0xE0, 0x00, 0x0F, 0xFF, 0xF8, 0x1F, 0xFF,
    0xF0, 0x00, 0x0F, 0xFF, 0xF8, 0x1F, 0xFF, 0xF0, 0x00, 0x0F, 0xFF, 0xF8, 0x1F, 0xFF, 0xF0, 0x00,
    0x1F, 0xFF, 0xF8, 0x1F, 0xFF, 0xF8, 0x00, 0x3F, 0xFF, 0xF0, 0x0F, 0xFF, 0xFC, 0x00, 0x7F, 0xFF,
    0xF0, 0x0F, 0xFF, 0xFF, 0x00, 0xFF, 0xFF, 0xE0, 0x0F, 0xFF, 0xFF, 0xFF, 0xFF, 0xFF, 0xE0, 0x07,
    0xFF, 0xFF, 0xFF, 0xFF, 0xFF, 0xE0, 0x07, 0xFF, 0xFF, 0xFF, 0xFF, 0xFF, 0xC0, 0x03, 0xFF, 0xFF,
    0xFF, 0xFF, 0xFF, 0x80, 0x01, 0xFF, 0xFF, 0xFF, 0xFF, 0xFF, 0x00, 0x00, 0xFF, 0xFF, 0xFF, 0xFF,
    0xFF, 0x00, 0x00, 0x7F, 0xFF, 0xFF, 0xFF, 0xFE, 0x00, 0x00, 0x3F, 0xFF, 0xFF, 0xFF, 0xF8, 0x00,
    0x00, 0x1F, 0xFF, 0xFF, 0xFF, 0xF0, 0x00, 0x00, 0x07, 0xFF, 0xFF, 0xFF, 0xC0, 0x00, 0x00, 0x01,
    0xFF, 0xFF, 0xFF, 0x80, 0x00, 0x00, 0x00, 0x3F, 0xFF, 0xFC, 0x00, 0x00, 0x00, 0x00, 0x03, 0xFF,
    0xC0, 0x00, 0x00, 0x00, 0x00, 0x00, 0x7F, 0xF0, 0x00, 0x00, 0x00, 0x00, 0x00, 0x07, 0xFF, 0xFF,
    0x00, 0x00, 0x00, 0x00, 0x00, 0x1F, 0xFF, 0xFF, 0xC0, 0x00, 0x00, 0x00, 0x00, 0x7F, 0xFF, 0xFF,
    0xF0, 0x00, 0x00, 0x00, 0x01, 0xFF, 0xFF, 0xFF, 0xFC, 0x00, 0x00, 0x00, 0x03, 0xFF, 0xFF, 0xFF,
    0xFE, 0x00, 0x00, 0x00, 0x07, 0xFF, 0xFF, 0xFF, 0xFF, 0x00, 0x00, 0x00, 0x0F, 0xFF, 0xFF, 0xFF,
    0xFF, 0x80, 0x00, 0x00, 0x1F, 0xFF, 0xFF, 0xFF, 0xFF, 0xC0, 0x00, 0x00, 0x3F, 0xFF, 0xFF, 0xFF,
    0xFF, 0xE0, 0x00, 0x00, 0x7F, 0xFF, 0xFF, 0xFF, 0xFF, 0xF0, 0x00, 0x00, 0x7F, 0xFF, 0xFF, 0xFF,
    0xFF, 0xF0, 0x00, 0x00, 0xFF, 0xFF, 0xFF, 0xFF, 0xFF, 0xF8, 0x00, 0x01, 0xFF, 0xFF, 0xFF, 0xFF,
    0xFF, 0xF8, 0x00, 0x01, 0xFF, 0xFF, 0xFF, 0xFF, 0xFF, 0xFC, 0x00, 0x03, 0xFF, 0xFF, 0xE0, 0x3F,
    0xFF, 0xFC, 0x00, 0x03, 0xFF, 0xFF, 0x80, 0x0F, 0xFF, 0xFC, 0x00, 0x03, 0xFF, 0xFF, 0x00, 0x07,
    0xFF, 0xFE, 0x00, 0x07, 0xFF, 0xFE, 0x00, 0x03, 0xFF, 0xFE, 0x00, 0x07, 0xFF, 0xFE, 0x00, 0x03,
    0xFF, 0xFE, 0x00, 0x07, 0xFF, 0xFC, 0x00, 0x00, 0x00, 0x00, 0x00, 0x0F, 0xFF, 0xFC, 0x00, 0x00,
    0x00, 0x00, 0x00, 0x0F, 0xFF, 0xF8, 0x00, 0xFF, 0x80, 0x00, 0x00, 0x0F, 0xFF, 0xF8, 0x07, 0xFF,
    0xF0, 0x00, 0x00, 0x0F, 0xFF, 0xF8, 0x1F, 0xFF, 0xFC, 0x00, 0x00, 0x1F, 0xFF, 0xF8, 0x7F, 0xFF,
    0xFF, 0x00, 0x00, 0x1F, 0xFF, 0xF0, 0xFF, 0xFF, 0xFF, 0x80, 0x00, 0x1F, 0xFF, 0xF1, 0xFF, 0xFF,
    0xFF, 0xC0, 0x00, 0x1F, 0xFF, 0xF3, 0xFF, 0xFF, 0xFF, 0xE0, 0x00, 0x1F, 0xFF, 0xF7, 0xFF, 0xFF,
    0xFF, 0xF0, 0x00, 0x1F, 0xFF, 0xF7, 0xFF, 0xFF, 0xFF, 0xF8, 0x00, 0x1F, 0xFF, 0xFF, 0xFF, 0xFF,
    0xFF, 0xF8, 0x00, 0x1F, 0xFF, 0xFF, 0xFF, 0xFF, 0xFF, 0xFC, 0x00, 0x1F, 0xFF, 0xFF, 0xFF, 0xFF,
    0xFF, 0xFC, 0x00, 0x1F, 0xFF, 0xFF, 0xE0, 0x7F, 0xFF, 0xFC, 0x00, 0x1F, 0xFF, 0xFF, 0x80, 0x1F,
    0xFF, 0xFE, 0x00, 0x1F, 0xFF, 0xFF, 0x00, 0x0F, 0xFF, 0xFE, 0x00, 0x1F, 0xFF, 0xFE, 0x00, 0x07,
    0xFF, 0xFE, 0x00, 0x1F, 0xFF, 0xFE, 0x00, 0x03, 0xFF, 0xFE, 0x00, 0x1F, 0xFF, 0xFC, 0x00, 0x03,
    0xFF, 0xFF, 0x00, 0x1F, 0xFF, 0xFC, 0x00, 0x01, 0xFF, 0xFF, 0x00, 0x0F, 0xFF, 0xFC, 0x00, 0x01,
    0xFF, 0xFF, 0x00, 0x0F, 0xFF, 0xFC, 0x00, 0x01, 0xFF, 0xFF, 0x00, 0x0F, 0xFF, 0xFC, 0x00, 0x01,
    0xFF, 0xFF, 0x00, 0x0F, 0xFF, 0xFC, 0x00, 0x01, 0xFF, 0xFF, 0x00, 0x0F, 0xFF, 0xFC, 0x00, 0x01,
    0xFF, 0xFF, 0x00, 0x07, 0xFF, 0xFC, 0x00, 0x01, 0xFF, 0xFE, 0x00, 0x07, 0xFF, 0xFC, 0x00, 0x03,
    0xFF, 0xFE, 0x00, 0x07, 0xFF, 0xFE, 0x00, 0x03, 0xFF, 0xFE, 0x00, 0x03, 0xFF, 0xFF, 0x00, 0x07,
    0xFF, 0xFE, 0x00, 0x03, 0xFF, 0xFF, 0x80, 0x0F, 0xFF, 0xFC, 0x00, 0x01, 0xFF, 0xFF, 0xE0, 0x3F,
    0xFF, 0xFC, 0x00, 0x01, 0xFF, 0xFF, 0xFF, 0xFF, 0xFF, 0xF8, 0x00, 0x00, 0xFF, 0xFF, 0xFF, 0xFF,
    0xFF, 0xF8, 0x00, 0x00, 0xFF, 0xFF, 0xFF, 0xFF, 0xFF, 0xF0, 0x00, 0x00, 0x7F, 0xFF, 0xFF, 0xFF,
    0xFF, 0xF0, 0x00, 0x00, 0x3F, 0xFF, 0xFF, 0xFF, 0xFF, 0xE0, 0x00, 0x00, 0x1F, 0xFF, 0xFF, 0xFF,
    0xFF, 0xC0, 0x00, 0x00, 0x0F, 0xFF, 0xFF, 0xFF, 0xFF, 0x80, 0x00, 0x00, 0x07, 0xFF, 0xFF, 0xFF,
    0xFF, 0x00, 0x00, 0x00, 0x03, 0xFF, 0xFF, 0xFF, 0xFC, 0x00, 0x00, 0x00, 0x00, 0xFF, 0xFF, 0xFF,
    0xF8, 0x00, 0x00, 0x00, 0x00, 0x3F, 0xFF, 0xFF, 0xE0, 0x00, 0x00, 0x00, 0x00, 0x07, 0xFF, 0xFF,
    0x00, 0x00, 0x00, 0x00, 0x00, 0x00, 0xFF, 0xF0, 0x00, 0x00, 0x00, 0x3F, 0xFF, 0xFF, 0xFF, 0xFF,
    0xFF, 0x80, 0x3F, 0xFF, 0xFF, 0xFF, 0xFF, 0xFF, 0x80, 0x3F, 0xFF, 0xFF, 0xFF, 0xFF, 0xFF, 0x80,
    0x3F, 0xFF, 0xFF, 0xFF, 0xFF, 0xFF, 0x80, 0x3F, 0xFF, 0xFF, 0xFF, 0xFF, 0xFF, 0x80, 0x3F, 0xFF,
    0xFF, 0xFF, 0xFF, 0xFF, 0x80, 0x3F, 0xFF, 0xFF, 0xFF, 0xFF, 0xFF, 0x80, 0x3F, 0xFF, 0xFF, 0xFF,
    0xFF, 0xFF, 0x80, 0x3F, 0xFF, 0xFF, 0xFF, 0xFF, 0xFF, 0x80, 0x3F, 0xFF, 0xFF, 0xFF, 0xFF, 0xFF,
    0x80, 0x3F, 0xFF, 0xFF, 0xFF, 0xFF, 0xFF, 0x80, 0x3F, 0xFF, 0xFF, 0xFF, 0xFF, 0xFF, 0x80, 0x3F,
    0xFF, 0xFF, 0xFF, 0xFF, 0xFF, 0x80, 0x3F, 0xFF, 0xFF, 0xFF, 0xFF, 0xFF, 0x80, 0x00, 0x00, 0x00,
    0x01, 0xFF, 0xFF, 0x80, 0x00, 0x00, 0x00, 0x01, 0xFF, 0xFF, 0x80, 0x00, 0x00, 0x00, 0x03, 0xFF,
    0xFF, 0x00, 0x00, 0x00, 0x00, 0x03, 0xFF, 0xFF, 0x00, 0x00, 0x00, 0x00, 0x07, 0xFF, 0xFE, 0x00,
    0x00, 0x00, 0x00, 0x07, 0xFF, 0xFC, 0x00, 0x00, 0x00, 0x00, 0x0F, 0xFF, 0xFC, 0x00, 0x00, 0x00,
    0x00, 0x0F, 0xFF, 0xF8, 0x00, 0x00, 0x00, 0x00, 0x1F, 0xFF, 0xF8, 0x00, 0x00, 0x00, 0x00, 0x1F,
    0xFF, 0xF0, 0x00, 0x00, 0x00, 0x00, 0x3F, 0xFF, 0xF0, 0x00, 0x00, 0x00, 0x00, 0x3F, 0xFF, 0xE0,
    0x00, 0x00, 0x00, 0x00, 0x7F, 0xFF, 0xE0, 0x00, 0x00, 0x00, 0x00, 0x7F, 0xFF, 0xC0, 0x00, 0x00,
    0x00, 0x00, 0xFF, 0xFF, 0xC0, 0x00, 0x00, 0x00, 0x00, 0xFF, 0xFF, 0x80, 0x00, 0x00, 0x00, 0x01,
    0xFF, 0xFF, 0x80, 0x00, 0x00, 0x00, 0x01, 0xFF, 0xFF, 0x00, 0x00, 0x00, 0x00, 0x03, 0xFF, 0xFF,
    0x00, 0x00, 0x00, 0x00, 0x03, 0xFF, 0xFE, 0x00, 0x00, 0x00, 0x00, 0x07, 0xFF, 0xFE, 0x00, 0x00,
    0x00, 0x00, 0x07, 0xFF, 0xFC, 0x00, 0x00, 0x00, 0x00, 0x0F, 0xFF, 0xFC, 0x00, 0x00, 0x00, 0x00,
    0x0F, 0xFF, 0xF8, 0x00, 0x00, 0x00, 0x00, 0x1F, 0xFF, 0xF8, 0x00, 0x00, 0x00, 0x00, 0x1F, 0xFF,
    0xF0, 0x00, 0x00, 0x00, 0x00, 0x3F, 0xFF, 0xF0, 0x00, 0x00, 0x00, 0x00, 0x3F, 0xFF, 0xE0, 0x00,
    0x00, 0x00, 0x00, 0x7F, 0xFF, 0xE0, 0x00, 0x00, 0x00, 0x00, 0x7F, 0xFF, 0xC0, 0x00, 0x00, 0x00,
    0x00, 0xFF, 0xFF, 0xC0, 0x00, 0x00, 0x00, 0x00, 0xFF, 0xFF, 0x80, 0x00, 0x00, 0x00, 0x01, 0xFF,
    0xFF, 0x80, 0x00, 0x00, 0x00, 0x01, 0xFF, 0xFF, 0x00, 0x00, 0x00, 0x00, 0x03, 0xFF, 0xFF, 0x00,
    0x00, 0x00, 0x00, 0x03, 0xFF, 0xFE, 0x00, 0x00, 0x00, 0x00, 0x07, 0xFF, 0xFE, 0x00, 0x00, 0x00,
    0x00, 0x07, 0xFF, 0xFC, 0x00, 0x00, 0x00, 0x00, 0x0F, 0xFF, 0xFC, 0x00, 0x00, 0x00, 0x00, 0x0F,
    0xFF, 0xF8, 0x00, 0x00, 0x00, 0x00, 0x1F, 0xFF, 0xF8, 0x00, 0x00, 0x00, 0x00, 0x3F, 0xFF, 0xF0,
    0x00, 0x00, 0x00, 0x00, 0x3F, 0xFF, 0xF0, 0x00, 0x00, 0x00, 0x00, 0x7F, 0xFF, 0xE0, 0x00, 0x00,
    0x00, 0x00, 0x7F, 0xFF, 0xE0, 0x00, 0x00, 0x00, 0x00, 0xFF, 0xFF, 0xC0, 0x00, 0x00, 0x00, 0x00,
    0xFF, 0xFF, 0xC0, 0x00, 0x00, 0x00, 0x01, 0xFF, 0xFF, 0x80, 0x00, 0x00, 0x00, 0x01, 0xFF, 0xFF,
    0x80, 0x00, 0x00, 0x00, 0x00, 0x00, 0x01, 0xFF, 0xF0, 0x00, 0x00, 0x00, 0x00, 0x00, 0x1F, 0xFF,
    0xFF, 0x00, 0x00, 0x00, 0x00, 0x00, 0xFF, 0xFF, 0xFF, 0xE0, 0x00, 0x00, 0x00, 0x03, 0xFF, 0xFF,
    0xFF, 0xF8, 0x00, 0x00, 0x00, 0x07, 0xFF, 0xFF, 0xFF, 0xFC, 0x00, 0x00, 0x00, 0x1F, 0xFF, 0xFF,
    0xFF, 0xFF, 0x00, 0x00, 0x00, 0x3F, 0xFF, 0xFF, 0xFF, 0xFF, 0x80, 0x00, 0x00, 0x7F, 0xFF, 0xFF,
    0xFF, 0xFF, 0xC0, 0x00, 0x00, 0xFF, 0xFF, 0xFF, 0xFF, 0xFF, 0xE0, 0x00, 0x00, 0xFF, 0xFF, 0xFF,
    0xFF, 0xFF, 0xE0, 0x00, 0x01, 0xFF, 0xFF, 0xFF, 0xFF, 0xFF, 0xF0, 0x00, 0x03, 0xFF, 0xFF, 0xFF,
    0xFF, 0xFF, 0xF8, 0x00, 0x03, 0xFF, 0xFF, 0xFF, 0xFF, 0xFF, 0xF8, 0x00, 0x03, 0xFF, 0xFF, 0xC0,
    0x7F, 0xFF, 0xF8, 0x00, 0x07, 0xFF, 0xFF, 0x00, 0x1F, 0xFF, 0xFC, 0x00, 0x07, 0xFF, 0xFE, 0x00,
    0x0F, 0xFF, 0xFC, 0x00, 0x07, 0xFF, 0xFE, 0x00, 0x0F, 0xFF, 0xFC, 0x00, 0x07, 0xFF, 0xFC, 0x00,
    0x07, 0xFF, 0xFC, 0x00, 0x07, 0xFF, 0xFC, 0x00, 0x07, 0xFF, 0xFC, 0x00, 0x07, 0xFF, 0xFC, 0x00,
    0x07, 0xFF, 0xFC, 0x00, 0x03, 0xFF, 0xFC, 0x00, 0x07, 0xFF, 0xF8, 0x00, 0x03, 0xFF, 0xFC, 0x00,
    0x07, 0xFF, 0xF8, 0x00, 0x03, 0xFF, 0xFE, 0x00, 0x0F, 0xFF, 0xF8, 0x00, 0x01, 0xFF, 0xFF, 0x00,
    0x1F, 0xFF, 0xF0, 0x00, 0x01, 0xFF, 0xFF, 0x80, 0x3F, 0xFF, 0xF0, 0x00, 0x00, 0xFF, 0xFF, 0xE0,
    0x7F, 0xFF, 0xE0, 0x00, 0x00, 0x7F, 0xFF, 0xFF, 0xFF, 0xFF, 0xC0, 0x00, 0x00, 0x3F, 0xFF, 0xFF,
    0xFF, 0xFF, 0x80, 0x00, 0x00, 0x1F, 0xFF, 0xFF, 0xFF, 0xFF, 0x00, 0x00, 0x00, 0x07, 0xFF, 0xFF,
    0xFF, 0xFC, 0x00, 0x00, 0x00, 0x01, 0xFF, 0xFF, 0xFF, 0xF0, 0x00, 0x00, 0x00, 0x00, 0x3F, 0xFF,
    0xFF, 0x80, 0x00, 0x00, 0x00, 0x03, 0xFF, 0xFF, 0xFF, 0xF8, 0x00, 0x00, 0x00, 0x0F, 0xFF, 0xFF,
    0xFF, 0xFE, 0x00, 0x00, 0x00, 0x3F, 0xFF, 0xFF, 0xFF, 0xFF, 0x80, 0x00, 0x00, 0x7F, 0xFF, 0xFF,
    0xFF, 0xFF, 0xC0, 0x00, 0x00, 0xFF, 0xFF, 0xFF, 0xFF, 0xFF, 0xE0, 0x00, 0x01, 0xFF, 0xFF, 0xFF,
    0xFF, 0xFF, 0xF0, 0x00, 0x03, 0xFF, 0xFF, 0xC0, 0x7F, 0xFF, 0xF8, 0x00, 0x07, 0xFF, 0xFF, 0x00,
    0x1F, 0xFF, 0xFC, 0x00, 0x07, 0xFF, 0xFE, 0x00, 0x0F, 0xFF, 0xFC, 0x00, 0x0F, 0xFF, 0xFC, 0x00,
    0x07, 0xFF, 0xFE, 0x00, 0x0F, 0xFF, 0xFC, 0x00, 0x07, 0xFF, 0xFE, 0x00, 0x1F, 0xFF, 0xF8, 0x00,
    0x03, 0xFF, 0xFF, 0x00, 0x1F, 0xFF, 0xF8, 0x00, 0x03, 0xFF, 0xFF, 0x00, 0x1F, 0xFF, 0xF8, 0x00,
    0x03, 0xFF, 0xFF, 0x00, 0x1F, 0xFF, 0xF8, 0x00, 0x03, 0xFF, 0xFF, 0x00, 0x1F, 0xFF, 0xF8, 0x00,
    0x03, 0xFF, 0xFF, 0x00, 0x1F, 0xFF, 0xFC, 0x00, 0x07, 0xFF, 0xFF, 0x00, 0x1F, 0xFF, 0xFC, 0x00,
    0x07, 0xFF, 0xFF, 0x00, 0x1F, 0xFF, 0xFE, 0x00, 0x0F, 0xFF, 0xFF, 0x00, 0x0F, 0xFF, 0xFF, 0x00,
    0x1F, 0xFF, 0xFE, 0x00, 0x0F, 0xFF, 0xFF, 0xC0, 0x7F, 0xFF, 0xFE, 0x00, 0x07, 0xFF, 0xFF, 0xFF,
    0xFF, 0xFF, 0xFC, 0x00, 0x07, 0xFF, 0xFF, 0xFF, 0xFF, 0xFF, 0xFC, 0x00, 0x03, 0xFF, 0xFF, 0xFF,
    0xFF, 0xFF, 0xF8, 0x00, 0x01, 0xFF, 0xFF, 0xFF, 0xFF, 0xFF, 0xF0, 0x00, 0x00, 0xFF, 0xFF, 0xFF,
    0xFF, 0xFF, 0xE0, 0x00, 0x00, 0x7F, 0xFF, 0xFF, 0xFF, 0xFF, 0xC0, 0x00, 0x00, 0x3F, 0xFF, 0xFF,
    0xFF, 0xFF, 0x80, 0x00, 0x00, 0x1F, 0xFF, 0xFF, 0xFF, 0xFE, 0x00, 0x00, 0x00, 0x07, 0xFF, 0xFF,
    0xFF, 0xFC, 0x00, 0x00, 0x00, 0x01, 0xFF, 0xFF, 0xFF, 0xF0, 0x00, 0x00, 0x00, 0x00, 0x3F, 0xFF,
    0xFF, 0x80, 0x00, 0x00, 0x00, 0x00, 0x01, 0xFF, 0xF0, 0x00, 0x00, 0x00, 0x00, 0x00, 0x03, 0xFF,
    0xC0, 0x00, 0x00, 0x00, 0x00, 0x00, 0x3F, 0xFF, 0xFC, 0x00, 0x00, 0x00, 0x00, 0x00, 0xFF, 0xFF,
    0xFF, 0x80, 0x00, 0x00, 0x00, 0x03, 0xFF, 0xFF, 0xFF, 0xE0, 0x00, 0x00, 0x00, 0x0F, 0xFF, 0xFF,
    0xFF, 0xF0, 0x00, 0x00, 0x00, 0x1F, 0xFF, 0xFF, 0xFF, 0xFC, 0x00, 0x00, 0x00, 0x3F, 0xFF, 0xFF,
    0xFF, 0xFE, 0x00, 0x00, 0x00, 0x7F, 0xFF, 0xFF, 0xFF, 0xFF, 0x00, 0x00, 0x00, 0xFF, 0xFF, 0xFF,
    0xFF, 0xFF, 0x80, 0x00, 0x01, 0xFF, 0xFF, 0xFF, 0xFF, 0xFF, 0x80, 0x00, 0x03, 0xFF, 0xFF, 0xFF,
    0xFF, 0xFF, 0xC0, 0x00, 0x03, 0xFF, 0xFF, 0xFF, 0xFF, 0xFF, 0xE0, 0x00, 0x07, 0xFF, 0xFF, 0xFF,
    0xFF, 0xFF, 0xE0, 0x00, 0x07, 0xFF, 0xFF, 0x80, 0xFF, 0xFF, 0xF0, 0x00, 0x0F, 0xFF, 0xFE, 0x00,
    0x3F, 0xFF, 0xF0, 0x00, 0x0F, 0xFF, 0xFC, 0x00, 0x1F, 0xFF, 0xF8, 0x00, 0x0F, 0xFF, 0xF8, 0x00,
    0x0F, 0xFF, 0xF8, 0x00, 0x1F, 0xFF, 0xF8, 0x00, 0x0F, 0xFF, 0xFC, 0x00, 0x1F, 0xFF, 0xF0, 0x00,
    0x07, 0xFF, 0xFC, 0x00, 0x1F, 0xFF, 0xF0, 0x00, 0x07, 0xFF, 0xFC, 0x00, 0x1F, 0xFF, 0xF0, 0x00,
    0x07, 0xFF, 0xFE, 0x00, 0x1F, 0xFF, 0xF0, 0x00, 0x07, 0xFF, 0xFE, 0x00, 0x1F, 0xFF, 0xF0, 0x00,
    0x07, 0xFF, 0xFE, 0x00, 0x1F, 0xFF, 0xF0, 0x00, 0x07, 0xFF, 0xFE, 0x00, 0x1F, 0xFF, 0xF0, 0x00,
    0x07, 0xFF, 0xFE, 0x00, 0x1F, 0xFF, 0xF0, 0x00, 0x07, 0xFF, 0xFE, 0x00, 0x1F, 0xFF, 0xF8, 0x00,
    0x0F, 0xFF, 0xFE, 0x00, 0x1F, 0xFF, 0xF8, 0x00, 0x1F, 0xFF, 0xFF, 0x00, 0x0F, 0xFF, 0xFC, 0x00,
    0x1F, 0xFF, 0xFF, 0x00, 0x0F, 0xFF, 0xFE, 0x00, 0x7F, 0xFF, 0xFF, 0x00, 0x0F, 0xFF, 0xFF, 0xC1,
    0xFF, 0xFF, 0xFF, 0x00, 0x07, 0xFF, 0xFF, 0xFF, 0xFF, 0xFF, 0xFF, 0x00, 0x07, 0xFF, 0xFF, 0xFF,
    0xFF, 0xFF, 0xFF, 0x00, 0x03, 0xFF, 0xFF, 0xFF, 0xFD, 0xFF, 0xFF, 0x00, 0x03, 0xFF, 0xFF, 0xFF,
    0xFD, 0xFF, 0xFF, 0x00, 0x01, 0xFF, 0xFF, 0xFF, 0xF9, 0xFF, 0xFF, 0x00, 0x00, 0xFF, 0xFF, 0xFF,
    0xF9, 0xFF, 0xFF, 0x00, 0x00, 0xFF, 0xFF, 0xFF, 0xF3, 0xFF, 0xFE, 0x00, 0x00, 0x7F, 0xFF, 0xFF,
    0xE3, 0xFF, 0xFE, 0x00, 0x00, 0x1F, 0xFF, 0xFF, 0xC3, 0xFF, 0xFE, 0x00, 0x00, 0x0F, 0xFF, 0xFF,
    0x03, 0xFF, 0xFE, 0x00, 0x00, 0x03, 0xFF, 0xFC, 0x03, 0xFF, 0xFE, 0x00, 0x00, 0x00, 0x3F, 0xE0,
    0x07, 0xFF, 0xFE, 0x00, 0x00, 0x00, 0x00, 0x00, 0x07, 0xFF, 0xFC, 0x00, 0x00, 0x00, 0x00, 0x00,
    0x07, 0xFF, 0xFC, 0x00, 0x0F, 0xFF, 0xF8, 0x00, 0x0F, 0xFF, 0xFC, 0x00, 0x0F, 0xFF, 0xF8, 0x00,
    0x1F, 0xFF, 0xF8, 0x00, 0x0F, 0xFF, 0xFC, 0x00, 0x1F, 0xFF, 0xF8, 0x00, 0x0F, 0xFF, 0xFE, 0x00,
    0x7F, 0xFF, 0xF8, 0x00, 0x07, 0xFF, 0xFF, 0x81, 0xFF, 0xFF, 0xF0, 0x00, 0x07, 0xFF, 0xFF, 0xFF,
    0xFF, 0xFF, 0xF0, 0x00, 0x07, 0xFF, 0xFF, 0xFF, 0xFF, 0xFF, 0xE0, 0x00, 0x03, 0xFF, 0xFF, 0xFF,
    0xFF, 0xFF, 0xE0, 0x00, 0x03, 0xFF, 0xFF, 0xFF, 0xFF, 0xFF, 0xC0, 0x00, 0x01, 0xFF, 0xFF, 0xFF,
    0xFF, 0xFF, 0x80, 0x00, 0x00, 0xFF, 0xFF, 0xFF, 0xFF, 0xFF, 0x80, 0x00, 0x00, 0xFF, 0xFF, 0xFF,
    0xFF, 0xFF, 0x00, 0x00, 0x00, 0x7F, 0xFF, 0xFF, 0xFF, 0xFE, 0x00, 0x00, 0x00, 0x3F, 0xFF, 0xFF,
    0xFF, 0xFC, 0x00, 0x00, 0x00, 0x0F, 0xFF, 0xFF, 0xFF, 0xF8, 0x00, 0x00, 0x00, 0x07, 0xFF, 0xFF,
    0xFF, 0xE0, 0x00, 0x00, 0x00, 0x03, 0xFF, 0xFF, 0xFF, 0xC0, 0x00, 0x00, 0x00, 0x00, 0xFF, 0xFF,
    0xFF, 0x00, 0x00, 0x00, 0x00, 0x00, 0x1F, 0xFF, 0xF8, 0x00, 0x00, 0x00, 0x00, 0x00, 0x03, 0xFF,
    0xC0, 0x00, 0x00, 0x00, 0x00, 0x07, 0xE0, 0x00, 0x00, 0x1F, 0xF8, 0x00, 0x00, 0x3F, 0xFE, 0x00,
    0x00, 0x7F, 0xFE, 0x00, 0x00, 0xFF, 0xFF, 0x00, 0x00, 0xFF, 0xFF, 0x00, 0x00, 0xFF, 0xFF, 0x80,
    0x00, 0xFF, 0xFF, 0x80, 0x01, 0xFF, 0xFF, 0x80, 0x00, 0xFF, 0xFF, 0x80, 0x00, 0xFF, 0xFF, 0x80,
    0x00, 0xFF, 0xFF, 0x00, 0x00, 0xFF, 0xFF, 0x00, 0x00, 0x7F, 0xFE, 0x00, 0x00, 0x3F, 0xFE, 0x00,
    0x00, 0x1F, 0xF8, 0x00, 0x00, 0x07, 0xE0, 0x00, 0x00, 0x00, 0x00, 0x00, 0x00, 0x00, 0x00, 0x00,
    0x00, 0x00, 0x00, 0x00, 0x00, 0x00, 0x00, 0x00, 0x00, 0x00, 0x00, 0x00, 0x00, 0x00, 0x00, 0x00,
    0x00, 0x00, 0x00, 0x00, 0x00, 0x00, 0x00, 0x00, 0x00, 0x00, 0x00, 0x00, 0x00, 0x00, 0x00, 0x00,
    0x00, 0x00, 0x00, 0x00, 0x00, 0x00, 0x00, 0x00, 0x00, 0x07, 0xE0, 0x00, 0x00, 0x1F, 0xF8, 0x00,
    0x00, 0x3F, 0xFE, 0x00, 0x00, 0x7F, 0xFE, 0x00, 0x00, 0xFF, 0xFF, 0x00, 0x00, 0xFF, 0xFF, 0x00,
    0x00, 0xFF, 0xFF, 0x80, 0x00, 0xFF, 0xFF, 0x80, 0x01, 0xFF, 0xFF, 0x80, 0x00, 0xFF, 0xFF, 0x80,
    0x00, 0xFF, 0xFF, 0x80, 0x00, 0xFF, 0xFF, 0x00, 0x00, 0xFF, 0xFF, 0x00, 0x00, 0x7F, 0xFE, 0x00,
    0x00, 0x3F, 0xFE, 0x00, 0x00, 0x1F, 0xF8, 0x00, 0x00, 0x07, 0xE0, 0x00, 0x00, 0x03, 0xF0, 0x00,
    0x00, 0x00, 0x0F, 0xFC, 0x00, 0x00, 0x00, 0x3F, 0xFE, 0x00, 0x00, 0x00, 0x7F, 0xFF, 0x00, 0x00,
    0x00, 0x7F, 0xFF, 0x00, 0x00, 0x00, 0xFF, 0xFF, 0x80, 0x00, 0x00, 0xFF, 0xFF, 0x80, 0x00, 0x00,
    0xFF, 0xFF, 0x80, 0x00, 0x00, 0xFF, 0xFF, 0x80, 0x00, 0x00, 0xFF, 0xFF, 0x80, 0x00, 0x00, 0xFF,
    0xFF, 0x80, 0x00, 0x00, 0xFF, 0xFF, 0x80, 0x00, 0x00, 0x7F, 0xFF, 0x00, 0x00, 0x00, 0x7F, 0xFF,
    0x00, 0x00, 0x00, 0x3F, 0xFE, 0x00, 0x00, 0x00, 0x1F, 0xFC, 0x00, 0x00, 0x00, 0x03, 0xF0, 0x00,
    0x00, 0x00, 0x00, 0x00, 0x00, 0x00, 0x00, 0x00, 0x00, 0x00, 0x00, 0x00, 0x00, 0x00, 0x00, 0x00,
    0x00, 0x00, 0x00, 0x00, 0x00, 0x00, 0x00, 0x00, 0x00, 0x00, 0x00, 0x00, 0x00, 0x00, 0x00, 0x00,
    0x00, 0x00, 0x00, 0x00, 0x00, 0x00, 0x00, 0x00, 0x00, 0x00, 0x00, 0x00, 0x00, 0x00, 0x00, 0x00,
    0x00, 0x00, 0x00, 0x00, 0x00, 0x00, 0x00, 0x00, 0x00, 0x00, 0x00, 0x00, 0x00, 0x00, 0x00, 0x00,
    0x00, 0x00, 0x00, 0x00, 0x00, 0x00, 0x00, 0x00, 0x00, 0x00, 0x00, 0x00, 0x00, 0x00, 0x00, 0x00,
    0x00, 0x00, 0x00, 0x00, 0x00, 0x00, 0x00, 0x00, 0x00, 0x00, 0x00, 0x00, 0xFF, 0xFF, 0x80, 0x00,
    0x00, 0xFF, 0xFF, 0x00, 0x00, 0x00, 0xFF, 0xFF, 0x00, 0x00, 0x00, 0xFF, 0xFF, 0x00, 0x00, 0x00,
    0xFF, 0xFE, 0x00, 0x00, 0x00, 0xFF, 0xFE, 0x00, 0x00, 0x00, 0xFF, 0xFE, 0x00, 0x00, 0x01, 0xFF,
    0xFC, 0x00, 0x00, 0x01, 0xFF, 0xFC, 0x00, 0x00, 0x01, 0xFF, 0xFC, 0x00, 0x00, 0x01, 0xFF, 0xF8,
    0x00, 0x00, 0x01, 0xFF, 0xF8, 0x00, 0x00, 0x01, 0xFF, 0xF8, 0x00, 0x00, 0x01, 0xFF, 0xF0, 0x00,
    0x00, 0x01, 0xFF, 0xF0, 0x00, 0x00, 0x03, 0xFF, 0xF0, 0x00, 0x00, 0x03, 0xFF, 0xE0, 0x00, 0x00,
    0x03, 0xFF, 0xE0, 0x00, 0x00, 0x03, 0xFF, 0xE0, 0x00, 0x00, 0x03, 0xFF, 0xC0, 0x00, 0x00, 0x03,
    0xFF, 0xC0, 0x00, 0x00, 0x03, 0xFF, 0xC0, 0x00, 0x00, 0x07, 0xFF, 0xC0, 0x00, 0x00, 0x07, 0xFF,
    0x80, 0x00, 0x00, 0x07, 0xFF, 0x80, 0x00, 0x00, 0x07, 0xFF, 0x80, 0x00, 0x00, 0x07, 0xFF, 0x00,
    0x00, 0x00, 0x07, 0xFF, 0x00, 0x00, 0x00, 0x00, 0x00, 0x00, 0x00, 0x00, 0x00, 0x08, 0x00, 0x00,
    0x00, 0x00, 0x00, 0x00, 0x00, 0x38, 0x00, 0x00, 0x00, 0x00, 0x00, 0x00, 0x00, 0xF8, 0x00, 0x00,
    0x00, 0x00, 0x00, 0x00, 0x07, 0xF8, 0x00, 0x00, 0x00, 0x00, 0x00, 0x00, 0x1F, 0xF8, 0x00, 0x00,
    0x00, 0x00, 0x00, 0x00, 0xFF, 0xF8, 0x00, 0x00, 0x00, 0x00, 0x00, 0x03, 0xFF, 0xF8, 0x00, 0x00,
    0x00, 0x00, 0x00, 0x1F, 0xFF, 0xF8, 0x00, 0x00, 0x00, 0x00, 0x00, 0x7F, 0xFF, 0xF8, 0x00, 0x00,
    0x00, 0x00, 0x03, 0xFF, 0xFF, 0xF8, 0x00, 0x00, 0x00, 0x00, 0x0F, 0xFF, 0xFF, 0xF8, 0x00, 0x00,
    0x00, 0x00, 0x7F, 0xFF, 0xFF, 0xF8, 0x00, 0x00, 0x00, 0x01, 0xFF, 0xFF, 0xFF, 0xF8, 0x00, 0x00,
    0x00, 0x0F, 0xFF, 0xFF, 0xFF, 0xF8, 0x00, 0x00, 0x00, 0x3F, 0xFF, 0xFF, 0xFF, 0xF8, 0x00, 0x00,
    0x01, 0xFF, 0xFF, 0xFF, 0xFF, 0xF8, 0x00, 0x00, 0x07, 0xFF, 0xFF, 0xFF, 0xFF, 0xE0, 0x00, 0x00,
    0x3F, 0xFF, 0xFF, 0xFF, 0xFF, 0x80, 0x00, 0x00, 0xFF, 0xFF, 0xFF, 0xFF, 0xFC, 0x00, 0x00, 0x01,
    0xFF, 0xFF, 0xFF, 0xFF, 0xE0, 0x00, 0x00, 0x01, 0xFF, 0xFF, 0xFF, 0xFF, 0x00, 0x00, 0x00, 0x01,
    0xFF, 0xFF, 0xFF, 0xF8, 0x00, 0x00, 0x00, 0x01, 0xFF, 0xFF, 0xFF, 0xC0, 0x00, 0x00, 0x00, 0x01,
    0xFF, 0xFF, 0xFE, 0x00, 0x00, 0x00, 0x00, 0x01, 0xFF, 0xFF, 0xF0, 0x00, 0x00, 0x00, 0x00, 0x01,
    0xFF, 0xFF, 0xC0, 0x00, 0x00, 0x00, 0x00, 0x01, 0xFF, 0xFF, 0x00, 0x00, 0x00, 0x00, 0x00, 0x01,
    0xFF, 0xFF, 0xE0, 0x00, 0x00, 0x00, 0x00, 0x01, 0xFF, 0xFF, 0xFC, 0x00, 0x00, 0x00, 0x00, 0x01,
    0xFF, 0xFF, 0xFF, 0x00, 0x00, 0x00, 0x00, 0x01, 0xFF, 0xFF, 0xFF, 0xE0, 0x00, 0x00, 0x00, 0x01,
    0xFF, 0xFF, 0xFF, 0xFC, 0x00, 0x00, 0x00, 0x01, 0xFF, 0xFF, 0xFF, 0xFF, 0x80, 0x00, 0x00, 0x01,
    0xFF, 0xFF, 0xFF, 0xFF, 0xF0, 0x00, 0x00, 0x00, 0x7F, 0xFF, 0xFF, 0xFF, 0xFE, 0x00, 0x00, 0x00,
    0x1F, 0xFF, 0xFF, 0xFF, 0xFF, 0xC0, 0x00, 0x00, 0x03, 0xFF, 0xFF, 0xFF, 0xFF, 0xF8, 0x00, 0x00,
    0x00, 0xFF, 0xFF, 0xFF, 0xFF, 0xF8, 0x00, 0x00, 0x00, 0x1F, 0xFF, 0xFF, 0xFF, 0xF8, 0x00, 0x00,
    0x00, 0x07, 0xFF, 0xFF, 0xFF, 0xF8, 0x00, 0x00, 0x00, 0x00, 0xFF, 0xFF, 0xFF, 0xF8, 0x00, 0x00,
    0x00, 0x00, 0x3F, 0xFF, 0xFF, 0xF8, 0x00, 0x00, 0x00, 0x00, 0x07, 0xFF, 0xFF, 0xF8, 0x00, 0x00,
    0x00, 0x00, 0x01, 0xFF, 0xFF, 0xF8, 0x00, 0x00, 0x00, 0x00, 0x00, 0x3F, 0xFF, 0xF8, 0x00, 0x00,
    0x00, 0x00, 0x00, 0x0F, 0xFF, 0xF8, 0x00, 0x00, 0x00, 0x00, 0x00, 0x01, 0xFF, 0xF8, 0x00, 0x00,
    0x00, 0x00, 0x00, 0x00, 0x7F, 0xF8, 0x00, 0x00, 0x00, 0x00, 0x00, 0x00, 0x0F, 0xF8, 0x00, 0x00,
    0x00, 0x00, 0x00, 0x00, 0x03, 0xF8, 0x00, 0x00, 0x00, 0x00, 0x00, 0x00, 0x00, 0x78, 0x00, 0x00,
    0x00, 0x00, 0x00, 0x00, 0x00, 0x18, 0x00, 0x00, 0x00, 0x00, 0x00, 0x00, 0x00, 0x00, 0x00, 0x01,
    0xFF, 0xFF, 0xFF, 0xFF, 0xFF, 0xF8, 0x00, 0x01, 0xFF, 0xFF, 0xFF, 0xFF, 0xFF, 0xF8, 0x00, 0x01,
    0xFF, 0xFF, 0xFF, 0xFF, 0xFF, 0xF8, 0x00, 0x01, 0xFF, 0xFF, 0xFF, 0xFF, 0xFF, 0xF8, 0x00, 0x01,
    0xFF, 0xFF, 0xFF, 0xFF, 0xFF, 0xF8, 0x00, 0x01, 0xFF, 0xFF, 0xFF, 0xFF, 0xFF, 0xF8, 0x00, 0x01,
    0xFF, 0xFF, 0xFF, 0xFF, 0xFF, 0xF8, 0x00, 0x01, 0xFF, 0xFF, 0xFF, 0xFF, 0xFF, 0xF8, 0x00, 0x01,
    0xFF, 0xFF, 0xFF, 0xFF, 0xFF, 0xF8, 0x00, 0x01, 0xFF, 0xFF, 0xFF, 0xFF, 0xFF, 0xF8, 0x00, 0x01,
    0xFF, 0xFF, 0xFF, 0xFF, 0xFF, 0xF8, 0x00, 0x01, 0xFF, 0xFF, 0xFF, 0xFF, 0xFF, 0xF8, 0x00, 0x01,
    0xFF, 0xFF, 0xFF, 0xFF, 0xFF, 0xF8, 0x00, 0x01, 0xFF, 0xFF, 0xFF, 0xFF, 0xFF, 0xF8, 0x00, 0x00,
    0x00, 0x00, 0x00, 0x00, 0x00, 0x00, 0x00, 0x00, 0x00, 0x00, 0x00, 0x00, 0x00, 0x00, 0x00, 0x00,
    0x00, 0x00, 0x00, 0x00, 0x00, 0x00, 0x00, 0x00, 0x00, 0x00, 0x00, 0x00, 0x00, 0x00, 0x00, 0x00,
    0x00, 0x00, 0x00, 0x00, 0x00, 0x00, 0x00, 0x00, 0x00, 0x00, 0x00, 0x00, 0x00, 0x00, 0x00, 0x00,
    0x00, 0x00, 0x00, 0x00, 0x00, 0x00, 0x00, 0x00, 0x00, 0x00, 0x00, 0x00, 0x00, 0x00, 0x00, 0x01,
    0xFF, 0xFF, 0xFF, 0xFF, 0xFF, 0xF8, 0x00, 0x01, 0xFF, 0xFF, 0xFF, 0xFF, 0xFF, 0xF8, 0x00, 0x01,
    0xFF, 0xFF, 0xFF, 0xFF, 0xFF, 0xF8, 0x00, 0x01, 0xFF, 0xFF, 0xFF, 0xFF, 0xFF, 0xF8, 0x00, 0x01,
    0xFF, 0xFF, 0xFF, 0xFF, 0xFF, 0xF8, 0x00, 0x01, 0xFF, 0xFF, 0xFF, 0xFF, 0xFF, 0xF8, 0x00, 0x01,
    0xFF, 0xFF, 0xFF, 0xFF, 0xFF, 0xF8, 0x00, 0x01, 0xFF, 0xFF, 0xFF, 0xFF, 0xFF, 0xF8, 0x00, 0x01,
    0xFF, 0xFF, 0xFF, 0xFF, 0xFF, 0xF8, 0x00, 0x01, 0xFF, 0xFF, 0xFF, 0xFF, 0xFF, 0xF8, 0x00, 0x01,
    0xFF, 0xFF, 0xFF, 0xFF, 0xFF, 0xF8, 0x00, 0x01, 0xFF, 0xFF, 0xFF, 0xFF, 0xFF, 0xF8, 0x00, 0x01,
    0xFF, 0xFF, 0xFF, 0xFF, 0xFF, 0xF8, 0x00, 0x01, 0xFF, 0xFF, 0xFF, 0xFF, 0xFF, 0xF8, 0x00, 0x00,
    0x00, 0x00, 0x00, 0x00, 0x00, 0x00, 0x00, 0x00, 0x00, 0x00, 0x00, 0x00, 0x00, 0x00, 0x00, 0x00,
    0x00, 0x00, 0x00, 0x00, 0x00, 0x00, 0x00, 0x00, 0x00, 0x00, 0x00, 0x00, 0x00, 0x00, 0x00, 0x00,
    0x00, 0x00, 0x00, 0x00, 0x00, 0x00, 0x00, 0x00, 0x00, 0x00, 0x00, 0x00, 0x00, 0x00, 0x00, 0x00,
    0x00, 0x00, 0x00, 0x00, 0x00, 0x00, 0x00, 0x00, 0x00, 0x00, 0x00, 0x00, 0x00, 0x00, 0x00, 0x00,
    0x80, 0x00, 0x00, 0x00, 0x00, 0x00, 0x00, 0x00, 0xC0, 0x00, 0x00, 0x00, 0x00, 0x00, 0x00, 0x00,
    0xF8, 0x00, 0x00, 0x00, 0x00, 0x00, 0x00, 0x00, 0xFE, 0x00, 0x00, 0x00, 0x00, 0x00, 0x00, 0x00,
    0xFF, 0xC0, 0x00, 0x00, 0x00, 0x00, 0x00, 0x00, 0xFF, 0xF0, 0x00, 0x00, 0x00, 0x00, 0x00, 0x00,
    0xFF, 0xFE, 0x00, 0x00, 0x00, 0x00, 0x00, 0x00, 0xFF, 0xFF, 0x80, 0x00, 0x00, 0x00, 0x00, 0x00,
    0xFF, 0xFF, 0xF0, 0x00, 0x00, 0x00, 0x00, 0x00, 0xFF, 0xFF, 0xFC, 0x00, 0x00, 0x00, 0x00, 0x00,
    0xFF, 0xFF, 0xFF, 0x80, 0x00, 0x00, 0x00, 0x00, 0xFF, 0xFF, 0xFF, 0xE0, 0x00, 0x00, 0x00, 0x00,
    0xFF, 0xFF, 0xFF, 0xFC, 0x00, 0x00, 0x00, 0x00, 0xFF, 0xFF, 0xFF, 0xFF, 0x00, 0x00, 0x00, 0x00,
    0xFF, 0xFF, 0xFF, 0xFF, 0xE0, 0x00, 0x00, 0x00, 0xFF, 0xFF, 0xFF, 0xFF, 0xF8, 0x00, 0x00, 0x00,
    0x7F, 0xFF, 0xFF, 0xFF, 0xFF, 0x00, 0x00, 0x00, 0x0F, 0xFF, 0xFF, 0xFF, 0xFF, 0xC0, 0x00, 0x00,
    0x01, 0xFF, 0xFF, 0xFF, 0xFF, 0xF8, 0x00, 0x00, 0x00, 0x3F, 0xFF, 0xFF, 0xFF, 0xFC, 0x00, 0x00,
    0x00, 0x0F, 0xFF, 0xFF, 0xFF, 0xFC, 0x00, 0x00, 0x00, 0x01, 0xFF, 0xFF, 0xFF, 0xFC, 0x00, 0x00,
    0x00, 0x00, 0x3F, 0xFF, 0xFF, 0xFC, 0x00, 0x00, 0x00, 0x00, 0x07, 0xFF, 0xFF, 0xFC, 0x00, 0x00,
    0x00, 0x00, 0x00, 0xFF, 0xFF, 0xFC, 0x00, 0x00, 0x00, 0x00, 0x00, 0x1F, 0xFF, 0xFC, 0x00, 0x00,
    0x00, 0x00, 0x00, 0x0F, 0xFF, 0xFC, 0x00, 0x00, 0x00, 0x00, 0x00, 0x3F, 0xFF, 0xFC, 0x00, 0x00,
    0x00, 0x00, 0x01, 0xFF, 0xFF, 0xFC, 0x00, 0x00, 0x00, 0x00, 0x0F, 0xFF, 0xFF, 0xFC, 0x00, 0x00,
    0x00, 0x00, 0x7F, 0xFF, 0xFF, 0xFC, 0x00, 0x00, 0x00, 0x03, 0xFF, 0xFF, 0xFF, 0xFC, 0x00, 0x00,
    0x00, 0x1F, 0xFF, 0xFF, 0xFF, 0xFC, 0x00, 0x00, 0x00, 0xFF, 0xFF, 0xFF, 0xFF, 0xFC, 0x00, 0x00,
    0x07, 0xFF, 0xFF, 0xFF, 0xFF, 0xF0, 0x00, 0x00, 0x1F, 0xFF, 0xFF, 0xFF, 0xFF, 0x80, 0x00, 0x00,
    0xFF, 0xFF, 0xFF, 0xFF, 0xFE, 0x00, 0x00, 0x00, 0xFF, 0xFF, 0xFF, 0xFF, 0xF0, 0x00, 0x00, 0x00,
    0xFF, 0xFF, 0xFF, 0xFF, 0xC0, 0x00, 0x00, 0x00, 0xFF, 0xFF, 0xFF, 0xFE, 0x00, 0x00, 0x00, 0x00,
    0xFF, 0xFF, 0xFF, 0xF8, 0x00, 0x00, 0x00, 0x00, 0xFF, 0xFF, 0xFF, 0xC0, 0x00, 0x00, 0x00, 0x00,
    0xFF, 0xFF, 0xFF, 0x00, 0x00, 0x00, 0x00, 0x00, 0xFF, 0xFF, 0xF8, 0x00, 0x00, 0x00, 0x00, 0x00,
    0xFF, 0xFF, 0xE0, 0x00, 0x00, 0x00, 0x00, 0x00, 0xFF, 0xFF, 0x00, 0x00, 0x00, 0x00, 0x00, 0x00,
    0xFF, 0xFC, 0x00, 0x00, 0x00, 0x00, 0x00, 0x00, 0xFF, 0xE0, 0x00, 0x00, 0x00, 0x00, 0x00, 0x00,
    0xFF, 0x80, 0x00, 0x00, 0x00, 0x00, 0x00, 0x00, 0xFC, 0x00, 0x00, 0x00, 0x00, 0x00, 0x00, 0x00,
    0xF0, 0x00, 0x00, 0x00, 0x00, 0x00, 0x00, 0x00, 0x80, 0x00, 0x00, 0x00, 0x00, 0x00, 0x00, 0x00,
    0x00, 0x00, 0x00, 0x00, 0x00, 0x00, 0x00, 0x00, 0x00, 0x0F, 0xFF, 0x00, 0x00, 0x00, 0x00, 0x00,
    0xFF, 0xFF, 0xF0, 0x00, 0x00, 0x00, 0x07, 0xFF, 0xFF, 0xFE, 0x00, 0x00, 0x00, 0x1F, 0xFF, 0xFF,
    0xFF, 0x80, 0x00, 0x00, 0x3F, 0xFF, 0xFF, 0xFF, 0xC0, 0x00, 0x00, 0xFF, 0xFF, 0xFF, 0xFF, 0xE0,
    0x00, 0x01, 0xFF, 0xFF, 0xFF, 0xFF, 0xF0, 0x00, 0x01, 0xFF, 0xFF, 0xFF, 0xFF, 0xF8, 0x00, 0x03,
    0xFF, 0xFF, 0xFF, 0xFF, 0xFC, 0x00, 0x07, 0xFF, 0xFF, 0xFF, 0xFF, 0xFE, 0x00, 0x07, 0xFF, 0xFF,
    0xFF, 0xFF, 0xFE, 0x00, 0x0F, 0xFF, 0xFF, 0xFF, 0xFF, 0xFE, 0x00, 0x0F, 0xFF, 0xFF, 0xFF, 0xFF,
    0xFF, 0x00, 0x0F, 0xFF, 0xFC, 0x0F, 0xFF, 0xFF, 0x00, 0x0F, 0xFF, 0xF8, 0x07, 0xFF, 0xFF, 0x00,
    0x1F, 0xFF, 0xF0, 0x03, 0xFF, 0xFF, 0x00, 0x1F, 0xFF, 0xE0, 0x01, 0xFF, 0xFF, 0x00, 0x1F, 0xFF,
    0xE0, 0x01, 0xFF, 0xFF, 0x00, 0x1F, 0xFF, 0xE0, 0x01, 0xFF, 0xFF, 0x00, 0x00, 0x00, 0x00, 0x01,
    0xFF, 0xFF, 0x00, 0x00, 0x00, 0x00, 0x03, 0xFF, 0xFF, 0x00, 0x00, 0x00, 0x00, 0x03, 0xFF, 0xFF,
    0x00, 0x00, 0x00, 0x00, 0x07, 0xFF, 0xFF, 0x00, 0x00, 0x00, 0x00, 0x1F, 0xFF, 0xFE, 0x00, 0x00,
    0x00, 0x00, 0x3F, 0xFF, 0xFE, 0x00, 0x00, 0x00, 0x00, 0x7F, 0xFF, 0xFC, 0x00, 0x00, 0x00, 0x01,
    0xFF, 0xFF, 0xFC, 0x00, 0x00, 0x00, 0x03, 0xFF, 0xFF, 0xF8, 0x00, 0x00, 0x00, 0x07, 0xFF, 0xFF,
    0xF0, 0x00, 0x00, 0x00, 0x0F, 0xFF, 0xFF, 0xE0, 0x00, 0x00, 0x00, 0x1F, 0xFF, 0xFF, 0x80, 0x00,
    0x00, 0x00, 0x1F, 0xFF, 0xFF, 0x00, 0x00, 0x00, 0x00, 0x3F, 0xFF, 0xFC, 0x00, 0x00, 0x00, 0x00,
    0x3F, 0xFF, 0xF8, 0x00, 0x00, 0x00, 0x00, 0x3F, 0xFF, 0xE0, 0x00, 0x00, 0x00, 0x00, 0x7F, 0xFF,
    0xC0, 0x00, 0x00, 0x00, 0x00, 0x7F, 0xFF, 0x80, 0x00, 0x00, 0x00, 0x00, 0x7F, 0xFF, 0x80, 0x00,
    0x00, 0x00, 0x00, 0x7F, 0xFF, 0x00, 0x00, 0x00, 0x00, 0x00, 0x7F, 0xFF, 0x00, 0x00, 0x00, 0x00,
    0x00, 0x7F, 0xFE, 0x00, 0x00, 0x00, 0x00, 0x00, 0x7F, 0xFE, 0x00, 0x00, 0x00, 0x00, 0x00, 0x7F,
    0xFE, 0x00, 0x00, 0x00, 0x00, 0x00, 0x7F, 0xFE, 0x00, 0x00, 0x00, 0x00, 0x00, 0x00, 0x00, 0x00,
    0x00, 0x00, 0x00, 0x00, 0x00, 0x00, 0x00, 0x00, 0x00, 0x00, 0x00, 0x00, 0x00, 0x00, 0x00, 0x00,
    0x00, 0x00, 0x00, 0x00, 0x00, 0x00, 0x00, 0x00, 0x00, 0x07, 0xF0, 0x00, 0x00, 0x00, 0x00, 0x00,
    0x3F, 0xFC, 0x00, 0x00, 0x00, 0x00, 0x00, 0x7F, 0xFE, 0x00, 0x00, 0x00, 0x00, 0x00, 0xFF, 0xFF,
    0x00, 0x00, 0x00, 0x00, 0x00, 0xFF, 0xFF, 0x00, 0x00, 0x00, 0x00, 0x01, 0xFF, 0xFF, 0x80, 0x00,
    0x00, 0x00, 0x01, 0xFF, 0xFF, 0x80, 0x00, 0x00, 0x00, 0x01, 0xFF, 0xFF, 0x80, 0x00, 0x00, 0x00,
    0x01, 0xFF, 0xFF, 0x80, 0x00, 0x00, 0x00, 0x01, 0xFF, 0xFF, 0x80, 0x00, 0x00, 0x00, 0x01, 0xFF,
    0xFF, 0x80, 0x00, 0x00, 0x00, 0x01, 0xFF, 0xFF, 0x80, 0x00, 0x00, 0x00, 0x00, 0xFF, 0xFF, 0x00,
    0x00, 0x00, 0x00, 0x00, 0xFF, 0xFF, 0x00, 0x00, 0x00, 0x00, 0x00, 0x7F, 0xFE, 0x00, 0x00, 0x00,
    0x00, 0x00, 0x3F, 0xFC, 0x00, 0x00, 0x00, 0x00, 0x00, 0x07, 0xF0, 0x00, 0x00, 0x00, 0x00, 0x00,
    0x00, 0x00, 0x03, 0xFF, 0xFC, 0x00, 0x00, 0x00, 0x00, 0x00, 0x00, 0x00, 0x00, 0x00, 0x7F, 0xFF,
    0xFF, 0xF0, 0x00, 0x00, 0x00, 0x00, 0x00, 0x00, 0x00, 0x07, 0xFF, 0xFF, 0xFF, 0xFE, 0x00, 0x00,
    0x00, 0x00, 0x00, 0x00, 0x00, 0x3F, 0xFF, 0xFF, 0xFF, 0xFF, 0xC0, 0x00, 0x00, 0x00, 0x00, 0x00,
    0x00, 0xFF, 0xFF, 0xFF, 0xFF, 0xFF, 0xF0, 0x00, 0x00, 0x00, 0x00, 0x00, 0x03, 0xFF, 0xFF, 0xFF,
    0xFF, 0xFF, 0xFC, 0x00, 0x00, 0x00, 0x00, 0x00, 0x07, 0xFF, 0xFF, 0xFF, 0xFF, 0xFF, 0xFF, 0x00,
    0x00, 0x00, 0x00, 0x00, 0x1F, 0xFF, 0xFF, 0xFF, 0xFF, 0xFF, 0xFF, 0x80, 0x00, 0x00, 0x00, 0x00,
    0x3F, 0xFF, 0xFF, 0xFF, 0xFF, 0xFF, 0xFF, 0xE0, 0x00, 0x00, 0x00, 0x00, 0x7F, 0xFF, 0xFF, 0xFF,
    0xFF, 0xFF, 0xFF, 0xF0, 0x00, 0x00, 0x00, 0x01, 0xFF, 0xFF, 0xFF, 0xFF, 0xFF, 0xFF, 0xFF, 0xF8,
    0x00, 0x00, 0x00, 0x03, 0xFF, 0xFF, 0xFF, 0xFF, 0xFF, 0xFF, 0xFF, 0xFC, 0x00, 0x00, 0x00, 0x07,
    0xFF, 0xFF, 0xFF, 0xFF, 0xFF, 0xFF, 0xFF, 0xFE, 0x00, 0x00, 0x00, 0x07, 0xFF, 0xFF, 0xFE, 0x00,
    0x00, 0xFF, 0xFF, 0xFF, 0x00, 0x00, 0x00, 0x0F, 0xFF, 0xFF, 0xE0, 0x00, 0x00, 0x0F, 0xFF, 0xFF,
    0x80, 0x00, 0x00, 0x1F, 0xFF, 0xFF, 0x00, 0x00, 0x00, 0x03, 0xFF, 0xFF, 0xC0, 0x00, 0x00, 0x3F,
    0xFF, 0xFC, 0x00, 0x00, 0x00, 0x00, 0xFF, 0xFF, 0xE0, 0x00, 0x00, 0x3F, 0xFF, 0xF0, 0x00, 0x00,
    0x00, 0x00, 0x3F, 0xFF, 0xE0, 0x00, 0x00, 0x7F, 0xFF, 0xE0, 0x00, 0x00, 0x00, 0x00, 0x1F, 0xFF,
    0xF0, 0x00, 0x00, 0xFF, 0xFF, 0xC0, 0x00, 0x00, 0x00, 0x00, 0x07, 0xFF, 0xF8, 0x00, 0x00, 0xFF,
    0xFF, 0x00, 0x01, 0xFF, 0x00, 0x00, 0x03, 0xFF, 0xF8, 0x00, 0x01, 0xFF, 0xFF, 0x00, 0x0F, 0xFF,
    0xE0, 0xFF, 0xE3, 0xFF, 0xFC, 0x00, 0x01, 0xFF, 0xFE, 0x00, 0x3F, 0xFF, 0xF8, 0xFF, 0xE1, 0xFF,
    0xFC, 0x00, 0x03, 0xFF, 0xFC, 0x00, 0xFF, 0xFF, 0xFC, 0xFF, 0xE0, 0xFF, 0xFC, 0x00, 0x03, 0xFF,
    0xF8, 0x01, 0xFF, 0xFF, 0xFE, 0xFF, 0xE0, 0xFF, 0xFE, 0x00, 0x03, 0xFF, 0xF8, 0x03, 0xFF, 0xFF,
    0xFE, 0xFF, 0xE0, 0x7F, 0xFE, 0x00, 0x07, 0xFF, 0xF0, 0x07, 0xFF, 0xFF, 0xFF, 0xFF, 0xE0, 0x7F,
    0xFF, 0x00, 0x07, 0xFF, 0xF0, 0x0F, 0xFF, 0xFF, 0xFF, 0xFF, 0xE0, 0x3F, 0xFF, 0x00, 0x07, 0xFF,
    0xE0, 0x0F, 0xFF, 0xFF, 0xFF, 0xFF, 0xE0, 0x3F, 0xFF, 0x00, 0x07, 0xFF, 0xE0, 0x1F, 0xFF, 0xFF,
    0xFF, 0xFF, 0xE0, 0x3F, 0xFF, 0x00, 0x0F, 0xFF, 0xC0, 0x1F, 0xFF, 0xFF, 0xFF, 0xFF, 0xE0, 0x1F,
    0xFF, 0x00, 0x0F, 0xFF, 0xC0, 0x3F, 0xFF, 0xFF, 0xFF, 0xFF, 0xE0, 0x1F, 0xFF, 0x80, 0x0F, 0xFF,
    0xC0, 0x3F, 0xFF, 0xFF, 0xFF, 0xFF, 0xE0, 0x1F, 0xFF, 0x80, 0x0F, 0xFF, 0xC0, 0x3F, 0xFF, 0x80,
    0x3F, 0xFF, 0xE0, 0x1F, 0xFF, 0x80, 0x0F, 0xFF, 0x80, 0x7F, 0xFF, 0x00, 0x0F, 0xFF, 0xE0, 0x1F,
    0xFF, 0x80, 0x1F, 0xFF, 0x80, 0x7F, 0xFC, 0x00, 0x07, 0xFF, 0xE0, 0x0F, 0xFF, 0x80, 0x1F, 0xFF,
    0x80, 0x7F, 0xFC, 0x00, 0x03, 0xFF, 0xE0, 0x0F, 0xFF, 0x80, 0x1F, 0xFF, 0x80, 0x7F, 0xF8, 0x00,
    0x03, 0xFF, 0xE0, 0x0F, 0xFF, 0x80, 0x1F, 0xFF, 0x80, 0x7F, 0xF8, 0x00, 0x03, 0xFF, 0xE0, 0x0F,
    0xFF, 0x80, 0x1F, 0xFF, 0x80, 0xFF, 0xF8, 0x00, 0x01, 0xFF, 0xE0, 0x0F, 0xFF, 0x80, 0x1F, 0xFF,
    0x80, 0xFF, 0xF0, 0x00, 0x01, 0xFF, 0xE0, 0x0F, 0xFF, 0x80, 0x1F, 0xFF, 0x80, 0xFF, 0xF0, 0x00,
    0x01, 0xFF, 0xE0, 0x0F, 0xFF, 0x80, 0x1F, 0xFF, 0x80, 0xFF, 0xF0, 0x00, 0x01, 0xFF, 0xE0, 0x0F,
    0xFF, 0x80, 0x1F, 0xFF, 0x80, 0xFF, 0xF0, 0x00, 0x01, 0xFF, 0xE0, 0x0F, 0xFF, 0x80, 0x1F, 0xFF,
    0x80, 0x7F, 0xF0, 0x00, 0x01, 0xFF, 0xE0, 0x0F, 0xFF, 0x80, 0x1F, 0xFF, 0x80, 0x7F, 0xF8, 0x00,
    0x01, 0xFF, 0xE0, 0x1F, 0xFF, 0x80, 0x1F, 0xFF, 0x80, 0x7F, 0xF8, 0x00, 0x03, 0xFF, 0xE0, 0x1F,
    0xFF, 0x00, 0x1F, 0xFF, 0x80, 0x7F, 0xF8, 0x00, 0x03, 0xFF, 0xE0, 0x1F, 0xFF, 0x00, 0x1F, 0xFF,
    0x80, 0x7F, 0xFC, 0x00, 0x07, 0xFF, 0xE0, 0x1F, 0xFF, 0x00, 0x1F, 0xFF, 0x80, 0x7F, 0xFE, 0x00,
    0x0F, 0xFF, 0xE0, 0x3F, 0xFF, 0x00, 0x1F, 0xFF, 0xC0, 0x3F, 0xFF, 0x00, 0x1F, 0xFF, 0xE0, 0x3F,
    0xFE, 0x00, 0x0F, 0xFF, 0xC0, 0x3F, 0xFF, 0xC0, 0x7F, 0xFF, 0xE0, 0x7F, 0xFE, 0x00, 0x0F, 0xFF,
    0xC0, 0x3F, 0xFF, 0xFF, 0xFF, 0xFF, 0xE1, 0xFF, 0xFC, 0x00, 0x0F, 0xFF, 0xC0, 0x1F, 0xFF, 0xFF,
    0xFF, 0xFF, 0xFF, 0xFF, 0xFC, 0x00, 0x0F, 0xFF, 0xE0, 0x1F, 0xFF, 0xFF, 0xFF, 0xFF, 0xFF, 0xFF,
    0xF8, 0x00, 0x0F, 0xFF, 0xE0, 0x0F, 0xFF, 0xFF, 0xFF, 0xFF, 0xFF, 0xFF, 0xF8, 0x00, 0x07, 0xFF,
    0xF0, 0x07, 0xFF, 0xFF, 0xFF, 0xBF, 0xFF, 0xFF, 0xF0, 0x00, 0x07, 0xFF, 0xF0, 0x03, 0xFF, 0xFF,
    0xFF, 0xBF, 0xFF, 0xFF, 0xE0, 0x00, 0x07, 0xFF, 0xF8, 0x01, 0xFF, 0xFF, 0xFF, 0x1F, 0xFF, 0xFF,
    0xC0, 0x00, 0x03, 0xFF, 0xF8, 0x00, 0xFF, 0xFF, 0xFE, 0x1F, 0xFF, 0xFF, 0x80, 0x00, 0x03, 0xFF,
    0xFC, 0x00, 0x7F, 0xFF, 0xFC, 0x0F, 0xFF, 0xFE, 0x00, 0x00, 0x03, 0xFF, 0xFE, 0x00, 0x1F, 0xFF,
    0xF0, 0x03, 0xFF, 0xF8, 0x00, 0x00, 0x01, 0xFF, 0xFF, 0x00, 0x01, 0xFF, 0x80, 0x00, 0xFF, 0xC0,
    0x00, 0x00, 0x01, 0xFF, 0xFF, 0x00, 0x00, 0x00, 0x00, 0x00, 0x00, 0x00, 0x00, 0x00, 0x00, 0xFF,
    0xFF, 0xC0, 0x00, 0x00, 0x00, 0x00, 0x00, 0x00, 0x00, 0x00, 0x00, 0xFF, 0xFF, 0xE0, 0x00, 0x00,
    0x00, 0x00, 0x00, 0x00, 0x00, 0x00, 0x00, 0x7F, 0xFF, 0xF0, 0x00, 0x00, 0x00, 0x00, 0x00, 0x00,
    0x00, 0x00, 0x00, 0x3F, 0xFF, 0xFC, 0x00, 0x00, 0x00, 0x00, 0x00, 0x00, 0x00, 0x00, 0x00, 0x3F,
    0xFF, 0xFF, 0x00, 0x00, 0x00, 0x01, 0x80, 0x00, 0x00, 0x00, 0x00, 0x1F, 0xFF, 0xFF, 0xE0, 0x00,
    0x00, 0x1F, 0xC0, 0x00, 0x00, 0x00, 0x00, 0x0F, 0xFF, 0xFF, 0xFF, 0x00, 0x01, 0xFF, 0xC0, 0x00,
    0x00, 0x00, 0x00, 0x07, 0xFF, 0xFF, 0xFF, 0xFF, 0xFF, 0xFF, 0xC0, 0x00, 0x00, 0x00, 0x00, 0x03,
    0xFF, 0xFF, 0xFF, 0xFF, 0xFF, 0xFF, 0xE0, 0x00, 0x00, 0x00, 0x00, 0x01, 0xFF, 0xFF, 0xFF, 0xFF,
    0xFF, 0xFF, 0xE0, 0x00, 0x00, 0x00, 0x00, 0x00, 0xFF, 0xFF, 0xFF, 0xFF, 0xFF, 0xFF, 0xF0, 0x00,
    0x00, 0x00, 0x00, 0x00, 0x7F, 0xFF, 0xFF, 0xFF, 0xFF, 0xFF, 0xF0, 0x00, 0x00, 0x00, 0x00, 0x00,
    0x1F, 0xFF, 0xFF, 0xFF, 0xFF, 0xFF, 0xF0, 0x00, 0x00, 0x00, 0x00, 0x00, 0x0F, 0xFF, 0xFF, 0xFF,
    0xFF, 0xFF, 0xF8, 0x00, 0x00, 0x00, 0x00, 0x00, 0x03, 0xFF, 0xFF, 0xFF, 0xFF, 0xFF, 0xF8, 0x00,
    0x00, 0x00, 0x00, 0x00, 0x00, 0xFF, 0xFF, 0xFF, 0xFF, 0xFF, 0xF0, 0x00, 0x00, 0x00, 0x00, 0x00,
    0x00, 0x3F, 0xFF, 0xFF, 0xFF, 0xFF, 0xC0, 0x00, 0x00, 0x00, 0x00, 0x00, 0x00, 0x07, 0xFF, 0xFF,
    0xFF, 0xFE, 0x00, 0x00, 0x00, 0x00, 0x00, 0x00, 0x00, 0x00, 0x7F, 0xFF, 0xFF, 0xE0, 0x00, 0x00,
    0x00, 0x00, 0x00, 0x00, 0x00, 0x00, 0x00, 0x7F, 0xE0, 0x00, 0x00, 0x00, 0x00, 0x00, 0x00, 0x00,
    0x03, 0xFF, 0xFF, 0xFC, 0x00, 0x00, 0x00, 0x00, 0x00, 0x03, 0xFF, 0xFF, 0xFC, 0x00, 0x00, 0x00,
    0x00, 0x00, 0x03, 0xFF, 0xFF, 0xFE, 0x00, 0x00, 0x00, 0x00, 0x00, 0x07, 0xFF, 0xFF, 0xFE, 0x00,
    0x00, 0x00, 0x00, 0x00, 0x07, 0xFF, 0xFF, 0xFE, 0x00, 0x00, 0x00, 0x00, 0x00, 0x07, 0xFF, 0xFF,
    0xFF, 0x00, 0x00, 0x00, 0x00, 0x00, 0x0F, 0xFF, 0xFF, 0xFF, 0x00, 0x00, 0x00, 0x00, 0x00, 0x0F,
    0xFF, 0xFF, 0xFF, 0x00, 0x00, 0x00, 0x00, 0x00, 0x0F, 0xFF, 0xFF, 0xFF, 0x80, 0x00, 0x00, 0x00,
    0x00, 0x1F, 0xFF, 0xFF, 0xFF, 0x80, 0x00, 0x00, 0x00, 0x00, 0x1F, 0xFF, 0xFF, 0xFF, 0x80, 0x00,
    0x00, 0x00, 0x00, 0x1F, 0xFF, 0xFF, 0xFF, 0xC0, 0x00, 0x00, 0x00, 0x00, 0x3F, 0xFF, 0xFF, 0xFF,
    0xC0, 0x00, 0x00, 0x00, 0x00, 0x3F, 0xFF, 0xFF, 0xFF, 0xC0, 0x00, 0x00, 0x00, 0x00, 0x3F, 0xFF,
    0xFF, 0xFF, 0xE0, 0x00, 0x00, 0x00, 0x00, 0x7F, 0xFF, 0xFF, 0xFF, 0xE0, 0x00, 0x00, 0x00, 0x00,
    0x7F, 0xFF, 0xDF, 0xFF, 0xE0, 0x00, 0x00, 0x00, 0x00, 0x7F, 0xFF, 0x9F, 0xFF, 0xF0, 0x00, 0x00,
    0x00, 0x00, 0xFF, 0xFF, 0x9F, 0xFF, 0xF0, 0x00, 0x00, 0x00, 0x00, 0xFF, 0xFF, 0x9F, 0xFF, 0xF8,
    0x00, 0x00, 0x00, 0x00, 0xFF, 0xFF, 0x8F, 0xFF, 0xF8, 0x00, 0x00, 0x00, 0x01, 0xFF, 0xFF, 0x0F,
    0xFF, 0xF8, 0x00, 0x00, 0x00, 0x01, 0xFF, 0xFF, 0x0F, 0xFF, 0xFC, 0x00, 0x00, 0x00, 0x01, 0xFF,
    0xFF, 0x0F, 0xFF, 0xFC, 0x00, 0x00, 0x00, 0x03, 0xFF, 0xFF, 0x0F, 0xFF, 0xFC, 0x00, 0x00, 0x00,
    0x03, 0xFF, 0xFF, 0x07, 0xFF, 0xFE, 0x00, 0x00, 0x00, 0x03, 0xFF, 0xFE, 0x07, 0xFF, 0xFE, 0x00,
    0x00, 0x00, 0x07, 0xFF, 0xFE, 0x07, 0xFF, 0xFE, 0x00, 0x00, 0x00, 0x07, 0xFF, 0xFE, 0x03, 0xFF,
    0xFF, 0x00, 0x00, 0x00, 0x07, 0xFF, 0xFE, 0x03, 0xFF, 0xFF, 0x00, 0x00, 0x00, 0x07, 0xFF, 0xFC,
    0x03, 0xFF, 0xFF, 0x00, 0x00, 0x00, 0x0F, 0xFF, 0xFC, 0x03, 0xFF, 0xFF, 0x80, 0x00, 0x00, 0x0F,
    0xFF, 0xFC, 0x01, 0xFF, 0xFF, 0x80, 0x00, 0x00, 0x0F, 0xFF, 0xFC, 0x01, 0xFF, 0xFF, 0x80, 0x00,
    0x00, 0x1F, 0xFF, 0xF8, 0x01, 0xFF, 0xFF, 0xC0, 0x00, 0x00, 0x1F, 0xFF, 0xF8, 0x01, 0xFF, 0xFF,
    0xC0, 0x00, 0x00, 0x1F, 0xFF, 0xF8, 0x00, 0xFF, 0xFF, 0xC0, 0x00, 0x00, 0x3F, 0xFF, 0xF0, 0x00,
    0xFF, 0xFF, 0xE0, 0x00, 0x00, 0x3F, 0xFF, 0xFF, 0xFF, 0xFF, 0xFF, 0xE0, 0x00, 0x00, 0x3F, 0xFF,
    0xFF, 0xFF, 0xFF, 0xFF, 0xE0, 0x00, 0x00, 0x7F, 0xFF, 0xFF, 0xFF, 0xFF, 0xFF, 0xF0, 0x00, 0x00,
    0x7F, 0xFF, 0xFF, 0xFF, 0xFF, 0xFF, 0xF0, 0x00, 0x00, 0x7F, 0xFF, 0xFF, 0xFF, 0xFF, 0xFF, 0xF0,
    0x00, 0x00, 0xFF, 0xFF, 0xFF, 0xFF, 0xFF, 0xFF, 0xF8, 0x00, 0x00, 0xFF, 0xFF, 0xFF, 0xFF, 0xFF,
    0xFF, 0xF8, 0x00, 0x00, 0xFF, 0xFF, 0xFF, 0xFF, 0xFF, 0xFF, 0xF8, 0x00, 0x01, 0xFF, 0xFF, 0xFF,
    0xFF, 0xFF, 0xFF, 0xFC, 0x00, 0x01, 0xFF, 0xFF, 0xFF, 0xFF, 0xFF, 0xFF, 0xFC, 0x00, 0x01, 0xFF,
    0xFF, 0xFF, 0xFF, 0xFF, 0xFF, 0xFC, 0x00, 0x03, 0xFF, 0xFF, 0xFF, 0xFF, 0xFF, 0xFF, 0xFE, 0x00,
    0x03, 0xFF, 0xFF, 0xFF, 0xFF, 0xFF, 0xFF, 0xFE, 0x00, 0x03, 0xFF, 0xFF, 0x00, 0x00, 0x0F, 0xFF,
    0xFE, 0x00, 0x07, 0xFF, 0xFF, 0x00, 0x00, 0x07, 0xFF, 0xFF, 0x00, 0x07, 0xFF, 0xFF, 0x00, 0x00,
    0x07, 0xFF, 0xFF, 0x00, 0x07, 0xFF, 0xFF, 0x00, 0x00, 0x07, 0xFF, 0xFF, 0x00, 0x0F, 0xFF, 0xFE,
    0x00, 0x00, 0x03, 0xFF, 0xFF, 0x80, 0x0F, 0xFF, 0xFE, 0x00, 0x00, 0x03, 0xFF, 0xFF, 0x80, 0x0F,
    0xFF, 0xFE, 0x00, 0x00, 0x03, 0xFF, 0xFF, 0x80, 0x1F, 0xFF, 0xFC, 0x00, 0x00, 0x03, 0xFF, 0xFF,
    0xC0, 0x1F, 0xFF, 0xFC, 0x00, 0x00, 0x01, 0xFF, 0xFF, 0xC0, 0x1F, 0xFF, 0xFC, 0x00, 0x00, 0x01,
    0xFF, 0xFF, 0xC0, 0x3F, 0xFF, 0xFC, 0x00, 0x00, 0x01, 0xFF, 0xFF, 0xE0, 0x3F, 0xFF, 0xF8, 0x00,
    0x00, 0x00, 0xFF, 0xFF, 0xE0, 0x0F, 0xFF, 0xFF, 0xFF, 0xFC, 0x00, 0x00, 0x00, 0x0F, 0xFF, 0xFF,
    0xFF, 0xFF, 0xE0, 0x00, 0x00, 0x0F, 0xFF, 0xFF, 0xFF, 0xFF, 0xF8, 0x00, 0x00, 0x0F, 0xFF, 0xFF,
    0xFF, 0xFF, 0xFE, 0x00, 0x00, 0x0F, 0xFF, 0xFF, 0xFF, 0xFF, 0xFF, 0x00, 0x00, 0x0F, 0xFF, 0xFF,
    0xFF, 0xFF, 0xFF, 0x80, 0x00, 0x0F, 0xFF, 0xFF, 0xFF, 0xFF, 0xFF, 0xC0, 0x00, 0x0F, 0xFF, 0xFF,
    0xFF, 0xFF, 0xFF, 0xE0, 0x00, 0x0F, 0xFF, 0xFF, 0xFF, 0xFF, 0xFF, 0xF0, 0x00, 0x0F, 0xFF, 0xFF,
    0xFF, 0xFF, 0xFF, 0xF0, 0x00, 0x0F, 0xFF, 0xFF, 0xFF, 0xFF, 0xFF, 0xF8, 0x00, 0x0F, 0xFF, 0xFF,
    0xFF, 0xFF, 0xFF, 0xF8, 0x00, 0x0F, 0xFF, 0xFF, 0xFF, 0xFF, 0xFF, 0xF8, 0x00, 0x0F, 0xFF, 0xFF,
    0xFF, 0xFF, 0xFF, 0xF8, 0x00, 0x0F, 0xFF, 0xF8, 0x00, 0xFF, 0xFF, 0xFC, 0x00, 0x0F, 0xFF, 0xF8,
    0x00, 0x3F, 0xFF, 0xFC, 0x00, 0x0F, 0xFF, 0xF8, 0x00, 0x1F, 0xFF, 0xFC, 0x00, 0x0F, 0xFF, 0xF8,
    0x00, 0x0F, 0xFF, 0xF8, 0x00, 0x0F, 0xFF, 0xF8, 0x00, 0x0F, 0xFF, 0xF8, 0x00, 0x0F, 0xFF, 0xF8,
    0x00, 0x0F, 0xFF, 0xF8, 0x00, 0x0F, 0xFF, 0xF8, 0x00, 0x0F, 0xFF, 0xF8, 0x00, 0x0F, 0xFF, 0xF8,
    0x00, 0x0F, 0xFF, 0xF0, 0x00, 0x0F, 0xFF, 0xF8, 0x00, 0x1F, 0xFF, 0xF0, 0x00, 0x0F, 0xFF, 0xF8,
    0x00, 0x3F, 0xFF, 0xE0, 0x00, 0x0F, 0xFF, 0xF8, 0x00, 0xFF, 0xFF, 0xC0, 0x00, 0x0F, 0xFF, 0xFF,
    0xFF, 0xFF, 0xFF, 0x80, 0x00, 0x0F, 0xFF, 0xFF, 0xFF, 0xFF, 0xFF, 0x00, 0x00, 0x0F, 0xFF, 0xFF,
    0xFF, 0xFF, 0xFE, 0x00, 0x00, 0x0F, 0xFF, 0xFF, 0xFF, 0xFF, 0xF0, 0x00, 0x00, 0x0F, 0xFF, 0xFF,
    0xFF, 0xFF, 0x80, 0x00, 0x00, 0x0F, 0xFF, 0xFF, 0xFF, 0xFF, 0xF8, 0x00, 0x00, 0x0F, 0xFF, 0xFF,
    0xFF, 0xFF, 0xFF, 0x00, 0x00, 0x0F, 0xFF, 0xFF, 0xFF, 0xFF, 0xFF, 0xC0, 0x00, 0x0F, 0xFF, 0xFF,
    0xFF, 0xFF, 0xFF, 0xE0, 0x00, 0x0F, 0xFF, 0xFF, 0xFF, 0xFF, 0xFF, 0xF0, 0x00, 0x0F, 0xFF, 0xFF,
    0xFF, 0xFF, 0xFF, 0xF8, 0x00, 0x0F, 0xFF, 0xF8, 0x00, 0x7F, 0xFF, 0xFC, 0x00, 0x0F, 0xFF, 0xF8,
    0x00, 0x1F, 0xFF, 0xFC, 0x00, 0x0F, 0xFF, 0xF8, 0x00, 0x0F, 0xFF, 0xFE, 0x00, 0x0F, 0xFF, 0xF8,
    0x00, 0x07, 0xFF, 0xFE, 0x00, 0x0F, 0xFF, 0xF8, 0x00, 0x03, 0xFF, 0xFE, 0x00, 0x0F, 0xFF, 0xF8,
    0x00, 0x03, 0xFF, 0xFF, 0x00, 0x0F, 0xFF, 0xF8, 0x00, 0x03, 0xFF, 0xFF, 0x00, 0x0F, 0xFF, 0xF8,
    0x00, 0x03, 0xFF, 0xFF, 0x00, 0x0F, 0xFF, 0xF8, 0x00, 0x03, 0xFF, 0xFF, 0x00, 0x0F, 0xFF, 0xF8,
    0x00, 0x07, 0xFF, 0xFF, 0x00, 0x0F, 0xFF, 0xF8, 0x00, 0x07, 0xFF, 0xFF, 0x00, 0x0F, 0xFF, 0xF8,
    0x00, 0x0F, 0xFF, 0xFF, 0x00, 0x0F, 0xFF, 0xF8, 0x00, 0x7F, 0xFF, 0xFF, 0x00, 0x0F, 0xFF, 0xFF,
    0xFF, 0xFF, 0xFF, 0xFF, 0x00, 0x0F, 0xFF, 0xFF, 0xFF, 0xFF, 0xFF, 0xFE, 0x00, 0x0F, 0xFF, 0xFF,
    0xFF, 0xFF, 0xFF, 0xFE, 0x00, 0x0F, 0xFF, 0xFF, 0xFF, 0xFF, 0xFF, 0xFC, 0x00, 0x0F, 0xFF, 0xFF,
    0xFF, 0xFF, 0xFF, 0xFC, 0x00, 0x0F, 0xFF, 0xFF, 0xFF, 0xFF, 0xFF, 0xF8, 0x00, 0x0F, 0xFF, 0xFF,
    0xFF, 0xFF, 0xFF, 0xF8, 0x00, 0x0F, 0xFF, 0xFF, 0xFF, 0xFF, 0xFF, 0xF0, 0x00, 0x0F, 0xFF, 0xFF,
    0xFF, 0xFF, 0xFF, 0xE0, 0x00, 0x0F, 0xFF, 0xFF, 0xFF, 0xFF, 0xFF, 0x80, 0x00, 0x0F, 0xFF, 0xFF,
    0xFF, 0xFF, 0xFF, 0x00, 0x00, 0x0F, 0xFF, 0xFF, 0xFF, 0xFF, 0xFC, 0x00, 0x00, 0x0F, 0xFF, 0xFF,
    0xFF, 0xFF, 0xF0, 0x00, 0x00, 0x0F, 0xFF, 0xFF, 0xFF, 0xFF, 0x00, 0x00, 0x00, 0x00, 0x00, 0x00,
    0x1F, 0xFF, 0x00, 0x00, 0x00, 0x00, 0x00, 0x00, 0x01, 0xFF, 0xFF, 0xF0, 0x00, 0x00, 0x00, 0x00,
    0x00, 0x07, 0xFF, 0xFF, 0xFE, 0x00, 0x00, 0x00, 0x00, 0x00, 0x3F, 0xFF, 0xFF, 0xFF, 0x80, 0x00,
    0x00, 0x00, 0x00, 0x7F, 0xFF, 0xFF, 0xFF, 0xE0, 0x00, 0x00, 0x00, 0x01, 0xFF, 0xFF, 0xFF, 0xFF,
    0xF0, 0x00, 0x00, 0x00, 0x03, 0xFF, 0xFF, 0xFF, 0xFF, 0xF8, 0x00, 0x00, 0x00, 0x07, 0xFF, 0xFF,
    0xFF, 0xFF, 0xFE, 0x00, 0x00, 0x00, 0x0F, 0xFF, 0xFF, 0xFF, 0xFF, 0xFF, 0x00, 0x00, 0x00, 0x1F,
    0xFF, 0xFF, 0xFF, 0xFF, 0xFF, 0x00, 0x00, 0x00, 0x3F, 0xFF, 0xFF, 0xFF, 0xFF, 0xFF, 0x80, 0x00,
    0x00, 0x7F, 0xFF, 0xFF, 0xFF, 0xFF, 0xFF, 0xC0, 0x00, 0x00, 0xFF, 0xFF, 0xFF, 0xFF, 0xFF, 0xFF,
    0xE0, 0x00, 0x00, 0xFF, 0xFF, 0xFF, 0xFF, 0xFF, 0xFF, 0xE0, 0x00, 0x01, 0xFF, 0xFF, 0xFF, 0xFF,
    0xFF, 0xFF, 0xF0, 0x00, 0x01, 0xFF, 0xFF, 0xFC, 0x03, 0xFF, 0xFF, 0xF0, 0x00, 0x03, 0xFF, 0xFF,
    0xF0, 0x00, 0xFF, 0xFF, 0xF0, 0x00, 0x03, 0xFF, 0xFF, 0xC0, 0x00, 0x3F, 0xFF, 0xF8, 0x00, 0x07,
    0xFF, 0xFF, 0x80, 0x00, 0x3F, 0xFF, 0xF8, 0x00, 0x07, 0xFF, 0xFF, 0x00, 0x00, 0x1F, 0xFF, 0xF8,
    0x00, 0x07, 0xFF, 0xFE, 0x00, 0x00, 0x0F, 0xFF, 0xFC, 0x00, 0x0F, 0xFF, 0xFE, 0x00, 0x00, 0x0F,
    0xFF, 0xFC, 0x00, 0x0F, 0xFF, 0xFC, 0x00, 0x00, 0x0F, 0xFF, 0xFC, 0x00, 0x0F, 0xFF, 0xFC, 0x00,
    0x00, 0x07, 0xFF, 0xFC, 0x00, 0x0F, 0xFF, 0xFC, 0x00, 0x00, 0x00, 0x00, 0x00, 0x00, 0x1F, 0xFF,
    0xF8, 0x00, 0x00, 0x00, 0x00, 0x00, 0x00, 0x1F, 0xFF, 0xF8, 0x00, 0x00, 0x00, 0x00, 0x00, 0x00,
    0x1F, 0xFF, 0xF8, 0x00, 0x00, 0x00, 0x00, 0x00, 0x00, 0x1F, 0xFF, 0xF8, 0x00, 0x00, 0x00, 0x00,
    0x00, 0x00, 0x1F, 0xFF, 0xF8, 0x00, 0x00, 0x00, 0x00, 0x00, 0x00, 0x1F, 0xFF, 0xF8, 0x00, 0x00,
    0x00, 0x00, 0x00, 0x00, 0x1F, 0xFF, 0xF8, 0x00, 0x00, 0x00, 0x00, 0x00, 0x00, 0x1F, 0xFF, 0xF8,
    0x00, 0x00, 0x00, 0x00, 0x00, 0x00, 0x1F, 0xFF, 0xF8, 0x00, 0x00, 0x00, 0x00, 0x00, 0x00, 0x1F,
    0xFF, 0xF8, 0x00, 0x00, 0x00, 0x00, 0x00, 0x00, 0x1F, 0xFF, 0xF8, 0x00, 0x00, 0x00, 0x00, 0x00,
    0x00, 0x1F, 0xFF, 0xF8, 0x00, 0x00, 0x00, 0x00, 0x00, 0x00, 0x1F, 0xFF, 0xF8, 0x00, 0x00, 0x00,
    0x00, 0x00, 0x00, 0x1F, 0xFF, 0xF8, 0x00, 0x00, 0x00, 0x00, 0x00, 0x00, 0x1F, 0xFF, 0xF8, 0x00,
    0x00, 0x00, 0x00, 0x00, 0x00, 0x0F, 0xFF, 0xFC, 0x00, 0x00, 0x00, 0x00, 0x00, 0x00, 0x0F, 0xFF,
    0xFC, 0x00, 0x00, 0x07, 0xFF, 0xFC, 0x00, 0x0F, 0xFF, 0xFC, 0x00, 0x00, 0x0F, 0xFF, 0xFC, 0x00,
    0x0F, 0xFF, 0xFE, 0x00, 0x00, 0x0F, 0xFF, 0xFC, 0x00, 0x07, 0xFF, 0xFE, 0x00, 0x00, 0x0F, 0xFF,
    0xFC, 0x00, 0x07, 0xFF, 0xFF, 0x00, 0x00, 0x1F, 0xFF, 0xF8, 0x00, 0x07, 0xFF, 0xFF, 0x80, 0x00,
    0x3F, 0xFF, 0xF8, 0x00, 0x03, 0xFF, 0xFF, 0xC0, 0x00, 0x7F, 0xFF, 0xF8, 0x00, 0x03, 0xFF, 0xFF,
    0xF0, 0x00, 0xFF, 0xFF, 0xF0, 0x00, 0x01, 0xFF, 0xFF, 0xFC, 0x03, 0xFF, 0xFF, 0xF0, 0x00, 0x01,
    0xFF, 0xFF, 0xFF, 0xFF, 0xFF, 0xFF, 0xE0, 0x00, 0x00, 0xFF, 0xFF, 0xFF, 0xFF, 0xFF, 0xFF, 0xE0,
    0x00, 0x00, 0xFF, 0xFF, 0xFF, 0xFF, 0xFF, 0xFF, 0xC0, 0x00, 0x00, 0x7F, 0xFF, 0xFF, 0xFF, 0xFF,
    0xFF, 0xC0, 0x00, 0x00, 0x3F, 0xFF, 0xFF, 0xFF, 0xFF, 0xFF, 0x80, 0x00, 0x00, 0x1F, 0xFF, 0xFF,
    0xFF, 0xFF, 0xFF, 0x00, 0x00, 0x00, 0x0F, 0xFF, 0xFF, 0xFF, 0xFF, 0xFE, 0x00, 0x00, 0x00, 0x07,
    0xFF, 0xFF, 0xFF, 0xFF, 0xFC, 0x00, 0x00, 0x00, 0x03, 0xFF, 0xFF, 0xFF, 0xFF, 0xF8, 0x00, 0x00,
    0x00, 0x01, 0xFF, 0xFF, 0xFF, 0xFF, 0xF0, 0x00, 0x00, 0x00, 0x00, 0x7F, 0xFF, 0xFF, 0xFF, 0xC0,
    0x00, 0x00, 0x00, 0x00, 0x3F, 0xFF, 0xFF, 0xFF, 0x80, 0x00, 0x00, 0x00, 0x00, 0x0F, 0xFF, 0xFF,
    0xFC, 0x00, 0x00, 0x00, 0x00, 0x00, 0x01, 0xFF, 0xFF, 0xF0, 0x00, 0x00, 0x00, 0x00, 0x00, 0x00,
    0x1F, 0xFF, 0x00, 0x00, 0x00, 0x00, 0x0F, 0xFF, 0xFF, 0xFF, 0xE0, 0x00, 0x00, 0x00, 0x0F, 0xFF,
    0xFF, 0xFF, 0xFE, 0x00, 0x00, 0x00, 0x0F, 0xFF, 0xFF, 0xFF, 0xFF, 0xC0, 0x00, 0x00, 0x0F, 0xFF,
    0xFF, 0xFF, 0xFF, 0xF8, 0x00, 0x00, 0x0F, 0xFF, 0xFF, 0xFF, 0xFF, 0xFC, 0x00, 0x00, 0x0F, 0xFF,
    0xFF, 0xFF, 0xFF, 0xFF, 0x00, 0x00, 0x0F, 0xFF, 0xFF, 0xFF, 0xFF, 0xFF, 0x80, 0x00, 0x0F, 0xFF,
    0xFF, 0xFF, 0xFF, 0xFF, 0xC0, 0x00, 0x0F, 0xFF, 0xFF, 0xFF, 0xFF, 0xFF, 0xE0, 0x00, 0x0F, 0xFF,
    0xFF, 0xFF, 0xFF, 0xFF, 0xF0, 0x00, 0x0F, 0xFF, 0xFF, 0xFF, 0xFF, 0xFF, 0xF8, 0x00, 0x0F, 0xFF,
    0xFF, 0xFF, 0xFF, 0xFF, 0xFC, 0x00, 0x0F, 0xFF, 0xFF, 0xFF, 0xFF, 0xFF, 0xFE, 0x00, 0x0F, 0xFF,
    0xFF, 0xFF, 0xFF, 0xFF, 0xFE, 0x00, 0x0F, 0xFF, 0xFF, 0xFF, 0xFF, 0xFF, 0xFF, 0x00, 0x0F, 0xFF,
    0xF8, 0x00, 0xFF, 0xFF, 0xFF, 0x00, 0x0F, 0xFF, 0xF8, 0x00, 0x0F, 0xFF, 0xFF, 0x80, 0x0F, 0xFF,
    0xF8, 0x00, 0x07, 0xFF, 0xFF, 0x80, 0x0F, 0xFF, 0xF8, 0x00, 0x01, 0xFF, 0xFF, 0xC0, 0x0F, 0xFF,
    0xF8, 0x00, 0x00, 0xFF, 0xFF, 0xC0, 0x0F, 0xFF, 0xF8, 0x00, 0x00, 0xFF, 0xFF, 0xC0, 0x0F, 0xFF,
    0xF8, 0x00, 0x00, 0x7F, 0xFF, 0xE0, 0x0F, 0xFF, 0xF8, 0x00, 0x00, 0x7F, 0xFF, 0xE0, 0x0F, 0xFF,
    0xF8, 0x00, 0x00, 0x3F, 0xFF, 0xE0, 0x0F, 0xFF, 0xF8, 0x00, 0x00, 0x3F, 0xFF, 0xE0, 0x0F, 0xFF,
    0xF8, 0x00, 0x00, 0x3F, 0xFF, 0xE0, 0x0F, 0xFF, 0xF8, 0x00, 0x00, 0x3F, 0xFF, 0xF0, 0x0F, 0xFF,
    0xF8, 0x00, 0x00, 0x3F, 0xFF, 0xF0, 0x0F, 0xFF, 0xF8, 0x00, 0x00, 0x1F, 0xFF, 0xF0, 0x0F, 0xFF,
    0xF8, 0x00, 0x00, 0x1F, 0xFF, 0xF0, 0x0F, 0xFF, 0xF8, 0x00, 0x00, 0x1F, 0xFF, 0xF0, 0x0F, 0xFF,
    0xF8, 0x00, 0x00, 0x1F, 0xFF, 0xF0, 0x0F, 0xFF, 0xF8, 0x00, 0x00, 0x1F, 0xFF, 0xF0, 0x0F, 0xFF,
    0xF8, 0x00, 0x00, 0x1F, 0xFF, 0xF0, 0x0F, 0xFF, 0xF8, 0x00, 0x00, 0x1F, 0xFF, 0xF0, 0x0F, 0xFF,
    0xF8, 0x00, 0x00, 0x3F, 0xFF, 0xF0, 0x0F, 0xFF, 0xF8, 0x00, 0x00, 0x3F, 0xFF, 0xF0, 0x0F, 0xFF,
    0xF8, 0x00, 0x00, 0x3F, 0xFF, 0xE0, 0x0F, 0xFF, 0xF8, 0x00, 0x00, 0x3F, 0xFF, 0xE0, 0x0F, 0xFF,
    0xF8, 0x00, 0x00, 0x3F, 0xFF, 0xE0, 0x0F, 0xFF, 0xF8, 0x00, 0x00, 0x7F, 0xFF, 0xE0, 0x0F, 0xFF,
    0xF8, 0x00, 0x00, 0x7F, 0xFF, 0xE0, 0x0F, 0xFF, 0xF8, 0x00, 0x00, 0xFF, 0xFF, 0xC0, 0x0F, 0xFF,
    0xF8, 0x00, 0x00, 0xFF, 0xFF, 0xC0, 0x0F, 0xFF, 0xF8, 0x00, 0x01, 0xFF, 0xFF, 0xC0, 0x0F, 0xFF,
    0xF8, 0x00, 0x03, 0xFF, 0xFF, 0x80, 0x0F, 0xFF, 0xF8, 0x00, 0x0F, 0xFF, 0xFF, 0x80, 0x0F, 0xFF,
    0xF8, 0x00, 0x7F, 0xFF, 0xFF, 0x80, 0x0F, 0xFF, 0xFF, 0xFF, 0xFF, 0xFF, 0xFF, 0x00, 0x0F, 0xFF,
    0xFF, 0xFF, 0xFF, 0xFF, 0xFE, 0x00, 0x0F, 0xFF, 0xFF, 0xFF, 0xFF, 0xFF, 0xFE, 0x00, 0x0F, 0xFF,
    0xFF, 0xFF, 0xFF, 0xFF, 0xFC, 0x00, 0x0F, 0xFF, 0xFF, 0xFF, 0xFF, 0xFF, 0xF8, 0x00, 0x0F, 0xFF,
    0xFF, 0xFF, 0xFF, 0xFF, 0xF0, 0x00, 0x0F, 0xFF, 0xFF, 0xFF, 0xFF, 0xFF, 0xF0, 0x00, 0x0F, 0xFF,
    0xFF, 0xFF, 0xFF, 0xFF, 0xC0, 0x00, 0x0F, 0xFF, 0xFF, 0xFF, 0xFF, 0xFF, 0x80, 0x00, 0x0F, 0xFF,
    0xFF, 0xFF, 0xFF, 0xFF, 0x00, 0x00, 0x0F, 0xFF, 0xFF, 0xFF, 0xFF, 0xFC, 0x00, 0x00, 0x0F, 0xFF,
    0xFF, 0xFF, 0xFF, 0xF8, 0x00, 0x00, 0x0F, 0xFF, 0xFF, 0xFF, 0xFF, 0xE0, 0x00, 0x00, 0x0F, 0xFF,
    0xFF, 0xFF, 0xFF, 0x00, 0x00, 0x00, 0x0F, 0xFF, 0xFF, 0xFF, 0xE0, 0x00, 0x00, 0x00, 0x0F, 0xFF,
    0xFF, 0xFF, 0xFF, 0xFF, 0xC0, 0x0F, 0xFF, 0xFF, 0xFF, 0xFF, 0xFF, 0xC0, 0x0F, 0xFF, 0xFF, 0xFF,
    0xFF, 0xFF, 0xC0, 0x0F, 0xFF, 0xFF, 0xFF, 0xFF, 0xFF, 0xC0, 0x0F, 0xFF, 0xFF, 0xFF, 0xFF, 0xFF,
    0xC0, 0x0F, 0xFF, 0xFF, 0xFF, 0xFF, 0xFF, 0xC0, 0x0F, 0xFF, 0xFF, 0xFF, 0xFF, 0xFF, 0xC0, 0x0F,
    0xFF, 0xFF, 0xFF, 0xFF, 0xFF, 0xC0, 0x0F, 0xFF, 0xFF, 0xFF, 0xFF, 0xFF, 0xC0, 0x0F, 0xFF, 0xFF,
    0xFF, 0xFF, 0xFF, 0xC0, 0x0F, 0xFF, 0xFF, 0xFF, 0xFF, 0xFF, 0xC0, 0x0F, 0xFF, 0xFF, 0xFF, 0xFF,
    0xFF, 0xC0, 0x0F, 0xFF, 0xFF, 0xFF, 0xFF, 0xFF, 0xC0, 0x0F, 0xFF, 0xFF, 0xFF, 0xFF, 0xFF, 0xC0,
    0x0F, 0xFF, 0xF8, 0x00, 0x00, 0x00, 0x00, 0x0F, 0xFF, 0xF8, 0x00, 0x00, 0x00, 0x00, 0x0F, 0xFF,
    0xF8, 0x00, 0x00, 0x00, 0x00, 0x0F, 0xFF, 0xF8, 0x00, 0x00, 0x00, 0x00, 0x0F, 0xFF, 0xF8, 0x00,
    0x00, 0x00, 0x00, 0x0F, 0xFF, 0xF8, 0x00, 0x00, 0x00, 0x00, 0x0F, 0xFF, 0xF8, 0x00, 0x00, 0x00,
    0x00, 0x0F, 0xFF, 0xF8, 0x00, 0x00, 0x00, 0x00, 0x0F, 0xFF, 0xF8, 0x00, 0x00, 0x00, 0x00, 0x0F,
    0xFF, 0xF8, 0x00, 0x00, 0x00, 0x00, 0x0F, 0xFF, 0xFF, 0xFF, 0xFF, 0xFE, 0x00, 0x0F, 0xFF, 0xFF,
    0xFF, 0xFF, 0xFE, 0x00, 0x0F, 0xFF, 0xFF, 0xFF, 0xFF, 0xFE, 0x00, 0x0F, 0xFF, 0xFF, 0xFF, 0xFF,
    0xFE, 0x00, 0x0F, 0xFF, 0xFF, 0xFF, 0xFF, 0xFE, 0x00, 0x0F, 0xFF, 0xFF, 0xFF, 0xFF, 0xFE, 0x00,
    0x0F, 0xFF, 0xFF, 0xFF, 0xFF, 0xFE, 0x00, 0x0F, 0xFF, 0xFF, 0xFF, 0xFF, 0xFE, 0x00, 0x0F, 0xFF,
    0xFF, 0xFF, 0xFF, 0xFE, 0x00, 0x0F, 0xFF, 0xFF, 0xFF, 0xFF, 0xFE, 0x00, 0x0F, 0xFF, 0xFF, 0xFF,
    0xFF, 0xFE, 0x00, 0x0F, 0xFF, 0xFF, 0xFF, 0xFF, 0xFE, 0x00, 0x0F, 0xFF, 0xFF, 0xFF, 0xFF, 0xFE,
    0x00, 0x0F, 0xFF, 0xFF, 0xFF, 0xFF, 0xFE, 0x00, 0x0F, 0xFF, 0xF8, 0x00, 0x00, 0x00, 0x00, 0x0F,
    0xFF, 0xF8, 0x00, 0x00, 0x00, 0x00, 0x0F, 0xFF, 0xF8, 0x00, 0x00, 0x00, 0x00, 0x0F, 0xFF, 0xF8,
    0x00, 0x00, 0x00, 0x00, 0x0F, 0xFF, 0xF8, 0x00, 0x00, 0x00, 0x00, 0x0F, 0xFF, 0xF8, 0x00, 0x00,
    0x00, 0x00, 0x0F, 0xFF, 0xF8, 0x00, 0x00, 0x00, 0x00, 0x0F, 0xFF, 0xF8, 0x00, 0x00, 0x00, 0x00,
    0x0F, 0xFF, 0xF8, 0x00, 0x00, 0x00, 0x00, 0x0F, 0xFF, 0xF8, 0x00, 0x00, 0x00, 0x00, 0x0F, 0xFF,
    0xF8, 0x00, 0x00, 0x00, 0x00, 0x0F, 0xFF, 0xFF, 0xFF, 0xFF, 0xFF, 0xC0, 0x0F, 0xFF, 0xFF, 0xFF,
    0xFF, 0xFF, 0xC0, 0x0F, 0xFF, 0xFF, 0xFF, 0xFF, 0xFF, 0xC0, 0x0F, 0xFF, 0xFF, 0xFF, 0xFF, 0xFF,
    0xC0, 0x0F, 0xFF, 0xFF, 0xFF, 0xFF, 0xFF, 0xC0, 0x0F, 0xFF, 0xFF, 0xFF, 0xFF, 0xFF, 0xC0, 0x0F,
    0xFF, 0xFF, 0xFF, 0xFF, 0xFF, 0xC0, 0x0F, 0xFF, 0xFF, 0xFF, 0xFF, 0xFF, 0xC0, 0x0F, 0xFF, 0xFF,
    0xFF, 0xFF, 0xFF, 0xC0, 0x0F, 0xFF, 0xFF, 0xFF, 0xFF, 0xFF, 0xC0, 0x0F, 0xFF, 0xFF, 0xFF, 0xFF,
    0xFF, 0xC0, 0x0F, 0xFF, 0xFF, 0xFF, 0xFF, 0xFF, 0xC0, 0x0F, 0xFF, 0xFF, 0xFF, 0xFF, 0xFF, 0xC0,
    0x0F, 0xFF, 0xFF, 0xFF, 0xFF, 0xFF, 0xC0, 0x0F, 0xFF, 0xFF, 0xFF, 0xFF, 0xFF, 0x80, 0x0F, 0xFF,
    0xFF, 0xFF, 0xFF, 0xFF, 0x80, 0x0F, 0xFF, 0xFF, 0xFF, 0xFF, 0xFF, 0x80, 0x0F, 0xFF, 0xFF, 0xFF,
    0xFF, 0xFF, 0x80, 0x0F, 0xFF, 0xFF, 0xFF, 0xFF, 0xFF, 0x80, 0x0F, 0xFF, 0xFF, 0xFF, 0xFF, 0xFF,
    0x80, 0x0F, 0xFF, 0xFF, 0xFF, 0xFF, 0xFF, 0x80, 0x0F, 0xFF, 0xFF, 0xFF, 0xFF, 0xFF, 0x80, 0x0F,
    0xFF, 0xFF, 0xFF, 0xFF, 0xFF, 0x80, 0x0F, 0xFF, 0xFF, 0xFF, 0xFF, 0xFF, 0x80, 0x0F, 0xFF, 0xFF,
    0xFF, 0xFF, 0xFF, 0x80, 0x0F, 0xFF, 0xFF, 0xFF, 0xFF, 0xFF, 0x80, 0x0F, 0xFF, 0xFF, 0xFF, 0xFF,
    0xFF, 0x80, 0x0F, 0xFF, 0xFF, 0xFF, 0xFF, 0xFF, 0x80, 0x0F, 0xFF, 0xF8, 0x00, 0x00, 0x00, 0x00,
    0x0F, 0xFF, 0xF8, 0x00, 0x00, 0x00, 0x00, 0x0F, 0xFF, 0xF8, 0x00, 0x00, 0x00, 0x00, 0x0F, 0xFF,
    0xF8, 0x00, 0x00, 0x00, 0x00, 0x0F, 0xFF, 0xF8, 0x00, 0x00, 0x00, 0x00, 0x0F, 0xFF, 0xF8, 0x00,
    0x00, 0x00, 0x00, 0x0F, 0xFF, 0xF8, 0x00, 0x00, 0x00, 0x00, 0x0F, 0xFF, 0xF8, 0x00, 0x00, 0x00,
    0x00, 0x0F, 0xFF, 0xF8, 0x00, 0x00, 0x00, 0x00, 0x0F, 0xFF, 0xF8, 0x00, 0x00, 0x00, 0x00, 0x0F,
    0xFF, 0xF8, 0x00, 0x00, 0x00, 0x00, 0x0F, 0xFF, 0xF8, 0x00, 0x00, 0x00, 0x00, 0x0F, 0xFF, 0xF8,
    0x00, 0x00, 0x00, 0x00, 0x0F, 0xFF, 0xF8, 0x00, 0x00, 0x00, 0x00, 0x0F, 0xFF, 0xFF, 0xFF, 0xFF,
    0xFC, 0x00, 0x0F, 0xFF, 0xFF, 0xFF, 0xFF, 0xFC, 0x00, 0x0F, 0xFF, 0xFF, 0xFF, 0xFF, 0xFC, 0x00,
    0x0F, 0xFF, 0xFF, 0xFF, 0xFF, 0xFC, 0x00, 0x0F, 0xFF, 0xFF, 0xFF, 0xFF, 0xFC, 0x00, 0x0F, 0xFF,
    0xFF, 0xFF, 0xFF, 0xFC, 0x00, 0x0F, 0xFF, 0xFF, 0xFF, 0xFF, 0xFC, 0x00, 0x0F, 0xFF, 0xFF, 0xFF,
    0xFF, 0xFC, 0x00, 0x0F, 0xFF, 0xFF, 0xFF, 0xFF, 0xFC, 0x00, 0x0F, 0xFF, 0xFF, 0xFF, 0xFF, 0xFC,
    0x00, 0x0F, 0xFF, 0xFF, 0xFF, 0xFF, 0xFC, 0x00, 0x0F, 0xFF, 0xFF, 0xFF, 0xFF, 0xFC, 0x00, 0x0F,
    0xFF, 0xFF, 0xFF, 0xFF, 0xFC, 0x00, 0x0F, 0xFF, 0xF8, 0x00, 0x00, 0x00, 0x00, 0x0F, 0xFF, 0xF8,
    0x00, 0x00, 0x00, 0x00, 0x0F, 0xFF, 0xF8, 0x00, 0x00, 0x00, 0x00, 0x0F, 0xFF, 0xF8, 0x00, 0x00,
    0x00, 0x00, 0x0F, 0xFF, 0xF8, 0x00, 0x00, 0x00, 0x00, 0x0F, 0xFF, 0xF8, 0x00, 0x00, 0x00, 0x00,
    0x0F, 0xFF, 0xF8, 0x00, 0x00, 0x00, 0x00, 0x0F, 0xFF, 0xF8, 0x00, 0x00, 0x00, 0x00, 0x0F, 0xFF,
    0xF8, 0x00, 0x00, 0x00, 0x00, 0x0F, 0xFF, 0xF8, 0x00, 0x00, 0x00, 0x00, 0x0F, 0xFF, 0xF8, 0x00,
    0x00, 0x00, 0x00, 0x0F, 0xFF, 0xF8, 0x00, 0x00, 0x00, 0x00, 0x0F, 0xFF, 0xF8, 0x00, 0x00, 0x00,
    0x00, 0x0F, 0xFF, 0xF8, 0x00, 0x00, 0x00, 0x00, 0x0F, 0xFF, 0xF8, 0x00, 0x00, 0x00, 0x00, 0x0F,
    0xFF, 0xF8, 0x00, 0x00, 0x00, 0x00, 0x0F, 0xFF, 0xF8, 0x00, 0x00, 0x00, 0x00, 0x0F, 0xFF, 0xF8,
    0x00, 0x00, 0x00, 0x00, 0x0F, 0xFF, 0xF8, 0x00, 0x00, 0x00, 0x00, 0x0F, 0xFF, 0xF8, 0x00, 0x00,
    0x00, 0x00, 0x0F, 0xFF, 0xF8, 0x00, 0x00, 0x00, 0x00, 0x0F, 0xFF, 0xF8, 0x00, 0x00, 0x00, 0x00,
    0x00, 0x00, 0x00, 0x0F, 0xFF, 0x00, 0x00, 0x00, 0x00, 0x00, 0x00, 0x00, 0xFF, 0xFF, 0xF0, 0x00,
    0x00, 0x00, 0x00, 0x00, 0x07, 0xFF, 0xFF, 0xFE, 0x00, 0x00, 0x00, 0x00, 0x00, 0x1F, 0xFF, 0xFF,
    0xFF, 0x80, 0x00, 0x00, 0x00, 0x00, 0x7F, 0xFF, 0xFF, 0xFF, 0xE0, 0x00, 0x00, 0x00, 0x00, 0xFF,
    0xFF, 0xFF, 0xFF, 0xF0, 0x00, 0x00, 0x00, 0x03, 0xFF, 0xFF, 0xFF, 0xFF, 0xF8, 0x00, 0x00, 0x00,
    0x07, 0xFF, 0xFF, 0xFF, 0xFF, 0xFE, 0x00, 0x00, 0x00, 0x0F, 0xFF, 0xFF, 0xFF, 0xFF, 0xFF, 0x00,
    0x00, 0x00, 0x1F, 0xFF, 0xFF, 0xFF, 0xFF, 0xFF, 0x80, 0x00, 0x00, 0x3F, 0xFF, 0xFF, 0xFF, 0xFF,
    0xFF, 0x80, 0x00, 0x00, 0x7F, 0xFF, 0xFF, 0xFF, 0xFF, 0xFF, 0xC0, 0x00, 0x00, 0x7F, 0xFF, 0xFF,
    0xFF, 0xFF, 0xFF, 0xE0, 0x00, 0x00, 0xFF, 0xFF, 0xFF, 0xFF, 0xFF, 0xFF, 0xE0, 0x00, 0x01, 0xFF,
    0xFF, 0xFF, 0xFF, 0xFF, 0xFF, 0xF0, 0x00, 0x01, 0xFF, 0xFF, 0xFC, 0x03, 0xFF, 0xFF, 0xF0, 0x00,
    0x03, 0xFF, 0xFF, 0xF0, 0x00, 0x7F, 0xFF, 0xF8, 0x00, 0x03, 0xFF, 0xFF, 0xC0, 0x00, 0x3F, 0xFF,
    0xF8, 0x00, 0x07, 0xFF, 0xFF, 0x80, 0x00, 0x1F, 0xFF, 0xF8, 0x00, 0x07, 0xFF, 0xFF, 0x00, 0x00,
    0x0F, 0xFF, 0xF8, 0x00, 0x07, 0xFF, 0xFF, 0x00, 0x00, 0x0F, 0xFF, 0xFC, 0x00, 0x0F, 0xFF, 0xFE,
    0x00, 0x00, 0x0F, 0xFF, 0xFC, 0x00, 0x0F, 0xFF, 0xFC, 0x00, 0x00, 0x00, 0x00, 0x00, 0x00, 0x0F,
    0xFF, 0xFC, 0x00, 0x00, 0x00, 0x00, 0x00, 0x00, 0x0F, 0xFF, 0xFC, 0x00, 0x00, 0x00, 0x00, 0x00,
    0x00, 0x1F, 0xFF, 0xF8, 0x00, 0x00, 0x00, 0x00, 0x00, 0x00, 0x1F, 0xFF, 0xF8, 0x00, 0x00, 0x00,
    0x00, 0x00, 0x00, 0x1F, 0xFF, 0xF8, 0x00, 0x00, 0x00, 0x00, 0x00, 0x00, 0x1F, 0xFF, 0xF8, 0x00,
    0x3F, 0xFF, 0xFF, 0xFC, 0x00, 0x1F, 0xFF, 0xF8, 0x00, 0x3F, 0xFF, 0xFF, 0xFC, 0x00, 0x1F, 0xFF,
    0xF8, 0x00, 0x3F, 0xFF, 0xFF, 0xFC, 0x00, 0x1F, 0xFF, 0xF8, 0x00, 0x3F, 0xFF, 0xFF, 0xFC, 0x00,
    0x1F, 0xFF, 0xF8, 0x00, 0x3F, 0xFF, 0xFF, 0xFC, 0x00, 0x1F, 0xFF, 0xF8, 0x00, 0x3F, 0xFF, 0xFF,
    0xFC, 0x00, 0x1F, 0xFF, 0xF8, 0x00, 0x3F, 0xFF, 0xFF, 0xFC, 0x00, 0x1F, 0xFF, 0xF8, 0x00, 0x3F,
    0xFF, 0xFF, 0xFC, 0x00, 0x1F, 0xFF, 0xF8, 0x00, 0x3F, 0xFF, 0xFF, 0xFC, 0x00, 0x1F, 0xFF, 0xF8,
    0x00, 0x3F, 0xFF, 0xFF, 0xFC, 0x00, 0x1F, 0xFF, 0xF8, 0x00, 0x3F, 0xFF, 0xFF, 0xFC, 0x00, 0x1F,
    0xFF, 0xF8, 0x00, 0x3F, 0xFF, 0xFF, 0xFC, 0x00, 0x0F, 0xFF, 0xFC, 0x00, 0x3F, 0xFF, 0xFF, 0xFC,
    0x00, 0x0F, 0xFF, 0xFC, 0x00, 0x00, 0x03, 0xFF, 0xFC, 0x00, 0x0F, 0xFF, 0xFC, 0x00, 0x00, 0x03,
    0xFF, 0xFC, 0x00, 0x0F, 0xFF, 0xFE, 0x00, 0x00, 0x07, 0xFF, 0xFC, 0x00, 0x07, 0xFF, 0xFE, 0x00,
    0x00, 0x07, 0xFF, 0xFC, 0x00, 0x07, 0xFF, 0xFF, 0x00, 0x00, 0x07, 0xFF, 0xF8, 0x00, 0x07, 0xFF,
    0xFF, 0x80, 0x00, 0x0F, 0xFF, 0xF8, 0x00, 0x03, 0xFF, 0xFF, 0xC0, 0x00, 0x1F, 0xFF, 0xF8, 0x00,
    0x03, 0xFF, 0xFF, 0xF0, 0x00, 0x7F, 0xFF, 0xF8, 0x00, 0x01, 0xFF, 0xFF, 0xFC, 0x01, 0xFF, 0xFF,
    0xF0, 0x00, 0x01, 0xFF, 0xFF, 0xFF, 0xFF, 0xFF, 0xFF, 0xF0, 0x00, 0x00, 0xFF, 0xFF, 0xFF, 0xFF,
    0xFF, 0xFF, 0xE0, 0x00, 0x00, 0xFF, 0xFF, 0xFF, 0xFF, 0xFF, 0xFF, 0xE0, 0x00, 0x00, 0x7F, 0xFF,
    0xFF, 0xFF, 0xFF, 0xFF, 0xC0, 0x00, 0x00, 0x3F, 0xFF, 0xFF, 0xFF, 0xFF, 0xFF, 0x80, 0x00, 0x00,
    0x1F, 0xFF, 0xFF, 0xFF, 0xFF, 0xFF, 0x00, 0x00, 0x00, 0x0F, 0xFF, 0xFF, 0xFF, 0xFF, 0xFF, 0x00,
    0x00, 0x00, 0x07, 0xFF, 0xFF, 0xFF, 0xFF, 0xFE, 0x00, 0x00, 0x00, 0x03, 0xFF, 0xFF, 0xFF, 0xFF,
    0xFC, 0x00, 0x00, 0x00, 0x01, 0xFF, 0xFF, 0xFF, 0xFF, 0xF0, 0x00, 0x00, 0x00, 0x00, 0x7F, 0xFF,
    0xFF, 0xFF, 0xE0, 0x00, 0x00, 0x00, 0x00, 0x1F, 0xFF, 0xFF, 0xFF, 0x80, 0x00, 0x00, 0x00, 0x00,
    0x07, 0xFF, 0xFF, 0xFE, 0x00, 0x00, 0x00, 0x00, 0x00, 0x01, 0xFF, 0xFF, 0xF0, 0x00, 0x00, 0x00,
    0x00, 0x00, 0x00, 0x1F, 0xFF, 0x00, 0x00, 0x00, 0x00, 0x0F, 0xFF, 0xF8, 0x00, 0x00, 0x0F, 0xFF,
    0xF8, 0x00, 0x0F, 0xFF, 0xF8, 0x00, 0x00, 0x0F, 0xFF, 0xF8, 0x00, 0x0F, 0xFF, 0xF8, 0x00, 0x00,
    0x0F, 0xFF, 0xF8, 0x00, 0x0F, 0xFF, 0xF8, 0x00, 0x00, 0x0F, 0xFF, 0xF8, 0x00, 0x0F, 0xFF, 0xF8,
    0x00, 0x00, 0x0F, 0xFF, 0xF8, 0x00, 0x0F, 0xFF, 0xF8, 0x00, 0x00, 0x0F, 0xFF, 0xF8, 0x00, 0x0F,
    0xFF, 0xF8, 0x00, 0x00, 0x0F, 0xFF, 0xF8, 0x00, 0x0F, 0xFF, 0xF8, 0x00, 0x00, 0x0F, 0xFF, 0xF8,
    0x00, 0x0F, 0xFF, 0xF8, 0x00, 0x00, 0x0F, 0xFF, 0xF8, 0x00, 0x0F, 0xFF, 0xF8, 0x00, 0x00, 0x0F,
    0xFF, 0xF8, 0x00, 0x0F, 0xFF, 0xF8, 0x00, 0x00, 0x0F, 0xFF, 0xF8, 0x00, 0x0F, 0xFF, 0xF8, 0x00,
    0x00, 0x0F, 0xFF, 0xF8, 0x00, 0x0F, 0xFF, 0xF8, 0x00, 0x00, 0x0F, 0xFF, 0xF8, 0x00, 0x0F, 0xFF,
    0xF8, 0x00, 0x00, 0x0F, 0xFF, 0xF8, 0x00, 0x0F, 0xFF, 0xF8, 0x00, 0x00, 0x0F, 0xFF, 0xF8, 0x00,
    0x0F, 0xFF, 0xF8, 0x00, 0x00, 0x0F, 0xFF, 0xF8, 0x00, 0x0F, 0xFF, 0xF8, 0x00, 0x00, 0x0F, 0xFF,
    0xF8, 0x00, 0x0F, 0xFF, 0xF8, 0x00, 0x00, 0x0F, 0xFF, 0xF8, 0x00, 0x0F, 0xFF, 0xF8, 0x00, 0x00,
    0x0F, 0xFF, 0xF8, 0x00, 0x0F, 0xFF, 0xF8, 0x00, 0x00, 0x0F, 0xFF, 0xF8, 0x00, 0x0F, 0xFF, 0xF8,
    0x00, 0x00, 0x0F, 0xFF, 0xF8, 0x00, 0x0F, 0xFF, 0xF8, 0x00, 0x00, 0x0F, 0xFF, 0xF8, 0x00, 0x0F,
    0xFF, 0xF8, 0x00, 0x00, 0x0F, 0xFF, 0xF8, 0x00, 0x0F, 0xFF, 0xF8, 0x00, 0x00, 0x0F, 0xFF, 0xF8,
    0x00, 0x0F, 0xFF, 0xFF, 0xFF, 0xFF, 0xFF, 0xFF, 0xF8, 0x00, 0x0F, 0xFF, 0xFF, 0xFF, 0xFF, 0xFF,
    0xFF, 0xF8, 0x00, 0x0F, 0xFF, 0xFF, 0xFF, 0xFF, 0xFF, 0xFF, 0xF8, 0x00, 0x0F, 0xFF, 0xFF, 0xFF,
    0xFF, 0xFF, 0xFF, 0xF8, 0x00, 0x0F, 0xFF, 0xFF, 0xFF, 0xFF, 0xFF, 0xFF, 0xF8, 0x00, 0x0F, 0xFF,
    0xFF, 0xFF, 0xFF, 0xFF, 0xFF, 0xF8, 0x00, 0x0F, 0xFF, 0xFF, 0xFF, 0xFF, 0xFF, 0xFF, 0xF8, 0x00,
    0x0F, 0xFF, 0xFF, 0xFF, 0xFF, 0xFF, 0xFF, 0xF8, 0x00, 0x0F, 0xFF, 0xFF, 0xFF, 0xFF, 0xFF, 0xFF,
    0xF8, 0x00, 0x0F, 0xFF, 0xFF, 0xFF, 0xFF, 0xFF, 0xFF, 0xF8, 0x00, 0x0F, 0xFF, 0xFF, 0xFF, 0xFF,
    0xFF, 0xFF, 0xF8, 0x00, 0x0F, 0xFF, 0xFF, 0xFF, 0xFF, 0xFF, 0xFF, 0xF8, 0x00, 0x0F, 0xFF, 0xFF,
    0xFF, 0xFF, 0xFF, 0xFF, 0xF8, 0x00, 0x0F, 0xFF, 0xFF, 0xFF, 0xFF, 0xFF, 0xFF, 0xF8, 0x00, 0x0F,
    0xFF, 0xF8, 0x00, 0x00, 0x0F, 0xFF, 0xF8, 0x00, 0x0F, 0xFF, 0xF8, 0x00, 0x00, 0x0F, 0xFF, 0xF8,
    0x00, 0x0F, 0xFF, 0xF8, 0x00, 0x00, 0x0F, 0xFF, 0xF8, 0x00, 0x0F, 0xFF, 0xF8, 0x00, 0x00, 0x0F,
    0xFF, 0xF8, 0x00, 0x0F, 0xFF, 0xF8, 0x00, 0x00, 0x0F, 0xFF, 0xF8, 0x00, 0x0F, 0xFF, 0xF8, 0x00,
    0x00, 0x0F, 0xFF, 0xF8, 0x00, 0x0F, 0xFF, 0xF8, 0x00, 0x00, 0x0F, 0xFF, 0xF8, 0x00, 0x0F, 0xFF,
    0xF8, 0x00, 0x00, 0x0F, 0xFF, 0xF8, 0x00, 0x0F, 0xFF, 0xF8, 0x00, 0x00, 0x0F, 0xFF, 0xF8, 0x00,
    0x0F, 0xFF, 0xF8, 0x00, 0x00, 0x0F, 0xFF, 0xF8, 0x00, 0x0F, 0xFF, 0xF8, 0x00, 0x00, 0x0F, 0xFF,
    0xF8, 0x00, 0x0F, 0xFF, 0xF8, 0x00, 0x00, 0x0F, 0xFF, 0xF8, 0x00, 0x0F, 0xFF, 0xF8, 0x00, 0x00,
    0x0F, 0xFF, 0xF8, 0x00, 0x0F, 0xFF, 0xF8, 0x00, 0x00, 0x0F, 0xFF, 0xF8, 0x00, 0x0F, 0xFF, 0xF8,
    0x00, 0x00, 0x0F, 0xFF, 0xF8, 0x00, 0x0F, 0xFF, 0xF8, 0x00, 0x00, 0x0F, 0xFF, 0xF8, 0x00, 0x0F,
    0xFF, 0xF8, 0x00, 0x00, 0x0F, 0xFF, 0xF8, 0x00, 0x0F, 0xFF, 0xF8, 0x00, 0x00, 0x0F, 0xFF, 0xF8,
    0x00, 0x0F, 0xFF, 0xF8, 0x00, 0x00, 0x0F, 0xFF, 0xF8, 0x00, 0x0F, 0xFF, 0xF8, 0x00, 0x00, 0x0F,
    0xFF, 0xF8, 0x00, 0x0F, 0xFF, 0xF8, 0x00, 0x00, 0x0F, 0xFF, 0xF8, 0x00, 0x0F, 0xFF, 0xF8, 0x00,
    0x00, 0x0F, 0xFF, 0xF8, 0x00, 0x0F, 0xFF, 0xF8, 0x00, 0x00, 0x0F, 0xFF, 0xF8, 0x00, 0x0F, 0xFF,
    0xF8, 0x00, 0x00, 0x0F, 0xFF, 0xF8, 0x00, 0x0F, 0xFF, 0xF8, 0x00, 0x00, 0x0F, 0xFF, 0xF8, 0x00,
    0x0F, 0xFF, 0xF8, 0x00, 0x0F, 0xFF, 0xF8, 0x00, 0x0F, 0xFF, 0xF8, 0x00, 0x0F, 0xFF, 0xF8, 0x00,
    0x0F, 0xFF, 0xF8, 0x00, 0x0F, 0xFF, 0xF8, 0x00, 0x0F, 0xFF, 0xF8, 0x00, 0x0F, 0xFF, 0xF8, 0x00,
    0x0F, 0xFF, 0xF8, 0x00, 0x0F, 0xFF, 0xF8, 0x00, 0x0F, 0xFF, 0xF8, 0x00, 0x0F, 0xFF, 0xF8, 0x00,
    0x0F, 0xFF, 0xF8, 0x00, 0x0F, 0xFF, 0xF8, 0x00, 0x0F, 0xFF, 0xF8, 0x00, 0x0F, 0xFF, 0xF8, 0x00,
    0x0F, 0xFF, 0xF8, 0x00, 0x0F, 0xFF, 0xF8, 0x00, 0x0F, 0xFF, 0xF8, 0x00, 0x0F, 0xFF, 0xF8, 0x00,
    0x0F, 0xFF, 0xF8, 0x00, 0x0F, 0xFF, 0xF8, 0x00, 0x0F, 0xFF, 0xF8, 0x00, 0x0F, 0xFF, 0xF8, 0x00,
    0x0F, 0xFF, 0xF8, 0x00, 0x0F, 0xFF, 0xF8, 0x00, 0x0F, 0xFF, 0xF8, 0x00, 0x0F, 0xFF, 0xF8, 0x00,
    0x0F, 0xFF, 0xF8, 0x00, 0x0F, 0xFF, 0xF8, 0x00, 0x0F, 0xFF, 0xF8, 0x00, 0x0F, 0xFF, 0xF8, 0x00,
    0x0F, 0xFF, 0xF8, 0x00, 0x0F, 0xFF, 0xF8, 0x00, 0x0F, 0xFF, 0xF8, 0x00, 0x0F, 0xFF, 0xF8, 0x00,
    0x0F, 0xFF, 0xF8, 0x00, 0x0F, 0xFF, 0xF8, 0x00, 0x0F, 0xFF, 0xF8, 0x00, 0x0F, 0xFF, 0xF8, 0x00,
    0x0F, 0xFF, 0xF8, 0x00, 0x0F, 0xFF, 0xF8, 0x00, 0x0F, 0xFF, 0xF8, 0x00, 0x0F, 0xFF, 0xF8, 0x00,
    0x0F, 0xFF, 0xF8, 0x00, 0x0F, 0xFF, 0xF8, 0x00, 0x0F, 0xFF, 0xF8, 0x00, 0x0F, 0xFF, 0xF8, 0x00,
    0x0F, 0xFF, 0xF8, 0x00, 0x0F, 0xFF, 0xF8, 0x00, 0x0F, 0xFF, 0xF8, 0x00, 0x0F, 0xFF, 0xF8, 0x00,
    0x0F, 0xFF, 0xF8, 0x00, 0x0F, 0xFF, 0xF8, 0x00, 0x0F, 0xFF, 0xF8, 0x00, 0x0F, 0xFF, 0xF8, 0x00,
    0x0F, 0xFF, 0xF8, 0x00, 0x0F, 0xFF, 0xF8, 0x00, 0x0F, 0xFF, 0xF8, 0x00, 0x0F, 0xFF, 0xF8, 0x00,
    0x0F, 0xFF, 0xF8, 0x00, 0x0F, 0xFF, 0xF8, 0x00, 0x0F, 0xFF, 0xF8, 0x00, 0x00, 0x00, 0x00, 0x01,
    0xFF, 0xFF, 0x00, 0x00, 0x00, 0x00, 0x01, 0xFF, 0xFF, 0x00, 0x00, 0x00, 0x00, 0x01, 0xFF, 0xFF,
    0x00, 0x00, 0x00, 0x00, 0x01, 0xFF, 0xFF, 0x00, 0x00, 0x00, 0x00, 0x01, 0xFF, 0xFF, 0x00, 0x00,
    0x00, 0x00, 0x01, 0xFF, 0xFF, 0x00, 0x00, 0x00, 0x00, 0x01, 0xFF, 0xFF, 0x00, 0x00, 0x00, 0x00,
    0x01, 0xFF, 0xFF, 0x00, 0x00, 0x00, 0x00, 0x01, 0xFF, 0xFF, 0x00, 0x00, 0x00, 0x00, 0x01, 0xFF,
    0xFF, 0x00, 0x00, 0x00, 0x00, 0x01, 0xFF, 0xFF, 0x00, 0x00, 0x00, 0x00, 0x01, 0xFF, 0xFF, 0x00,
    0x00, 0x00, 0x00, 0x01, 0xFF, 0xFF, 0x00, 0x00, 0x00, 0x00, 0x01, 0xFF, 0xFF, 0x00, 0x00, 0x00,
    0x00, 0x01, 0xFF, 0xFF, 0x00, 0x00, 0x00, 0x00, 0x01, 0xFF, 0xFF, 0x00, 0x00, 0x00, 0x00, 0x01,
    0xFF, 0xFF, 0x00, 0x00, 0x00, 0x00, 0x01, 0xFF, 0xFF, 0x00, 0x00, 0x00, 0x00, 0x01, 0xFF, 0xFF,
    0x00, 0x00, 0x00, 0x00, 0x01, 0xFF, 0xFF, 0x00, 0x00, 0x00, 0x00, 0x01, 0xFF, 0xFF, 0x00, 0x00,
    0x00, 0x00, 0x01, 0xFF, 0xFF, 0x00, 0x00, 0x00, 0x00, 0x01, 0xFF, 0xFF, 0x00, 0x00, 0x00, 0x00,
    0x01, 0xFF, 0xFF, 0x00, 0x00, 0x00, 0x00, 0x01, 0xFF, 0xFF, 0x00, 0x00, 0x00, 0x00, 0x01, 0xFF,
    0xFF, 0x00, 0x00, 0x00, 0x00, 0x01, 0xFF, 0xFF, 0x00, 0x00, 0x00, 0x00, 0x01, 0xFF, 0xFF, 0x00,
    0x00, 0x00, 0x00, 0x01, 0xFF, 0xFF, 0x00, 0x00, 0x00, 0x00, 0x01, 0xFF, 0xFF, 0x00, 0x00, 0x00,
    0x00, 0x01, 0xFF, 0xFF, 0x00, 0x00, 0x00, 0x00, 0x01, 0xFF, 0xFF, 0x00, 0x00, 0x00, 0x00, 0x01,
    0xFF, 0xFF, 0x00, 0x00, 0x00, 0x00, 0x01, 0xFF, 0xFF, 0x00, 0x00, 0x00, 0x00, 0x01, 0xFF, 0xFF,
    0x00, 0x00, 0x00, 0x00, 0x01, 0xFF, 0xFF, 0x00, 0x00, 0x00, 0x00, 0x01, 0xFF, 0xFF, 0x00, 0x00,
    0x00, 0x00, 0x01, 0xFF, 0xFF, 0x00, 0x00, 0x00, 0x00, 0x01, 0xFF, 0xFF, 0x00, 0x00, 0x00, 0x00,
    0x01, 0xFF, 0xFF, 0x00, 0x3F, 0xFF, 0xE0, 0x01, 0xFF, 0xFF, 0x00, 0x3F, 0xFF, 0xE0, 0x01, 0xFF,
    0xFF, 0x00, 0x3F, 0xFF, 0xE0, 0x01, 0xFF, 0xFF, 0x00, 0x3F, 0xFF, 0xE0, 0x01, 0xFF, 0xFF, 0x00,
    0x3F, 0xFF, 0xE0, 0x01, 0xFF, 0xFF, 0x00, 0x3F, 0xFF, 0xE0, 0x01, 0xFF, 0xFF, 0x00, 0x3F, 0xFF,
    0xE0, 0x01, 0xFF, 0xFF, 0x00, 0x3F, 0xFF, 0xE0, 0x03, 0xFF, 0xFE, 0x00, 0x3F, 0xFF, 0xF0, 0x03,
    0xFF, 0xFE, 0x00, 0x3F, 0xFF, 0xF0, 0x07, 0xFF, 0xFE, 0x00, 0x1F, 0xFF, 0xFC, 0x0F, 0xFF, 0xFE,
    0x00, 0x1F, 0xFF, 0xFF, 0xFF, 0xFF, 0xFE, 0x00, 0x1F, 0xFF, 0xFF, 0xFF, 0xFF, 0xFC, 0x00, 0x0F,
    0xFF, 0xFF, 0xFF, 0xFF, 0xFC, 0x00, 0x0F, 0xFF, 0xFF, 0xFF, 0xFF, 0xF8, 0x00, 0x07, 0xFF, 0xFF,
    0xFF, 0xFF, 0xF8, 0x00, 0x03, 0xFF, 0xFF, 0xFF, 0xFF, 0xF0, 0x00, 0x03, 0xFF, 0xFF, 0xFF, 0xFF,
    0xE0, 0x00, 0x01, 0xFF, 0xFF, 0xFF, 0xFF, 0xC0, 0x00, 0x00, 0x7F, 0xFF, 0xFF, 0xFF, 0x80, 0x00,
    0x00, 0x3F, 0xFF, 0xFF, 0xFE, 0x00, 0x00, 0x00, 0x0F, 0xFF, 0xFF, 0xF8, 0x00, 0x00, 0x00, 0x03,
    0xFF, 0xFF, 0xE0, 0x00, 0x00, 0x00, 0x00, 0x1F, 0xFE, 0x00, 0x00, 0x00, 0x0F, 0xFF, 0xF8, 0x00,
    0x00, 0x3F, 0xFF, 0xFE, 0x00, 0x0F, 0xFF, 0xF8, 0x00, 0x00, 0x7F, 0xFF, 0xFC, 0x00, 0x0F, 0xFF,
    0xF8, 0x00, 0x00, 0x7F, 0xFF, 0xF8, 0x00, 0x0F, 0xFF, 0xF8, 0x00, 0x00, 0xFF, 0xFF, 0xF0, 0x00,
    0x0F, 0xFF, 0xF8, 0x00, 0x01, 0xFF, 0xFF, 0xE0, 0x00, 0x0F, 0xFF, 0xF8, 0x00, 0x03, 0xFF, 0xFF,
    0xE0, 0x00, 0x0F, 0xFF, 0xF8, 0x00, 0x03, 0xFF, 0xFF, 0xC0, 0x00, 0x0F, 0xFF, 0xF8, 0x00, 0x07,
    0xFF, 0xFF, 0x80, 0x00, 0x0F, 0xFF, 0xF8, 0x00, 0x0F, 0xFF, 0xFF, 0x00, 0x00, 0x0F, 0xFF, 0xF8,
    0x00, 0x1F, 0xFF, 0xFE, 0x00, 0x00, 0x0F, 0xFF, 0xF8, 0x00, 0x1F, 0xFF, 0xFC, 0x00, 0x00, 0x0F,
    0xFF, 0xF8, 0x00, 0x3F, 0xFF, 0xFC, 0x00, 0x00, 0x0F, 0xFF, 0xF8, 0x00, 0x7F, 0xFF, 0xF8, 0x00,
    0x00, 0x0F, 0xFF, 0xF8, 0x00, 0xFF, 0xFF, 0xF0, 0x00, 0x00, 0x0F, 0xFF, 0xF8, 0x01, 0xFF, 0xFF,
    0xE0, 0x00, 0x00, 0x0F, 0xFF, 0xF8, 0x01, 0xFF, 0xFF, 0xC0, 0x00, 0x00, 0x0F, 0xFF, 0xF8, 0x03,
    0xFF, 0xFF, 0xC0, 0x00, 0x00, 0x0F, 0xFF, 0xF8, 0x07, 0xFF, 0xFF, 0x80, 0x00, 0x00, 0x0F, 0xFF,
    0xF8, 0x0F, 0xFF, 0xFF, 0x00, 0x00, 0x00, 0x0F, 0xFF, 0xF8, 0x0F, 0xFF, 0xFE, 0x00, 0x00, 0x00,
    0x0F, 0xFF, 0xF8, 0x1F, 0xFF, 0xFC, 0x00, 0x00, 0x00, 0x0F, 0xFF, 0xF8, 0x3F, 0xFF, 0xFC, 0x00,
    0x00, 0x00, 0x0F, 0xFF, 0xF8, 0x3F, 0xFF, 0xF8, 0x00, 0x00, 0x00, 0x0F, 0xFF, 0xF8, 0x7F, 0xFF,
    0xF0, 0x00, 0x00, 0x00, 0x0F, 0xFF, 0xF8, 0xFF, 0xFF, 0xE0, 0x00, 0x00, 0x00, 0x0F, 0xFF, 0xF8,
    0xFF, 0xFF, 0xC0, 0x00, 0x00, 0x00, 0x0F, 0xFF, 0xF9, 0xFF, 0xFF, 0xC0, 0x00, 0x00, 0x00, 0x0F,
    0xFF, 0xFB, 0xFF, 0xFF, 0x80, 0x00, 0x00, 0x00, 0x0F, 0xFF, 0xFB, 0xFF, 0xFF, 0x80, 0x00, 0x00,
    0x00, 0x0F, 0xFF, 0xFF, 0xFF, 0xFF, 0xC0, 0x00, 0x00, 0x00, 0x0F, 0xFF, 0xFF, 0xFF, 0xFF, 0xE0,
    0x00, 0x00, 0x00, 0x0F, 0xFF, 0xFF, 0xFF, 0xFF, 0xE0, 0x00, 0x00, 0x00, 0x0F, 0xFF, 0xFF, 0xFF,
    0xFF, 0xF0, 0x00, 0x00, 0x00, 0x0F, 0xFF, 0xFF, 0xFF, 0xFF, 0xF8, 0x00, 0x00, 0x00, 0x0F, 0xFF,
    0xFF, 0xFF, 0xFF, 0xF8, 0x00, 0x00, 0x00, 0x0F, 0xFF, 0xFF, 0xFF, 0xFF, 0xFC, 0x00, 0x00, 0x00,
    0x0F, 0xFF, 0xFF, 0xFF, 0xFF, 0xFE, 0x00, 0x00, 0x00, 0x0F, 0xFF, 0xFF, 0xFF, 0xFF, 0xFE, 0x00,
    0x00, 0x00, 0x0F, 0xFF, 0xFF, 0xFF, 0xFF, 0xFF, 0x00, 0x00, 0x00, 0x0F, 0xFF, 0xFF, 0xF3, 0xFF,
    0xFF, 0x80, 0x00, 0x00, 0x0F, 0xFF, 0xFF, 0xE3, 0xFF, 0xFF, 0x80, 0x00, 0x00, 0x0F, 0xFF, 0xFF,
    0xE1, 0xFF, 0xFF, 0xC0, 0x00, 0x00, 0x0F, 0xFF, 0xFF, 0xC1, 0xFF, 0xFF, 0xE0, 0x00, 0x00, 0x0F,
    0xFF, 0xFF, 0x80, 0xFF, 0xFF, 0xE0, 0x00, 0x00, 0x0F, 0xFF, 0xFF, 0x00, 0x7F, 0xFF, 0xF0, 0x00,
    0x00, 0x0F, 0xFF, 0xFE, 0x00, 0x7F, 0xFF, 0xF8, 0x00, 0x00, 0x0F, 0xFF, 0xFC, 0x00, 0x3F, 0xFF,
    0xF8, 0x00, 0x00, 0x0F, 0xFF, 0xF8, 0x00, 0x3F, 0xFF, 0xFC, 0x00, 0x00, 0x0F, 0xFF, 0xF8, 0x00,
    0x1F, 0xFF, 0xFE, 0x00, 0x00, 0x0F, 0xFF, 0xF8, 0x00, 0x0F, 0xFF, 0xFE, 0x00, 0x00, 0x0F, 0xFF,
    0xF8, 0x00, 0x0F, 0xFF, 0xFF, 0x00, 0x00, 0x0F, 0xFF, 0xF8, 0x00, 0x07, 0xFF, 0xFF, 0x80, 0x00,
    0x0F, 0xFF, 0xF8, 0x00, 0x07, 0xFF, 0xFF, 0x80, 0x00, 0x0F, 0xFF, 0xF8, 0x00, 0x03, 0xFF, 0xFF,
    0xC0, 0x00, 0x0F, 0xFF, 0xF8, 0x00, 0x01, 0xFF, 0xFF, 0xE0, 0x00, 0x0F, 0xFF, 0xF8, 0x00, 0x01,
    0xFF, 0xFF, 0xE0, 0x00, 0x0F, 0xFF, 0xF8, 0x00, 0x00, 0xFF, 0xFF, 0xF0, 0x00, 0x0F, 0xFF, 0xF8,
    0x00, 0x00, 0x7F, 0xFF, 0xF0, 0x00, 0x0F, 0xFF, 0xF8, 0x00, 0x00, 0x7F, 0xFF, 0xF8, 0x00, 0x0F,
    0xFF, 0xF8, 0x00, 0x00, 0x3F, 0xFF, 0xFC, 0x00, 0x0F, 0xFF, 0xF8, 0x00, 0x00, 0x3F, 0xFF, 0xFC,
    0x00, 0x0F, 0xFF, 0xF8, 0x00, 0x00, 0x1F, 0xFF, 0xFE, 0x00, 0x0F, 0xFF, 0xF8, 0x00, 0x00, 0x0F,
    0xFF, 0xFF, 0x00, 0x0F, 0xFF, 0xF8, 0x00, 0x00, 0x00, 0x00, 0x0F, 0xFF, 0xF8, 0x00, 0x00, 0x00,
    0x00, 0x0F, 0xFF, 0xF8, 0x00, 0x00, 0x00, 0x00, 0x0F, 0xFF, 0xF8, 0x00, 0x00, 0x00, 0x00, 0x0F,
    0xFF, 0xF8, 0x00, 0x00, 0x00, 0x00, 0x0F, 0xFF, 0xF8, 0x00, 0x00, 0x00, 0x00, 0x0F, 0xFF, 0xF8,
    0x00, 0x00, 0x00, 0x00, 0x0F, 0xFF, 0xF8, 0x00, 0x00, 0x00, 0x00, 0x0F, 0xFF, 0xF8, 0x00, 0x00,
    0x00, 0x00, 0x0F, 0xFF, 0xF8, 0x00, 0x00, 0x00, 0x00, 0x0F, 0xFF, 0xF8, 0x00, 0x00, 0x00, 0x00,
    0x0F, 0xFF, 0xF8, 0x00, 0x00, 0x00, 0x00, 0x0F, 0xFF, 0xF8, 0x00, 0x00, 0x00, 0x00, 0x0F, 0xFF,
    0xF8, 0x00, 0x00, 0x00, 0x00, 0x0F, 0xFF, 0xF8, 0x00, 0x00, 0x00, 0x00, 0x0F, 0xFF, 0xF8, 0x00,
    0x00, 0x00, 0x00, 0x0F, 0xFF, 0xF8, 0x00, 0x00, 0x00, 0x00, 0x0F, 0xFF, 0xF8, 0x00, 0x00, 0x00,
    0x00, 0x0F, 0xFF, 0xF8, 0x00, 0x00, 0x00, 0x00, 0x0F, 0xFF, 0xF8, 0x00, 0x00, 0x00, 0x00, 0x0F,
    0xFF, 0xF8, 0x00, 0x00, 0x00, 0x00, 0x0F, 0xFF, 0xF8, 0x00, 0x00, 0x00, 0x00, 0x0F, 0xFF, 0xF8,
    0x00, 0x00, 0x00, 0x00, 0x0F, 0xFF, 0xF8, 0x00, 0x00, 0x00, 0x00, 0x0F, 0xFF, 0xF8, 0x00, 0x00,
    0x00, 0x00, 0x0F, 0xFF, 0xF8, 0x00, 0x00, 0x00, 0x00, 0x0F, 0xFF, 0xF8, 0x00, 0x00, 0x00, 0x00,
    0x0F, 0xFF, 0xF8, 0x00, 0x00, 0x00, 0x00, 0x0F, 0xFF, 0xF8, 0x00, 0x00, 0x00, 0x00, 0x0F, 0xFF,
    0xF8, 0x00, 0x00, 0x00, 0x00, 0x0F, 0xFF, 0xF8, 0x00, 0x00, 0x00, 0x00, 0x0F, 0xFF, 0xF8, 0x00,
    0x00, 0x00, 0x00, 0x0F, 0xFF, 0xF8, 0x00, 0x00, 0x00, 0x00, 0x0F, 0xFF, 0xF8, 0x00, 0x00, 0x00,
    0x00, 0x0F, 0xFF, 0xF8, 0x00, 0x00, 0x00, 0x00, 0x0F, 0xFF, 0xF8, 0x00, 0x00, 0x00, 0x00, 0x0F,
    0xFF, 0xF8, 0x00, 0x00, 0x00, 0x00, 0x0F, 0xFF, 0xF8, 0x00, 0x00, 0x00, 0x00, 0x0F, 0xFF, 0xF8,
    0x00, 0x00, 0x00, 0x00, 0x0F, 0xFF, 0xF8, 0x00, 0x00, 0x00, 0x00, 0x0F, 0xFF, 0xF8, 0x00, 0x00,
    0x00, 0x00, 0x0F, 0xFF, 0xF8, 0x00, 0x00, 0x00, 0x00, 0x0F, 0xFF, 0xF8, 0x00, 0x00, 0x00, 0x00,
    0x0F, 0xFF, 0xF8, 0x00, 0x00, 0x00, 0x00, 0x0F, 0xFF, 0xF8, 0x00, 0x00, 0x00, 0x00, 0x0F, 0xFF,
    0xF8, 0x00, 0x00, 0x00, 0x00, 0x0F, 0xFF, 0xF8, 0x00, 0x00, 0x00, 0x00, 0x0F, 0xFF, 0xF8, 0x00,
    0x00, 0x00, 0x00, 0x0F, 0xFF, 0xF8, 0x00, 0x00, 0x00, 0x00, 0x0F, 0xFF, 0xFF, 0xFF, 0xFF, 0xFE,
    0x00, 0x0F, 0xFF, 0xFF, 0xFF, 0xFF, 0xFE, 0x00, 0x0F, 0xFF, 0xFF, 0xFF, 0xFF, 0xFE, 0x00, 0x0F,
    0xFF, 0xFF, 0xFF, 0xFF, 0xFE, 0x00, 0x0F, 0xFF, 0xFF, 0xFF, 0xFF, 0xFE, 0x00, 0x0F, 0xFF, 0xFF,
    0xFF, 0xFF, 0xFE, 0x00, 0x0F, 0xFF, 0xFF, 0xFF, 0xFF, 0xFE, 0x00, 0x0F, 0xFF, 0xFF, 0xFF, 0xFF,
    0xFE, 0x00, 0x0F, 0xFF, 0xFF, 0xFF, 0xFF, 0xFE, 0x00, 0x0F, 0xFF, 0xFF, 0xFF, 0xFF, 0xFE, 0x00,
    0x0F, 0xFF, 0xFF, 0xFF, 0xFF, 0xFE, 0x00, 0x0F, 0xFF, 0xFF, 0xFF, 0xFF, 0xFE, 0x00, 0x0F, 0xFF,
    0xFF, 0xFF, 0xFF, 0xFE, 0x00, 0x0F, 0xFF, 0xFF, 0xFF, 0xFF, 0xFE, 0x00, 0x0F, 0xFF, 0xFF, 0xFE,
    0x00, 0x00, 0x0F, 0xFF, 0xFF, 0xFE, 0x00, 0x0F, 0xFF, 0xFF, 0xFF, 0x00, 0x00, 0x0F, 0xFF, 0xFF,
    0xFE, 0x00, 0x0F, 0xFF, 0xFF, 0xFF, 0x00, 0x00, 0x1F, 0xFF, 0xFF, 0xFE, 0x00, 0x0F, 0xFF, 0xFF,
    0xFF, 0x00, 0x00, 0x1F, 0xFF, 0xFF, 0xFE, 0x00, 0x0F, 0xFF, 0xFF, 0xFF, 0x00, 0x00, 0x1F, 0xFF,
    0xFF, 0xFE, 0x00, 0x0F, 0xFF, 0xFF, 0xFF, 0x80, 0x00, 0x3F, 0xFF, 0xFF, 0xFE, 0x00, 0x0F, 0xFF,
    0xFF, 0xFF, 0x80, 0x00, 0x3F, 0xFF, 0xFF, 0xFE, 0x00, 0x0F, 0xFF, 0xFF, 0xFF, 0x80, 0x00, 0x3F,
    0xFF, 0xFF, 0xFE, 0x00, 0x0F, 0xFF, 0xFF, 0xFF, 0xC0, 0x00, 0x3F, 0xFF, 0xFF, 0xFE, 0x00, 0x0F,
    0xFF, 0xFF, 0xFF, 0xC0, 0x00, 0x7F, 0xFF, 0xFF, 0xFE, 0x00, 0x0F, 0xFF, 0xFF, 0xFF, 0xC0, 0x00,
    0x7F, 0xFF, 0xFF, 0xFE, 0x00, 0x0F, 0xFF, 0xFF, 0xFF, 0xC0, 0x00, 0x7F, 0xFF, 0xFF, 0xFE, 0x00,
    0x0F, 0xFF, 0xFF, 0xFF, 0xE0, 0x00, 0xFF, 0xFF, 0xFF, 0xFE, 0x00, 0x0F, 0xFF, 0xFF, 0xFF, 0xE0,
    0x00, 0xFF, 0xFF, 0xFF, 0xFE, 0x00, 0x0F, 0xFF, 0xFF, 0xFF, 0xE0, 0x00, 0xFF, 0xFF, 0xFF, 0xFE,
    0x00, 0x0F, 0xFF, 0xFF, 0xFF, 0xF0, 0x00, 0xFF, 0xFF, 0xFF, 0xFE, 0x00, 0x0F, 0xFF, 0xFF, 0xFF,
    0xF0, 0x01, 0xFF, 0xFF, 0xFF, 0xFE, 0x00, 0x0F, 0xFF, 0xFF, 0xFF, 0xF0, 0x01, 0xFF, 0xFF, 0xFF,
    0xFE, 0x00, 0x0F, 0xFF, 0xFB, 0xFF, 0xF0, 0x01, 0xFF, 0xFB, 0xFF, 0xFE, 0x00, 0x0F, 0xFF, 0xFB,
    0xFF, 0xF8, 0x03, 0xFF, 0xFB, 0xFF, 0xFE, 0x00, 0x0F, 0xFF, 0xFB, 0xFF, 0xF8, 0x03, 0xFF, 0xFB,
    0xFF, 0xFE, 0x00, 0x0F, 0xFF, 0xFB, 0xFF, 0xF8, 0x03, 0xFF, 0xFB, 0xFF, 0xFE, 0x00, 0x0F, 0xFF,
    0xFB, 0xFF, 0xFC, 0x03, 0xFF, 0xFB, 0xFF, 0xFE, 0x00, 0x0F, 0xFF, 0xF9, 0xFF, 0xFC, 0x07, 0xFF,
    0xF3, 0xFF, 0xFE, 0x00, 0x0F, 0xFF, 0xF9, 0xFF, 0xFC, 0x07, 0xFF, 0xF3, 0xFF, 0xFE, 0x00, 0x0F,
    0xFF, 0xF9, 0xFF, 0xFC, 0x07, 0xFF, 0xF3, 0xFF, 0xFE, 0x00, 0x0F, 0xFF, 0xF8, 0xFF, 0xFE, 0x07,
    0xFF, 0xF3, 0xFF, 0xFE, 0x00, 0x0F, 0xFF, 0xF8, 0xFF, 0xFE, 0x07, 0xFF, 0xE3, 0xFF, 0xFE, 0x00,
    0x0F, 0xFF, 0xF8, 0xFF, 0xFE, 0x0F, 0xFF, 0xE3, 0xFF, 0xFE, 0x00, 0x0F, 0xFF, 0xF8, 0xFF, 0xFE,
    0x0F, 0xFF, 0xE3, 0xFF, 0xFE, 0x00, 0x0F, 0xFF, 0xF8, 0x7F, 0xFE, 0x0F, 0xFF, 0xC3, 0xFF, 0xFE,
    0x00, 0x0F, 0xFF, 0xF8, 0x7F, 0xFF, 0x0F, 0xFF, 0xC3, 0xFF, 0xFE, 0x00, 0x0F, 0xFF, 0xF8, 0x7F,
    0xFF, 0x1F, 0xFF, 0xC3, 0xFF, 0xFE, 0x00, 0x0F, 0xFF, 0xF8, 0x7F, 0xFF, 0x1F, 0xFF, 0xC3, 0xFF,
    0xFE, 0x00, 0x0F, 0xFF, 0xF8, 0x3F, 0xFF, 0x1F, 0xFF, 0x83, 0xFF, 0xFE, 0x00, 0x0F, 0xFF, 0xF8,
    0x3F, 0xFF, 0x1F, 0xFF, 0x83, 0xFF, 0xFE, 0x00, 0x0F, 0xFF, 0xF8, 0x3F, 0xFF, 0x9F, 0xFF, 0x83,
    0xFF, 0xFE, 0x00, 0x0F, 0xFF, 0xF8, 0x1F, 0xFF, 0x9F, 0xFF, 0x83, 0xFF, 0xFE, 0x00, 0x0F, 0xFF,
    0xF8, 0x1F, 0xFF, 0xBF, 0xFF, 0x03, 0xFF, 0xFE, 0x00, 0x0F, 0xFF, 0xF8, 0x1F, 0xFF, 0xBF, 0xFF,
    0x03, 0xFF, 0xFE, 0x00, 0x0F, 0xFF, 0xF8, 0x1F, 0xFF, 0xBF, 0xFF, 0x03, 0xFF, 0xFE, 0x00, 0x0F,
    0xFF, 0xF8, 0x0F, 0xFF, 0xBF, 0xFE, 0x03, 0xFF, 0xFE, 0x00, 0x0F, 0xFF, 0xF8, 0x0F, 0xFF, 0xFF,
    0xFE, 0x03, 0xFF, 0xFE, 0x00, 0x0F, 0xFF, 0xF8, 0x0F, 0xFF, 0xFF, 0xFE, 0x03, 0xFF, 0xFE, 0x00,
    0x0F, 0xFF, 0xF8, 0x07, 0xFF, 0xFF, 0xFC, 0x03, 0xFF, 0xFE, 0x00, 0x0F, 0xFF, 0xF8, 0x07, 0xFF,
    0xFF, 0xFC, 0x03, 0xFF, 0xFE, 0x00, 0x0F, 0xFF, 0xF8, 0x07, 0xFF, 0xFF, 0xFC, 0x03, 0xFF, 0xFE,
    0x00, 0x0F, 0xFF, 0xF8, 0x03, 0xFF, 0xFF, 0xFC, 0x03, 0xFF, 0xFE, 0x00, 0x0F, 0xFF, 0xF8, 0x03,
    0xFF, 0xFF, 0xF8, 0x03, 0xFF, 0xFE, 0x00, 0x0F, 0xFF, 0xF8, 0x03, 0xFF, 0xFF, 0xF8, 0x03, 0xFF,
    0xFE, 0x00, 0x0F, 0xFF, 0xF8, 0x01, 0xFF, 0xFF, 0xF8, 0x03, 0xFF, 0xFE, 0x00, 0x0F, 0xFF, 0xF8,
    0x01, 0xFF, 0xFF, 0xF0, 0x03, 0xFF, 0xFE, 0x00, 0x0F, 0xFF, 0xF8, 0x01, 0xFF, 0xFF, 0xF0, 0x03,
    0xFF, 0xFE, 0x00, 0x0F, 0xFF, 0xF8, 0x00, 0xFF, 0xFF, 0xF0, 0x03, 0xFF, 0xFE, 0x00, 0x0F, 0xFF,
    0xF8, 0x00, 0xFF, 0xFF, 0xE0, 0x03, 0xFF, 0xFE, 0x00, 0x0F, 0xFF, 0xF8, 0x00, 0xFF, 0xFF, 0xE0,
    0x03, 0xFF, 0xFE, 0x00, 0x0F, 0xFF, 0xF8, 0x00, 0xFF, 0xFF, 0xE0, 0x03, 0xFF, 0xFE, 0x00, 0x0F,
    0xFF, 0xF8, 0x00, 0x7F, 0xFF, 0xC0, 0x03, 0xFF, 0xFE, 0x00, 0x0F, 0xFF, 0xF8, 0x00, 0x7F, 0xFF,
    0xC0, 0x03, 0xFF, 0xFE, 0x00, 0x0F, 0xFF, 0xF8, 0x00, 0x7F, 0xFF, 0xC0, 0x03, 0xFF, 0xFE, 0x00,
    0x0F, 0xFF, 0xF8, 0x00, 0x3F, 0xFF, 0xC0, 0x03, 0xFF, 0xFE, 0x00, 0x0F, 0xFF, 0xF8, 0x00, 0x3F,
    0xFF, 0x80, 0x03, 0xFF, 0xFE, 0x00, 0x0F, 0xFF, 0xF8, 0x00, 0x3F, 0xFF, 0x80, 0x03, 0xFF, 0xFE,
    0x00, 0x0F, 0xFF, 0xFE, 0x00, 0x00, 0x07, 0xFF, 0xFE, 0x00, 0x0F, 0xFF, 0xFF, 0x00, 0x00, 0x07,
    0xFF, 0xFE, 0x00, 0x0F, 0xFF, 0xFF, 0x00, 0x00, 0x07, 0xFF, 0xFE, 0x00, 0x0F, 0xFF, 0xFF, 0x80,
    0x00, 0x07, 0xFF, 0xFE, 0x00, 0x0F, 0xFF, 0xFF, 0x80, 0x00, 0x07, 0xFF, 0xFE, 0x00, 0x0F, 0xFF,
    0xFF, 0xC0, 0x00, 0x07, 0xFF, 0xFE, 0x00, 0x0F, 0xFF, 0xFF, 0xE0, 0x00, 0x07, 0xFF, 0xFE, 0x00,
    0x0F, 0xFF, 0xFF, 0xE0, 0x00, 0x07, 0xFF, 0xFE, 0x00, 0x0F, 0xFF, 0xFF, 0xF0, 0x00, 0x07, 0xFF,
    0xFE, 0x00, 0x0F, 0xFF, 0xFF, 0xF8, 0x00, 0x07, 0xFF, 0xFE, 0x00, 0x0F, 0xFF, 0xFF, 0xF8, 0x00,
    0x07, 0xFF, 0xFE, 0x00, 0x0F, 0xFF, 0xFF, 0xFC, 0x00, 0x07, 0xFF, 0xFE, 0x00, 0x0F, 0xFF, 0xFF,
    0xFC, 0x00, 0x07, 0xFF, 0xFE, 0x00, 0x0F, 0xFF, 0xFF, 0xFE, 0x00, 0x07, 0xFF, 0xFE, 0x00, 0x0F,
    0xFF, 0xFF, 0xFF, 0x00, 0x07, 0xFF, 0xFE, 0x00, 0x0F, 0xFF, 0xFF, 0xFF, 0x00, 0x07, 0xFF, 0xFE,
    0x00, 0x0F, 0xFF, 0xFF, 0xFF, 0x80, 0x07, 0xFF, 0xFE, 0x00, 0x0F, 0xFF, 0xFF, 0xFF, 0x80, 0x07,
    0xFF, 0xFE, 0x00, 0x0F, 0xFF, 0xFF, 0xFF, 0xC0, 0x07, 0xFF, 0xFE, 0x00, 0x0F, 0xFF, 0xFF, 0xFF,
    0xE0, 0x07, 0xFF, 0xFE, 0x00, 0x0F, 0xFF, 0xFF, 0xFF, 0xE0, 0x07, 0xFF, 0xFE, 0x00, 0x0F, 0xFF,
    0xFF, 0xFF, 0xF0, 0x07, 0xFF, 0xFE, 0x00, 0x0F, 0xFF, 0xFF, 0xFF, 0xF0, 0x07, 0xFF, 0xFE, 0x00,
    0x0F, 0xFF, 0xFF, 0xFF, 0xF8, 0x07, 0xFF, 0xFE, 0x00, 0x0F, 0xFF, 0xFB, 0xFF, 0xFC, 0x07, 0xFF,
    0xFE, 0x00, 0x0F, 0xFF, 0xFB, 0xFF, 0xFC, 0x07, 0xFF, 0xFE, 0x00, 0x0F, 0xFF, 0xF9, 0xFF, 0xFE,
    0x07, 0xFF, 0xFE, 0x00, 0x0F, 0xFF, 0xF9, 0xFF, 0xFE, 0x07, 0xFF, 0xFE, 0x00, 0x0F, 0xFF, 0xF8,
    0xFF, 0xFF, 0x07, 0xFF, 0xFE, 0x00, 0x0F, 0xFF, 0xF8, 0xFF, 0xFF, 0x07, 0xFF, 0xFE, 0x00, 0x0F,
    0xFF, 0xF8, 0x7F, 0xFF, 0x87, 0xFF, 0xFE, 0x00, 0x0F, 0xFF, 0xF8, 0x7F, 0xFF, 0xC7, 0xFF, 0xFE,
    0x00, 0x0F, 0xFF, 0xF8, 0x3F, 0xFF, 0xC3, 0xFF, 0xFE, 0x00, 0x0F, 0xFF, 0xFC, 0x3F, 0xFF, 0xE3,
    0xFF, 0xFE, 0x00, 0x0F, 0xFF, 0xFC, 0x1F, 0xFF, 0xE3, 0xFF, 0xFE, 0x00, 0x0F, 0xFF, 0xFC, 0x1F,
    0xFF, 0xF3, 0xFF, 0xFE, 0x00, 0x0F, 0xFF, 0xFC, 0x0F, 0xFF, 0xF3, 0xFF, 0xFE, 0x00, 0x0F, 0xFF,
    0xFC, 0x0F, 0xFF, 0xF3, 0xFF, 0xFE, 0x00, 0x0F, 0xFF, 0xFC, 0x07, 0xFF, 0xFB, 0xFF, 0xFE, 0x00,
    0x0F, 0xFF, 0xFC, 0x03, 0xFF, 0xFB, 0xFF, 0xFE, 0x00, 0x0F, 0xFF, 0xFC, 0x03, 0xFF, 0xFF, 0xFF,
    0xFE, 0x00, 0x0F, 0xFF, 0xFC, 0x01, 0xFF, 0xFF, 0xFF, 0xFE, 0x00, 0x0F, 0xFF, 0xFC, 0x01, 0xFF,
    0xFF, 0xFF, 0xFE, 0x00, 0x0F, 0xFF, 0xFC, 0x00, 0xFF, 0xFF, 0xFF, 0xFE, 0x00, 0x0F, 0xFF, 0xFC,
    0x00, 0x7F, 0xFF, 0xFF, 0xFE, 0x00, 0x0F, 0xFF, 0xFC, 0x00, 0x7F, 0xFF, 0xFF, 0xFE, 0x00, 0x0F,
    0xFF, 0xFC, 0x00, 0x3F, 0xFF, 0xFF, 0xFE, 0x00, 0x0F, 0xFF, 0xFC, 0x00, 0x1F, 0xFF, 0xFF, 0xFE,
    0x00, 0x0F, 0xFF, 0xFC, 0x00, 0x1F, 0xFF, 0xFF, 0xFE, 0x00, 0x0F, 0xFF, 0xFC, 0x00, 0x0F, 0xFF,
    0xFF, 0xFE, 0x00, 0x0F, 0xFF, 0xFC, 0x00, 0x0F, 0xFF, 0xFF, 0xFE, 0x00, 0x0F, 0xFF, 0xFC, 0x00,
    0x07, 0xFF, 0xFF, 0xFE, 0x00, 0x0F, 0xFF, 0xFC, 0x00, 0x03, 0xFF, 0xFF, 0xFE, 0x00, 0x0F, 0xFF,
    0xFC, 0x00, 0x03, 0xFF, 0xFF, 0xFE, 0x00, 0x0F, 0xFF, 0xFC, 0x00, 0x01, 0xFF, 0xFF, 0xFE, 0x00,
    0x0F, 0xFF, 0xFC, 0x00, 0x00, 0xFF, 0xFF, 0xFE, 0x00, 0x0F, 0xFF, 0xFC, 0x00, 0x00, 0xFF, 0xFF,
    0xFE, 0x00, 0x0F, 0xFF, 0xFC, 0x00, 0x00, 0x7F, 0xFF, 0xFE, 0x00, 0x0F, 0xFF, 0xFC, 0x00, 0x00,
    0x7F, 0xFF, 0xFE, 0x00, 0x0F, 0xFF, 0xFC, 0x00, 0x00, 0x3F, 0xFF, 0xFE, 0x00, 0x0F, 0xFF, 0xFC,
    0x00, 0x00, 0x1F, 0xFF, 0xFE, 0x00, 0x0F, 0xFF, 0xFC, 0x00, 0x00, 0x1F, 0xFF, 0xFE, 0x00, 0x0F,
    0xFF, 0xFC, 0x00, 0x00, 0x0F, 0xFF, 0xFE, 0x00, 0x00, 0x00, 0x00, 0x0F, 0xFF, 0x00, 0x00, 0x00,
    0x00, 0x00, 0x00, 0x01, 0xFF, 0xFF, 0xF0, 0x00, 0x00, 0x00, 0x00, 0x00, 0x07, 0xFF, 0xFF, 0xFE,
    0x00, 0x00, 0x00, 0x00, 0x00, 0x1F, 0xFF, 0xFF, 0xFF, 0x80, 0x00, 0x00, 0x00, 0x00, 0x7F, 0xFF,
    0xFF, 0xFF, 0xE0, 0x00, 0x00, 0x00, 0x01, 0xFF, 0xFF, 0xFF, 0xFF, 0xF0, 0x00, 0x00, 0x00, 0x03,
    0xFF, 0xFF, 0xFF, 0xFF, 0xFC, 0x00, 0x00, 0x00, 0x07, 0xFF, 0xFF, 0xFF, 0xFF, 0xFE, 0x00, 0x00,
    0x00, 0x0F, 0xFF, 0xFF, 0xFF, 0xFF, 0xFF, 0x00, 0x00, 0x00, 0x1F, 0xFF, 0xFF, 0xFF, 0xFF, 0xFF,
    0x80, 0x00, 0x00, 0x3F, 0xFF, 0xFF, 0xFF, 0xFF, 0xFF, 0xC0, 0x00, 0x00, 0x7F, 0xFF, 0xFF, 0xFF,
    0xFF, 0xFF, 0xC0, 0x00, 0x00, 0xFF, 0xFF, 0xFF, 0xFF, 0xFF, 0xFF, 0xE0, 0x00, 0x00, 0xFF, 0xFF,
    0xFF, 0xFF, 0xFF, 0xFF, 0xF0, 0x00, 0x01, 0xFF, 0xFF, 0xFF, 0xFF, 0xFF, 0xFF, 0xF0, 0x00, 0x01,
    0xFF, 0xFF, 0xFC, 0x03, 0xFF, 0xFF, 0xF8, 0x00, 0x03, 0xFF, 0xFF, 0xE0, 0x00, 0xFF, 0xFF, 0xF8,
    0x00, 0x03, 0xFF, 0xFF, 0xC0, 0x00, 0x3F, 0xFF, 0xFC, 0x00, 0x07, 0xFF, 0xFF, 0x80, 0x00, 0x1F,
    0xFF, 0xFC, 0x00, 0x07, 0xFF, 0xFF, 0x00, 0x00, 0x1F, 0xFF, 0xFC, 0x00, 0x07, 0xFF, 0xFE, 0x00,
    0x00, 0x0F, 0xFF, 0xFE, 0x00, 0x0F, 0xFF, 0xFE, 0x00, 0x00, 0x07, 0xFF, 0xFE, 0x00, 0x0F, 0xFF,
    0xFC, 0x00, 0x00, 0x07, 0xFF, 0xFE, 0x00, 0x0F, 0xFF, 0xFC, 0x00, 0x00, 0x07, 0xFF, 0xFF, 0x00,
    0x0F, 0xFF, 0xFC, 0x00, 0x00, 0x03, 0xFF, 0xFF, 0x00, 0x1F, 0xFF, 0xF8, 0x00, 0x00, 0x03, 0xFF,
    0xFF, 0x00, 0x1F, 0xFF, 0xF8, 0x00, 0x00, 0x03, 0xFF, 0xFF, 0x00, 0x1F, 0xFF, 0xF8, 0x00, 0x00,
    0x03, 0xFF, 0xFF, 0x00, 0x1F, 0xFF, 0xF8, 0x00, 0x00, 0x01, 0xFF, 0xFF, 0x00, 0x1F, 0xFF, 0xF8,
    0x00, 0x00, 0x01, 0xFF, 0xFF, 0x00, 0x1F, 0xFF, 0xF8, 0x00, 0x00, 0x01, 0xFF, 0xFF, 0x00, 0x1F,
    0xFF, 0xF8, 0x00, 0x00, 0x01, 0xFF, 0xFF, 0x00, 0x1F, 0xFF, 0xF8, 0x00, 0x00, 0x01, 0xFF, 0xFF,
    0x00, 0x1F, 0xFF, 0xF8, 0x00, 0x00, 0x01, 0xFF, 0xFF, 0x00, 0x1F, 0xFF, 0xF8, 0x00, 0x00, 0x01,
    0xFF, 0xFF, 0x00, 0x1F, 0xFF, 0xF8, 0x00, 0x00, 0x01, 0xFF, 0xFF, 0x00, 0x1F, 0xFF, 0xF8, 0x00,
    0x00, 0x01, 0xFF, 0xFF, 0x00, 0x1F, 0xFF, 0xF8, 0x00, 0x00, 0x03, 0xFF, 0xFF, 0x00, 0x1F, 0xFF,
    0xF8, 0x00, 0x00, 0x03, 0xFF, 0xFF, 0x00, 0x1F, 0xFF, 0xF8, 0x00, 0x00, 0x03, 0xFF, 0xFF, 0x00,
    0x0F, 0xFF, 0xFC, 0x00, 0x00, 0x03, 0xFF, 0xFF, 0x00, 0x0F, 0xFF, 0xFC, 0x00, 0x00, 0x03, 0xFF,
    0xFF, 0x00, 0x0F, 0xFF, 0xFC, 0x00, 0x00, 0x07, 0xFF, 0xFE, 0x00, 0x0F, 0xFF, 0xFE, 0x00, 0x00,
    0x07, 0xFF, 0xFE, 0x00, 0x07, 0xFF, 0xFE, 0x00, 0x00, 0x0F, 0xFF, 0xFE, 0x00, 0x07, 0xFF, 0xFF,
    0x00, 0x00, 0x1F, 0xFF, 0xFE, 0x00, 0x07, 0xFF, 0xFF, 0x80, 0x00, 0x1F, 0xFF, 0xFC, 0x00, 0x03,
    0xFF, 0xFF, 0xC0, 0x00, 0x3F, 0xFF, 0xFC, 0x00, 0x03, 0xFF, 0xFF, 0xE0, 0x00, 0xFF, 0xFF, 0xF8,
    0x00, 0x01, 0xFF, 0xFF, 0xFC, 0x03, 0xFF, 0xFF, 0xF8, 0x00, 0x01, 0xFF, 0xFF, 0xFF, 0xFF, 0xFF,
    0xFF, 0xF0, 0x00, 0x00, 0xFF, 0xFF, 0xFF, 0xFF, 0xFF, 0xFF, 0xF0, 0x00, 0x00, 0xFF, 0xFF, 0xFF,
    0xFF, 0xFF, 0xFF, 0xE0, 0x00, 0x00, 0x7F, 0xFF, 0xFF, 0xFF, 0xFF, 0xFF, 0xC0, 0x00, 0x00, 0x3F,
    0xFF, 0xFF, 0xFF, 0xFF, 0xFF, 0xC0, 0x00, 0x00, 0x1F, 0xFF, 0xFF, 0xFF, 0xFF, 0xFF, 0x80, 0x00,
    0x00, 0x0F, 0xFF, 0xFF, 0xFF, 0xFF, 0xFF, 0x00, 0x00, 0x00, 0x07, 0xFF, 0xFF, 0xFF, 0xFF, 0xFE,
    0x00, 0x00, 0x00, 0x03, 0xFF, 0xFF, 0xFF, 0xFF, 0xFC, 0x00, 0x00, 0x00, 0x01, 0xFF, 0xFF, 0xFF,
    0xFF, 0xF0, 0x00, 0x00, 0x00, 0x00, 0x7F, 0xFF, 0xFF, 0xFF, 0xE0, 0x00, 0x00, 0x00, 0x00, 0x1F,
    0xFF, 0xFF, 0xFF, 0x80, 0x00, 0x00, 0x00, 0x00, 0x07, 0xFF, 0xFF, 0xFE, 0x00, 0x00, 0x00, 0x00,
    0x00, 0x01, 0xFF, 0xFF, 0xF0, 0x00, 0x00, 0x00, 0x00, 0x00, 0x00, 0x1F, 0xFF, 0x00, 0x00, 0x00,
    0x00, 0x0F, 0xFF, 0xFF, 0xFF, 0xF8, 0x00, 0x00, 0x00, 0x0F, 0xFF, 0xFF, 0xFF, 0xFF, 0x80, 0x00,
    0x00, 0x0F, 0xFF, 0xFF, 0xFF, 0xFF, 0xE0, 0x00, 0x00, 0x0F, 0xFF, 0xFF, 0xFF, 0xFF, 0xF8, 0x00,
    0x00, 0x0F, 0xFF, 0xFF, 0xFF, 0xFF, 0xFE, 0x00, 0x00, 0x0F, 0xFF, 0xFF, 0xFF, 0xFF, 0xFF, 0x00,
    0x00, 0x0F, 0xFF, 0xFF, 0xFF, 0xFF, 0xFF, 0x80, 0x00, 0x0F, 0xFF, 0xFF, 0xFF, 0xFF, 0xFF, 0xC0,
    0x00, 0x0F, 0xFF, 0xFF, 0xFF, 0xFF, 0xFF, 0xE0, 0x00, 0x0F, 0xFF, 0xFF, 0xFF, 0xFF, 0xFF, 0xE0,
    0x00, 0x0F, 0xFF, 0xFF, 0xFF, 0xFF, 0xFF, 0xF0, 0x00, 0x0F, 0xFF, 0xFF, 0xFF, 0xFF, 0xFF, 0xF0,
    0x00, 0x0F, 0xFF, 0xFF, 0xFF, 0xFF, 0xFF, 0xF8, 0x00, 0x0F, 0xFF, 0xFF, 0xFF, 0xFF, 0xFF, 0xF8,
    0x00, 0x0F, 0xFF, 0xF8, 0x01, 0xFF, 0xFF, 0xFC, 0x00, 0x0F, 0xFF, 0xF8, 0x00, 0x7F, 0xFF, 0xFC,
    0x00, 0x0F, 0xFF, 0xF8, 0x00, 0x1F, 0xFF, 0xFC, 0x00, 0x0F, 0xFF, 0xF8, 0x00, 0x1F, 0xFF, 0xFC,
    0x00, 0x0F, 0xFF, 0xF8, 0x00, 0x0F, 0xFF, 0xFE, 0x00, 0x0F, 0xFF, 0xF8, 0x00, 0x0F, 0xFF, 0xFE,
    0x00, 0x0F, 0xFF, 0xF8, 0x00, 0x07, 0xFF, 0xFE, 0x00, 0x0F, 0xFF, 0xF8, 0x00, 0x07, 0xFF, 0xFE,
    0x00, 0x0F, 0xFF, 0xF8, 0x00, 0x07, 0xFF, 0xFE, 0x00, 0x0F, 0xFF, 0xF8, 0x00, 0x07, 0xFF, 0xFE,
    0x00, 0x0F, 0xFF, 0xF8, 0x00, 0x07, 0xFF, 0xFE, 0x00, 0x0F, 0xFF, 0xF8, 0x00, 0x07, 0xFF, 0xFE,
    0x00, 0x0F, 0xFF, 0xF8, 0x00, 0x0F, 0xFF, 0xFE, 0x00, 0x0F, 0xFF, 0xF8, 0x00, 0x0F, 0xFF, 0xFC,
    0x00, 0x0F, 0xFF, 0xF8, 0x00, 0x1F, 0xFF, 0xFC, 0x00, 0x0F, 0xFF, 0xF8, 0x00, 0x3F, 0xFF, 0xFC,
    0x00, 0x0F, 0xFF, 0xF8, 0x00, 0xFF, 0xFF, 0xF8, 0x00, 0x0F, 0xFF, 0xFF, 0xFF, 0xFF, 0xFF, 0xF8,
    0x00, 0x0F, 0xFF, 0xFF, 0xFF, 0xFF, 0xFF, 0xF8, 0x00, 0x0F, 0xFF, 0xFF, 0xFF, 0xFF, 0xFF, 0xF0,
    0x00, 0x0F, 0xFF, 0xFF, 0xFF, 0xFF, 0xFF, 0xE0, 0x00, 0x0F, 0xFF, 0xFF, 0xFF, 0xFF, 0xFF, 0xE0,
    0x00, 0x0F, 0xFF, 0xFF, 0xFF, 0xFF, 0xFF, 0xC0, 0x00, 0x0F, 0xFF, 0xFF, 0xFF, 0xFF, 0xFF, 0x80,
    0x00, 0x0F, 0xFF, 0xFF, 0xFF, 0xFF, 0xFF, 0x00, 0x00, 0x0F, 0xFF, 0xFF, 0xFF, 0xFF, 0xFC, 0x00,
    0x00, 0x0F, 0xFF, 0xFF, 0xFF, 0xFF, 0xF8, 0x00, 0x00, 0x0F, 0xFF, 0xFF, 0xFF, 0xFF, 0xE0, 0x00,
    0x00, 0x0F, 0xFF, 0xFF, 0xFF, 0xFF, 0x80, 0x00, 0x00, 0x0F, 0xFF, 0xFF, 0xFF, 0xF8, 0x00, 0x00,
    0x00, 0x0F, 0xFF, 0xF8, 0x00, 0x00, 0x00, 0x00, 0x00, 0x0F, 0xFF, 0xF8, 0x00, 0x00, 0x00, 0x00,
    0x00, 0x0F, 0xFF, 0xF8, 0x00, 0x00, 0x00, 0x00, 0x00, 0x0F, 0xFF, 0xF8, 0x00, 0x00, 0x00, 0x00,
    0x00, 0x0F, 0xFF, 0xF8, 0x00, 0x00, 0x00, 0x00, 0x00, 0x0F, 0xFF, 0xF8, 0x00, 0x00, 0x00, 0x00,
    0x00, 0x0F, 0xFF, 0xF8, 0x00, 0x00, 0x00, 0x00, 0x00, 0x0F, 0xFF, 0xF8, 0x00, 0x00, 0x00, 0x00,
    0x00, 0x0F, 0xFF, 0xF8, 0x00, 0x00, 0x00, 0x00, 0x00, 0x0F, 0xFF, 0xF8, 0x00, 0x00, 0x00, 0x00,
    0x00, 0x0F, 0xFF, 0xF8, 0x00, 0x00, 0x00, 0x00, 0x00, 0x0F, 0xFF, 0xF8, 0x00, 0x00, 0x00, 0x00,
    0x00, 0x0F, 0xFF, 0xF8, 0x00, 0x00, 0x00, 0x00, 0x00, 0x0F, 0xFF, 0xF8, 0x00, 0x00, 0x00, 0x00,
    0x00, 0x0F, 0xFF, 0xF8, 0x00, 0x00, 0x00, 0x00, 0x00, 0x0F, 0xFF, 0xF8, 0x00, 0x00, 0x00, 0x00,
    0x00, 0x0F, 0xFF, 0xF8, 0x00, 0x00, 0x00, 0x00, 0x00, 0x0F, 0xFF, 0xF8, 0x00, 0x00, 0x00, 0x00,
    0x00, 0x0F, 0xFF, 0xF8, 0x00, 0x00, 0x00, 0x00, 0x00, 0x00, 0x00, 0x00, 0x0F, 0xFF, 0x00, 0x00,
    0x00, 0x00, 0x00, 0x00, 0x01, 0xFF, 0xFF, 0xF0, 0x00, 0x00, 0x00, 0x00, 0x00, 0x07, 0xFF, 0xFF,
    0xFE, 0x00, 0x00, 0x00, 0x00, 0x00, 0x1F, 0xFF, 0xFF, 0xFF, 0x80, 0x00, 0x00, 0x00, 0x00, 0x7F,
    0xFF, 0xFF, 0xFF, 0xE0, 0x00, 0x00, 0x00, 0x01, 0xFF, 0xFF, 0xFF, 0xFF, 0xF0, 0x00, 0x00, 0x00,
    0x03, 0xFF, 0xFF, 0xFF, 0xFF, 0xFC, 0x00, 0x00, 0x00, 0x07, 0xFF, 0xFF, 0xFF, 0xFF, 0xFE, 0x00,
    0x00, 0x00, 0x0F, 0xFF, 0xFF, 0xFF, 0xFF, 0xFF, 0x00, 0x00, 0x00, 0x1F, 0xFF, 0xFF, 0xFF, 0xFF,
    0xFF, 0x80, 0x00, 0x00, 0x3F, 0xFF, 0xFF, 0xFF, 0xFF, 0xFF, 0xC0, 0x00, 0x00, 0x7F, 0xFF, 0xFF,
    0xFF, 0xFF, 0xFF, 0xC0, 0x00, 0x00, 0xFF, 0xFF, 0xFF, 0xFF, 0xFF, 0xFF, 0xE0, 0x00, 0x00, 0xFF,
    0xFF, 0xFF, 0xFF, 0xFF, 0xFF, 0xF0, 0x00, 0x01, 0xFF, 0xFF, 0xFF, 0xFF, 0xFF, 0xFF, 0xF0, 0x00,
    0x01, 0xFF, 0xFF, 0xFC, 0x03, 0xFF, 0xFF, 0xF8, 0x00, 0x03, 0xFF, 0xFF, 0xE0, 0x00, 0xFF, 0xFF,
    0xF8, 0x00, 0x03, 0xFF, 0xFF, 0xC0, 0x00, 0x3F, 0xFF, 0xFC, 0x00, 0x07, 0xFF, 0xFF, 0x80, 0x00,
    0x1F, 0xFF, 0xFC, 0x00, 0x07, 0xFF, 0xFF, 0x00, 0x00, 0x1F, 0xFF, 0xFC, 0x00, 0x07, 0xFF, 0xFE,
    0x00, 0x00, 0x0F, 0xFF, 0xFE, 0x00, 0x0F, 0xFF, 0xFE, 0x00, 0x00, 0x07, 0xFF, 0xFE, 0x00, 0x0F,
    0xFF, 0xFC, 0x00, 0x00, 0x07, 0xFF, 0xFE, 0x00, 0x0F, 0xFF, 0xFC, 0x00, 0x00, 0x07, 0xFF, 0xFF,
    0x00, 0x0F, 0xFF, 0xFC, 0x00, 0x00, 0x03, 0xFF, 0xFF, 0x00, 0x1F, 0xFF, 0xF8, 0x00, 0x00, 0x03,
    0xFF, 0xFF, 0x00, 0x1F, 0xFF, 0xF8, 0x00, 0x00, 0x03, 0xFF, 0xFF, 0x00, 0x1F, 0xFF, 0xF8, 0x00,
    0x00, 0x03, 0xFF, 0xFF, 0x00, 0x1F, 0xFF, 0xF8, 0x00, 0x00, 0x01, 0xFF, 0xFF, 0x00, 0x1F, 0xFF,
    0xF8, 0x00, 0x00, 0x01, 0xFF, 0xFF, 0x00, 0x1F, 0xFF, 0xF8, 0x00, 0x00, 0x01, 0xFF, 0xFF, 0x00,
    0x1F, 0xFF, 0xF8, 0x00, 0x00, 0x01, 0xFF, 0xFF, 0x00, 0x1F, 0xFF, 0xF8, 0x00, 0x00, 0x01, 0xFF,
    0xFF, 0x00, 0x1F, 0xFF, 0xF8, 0x00, 0x00, 0x01, 0xFF, 0xFF, 0x00, 0x1F, 0xFF, 0xF8, 0x00, 0x00,
    0x01, 0xFF, 0xFF, 0x00, 0x1F, 0xFF, 0xF8, 0x00, 0x00, 0x01, 0xFF, 0xFF, 0x00, 0x1F, 0xFF, 0xF8,
    0x00, 0x00, 0x01, 0xFF, 0xFF, 0x00, 0x1F, 0xFF, 0xF8, 0x00, 0x00, 0x03, 0xFF, 0xFF, 0x00, 0x1F,
    0xFF, 0xF8, 0x00, 0x00, 0x03, 0xFF, 0xFF, 0x00, 0x1F, 0xFF, 0xF8, 0x00, 0x00, 0x03, 0xFF, 0xFF,
    0x00, 0x0F, 0xFF, 0xFC, 0x00, 0x00, 0x03, 0xFF, 0xFF, 0x00, 0x0F, 0xFF, 0xFC, 0x07, 0xFF, 0xE7,
    0xFF, 0xFF, 0x00, 0x0F, 0xFF, 0xFC, 0x03, 0xFF, 0xE7, 0xFF, 0xFE, 0x00, 0x0F, 0xFF, 0xFE, 0x01,
    0xFF, 0xF7, 0xFF, 0xFE, 0x00, 0x07, 0xFF, 0xFE, 0x01, 0xFF, 0xFF, 0xFF, 0xFE, 0x00, 0x07, 0xFF,
    0xFF, 0x00, 0xFF, 0xFF, 0xFF, 0xFE, 0x00, 0x07, 0xFF, 0xFF, 0x80, 0x7F, 0xFF, 0xFF, 0xFC, 0x00,
    0x03, 0xFF, 0xFF, 0xC0, 0x3F, 0xFF, 0xFF, 0xFC, 0x00, 0x03, 0xFF, 0xFF, 0xE0, 0x3F, 0xFF, 0xFF,
    0xF8, 0x00, 0x01, 0xFF, 0xFF, 0xFC, 0x1F, 0xFF, 0xFF, 0xF8, 0x00, 0x01, 0xFF, 0xFF, 0xFF, 0xFF,
    0xFF, 0xFF, 0xF0, 0x00, 0x00, 0xFF, 0xFF, 0xFF, 0xFF, 0xFF, 0xFF, 0xF0, 0x00, 0x00, 0xFF, 0xFF,
    0xFF, 0xFF, 0xFF, 0xFF, 0xE0, 0x00, 0x00, 0x7F, 0xFF, 0xFF, 0xFF, 0xFF, 0xFF, 0xC0, 0x00, 0x00,
    0x3F, 0xFF, 0xFF, 0xFF, 0xFF, 0xFF, 0xC0, 0x00, 0x00, 0x1F, 0xFF, 0xFF, 0xFF, 0xFF, 0xFF, 0x80,
    0x00, 0x00, 0x0F, 0xFF, 0xFF, 0xFF, 0xFF, 0xFF, 0x00, 0x00, 0x00, 0x07, 0xFF, 0xFF, 0xFF, 0xFF,
    0xFF, 0x00, 0x00, 0x00, 0x03, 0xFF, 0xFF, 0xFF, 0xFF, 0xFF, 0x80, 0x00, 0x00, 0x01, 0xFF, 0xFF,
    0xFF, 0xFF, 0xFF, 0xC0, 0x00, 0x00, 0x00, 0x7F, 0xFF, 0xFF, 0xFF, 0xFF, 0xE0, 0x00, 0x00, 0x00,
    0x1F, 0xFF, 0xFF, 0xFF, 0xFF, 0xE0, 0x00, 0x00, 0x00, 0x07, 0xFF, 0xFF, 0xFF, 0xFF, 0xF0, 0x00,
    0x00, 0x00, 0x01, 0xFF, 0xFF, 0xF3, 0xFF, 0xF8, 0x00, 0x00, 0x00, 0x00, 0x1F, 0xFF, 0x03, 0xFF,
    0xFC, 0x00, 0x00, 0x00, 0x00, 0x00, 0x00, 0x01, 0xFF, 0xFE, 0x00, 0x00, 0x00, 0x00, 0x00, 0x00,
    0x00, 0xFF, 0xFE, 0x00, 0x00, 0x00, 0x00, 0x00, 0x00, 0x00, 0x7F, 0xFF, 0x00, 0x00, 0x00, 0x00,
    0x00, 0x00, 0x00, 0x3F, 0xFF, 0xC0, 0x0F, 0xFF, 0xFF, 0xFF, 0xF8, 0x00, 0x00, 0x00, 0x0F, 0xFF,
    0xFF, 0xFF, 0xFF, 0x80, 0x00, 0x00, 0x0F, 0xFF, 0xFF, 0xFF, 0xFF, 0xF0, 0x00, 0x00, 0x0F, 0xFF,
    0xFF, 0xFF, 0xFF, 0xF8, 0x00, 0x00, 0x0F, 0xFF, 0xFF, 0xFF, 0xFF, 0xFE, 0x00, 0x00, 0x0F, 0xFF,
    0xFF, 0xFF, 0xFF, 0xFF, 0x00, 0x00, 0x0F, 0xFF, 0xFF, 0xFF, 0xFF, 0xFF, 0x80, 0x00, 0x0F, 0xFF,
    0xFF, 0xFF, 0xFF, 0xFF, 0xC0, 0x00, 0x0F, 0xFF, 0xFF, 0xFF, 0xFF, 0xFF, 0xE0, 0x00, 0x0F, 0xFF,
    0xFF, 0xFF, 0xFF, 0xFF, 0xF0, 0x00, 0x0F, 0xFF, 0xFF, 0xFF, 0xFF, 0xFF, 0xF0, 0x00, 0x0F, 0xFF,
    0xFF, 0xFF, 0xFF, 0xFF, 0xF8, 0x00, 0x0F, 0xFF, 0xFF, 0xFF, 0xFF, 0xFF, 0xF8, 0x00, 0x0F, 0xFF,
    0xFF, 0xFF, 0xFF, 0xFF, 0xFC, 0x00, 0x0F, 0xFF, 0xF8, 0x01, 0xFF, 0xFF, 0xFC, 0x00, 0x0F, 0xFF,
    0xF8, 0x00, 0x3F, 0xFF, 0xFC, 0x00, 0x0F, 0xFF, 0xF8, 0x00, 0x1F, 0xFF, 0xFC, 0x00, 0x0F, 0xFF,
    0xF8, 0x00, 0x0F, 0xFF, 0xFE, 0x00, 0x0F, 0xFF, 0xF8, 0x00, 0x0F, 0xFF, 0xFE, 0x00, 0x0F, 0xFF,
    0xF8, 0x00, 0x07, 0xFF, 0xFE, 0x00, 0x0F, 0xFF, 0xF8, 0x00, 0x07, 0xFF, 0xFE, 0x00, 0x0F, 0xFF,
    0xF8, 0x00, 0x07, 0xFF, 0xFE, 0x00, 0x0F, 0xFF, 0xF8, 0x00, 0x07, 0xFF, 0xFE, 0x00, 0x0F, 0xFF,
    0xF8, 0x00, 0x07, 0xFF, 0xFE, 0x00, 0x0F, 0xFF, 0xF8, 0x00, 0x0F, 0xFF, 0xFE, 0x00, 0x0F, 0xFF,
    0xF8, 0x00, 0x0F, 0xFF, 0xFE, 0x00, 0x0F, 0xFF, 0xF8, 0x00, 0x1F, 0xFF, 0xFC, 0x00, 0x0F, 0xFF,
    0xF8, 0x00, 0x3F, 0xFF, 0xFC, 0x00, 0x0F, 0xFF, 0xF8, 0x00, 0xFF, 0xFF, 0xFC, 0x00, 0x0F, 0xFF,
    0xFF, 0xFF, 0xFF, 0xFF, 0xF8, 0x00, 0x0F, 0xFF, 0xFF, 0xFF, 0xFF, 0xFF, 0xF8, 0x00, 0x0F, 0xFF,
    0xFF, 0xFF, 0xFF, 0xFF, 0xF0, 0x00, 0x0F, 0xFF, 0xFF, 0xFF, 0xFF, 0xFF, 0xF0, 0x00, 0x0F, 0xFF,
    0xFF, 0xFF, 0xFF, 0xFF, 0xE0, 0x00, 0x0F, 0xFF, 0xFF, 0xFF, 0xFF, 0xFF, 0xC0, 0x00, 0x0F, 0xFF,
    0xFF, 0xFF, 0xFF, 0xFF, 0x80, 0x00, 0x0F, 0xFF, 0xFF, 0xFF, 0xFF, 0xFF, 0x00, 0x00, 0x0F, 0xFF,
    0xFF, 0xFF, 0xFF, 0xFE, 0x00, 0x00, 0x0F, 0xFF, 0xFF, 0xFF, 0xFF, 0xF8, 0x00, 0x00, 0x0F, 0xFF,
    0xFF, 0xFF, 0xFF, 0xF0, 0x00, 0x00, 0x0F, 0xFF, 0xFF, 0xFF, 0xFF, 0xF8, 0x00, 0x00, 0x0F, 0xFF,
    0xFF, 0xFF, 0xFF, 0xF8, 0x00, 0x00, 0x0F, 0xFF, 0xF8, 0x0F, 0xFF, 0xFC, 0x00, 0x00, 0x0F, 0xFF,
    0xF8, 0x0F, 0xFF, 0xFC, 0x00, 0x00, 0x0F, 0xFF, 0xF8, 0x07, 0xFF, 0xFE, 0x00, 0x00, 0x0F, 0xFF,
    0xF8, 0x07, 0xFF, 0xFF, 0x00, 0x00, 0x0F, 0xFF, 0xF8, 0x03, 0xFF, 0xFF, 0x00, 0x00, 0x0F, 0xFF,
    0xF8, 0x03, 0xFF, 0xFF, 0x80, 0x00, 0x0F, 0xFF, 0xF8, 0x01, 0xFF, 0xFF, 0x80, 0x00, 0x0F, 0xFF,
    0xF8, 0x01, 0xFF, 0xFF, 0xC0, 0x00, 0x0F, 0xFF, 0xF8, 0x00, 0xFF, 0xFF, 0xC0, 0x00, 0x0F, 0xFF,
    0xF8, 0x00, 0xFF, 0xFF, 0xE0, 0x00, 0x0F, 0xFF, 0xF8, 0x00, 0x7F, 0xFF, 0xE0, 0x00, 0x0F, 0xFF,
    0xF8, 0x00, 0x7F, 0xFF, 0xF0, 0x00, 0x0F, 0xFF, 0xF8, 0x00, 0x3F, 0xFF, 0xF0, 0x00, 0x0F, 0xFF,
    0xF8, 0x00, 0x3F, 0xFF, 0xF8, 0x00, 0x0F, 0xFF, 0xF8, 0x00, 0x1F, 0xFF, 0xFC, 0x00, 0x0F, 0xFF,
    0xF8, 0x00, 0x1F, 0xFF, 0xFC, 0x00, 0x0F, 0xFF, 0xF8, 0x00, 0x0F, 0xFF, 0xFE, 0x00, 0x0F, 0xFF,
    0xF8, 0x00, 0x0F, 0xFF, 0xFE, 0x00, 0x0F, 0xFF, 0xF8, 0x00, 0x07, 0xFF, 0xFF, 0x00, 0x0F, 0xFF,
    0xF8, 0x00, 0x03, 0xFF, 0xFF, 0x00, 0x0F, 0xFF, 0xF8, 0x00, 0x03, 0xFF, 0xFF, 0x80, 0x00, 0x00,
    0x00, 0xFF, 0xF0, 0x00, 0x00, 0x00, 0x00, 0x00, 0x1F, 0xFF, 0xFF, 0x00, 0x00, 0x00, 0x00, 0x00,
    0xFF, 0xFF, 0xFF, 0xE0, 0x00, 0x00, 0x00, 0x03, 0xFF, 0xFF, 0xFF, 0xF8, 0x00, 0x00, 0x00, 0x07,
    0xFF, 0xFF, 0xFF, 0xFC, 0x00, 0x00, 0x00, 0x1F, 0xFF, 0xFF, 0xFF, 0xFF, 0x00, 0x00, 0x00, 0x3F,
    0xFF, 0xFF, 0xFF, 0xFF, 0x80, 0x00, 0x00, 0x7F, 0xFF, 0xFF, 0xFF, 0xFF, 0xC0, 0x00, 0x00, 0xFF,
    0xFF, 0xFF, 0xFF, 0xFF, 0xE0, 0x00, 0x01, 0xFF, 0xFF, 0xFF, 0xFF, 0xFF, 0xE0, 0x00, 0x01, 0xFF,
    0xFF, 0xFF, 0xFF, 0xFF, 0xF0, 0x00, 0x03, 0xFF, 0xFF, 0xFF, 0xFF, 0xFF, 0xF8, 0x00, 0x03, 0xFF,
    0xFF, 0xFF, 0xFF, 0xFF, 0xF8, 0x00, 0x07, 0xFF, 0xFF, 0xFF, 0xFF, 0xFF, 0xF8, 0x00, 0x07, 0xFF,
    0xFF, 0xC0, 0x7F, 0xFF, 0xFC, 0x00, 0x07, 0xFF, 0xFF, 0x00, 0x0F, 0xFF, 0xFC, 0x00, 0x0F, 0xFF,
    0xFE, 0x00, 0x07, 0xFF, 0xFC, 0x00, 0x0F, 0xFF, 0xFC, 0x00, 0x07, 0xFF, 0xFC, 0x00, 0x0F, 0xFF,
    0xFC, 0x00, 0x03, 0xFF, 0xFC, 0x00, 0x0F, 0xFF, 0xFC, 0x00, 0x03, 0xFF, 0xFE, 0x00, 0x0F, 0xFF,
    0xFC, 0x00, 0x03, 0xFF, 0xFE, 0x00, 0x0F, 0xFF, 0xFE, 0x00, 0x00, 0x00, 0x00, 0x00, 0x0F, 0xFF,
    0xFF, 0x00, 0x00, 0x00, 0x00, 0x00, 0x0F, 0xFF, 0xFF, 0xC0, 0x00, 0x00, 0x00, 0x00, 0x07, 0xFF,
    0xFF, 0xF8, 0x00, 0x00, 0x00, 0x00, 0x07, 0xFF, 0xFF, 0xFF, 0x80, 0x00, 0x00, 0x00, 0x07, 0xFF,
    0xFF, 0xFF, 0xFC, 0x00, 0x00, 0x00, 0x03, 0xFF, 0xFF, 0xFF, 0xFF, 0x80, 0x00, 0x00, 0x03, 0xFF,
    0xFF, 0xFF, 0xFF, 0xF0, 0x00, 0x00, 0x01, 0xFF, 0xFF, 0xFF, 0xFF, 0xFC, 0x00, 0x00, 0x01, 0xFF,
    0xFF, 0xFF, 0xFF, 0xFF, 0x00, 0x00, 0x00, 0xFF, 0xFF, 0xFF, 0xFF, 0xFF, 0x80, 0x00, 0x00, 0x7F,
    0xFF, 0xFF, 0xFF, 0xFF, 0xC0, 0x00, 0x00, 0x1F, 0xFF, 0xFF, 0xFF, 0xFF, 0xE0, 0x00, 0x00, 0x0F,
    0xFF, 0xFF, 0xFF, 0xFF, 0xF0, 0x00, 0x00, 0x03, 0xFF, 0xFF, 0xFF, 0xFF, 0xF8, 0x00, 0x00, 0x00,
    0xFF, 0xFF, 0xFF, 0xFF, 0xF8, 0x00, 0x00, 0x00, 0x1F, 0xFF, 0xFF, 0xFF, 0xFC, 0x00, 0x00, 0x00,
    0x00, 0xFF, 0xFF, 0xFF, 0xFC, 0x00, 0x00, 0x00, 0x00, 0x0F, 0xFF, 0xFF, 0xFE, 0x00, 0x00, 0x00,
    0x00, 0x00, 0xFF, 0xFF, 0xFE, 0x00, 0x00, 0x00, 0x00, 0x00, 0x1F, 0xFF, 0xFE, 0x00, 0x3F, 0xFF,
    0xE0, 0x00, 0x0F, 0xFF, 0xFE, 0x00, 0x3F, 0xFF, 0xE0, 0x00, 0x07, 0xFF, 0xFE, 0x00, 0x1F, 0xFF,
    0xE0, 0x00, 0x03, 0xFF, 0xFE, 0x00, 0x1F, 0xFF, 0xE0, 0x00, 0x03, 0xFF, 0xFE, 0x00, 0x1F, 0xFF,
    0xF0, 0x00, 0x03, 0xFF, 0xFE, 0x00, 0x1F, 0xFF, 0xF8, 0x00, 0x03, 0xFF, 0xFE, 0x00, 0x1F, 0xFF,
    0xFC, 0x00, 0x07, 0xFF, 0xFE, 0x00, 0x1F, 0xFF, 0xFE, 0x00, 0x0F, 0xFF, 0xFE, 0x00, 0x0F, 0xFF,
    0xFF, 0xC0, 0x3F, 0xFF, 0xFE, 0x00, 0x0F, 0xFF, 0xFF, 0xFF, 0xFF, 0xFF, 0xFE, 0x00, 0x0F, 0xFF,
    0xFF, 0xFF, 0xFF, 0xFF, 0xFC, 0x00, 0x07, 0xFF, 0xFF, 0xFF, 0xFF, 0xFF, 0xFC, 0x00, 0x03, 0xFF,
    0xFF, 0xFF, 0xFF, 0xFF, 0xF8, 0x00, 0x03, 0xFF, 0xFF, 0xFF, 0xFF, 0xFF, 0xF8, 0x00, 0x01, 0xFF,
    0xFF, 0xFF, 0xFF, 0xFF, 0xF0, 0x00, 0x00, 0xFF, 0xFF, 0xFF, 0xFF, 0xFF, 0xE0, 0x00, 0x00, 0x7F,
    0xFF, 0xFF, 0xFF, 0xFF, 0xC0, 0x00, 0x00, 0x3F, 0xFF, 0xFF, 0xFF, 0xFF, 0x80, 0x00, 0x00, 0x1F,
    0xFF, 0xFF, 0xFF, 0xFF, 0x00, 0x00, 0x00, 0x07, 0xFF, 0xFF, 0xFF, 0xFC, 0x00, 0x00, 0x00, 0x01,
    0xFF, 0xFF, 0xFF, 0xF0, 0x00, 0x00, 0x00, 0x00, 0x3F, 0xFF, 0xFF, 0x80, 0x00, 0x00, 0x00, 0x00,
    0x01, 0xFF, 0xF8, 0x00, 0x00, 0x00, 0x3F, 0xFF, 0xFF, 0xFF, 0xFF, 0xFF, 0xFF, 0x80, 0x3F, 0xFF,
    0xFF, 0xFF, 0xFF, 0xFF, 0xFF, 0x80, 0x3F, 0xFF, 0xFF, 0xFF, 0xFF, 0xFF, 0xFF, 0x80, 0x3F, 0xFF,
    0xFF, 0xFF, 0xFF, 0xFF, 0xFF, 0x80, 0x3F, 0xFF, 0xFF, 0xFF, 0xFF, 0xFF, 0xFF, 0x80, 0x3F, 0xFF,
    0xFF, 0xFF, 0xFF, 0xFF, 0xFF, 0x80, 0x3F, 0xFF, 0xFF, 0xFF, 0xFF, 0xFF, 0xFF, 0x80, 0x3F, 0xFF,
    0xFF, 0xFF, 0xFF, 0xFF, 0xFF, 0x80, 0x3F, 0xFF, 0xFF, 0xFF, 0xFF, 0xFF, 0xFF, 0x80, 0x3F, 0xFF,
    0xFF, 0xFF, 0xFF, 0xFF, 0xFF, 0x80, 0x3F, 0xFF, 0xFF, 0xFF, 0xFF, 0xFF, 0xFF, 0x80, 0x3F, 0xFF,
    0xFF, 0xFF, 0xFF, 0xFF, 0xFF, 0x80, 0x3F, 0xFF, 0xFF, 0xFF, 0xFF, 0xFF, 0xFF, 0x80, 0x3F, 0xFF,
    0xFF, 0xFF, 0xFF, 0xFF, 0xFF, 0x80, 0x00, 0x00, 0x07, 0xFF, 0xFC, 0x00, 0x00, 0x00, 0x00, 0x00,
    0x07, 0xFF, 0xFC, 0x00, 0x00, 0x00, 0x00, 0x00, 0x07, 0xFF, 0xFC, 0x00, 0x00, 0x00, 0x00, 0x00,
    0x07, 0xFF, 0xFC, 0x00, 0x00, 0x00, 0x00, 0x00, 0x07, 0xFF, 0xFC, 0x00, 0x00, 0x00, 0x00, 0x00,
    0x07, 0xFF, 0xFC, 0x00, 0x00, 0x00, 0x00, 0x00, 0x07, 0xFF, 0xFC, 0x00, 0x00, 0x00, 0x00, 0x00,
    0x07, 0xFF, 0xFC, 0x00, 0x00, 0x00, 0x00, 0x00, 0x07, 0xFF, 0xFC, 0x00, 0x00, 0x00, 0x00, 0x00,
    0x07, 0xFF, 0xFC, 0x00, 0x00, 0x00, 0x00, 0x00, 0x07, 0xFF, 0xFC, 0x00, 0x00, 0x00, 0x00, 0x00,
    0x07, 0xFF, 0xFC, 0x00, 0x00, 0x00, 0x00, 0x00, 0x07, 0xFF, 0xFC, 0x00, 0x00, 0x00, 0x00, 0x00,
    0x07, 0xFF, 0xFC, 0x00, 0x00, 0x00, 0x00, 0x00, 0x07, 0xFF, 0xFC, 0x00, 0x00, 0x00, 0x00, 0x00,
    0x07, 0xFF, 0xFC, 0x00, 0x00, 0x00, 0x00, 0x00, 0x07, 0xFF, 0xFC, 0x00, 0x00, 0x00, 0x00, 0x00,
    0x07, 0xFF, 0xFC, 0x00, 0x00, 0x00, 0x00, 0x00, 0x07, 0xFF, 0xFC, 0x00, 0x00, 0x00, 0x00, 0x00,
    0x07, 0xFF, 0xFC, 0x00, 0x00, 0x00, 0x00, 0x00, 0x07, 0xFF, 0xFC, 0x00, 0x00, 0x00, 0x00, 0x00,
    0x07, 0xFF, 0xFC, 0x00, 0x00, 0x00, 0x00, 0x00, 0x07, 0xFF, 0xFC, 0x00, 0x00, 0x00, 0x00, 0x00,
    0x07, 0xFF, 0xFC, 0x00, 0x00, 0x00, 0x00, 0x00, 0x07, 0xFF, 0xFC, 0x00, 0x00, 0x00, 0x00, 0x00,
    0x07, 0xFF, 0xFC, 0x00, 0x00, 0x00, 0x00, 0x00, 0x07, 0xFF, 0xFC, 0x00, 0x00, 0x00, 0x00, 0x00,
    0x07, 0xFF, 0xFC, 0x00, 0x00, 0x00, 0x00, 0x00, 0x07, 0xFF, 0xFC, 0x00, 0x00, 0x00, 0x00, 0x00,
    0x07, 0xFF, 0xFC, 0x00, 0x00, 0x00, 0x00, 0x00, 0x07, 0xFF, 0xFC, 0x00, 0x00, 0x00, 0x00, 0x00,
    0x07, 0xFF, 0xFC, 0x00, 0x00, 0x00, 0x00, 0x00, 0x07, 0xFF, 0xFC, 0x00, 0x00, 0x00, 0x00, 0x00,
    0x07, 0xFF, 0xFC, 0x00, 0x00, 0x00, 0x00, 0x00, 0x07, 0xFF, 0xFC, 0x00, 0x00, 0x00, 0x00, 0x00,
    0x07, 0xFF, 0xFC, 0x00, 0x00, 0x00, 0x00, 0x00, 0x07, 0xFF, 0xFC, 0x00, 0x00, 0x00, 0x00, 0x00,
    0x07, 0xFF, 0xFC, 0x00, 0x00, 0x00, 0x00, 0x00, 0x07, 0xFF, 0xFC, 0x00, 0x00, 0x00, 0x00, 0x00,
    0x07, 0xFF, 0xFC, 0x00, 0x00, 0x00, 0x00, 0x00, 0x07, 0xFF, 0xFC, 0x00, 0x00, 0x00, 0x00, 0x00,
    0x07, 0xFF, 0xFC, 0x00, 0x00, 0x00, 0x00, 0x00, 0x07, 0xFF, 0xFC, 0x00, 0x00, 0x00, 0x00, 0x00,
    0x07, 0xFF, 0xFC, 0x00, 0x00, 0x00, 0x00, 0x00, 0x07, 0xFF, 0xFC, 0x00, 0x00, 0x00, 0x00, 0x00,
    0x07, 0xFF, 0xFC, 0x00, 0x00, 0x00, 0x00, 0x00, 0x07, 0xFF, 0xFC, 0x00, 0x00, 0x00, 0x00, 0x00,
    0x07, 0xFF, 0xFC, 0x00, 0x00, 0x00, 0x00, 0x00, 0x07, 0xFF, 0xFC, 0x00, 0x00, 0x00, 0x0F, 0xFF,
    0xF8, 0x00, 0x00, 0x3F, 0xFF, 0xE0, 0x0F, 0xFF, 0xF8, 0x00, 0x00, 0x3F, 0xFF, 0xE0, 0x0F, 0xFF,
    0xF8, 0x00, 0x00, 0x3F, 0xFF, 0xE0, 0x0F, 0xFF, 0xF8, 0x00, 0x00, 0x3F, 0xFF, 0xE0, 0x0F, 0xFF,
    0xF8, 0x00, 0x00, 0x3F, 0xFF, 0xE0, 0x0F, 0xFF, 0xF8, 0x00, 0x00, 0x3F, 0xFF, 0xE0, 0x0F, 0xFF,
    0xF8, 0x00, 0x00, 0x3F, 0xFF, 0xE0, 0x0F, 0xFF, 0xF8, 0x00, 0x00, 0x3F, 0xFF, 0xE0, 0x0F, 0xFF,
    0xF8, 0x00, 0x00, 0x3F, 0xFF, 0xE0, 0x0F, 0xFF, 0xF8, 0x00, 0x00, 0x3F, 0xFF, 0xE0, 0x0F, 0xFF,
    0xF8, 0x00, 0x00, 0x3F, 0xFF, 0xE0, 0x0F, 0xFF, 0xF8, 0x00, 0x00, 0x3F, 0xFF, 0xE0, 0x0F, 0xFF,
    0xF8, 0x00, 0x00, 0x3F, 0xFF, 0xE0, 0x0F, 0xFF, 0xF8, 0x00, 0x00, 0x3F, 0xFF, 0xE0, 0x0F, 0xFF,
    0xF8, 0x00, 0x00, 0x3F, 0xFF, 0xE0, 0x0F, 0xFF, 0xF8, 0x00, 0x00, 0x3F, 0xFF, 0xE0, 0x0F, 0xFF,
    0xF8, 0x00, 0x00, 0x3F, 0xFF, 0xE0, 0x0F, 0xFF, 0xF8, 0x00, 0x00, 0x3F, 0xFF, 0xE0, 0x0F, 0xFF,
    0xF8, 0x00, 0x00, 0x3F, 0xFF, 0xE0, 0x0F, 0xFF, 0xF8, 0x00, 0x00, 0x3F, 0xFF, 0xE0, 0x0F, 0xFF,
    0xF8, 0x00, 0x00, 0x3F, 0xFF, 0xE0, 0x0F, 0xFF, 0xF8, 0x00, 0x00, 0x3F, 0xFF, 0xE0, 0x0F, 0xFF,
    0xF8, 0x00, 0x00, 0x3F, 0xFF, 0xE0, 0x0F, 0xFF, 0xF8, 0x00, 0x00, 0x3F, 0xFF, 0xE0, 0x0F, 0xFF,
    0xF8, 0x00, 0x00, 0x3F, 0xFF, 0xE0, 0x0F, 0xFF, 0xF8, 0x00, 0x00, 0x3F, 0xFF, 0xE0, 0x0F, 0xFF,
    0xF8, 0x00, 0x00, 0x3F, 0xFF, 0xE0, 0x0F, 0xFF, 0xF8, 0x00, 0x00, 0x3F, 0xFF, 0xE0, 0x0F, 0xFF,
    0xF8, 0x00, 0x00, 0x3F, 0xFF, 0xE0, 0x0F, 0xFF, 0xF8, 0x00, 0x00, 0x3F, 0xFF, 0xE0, 0x0F, 0xFF,
    0xF8, 0x00, 0x00, 0x3F, 0xFF, 0xE0, 0x0F, 0xFF, 0xF8, 0x00, 0x00, 0x3F, 0xFF, 0xE0, 0x0F, 0xFF,
    0xF8, 0x00, 0x00, 0x3F, 0xFF, 0xE0, 0x0F, 0xFF, 0xF8, 0x00, 0x00, 0x3F, 0xFF, 0xE0, 0x0F, 0xFF,
    0xF8, 0x00, 0x00, 0x3F, 0xFF, 0xE0, 0x0F, 0xFF, 0xF8, 0x00, 0x00, 0x3F, 0xFF, 0xE0, 0x0F, 0xFF,
    0xF8, 0x00, 0x00, 0x3F, 0xFF, 0xE0, 0x0F, 0xFF, 0xF8, 0x00, 0x00, 0x3F, 0xFF, 0xE0, 0x0F, 0xFF,
    0xF8, 0x00, 0x00, 0x3F, 0xFF, 0xE0, 0x0F, 0xFF, 0xF8, 0x00, 0x00, 0x3F, 0xFF, 0xE0, 0x0F, 0xFF,
    0xF8, 0x00, 0x00, 0x7F, 0xFF, 0xE0, 0x0F, 0xFF, 0xFC, 0x00, 0x00, 0x7F, 0xFF, 0xE0, 0x0F, 0xFF,
    0xFC, 0x00, 0x00, 0x7F, 0xFF, 0xE0, 0x0F, 0xFF, 0xFC, 0x00, 0x00, 0x7F, 0xFF, 0xE0, 0x0F, 0xFF,
    0xFE, 0x00, 0x00, 0xFF, 0xFF, 0xC0, 0x07, 0xFF, 0xFE, 0x00, 0x01, 0xFF, 0xFF, 0xC0, 0x07, 0xFF,
    0xFF, 0x00, 0x03, 0xFF, 0xFF, 0xC0, 0x07, 0xFF, 0xFF, 0xC0, 0x07, 0xFF, 0xFF, 0xC0, 0x07, 0xFF,
    0xFF, 0xF0, 0x1F, 0xFF, 0xFF, 0x80, 0x03, 0xFF, 0xFF, 0xFF, 0xFF, 0xFF, 0xFF, 0x80, 0x03, 0xFF,
    0xFF, 0xFF, 0xFF, 0xFF, 0xFF, 0x80, 0x01, 0xFF, 0xFF, 0xFF, 0xFF, 0xFF, 0xFF, 0x00, 0x01, 0xFF,
    0xFF, 0xFF, 0xFF, 0xFF, 0xFF, 0x00, 0x00, 0xFF, 0xFF, 0xFF, 0xFF, 0xFF, 0xFE, 0x00, 0x00, 0x7F,
    0xFF, 0xFF, 0xFF, 0xFF, 0xFC, 0x00, 0x00, 0x7F, 0xFF, 0xFF, 0xFF, 0xFF, 0xF8, 0x00, 0x00, 0x3F,
    0xFF, 0xFF, 0xFF, 0xFF, 0xF0, 0x00, 0x00, 0x1F, 0xFF, 0xFF, 0xFF, 0xFF, 0xE0, 0x00, 0x00, 0x07,
    0xFF, 0xFF, 0xFF, 0xFF, 0xC0, 0x00, 0x00, 0x03, 0xFF, 0xFF, 0xFF, 0xFF, 0x80, 0x00, 0x00, 0x00,
    0xFF, 0xFF, 0xFF, 0xFE, 0x00, 0x00, 0x00, 0x00, 0x3F, 0xFF, 0xFF, 0xF8, 0x00, 0x00, 0x00, 0x00,
    0x0F, 0xFF, 0xFF, 0xC0, 0x00, 0x00, 0x00, 0x00, 0x00, 0x7F, 0xFC, 0x00, 0x00, 0x00, 0x3F, 0xFF,
    0xFC, 0x00, 0x00, 0x00, 0xFF, 0xFF, 0xE0, 0x3F, 0xFF, 0xFC, 0x00, 0x00, 0x00, 0xFF, 0xFF, 0xE0,
    0x1F, 0xFF, 0xFC, 0x00, 0x00, 0x01, 0xFF, 0xFF, 0xC0, 0x1F, 0xFF, 0xFC, 0x00, 0x00, 0x01, 0xFF,
    0xFF, 0xC0, 0x1F, 0xFF, 0xFE, 0x00, 0x00, 0x01, 0xFF, 0xFF, 0xC0, 0x0F, 0xFF, 0xFE, 0x00, 0x00,
    0x03, 0xFF, 0xFF, 0x80, 0x0F, 0xFF, 0xFE, 0x00, 0x00, 0x03, 0xFF, 0xFF, 0x80, 0x0F, 0xFF, 0xFF,
    0x00, 0x00, 0x03, 0xFF, 0xFF, 0x80, 0x07, 0xFF, 0xFF, 0x00, 0x00, 0x03, 0xFF, 0xFF, 0x00, 0x07,
    0xFF, 0xFF, 0x00, 0x00, 0x07, 0xFF, 0xFF, 0x00, 0x07, 0xFF, 0xFF, 0x80, 0x00, 0x07, 0xFF, 0xFF,
    0x00, 0x03, 0xFF, 0xFF, 0x80, 0x00, 0x07, 0xFF, 0xFE, 0x00, 0x03, 0xFF, 0xFF, 0x80, 0x00, 0x0F,
    0xFF, 0xFE, 0x00, 0x03, 0xFF, 0xFF, 0x80, 0x00, 0x0F, 0xFF, 0xFE, 0x00, 0x01, 0xFF, 0xFF, 0xC0,
    0x00, 0x0F, 0xFF, 0xFC, 0x00, 0x01, 0xFF, 0xFF, 0xC0, 0x00, 0x0F, 0xFF, 0xFC, 0x00, 0x00, 0xFF,
    0xFF, 0xC0, 0x00, 0x1F, 0xFF, 0xFC, 0x00, 0x00, 0xFF, 0xFF, 0xE0, 0x00, 0x1F, 0xFF, 0xFC, 0x00,
    0x00, 0xFF, 0xFF, 0xE0, 0x00, 0x1F, 0xFF, 0xF8, 0x00, 0x00, 0x7F, 0xFF, 0xE0, 0x00, 0x3F, 0xFF,
    0xF8, 0x00, 0x00, 0x7F, 0xFF, 0xF0, 0x00, 0x3F, 0xFF, 0xF8, 0x00, 0x00, 0x7F, 0xFF, 0xF0, 0x00,
    0x3F, 0xFF, 0xF0, 0x00, 0x00, 0x3F, 0xFF, 0xF0, 0x00, 0x3F, 0xFF, 0xF0, 0x00, 0x00, 0x3F, 0xFF,
    0xF0, 0x00, 0x7F, 0xFF, 0xF0, 0x00, 0x00, 0x3F, 0xFF, 0xF8, 0x00, 0x7F, 0xFF, 0xE0, 0x00, 0x00,
    0x1F, 0xFF, 0xF8, 0x00, 0x7F, 0xFF, 0xE0, 0x00, 0x00, 0x1F, 0xFF, 0xF8, 0x00, 0xFF, 0xFF, 0xE0,
    0x00, 0x00, 0x1F, 0xFF, 0xFC, 0x00, 0xFF, 0xFF, 0xC0, 0x00, 0x00, 0x0F, 0xFF, 0xFC, 0x00, 0xFF,
    0xFF, 0xC0, 0x00, 0x00, 0x0F, 0xFF, 0xFC, 0x00, 0xFF, 0xFF, 0xC0, 0x00, 0x00, 0x0F, 0xFF, 0xFC,
    0x01, 0xFF, 0xFF, 0x80, 0x00, 0x00, 0x07, 0xFF, 0xFE, 0x01, 0xFF, 0xFF, 0x80, 0x00, 0x00, 0x07,
    0xFF, 0xFE, 0x01, 0xFF, 0xFF, 0x80, 0x00, 0x00, 0x07, 0xFF, 0xFE, 0x01, 0xFF, 0xFF, 0x00, 0x00,
    0x00, 0x03, 0xFF, 0xFF, 0x03, 0xFF, 0xFF, 0x00, 0x00, 0x00, 0x03, 0xFF, 0xFF, 0x03, 0xFF, 0xFF,
    0x00, 0x00, 0x00, 0x03, 0xFF, 0xFF, 0x03, 0xFF, 0xFE, 0x00, 0x00, 0x00, 0x01, 0xFF, 0xFF, 0x03,
    0xFF, 0xFE, 0x00, 0x00, 0x00, 0x01, 0xFF, 0xFF, 0x87, 0xFF, 0xFE, 0x00, 0x00, 0x00, 0x01, 0xFF,
    0xFF, 0x87, 0xFF, 0xFC, 0x00, 0x00, 0x00, 0x00, 0xFF, 0xFF, 0x87, 0xFF, 0xFC, 0x00, 0x00, 0x00,
    0x00, 0xFF, 0xFF, 0x87, 0xFF, 0xFC, 0x00, 0x00, 0x00, 0x00, 0xFF, 0xFF, 0xCF, 0xFF, 0xF8, 0x00,
    0x00, 0x00, 0x00, 0x7F, 0xFF, 0xCF, 0xFF, 0xF8, 0x00, 0x00, 0x00, 0x00, 0x7F, 0xFF, 0xCF, 0xFF,
    0xF8, 0x00, 0x00, 0x00, 0x00, 0x7F, 0xFF, 0xCF, 0xFF, 0xF0, 0x00, 0x00, 0x00, 0x00, 0x3F, 0xFF,
    0xEF, 0xFF, 0xF0, 0x00, 0x00, 0x00, 0x00, 0x3F, 0xFF, 0xFF, 0xFF, 0xF0, 0x00, 0x00, 0x00, 0x00,
    0x3F, 0xFF, 0xFF, 0xFF, 0xE0, 0x00, 0x00, 0x00, 0x00, 0x1F, 0xFF, 0xFF, 0xFF, 0xE0, 0x00, 0x00,
    0x00, 0x00, 0x1F, 0xFF, 0xFF, 0xFF, 0xE0, 0x00, 0x00, 0x00, 0x00, 0x1F, 0xFF, 0xFF, 0xFF, 0xC0,
    0x00, 0x00, 0x00, 0x00, 0x0F, 0xFF, 0xFF, 0xFF, 0xC0, 0x00, 0x00, 0x00, 0x00, 0x0F, 0xFF, 0xFF,
    0xFF, 0xC0, 0x00, 0x00, 0x00, 0x00, 0x0F, 0xFF, 0xFF, 0xFF, 0x80, 0x00, 0x00, 0x00, 0x00, 0x07,
    0xFF, 0xFF, 0xFF, 0x80, 0x00, 0x00, 0x00, 0x00, 0x07, 0xFF, 0xFF, 0xFF, 0x80, 0x00, 0x00, 0x00,
    0x00, 0x07, 0xFF, 0xFF, 0xFF, 0x00, 0x00, 0x00, 0x00, 0x00, 0x03, 0xFF, 0xFF, 0xFF, 0x00, 0x00,
    0x00, 0x00, 0x00, 0x03, 0xFF, 0xFF, 0xFF, 0x00, 0x00, 0x00, 0x00, 0x00, 0x03, 0xFF, 0xFF, 0xFE,
    0x00, 0x00, 0x00, 0x00, 0x00, 0x01, 0xFF, 0xFF, 0xFE, 0x00, 0x00, 0x00, 0x00, 0x00, 0x01, 0xFF,
    0xFF, 0xFE, 0x00, 0x00, 0x00, 0x3F, 0xFF, 0xF8, 0x00, 0x03, 0xFF, 0xFF, 0x00, 0x00, 0x7F, 0xFF,
    0xF0, 0x3F, 0xFF, 0xF8, 0x00, 0x03, 0xFF, 0xFF, 0x00, 0x00, 0x7F, 0xFF, 0xF0, 0x1F, 0xFF, 0xFC,
    0x00, 0x03, 0xFF, 0xFF, 0x00, 0x00, 0xFF, 0xFF, 0xF0, 0x1F, 0xFF, 0xFC, 0x00, 0x03, 0xFF, 0xFF,
    0x00, 0x00, 0xFF, 0xFF, 0xE0, 0x1F, 0xFF, 0xFC, 0x00, 0x07, 0xFF, 0xFF, 0x80, 0x00, 0xFF, 0xFF,
    0xE0, 0x1F, 0xFF, 0xFC, 0x00, 0x07, 0xFF, 0xFF, 0x80, 0x00, 0xFF, 0xFF, 0xE0, 0x0F, 0xFF, 0xFC,
    0x00, 0x07, 0xFF, 0xFF, 0x80, 0x00, 0xFF, 0xFF, 0xC0, 0x0F, 0xFF, 0xFE, 0x00, 0x07, 0xFF, 0xFF,
    0x80, 0x01, 0xFF, 0xFF, 0xC0, 0x0F, 0xFF, 0xFE, 0x00, 0x07, 0xFF, 0xFF, 0xC0, 0x01, 0xFF, 0xFF,
    0xC0, 0x0F, 0xFF, 0xFE, 0x00, 0x0F, 0xFF, 0xFF, 0xC0, 0x01, 0xFF, 0xFF, 0xC0, 0x07, 0xFF, 0xFE,
    0x00, 0x0F, 0xFF, 0xFF, 0xC0, 0x01, 0xFF, 0xFF, 0x80, 0x07, 0xFF, 0xFF, 0x00, 0x0F, 0xFF, 0xFF,
    0xC0, 0x01, 0xFF, 0xFF, 0x80, 0x07, 0xFF, 0xFF, 0x00, 0x0F, 0xFF, 0xFF, 0xC0, 0x03, 0xFF, 0xFF,
    0x80, 0x03, 0xFF, 0xFF, 0x00, 0x1F, 0xFF, 0xFF, 0xE0, 0x03, 0xFF, 0xFF, 0x80, 0x03, 0xFF, 0xFF,
    0x00, 0x1F, 0xFF, 0xFF, 0xE0, 0x03, 0xFF, 0xFF, 0x00, 0x03, 0xFF, 0xFF, 0x00, 0x1F, 0xFF, 0xFF,
    0xE0, 0x03, 0xFF, 0xFF, 0x00, 0x03, 0xFF, 0xFF, 0x80, 0x1F, 0xFF, 0xFF, 0xE0, 0x03, 0xFF, 0xFF,
    0x00, 0x01, 0xFF, 0xFF, 0x80, 0x3F, 0xFF, 0xFF, 0xF0, 0x07, 0xFF, 0xFF, 0x00, 0x01, 0xFF, 0xFF,
    0x80, 0x3F, 0xFF, 0xFF, 0xF0, 0x07, 0xFF, 0xFE, 0x00, 0x01, 0xFF, 0xFF, 0x80, 0x3F, 0xFF, 0xFF,
    0xF0, 0x07, 0xFF, 0xFE, 0x00, 0x01, 0xFF, 0xFF, 0x80, 0x3F, 0xFF, 0xFF, 0xF0, 0x07, 0xFF, 0xFE,
    0x00, 0x00, 0xFF, 0xFF, 0xC0, 0x3F, 0xFF, 0xFF, 0xF8, 0x07, 0xFF, 0xFC, 0x00, 0x00, 0xFF, 0xFF,
    0xC0, 0x7F, 0xFF, 0xFF, 0xF8, 0x0F, 0xFF, 0xFC, 0x00, 0x00, 0xFF, 0xFF, 0xC0, 0x7F, 0xFF, 0xFF,
    0xF8, 0x0F, 0xFF, 0xFC, 0x00, 0x00, 0xFF, 0xFF, 0xC0, 0x7F, 0xFF, 0xFF, 0xF8, 0x0F, 0xFF, 0xFC,
    0x00, 0x00, 0x7F, 0xFF, 0xC0, 0x7F, 0xFF, 0xFF, 0xF8, 0x0F, 0xFF, 0xF8, 0x00, 0x00, 0x7F, 0xFF,
    0xE0, 0xFF, 0xFC, 0xFF, 0xFC, 0x1F, 0xFF, 0xF8, 0x00, 0x00, 0x7F, 0xFF, 0xE0, 0xFF, 0xFC, 0xFF,
    0xFC, 0x1F, 0xFF, 0xF8, 0x00, 0x00, 0x3F, 0xFF, 0xE0, 0xFF, 0xFC, 0xFF, 0xFC, 0x1F, 0xFF, 0xF8,
    0x00, 0x00, 0x3F, 0xFF, 0xE0, 0xFF, 0xFC, 0xFF, 0xFC, 0x1F, 0xFF, 0xF0, 0x00, 0x00, 0x3F, 0xFF,
    0xE0, 0xFF, 0xFC, 0xFF, 0xFC, 0x1F, 0xFF, 0xF0, 0x00, 0x00, 0x3F, 0xFF, 0xE1, 0xFF, 0xFC, 0xFF,
    0xFE, 0x1F, 0xFF, 0xF0, 0x00, 0x00, 0x1F, 0xFF, 0xF1, 0xFF, 0xFC, 0x7F, 0xFE, 0x3F, 0xFF, 0xF0,
    0x00, 0x00, 0x1F, 0xFF, 0xF1, 0xFF, 0xF8, 0x7F, 0xFE, 0x3F, 0xFF, 0xE0, 0x00, 0x00, 0x1F, 0xFF,
    0xF1, 0xFF, 0xF8, 0x7F, 0xFE, 0x3F, 0xFF, 0xE0, 0x00, 0x00, 0x1F, 0xFF, 0xF1, 0xFF, 0xF8, 0x7F,
    0xFE, 0x3F, 0xFF, 0xE0, 0x00, 0x00, 0x0F, 0xFF, 0xF1, 0xFF, 0xF8, 0x7F, 0xFE, 0x3F, 0xFF, 0xC0,
    0x00, 0x00, 0x0F, 0xFF, 0xF3, 0xFF, 0xF8, 0x3F, 0xFF, 0x3F, 0xFF, 0xC0, 0x00, 0x00, 0x0F, 0xFF,
    0xF3, 0xFF, 0xF0, 0x3F, 0xFF, 0x3F, 0xFF, 0xC0, 0x00, 0x00, 0x0F, 0xFF, 0xFB, 0xFF, 0xF0, 0x3F,
    0xFF, 0x7F, 0xFF, 0xC0, 0x00, 0x00, 0x07, 0xFF, 0xFB, 0xFF, 0xF0, 0x3F, 0xFF, 0x7F, 0xFF, 0x80,
    0x00, 0x00, 0x07, 0xFF, 0xFB, 0xFF, 0xF0, 0x1F, 0xFF, 0x7F, 0xFF, 0x80, 0x00, 0x00, 0x07, 0xFF,
    0xFB, 0xFF, 0xE0, 0x1F, 0xFF, 0x7F, 0xFF, 0x80, 0x00, 0x00, 0x03, 0xFF, 0xFB, 0xFF, 0xE0, 0x1F,
    0xFF, 0xFF, 0xFF, 0x80, 0x00, 0x00, 0x03, 0xFF, 0xFF, 0xFF, 0xE0, 0x1F, 0xFF, 0xFF, 0xFF, 0x00,
    0x00, 0x00, 0x03, 0xFF, 0xFF, 0xFF, 0xE0, 0x0F, 0xFF, 0xFF, 0xFF, 0x00, 0x00, 0x00, 0x03, 0xFF,
    0xFF, 0xFF, 0xC0, 0x0F, 0xFF, 0xFF, 0xFF, 0x00, 0x00, 0x00, 0x01, 0xFF, 0xFF, 0xFF, 0xC0, 0x0F,
    0xFF, 0xFF, 0xFF, 0x00, 0x00, 0x00, 0x01, 0xFF, 0xFF, 0xFF, 0xC0, 0x0F, 0xFF, 0xFF, 0xFE, 0x00,
    0x00, 0x00, 0x01, 0xFF, 0xFF, 0xFF, 0xC0, 0x07, 0xFF, 0xFF, 0xFE, 0x00, 0x00, 0x00, 0x01, 0xFF,
    0xFF, 0xFF, 0x80, 0x07, 0xFF, 0xFF, 0xFE, 0x00, 0x00, 0x00, 0x00, 0xFF, 0xFF, 0xFF, 0x80, 0x07,
    0xFF, 0xFF, 0xFC, 0x00, 0x00, 0x00, 0x00, 0xFF, 0xFF, 0xFF, 0x80, 0x07, 0xFF, 0xFF, 0xFC, 0x00,
    0x00, 0x00, 0x00, 0xFF, 0xFF, 0xFF, 0x80, 0x03, 0xFF, 0xFF, 0xFC, 0x00, 0x00, 0x00, 0x00, 0xFF,
    0xFF, 0xFF, 0x00, 0x03, 0xFF, 0xFF, 0xFC, 0x00, 0x00, 0x00, 0x00, 0x7F, 0xFF, 0xFF, 0x00, 0x03,
    0xFF, 0xFF, 0xF8, 0x00, 0x00, 0x00, 0x00, 0x7F, 0xFF, 0xFF, 0x00, 0x03, 0xFF, 0xFF, 0xF8, 0x00,
    0x00, 0x00, 0x00, 0x7F, 0xFF, 0xFF, 0x00, 0x01, 0xFF, 0xFF, 0xF8, 0x00, 0x00, 0x00, 0x00, 0x3F,
    0xFF, 0xFE, 0x00, 0x01, 0xFF, 0xFF, 0xF8, 0x00, 0x00, 0x00, 0x00, 0x3F, 0xFF, 0xFE, 0x00, 0x01,
    0xFF, 0xFF, 0xF0, 0x00, 0x00, 0x00, 0x00, 0x3F, 0xFF, 0xFE, 0x00, 0x01, 0xFF, 0xFF, 0xF0, 0x00,
    0x00, 0x00, 0x00, 0x3F, 0xFF, 0xFE, 0x00, 0x00, 0xFF, 0xFF, 0xF0, 0x00, 0x00, 0x00, 0x00, 0x1F,
    0xFF, 0xFC, 0x00, 0x00, 0xFF, 0xFF, 0xF0, 0x00, 0x00, 0x0F, 0xFF, 0xFF, 0x80, 0x00, 0x0F, 0xFF,
    0xFF, 0x00, 0x07, 0xFF, 0xFF, 0x80, 0x00, 0x0F, 0xFF, 0xFE, 0x00, 0x03, 0xFF, 0xFF, 0xC0, 0x00,
    0x1F, 0xFF, 0xFC, 0x00, 0x01, 0xFF, 0xFF, 0xE0, 0x00, 0x3F, 0xFF, 0xFC, 0x00, 0x01, 0xFF, 0xFF,
    0xE0, 0x00, 0x3F, 0xFF, 0xF8, 0x00, 0x00, 0xFF, 0xFF, 0xF0, 0x00, 0x7F, 0xFF, 0xF0, 0x00, 0x00,
    0x7F, 0xFF, 0xF0, 0x00, 0x7F, 0xFF, 0xF0, 0x00, 0x00, 0x7F, 0xFF, 0xF8, 0x00, 0xFF, 0xFF, 0xE0,
    0x00, 0x00, 0x3F, 0xFF, 0xFC, 0x01, 0xFF, 0xFF, 0xC0, 0x00, 0x00, 0x1F, 0xFF, 0xFC, 0x01, 0xFF,
    0xFF, 0xC0, 0x00, 0x00, 0x1F, 0xFF, 0xFE, 0x03, 0xFF, 0xFF, 0x80, 0x00, 0x00, 0x0F, 0xFF, 0xFE,
    0x03, 0xFF, 0xFF, 0x80, 0x00, 0x00, 0x07, 0xFF, 0xFF, 0x07, 0xFF, 0xFF, 0x00, 0x00, 0x00, 0x07,
    0xFF, 0xFF, 0x07, 0xFF, 0xFE, 0x00, 0x00, 0x00, 0x03, 0xFF, 0xFF, 0x8F, 0xFF, 0xFE, 0x00, 0x00,
    0x00, 0x01, 0xFF, 0xFF, 0x8F, 0xFF, 0xFC, 0x00, 0x00, 0x00, 0x01, 0xFF, 0xFF, 0x9F, 0xFF, 0xF8,
    0x00, 0x00, 0x00, 0x00, 0xFF, 0xFF, 0xDF, 0xFF, 0xF8, 0x00, 0x00, 0x00, 0x00, 0x7F, 0xFF, 0xDF,
    0xFF, 0xF0, 0x00, 0x00, 0x00, 0x00, 0x7F, 0xFF, 0xFF, 0xFF, 0xE0, 0x00, 0x00, 0x00, 0x00, 0x3F,
    0xFF, 0xFF, 0xFF, 0xE0, 0x00, 0x00, 0x00, 0x00, 0x3F, 0xFF, 0xFF, 0xFF, 0xC0, 0x00, 0x00, 0x00,
    0x00, 0x1F, 0xFF, 0xFF, 0xFF, 0x80, 0x00, 0x00, 0x00, 0x00, 0x0F, 0xFF, 0xFF, 0xFF, 0x80, 0x00,
    0x00, 0x00, 0x00, 0x0F, 0xFF, 0xFF, 0xFF, 0x00, 0x00, 0x00, 0x00, 0x00, 0x07, 0xFF, 0xFF, 0xFE,
    0x00, 0x00, 0x00, 0x00, 0x00, 0x03, 0xFF, 0xFF, 0xFE, 0x00, 0x00, 0x00, 0x00, 0x00, 0x03, 0xFF,
    0xFF, 0xFC, 0x00, 0x00, 0x00, 0x00, 0x00, 0x01, 0xFF, 0xFF, 0xFC, 0x00, 0x00, 0x00, 0x00, 0x00,
    0x00, 0xFF, 0xFF, 0xF8, 0x00, 0x00, 0x00, 0x00, 0x00, 0x00, 0xFF, 0xFF, 0xF0, 0x00, 0x00, 0x00,
    0x00, 0x00, 0x00, 0x7F, 0xFF, 0xF8, 0x00, 0x00, 0x00, 0x00, 0x00, 0x00, 0xFF, 0xFF, 0xF8, 0x00,
    0x00, 0x00, 0x00, 0x00, 0x01, 0xFF, 0xFF, 0xFC, 0x00, 0x00, 0x00, 0x00, 0x00, 0x03, 0xFF, 0xFF,
    0xFE, 0x00, 0x00, 0x00, 0x00, 0x00, 0x03, 0xFF, 0xFF, 0xFE, 0x00, 0x00, 0x00, 0x00, 0x00, 0x07,
    0xFF, 0xFF, 0xFF, 0x00, 0x00, 0x00, 0x00, 0x00, 0x0F, 0xFF, 0xFF, 0xFF, 0x80, 0x00, 0x00, 0x00,
    0x00, 0x0F, 0xFF, 0xFF, 0xFF, 0x80, 0x00, 0x00, 0x00, 0x00, 0x1F, 0xFF, 0xFF, 0xFF, 0xC0, 0x00,
    0x00, 0x00, 0x00, 0x3F, 0xFF, 0xFF, 0xFF, 0xE0, 0x00, 0x00, 0x00, 0x00, 0x7F, 0xFF, 0xFF, 0xFF,
    0xF0, 0x00, 0x00, 0x00, 0x00, 0x7F, 0xFF, 0xFF, 0xFF, 0xF0, 0x00, 0x00, 0x00, 0x00, 0xFF, 0xFF,
    0xFF, 0xFF, 0xF8, 0x00, 0x00, 0x00, 0x01, 0xFF, 0xFF, 0xDF, 0xFF, 0xFC, 0x00, 0x00, 0x00, 0x03,
    0xFF, 0xFF, 0x9F, 0xFF, 0xFC, 0x00, 0x00, 0x00, 0x03, 0xFF, 0xFF, 0x8F, 0xFF, 0xFE, 0x00, 0x00,
    0x00, 0x07, 0xFF, 0xFF, 0x0F, 0xFF, 0xFF, 0x00, 0x00, 0x00, 0x0F, 0xFF, 0xFF, 0x07, 0xFF, 0xFF,
    0x00, 0x00, 0x00, 0x0F, 0xFF, 0xFE, 0x07, 0xFF, 0xFF, 0x80, 0x00, 0x00, 0x1F, 0xFF, 0xFC, 0x03,
    0xFF, 0xFF, 0xC0, 0x00, 0x00, 0x3F, 0xFF, 0xFC, 0x01, 0xFF, 0xFF, 0xC0, 0x00, 0x00, 0x7F, 0xFF,
    0xF8, 0x01, 0xFF, 0xFF, 0xE0, 0x00, 0x00, 0x7F, 0xFF, 0xF0, 0x00, 0xFF, 0xFF, 0xF0, 0x00, 0x00,
    0xFF, 0xFF, 0xF0, 0x00, 0xFF, 0xFF, 0xF8, 0x00, 0x01, 0xFF, 0xFF, 0xE0, 0x00, 0x7F, 0xFF, 0xF8,
    0x00, 0x01, 0xFF, 0xFF, 0xC0, 0x00, 0x3F, 0xFF, 0xFC, 0x00, 0x03, 0xFF, 0xFF, 0xC0, 0x00, 0x3F,
    0xFF, 0xFE, 0x00, 0x07, 0xFF, 0xFF, 0x80, 0x00, 0x1F, 0xFF, 0xFE, 0x00, 0x0F, 0xFF, 0xFF, 0x00,
    0x00, 0x0F, 0xFF, 0xFF, 0x00, 0x0F, 0xFF, 0xFF, 0x00, 0x00, 0x0F, 0xFF, 0xFF, 0x80, 0x1F, 0xFF,
    0xFE, 0x00, 0x00, 0x07, 0xFF, 0xFF, 0x80, 0x3F, 0xFF, 0xFC, 0x00, 0x00, 0x03, 0xFF, 0xFF, 0xC0,
    0x3F, 0xFF, 0xFC, 0x00, 0x00, 0x07, 0xFF, 0xFF, 0xC0, 0x1F, 0xFF, 0xFE, 0x00, 0x00, 0x07, 0xFF,
    0xFF, 0x80, 0x1F, 0xFF, 0xFE, 0x00, 0x00, 0x0F, 0xFF, 0xFF, 0x00, 0x0F, 0xFF, 0xFF, 0x00, 0x00,
    0x0F, 0xFF, 0xFF, 0x00, 0x07, 0xFF, 0xFF, 0x00, 0x00, 0x1F, 0xFF, 0xFE, 0x00, 0x07, 0xFF, 0xFF,
    0x80, 0x00, 0x1F, 0xFF, 0xFC, 0x00, 0x03, 0xFF, 0xFF, 0x80, 0x00, 0x1F, 0xFF, 0xFC, 0x00, 0x03,
    0xFF, 0xFF, 0xC0, 0x00, 0x3F, 0xFF, 0xF8, 0x00, 0x01, 0xFF, 0xFF, 0xC0, 0x00, 0x3F, 0xFF, 0xF8,
    0x00, 0x01, 0xFF, 0xFF, 0xE0, 0x00, 0x7F, 0xFF, 0xF0, 0x00, 0x00, 0xFF, 0xFF, 0xE0, 0x00, 0x7F,
    0xFF, 0xF0, 0x00, 0x00, 0x7F, 0xFF, 0xF0, 0x00, 0xFF, 0xFF, 0xE0, 0x00, 0x00, 0x7F, 0xFF, 0xF0,
    0x00, 0xFF, 0xFF, 0xE0, 0x00, 0x00, 0x3F, 0xFF, 0xF8, 0x01, 0xFF, 0xFF, 0xC0, 0x00, 0x00, 0x3F,
    0xFF, 0xF8, 0x01, 0xFF, 0xFF, 0x80, 0x00, 0x00, 0x1F, 0xFF, 0xF8, 0x01, 0xFF, 0xFF, 0x80, 0x00,
    0x00, 0x1F, 0xFF, 0xFC, 0x03, 0xFF, 0xFF, 0x00, 0x00, 0x00, 0x0F, 0xFF, 0xFC, 0x03, 0xFF, 0xFF,
    0x00, 0x00, 0x00, 0x0F, 0xFF, 0xFE, 0x07, 0xFF, 0xFE, 0x00, 0x00, 0x00, 0x07, 0xFF, 0xFE, 0x07,
    0xFF, 0xFE, 0x00, 0x00, 0x00, 0x03, 0xFF, 0xFF, 0x0F, 0xFF, 0xFC, 0x00, 0x00, 0x00, 0x03, 0xFF,
    0xFF, 0x0F, 0xFF, 0xFC, 0x00, 0x00, 0x00, 0x01, 0xFF, 0xFF, 0x8F, 0xFF, 0xF8, 0x00, 0x00, 0x00,
    0x01, 0xFF, 0xFF, 0x9F, 0xFF, 0xF8, 0x00, 0x00, 0x00, 0x00, 0xFF, 0xFF, 0x9F, 0xFF, 0xF0, 0x00,
    0x00, 0x00, 0x00, 0xFF, 0xFF, 0xDF, 0xFF, 0xE0, 0x00, 0x00, 0x00, 0x00, 0x7F, 0xFF, 0xFF, 0xFF,
    0xE0, 0x00, 0x00, 0x00, 0x00, 0x3F, 0xFF, 0xFF, 0xFF, 0xC0, 0x00, 0x00, 0x00, 0x00, 0x3F, 0xFF,
    0xFF, 0xFF, 0xC0, 0x00, 0x00, 0x00, 0x00, 0x1F, 0xFF, 0xFF, 0xFF, 0x80, 0x00, 0x00, 0x00, 0x00,
    0x1F, 0xFF, 0xFF, 0xFF, 0x80, 0x00, 0x00, 0x00, 0x00, 0x0F, 0xFF, 0xFF, 0xFF, 0x00, 0x00, 0x00,
    0x00, 0x00, 0x0F, 0xFF, 0xFF, 0xFF, 0x00, 0x00, 0x00, 0x00, 0x00, 0x07, 0xFF, 0xFF, 0xFE, 0x00,
    0x00, 0x00, 0x00, 0x00, 0x03, 0xFF, 0xFF, 0xFC, 0x00, 0x00, 0x00, 0x00, 0x00, 0x03, 0xFF, 0xFF,
    0xFC, 0x00, 0x00, 0x00, 0x00, 0x00, 0x01, 0xFF, 0xFF, 0xF8, 0x00, 0x00, 0x00, 0x00, 0x00, 0x01,
    0xFF, 0xFF, 0xF8, 0x00, 0x00, 0x00, 0x00, 0x00, 0x00, 0xFF, 0xFF, 0xF0, 0x00, 0x00, 0x00, 0x00,
    0x00, 0x00, 0xFF, 0xFF, 0xF0, 0x00, 0x00, 0x00, 0x00, 0x00, 0x00, 0x7F, 0xFF, 0xE0, 0x00, 0x00,
    0x00, 0x00, 0x00, 0x00, 0x3F, 0xFF, 0xE0, 0x00, 0x00, 0x00, 0x00, 0x00, 0x00, 0x3F, 0xFF, 0xE0,
    0x00, 0x00, 0x00, 0x00, 0x00, 0x00, 0x3F, 0xFF, 0xE0, 0x00, 0x00, 0x00, 0x00, 0x00, 0x00, 0x3F,
    0xFF, 0xE0, 0x00, 0x00, 0x00, 0x00, 0x00, 0x00, 0x3F, 0xFF, 0xE0, 0x00, 0x00, 0x00, 0x00, 0x00,
    0x00, 0x3F, 0xFF, 0xE0, 0x00, 0x00, 0x00, 0x00, 0x00, 0x00, 0x3F, 0xFF, 0xE0, 0x00, 0x00, 0x00,
    0x00, 0x00, 0x00, 0x3F, 0xFF, 0xE0, 0x00, 0x00, 0x00, 0x00, 0x00, 0x00, 0x3F, 0xFF, 0xE0, 0x00,
    0x00, 0x00, 0x00, 0x00, 0x00, 0x3F, 0xFF, 0xE0, 0x00, 0x00, 0x00, 0x00, 0x00, 0x00, 0x3F, 0xFF,
    0xE0, 0x00, 0x00, 0x00, 0x00, 0x00, 0x00, 0x3F, 0xFF, 0xE0, 0x00, 0x00, 0x00, 0x00, 0x00, 0x00,
    0x3F, 0xFF, 0xE0, 0x00, 0x00, 0x00, 0x00, 0x00, 0x00, 0x3F, 0xFF, 0xE0, 0x00, 0x00, 0x00, 0x00,
    0x00, 0x00, 0x3F, 0xFF, 0xE0, 0x00, 0x00, 0x00, 0x00, 0x00, 0x00, 0x3F, 0xFF, 0xE0, 0x00, 0x00,
    0x00, 0x00, 0x00, 0x00, 0x3F, 0xFF, 0xE0, 0x00, 0x00, 0x00, 0x00, 0x00, 0x00, 0x3F, 0xFF, 0xE0,
    0x00, 0x00, 0x00, 0x00, 0x00, 0x00, 0x3F, 0xFF, 0xE0, 0x00, 0x00, 0x00, 0x00, 0x00, 0x00, 0x3F,
    0xFF, 0xE0, 0x00, 0x00, 0x00, 0x00, 0x00, 0x00, 0x3F, 0xFF, 0xE0, 0x00, 0x00, 0x00, 0x00, 0x00,
    0x00, 0x3F, 0xFF, 0xE0, 0x00, 0x00, 0x00, 0x0F, 0xFF, 0xFF, 0xFF, 0xFF, 0xFF, 0xFF, 0x00, 0x0F,
    0xFF, 0xFF, 0xFF, 0xFF, 0xFF, 0xFF, 0x00, 0x0F, 0xFF, 0xFF, 0xFF, 0xFF, 0xFF, 0xFF, 0x00, 0x0F,
    0xFF, 0xFF, 0xFF, 0xFF, 0xFF, 0xFF, 0x00, 0x0F, 0xFF, 0xFF, 0xFF, 0xFF, 0xFF, 0xFF, 0x00, 0x0F,
    0xFF, 0xFF, 0xFF, 0xFF, 0xFF, 0xFF, 0x00, 0x0F, 0xFF, 0xFF, 0xFF, 0xFF, 0xFF, 0xFF, 0x00, 0x0F,
    0xFF, 0xFF, 0xFF, 0xFF, 0xFF, 0xFF, 0x00, 0x0F, 0xFF, 0xFF, 0xFF, 0xFF, 0xFF, 0xFF, 0x00, 0x0F,
    0xFF, 0xFF, 0xFF, 0xFF, 0xFF, 0xFF, 0x00, 0x0F, 0xFF, 0xFF, 0xFF, 0xFF, 0xFF, 0xFE, 0x00, 0x0F,
    0xFF, 0xFF, 0xFF, 0xFF, 0xFF, 0xFE, 0x00, 0x0F, 0xFF, 0xFF, 0xFF, 0xFF, 0xFF, 0xFC, 0x00, 0x0F,
    0xFF, 0xFF, 0xFF, 0xFF, 0xFF, 0xF8, 0x00, 0x00, 0x00, 0x00, 0x00, 0x1F, 0xFF, 0xF0, 0x00, 0x00,
    0x00, 0x00, 0x00, 0x3F, 0xFF, 0xF0, 0x00, 0x00, 0x00, 0x00, 0x00, 0x7F, 0xFF, 0xE0, 0x00, 0x00,
    0x00, 0x00, 0x00, 0xFF, 0xFF, 0xC0, 0x00, 0x00, 0x00, 0x00, 0x01, 0xFF, 0xFF, 0x80, 0x00, 0x00,
    0x00, 0x00, 0x03, 0xFF, 0xFF, 0x80, 0x00, 0x00, 0x00, 0x00, 0x07, 0xFF, 0xFF, 0x00, 0x00, 0x00,
    0x00, 0x00, 0x07, 0xFF, 0xFE, 0x00, 0x00, 0x00, 0x00, 0x00, 0x0F, 0xFF, 0xFC, 0x00, 0x00, 0x00,
    0x00, 0x00, 0x1F, 0xFF, 0xFC, 0x00, 0x00, 0x00, 0x00, 0x00, 0x3F, 0xFF, 0xF8, 0x00, 0x00, 0x00,
    0x00, 0x00, 0x3F, 0xFF, 0xF0, 0x00, 0x00, 0x00, 0x00, 0x00, 0x7F, 0xFF, 0xE0, 0x00, 0x00, 0x00,
    0x00, 0x00, 0xFF, 0xFF, 0xC0, 0x00, 0x00, 0x00, 0x00, 0x01, 0xFF, 0xFF, 0xC0, 0x00, 0x00, 0x00,
    0x00, 0x01, 0xFF, 0xFF, 0x80, 0x00, 0x00, 0x00, 0x00, 0x03, 0xFF, 0xFF, 0x00, 0x00, 0x00, 0x00,
    0x00, 0x07, 0xFF, 0xFE, 0x00, 0x00, 0x00, 0x00, 0x00, 0x0F, 0xFF, 0xFE, 0x00, 0x00, 0x00, 0x00,
    0x00, 0x1F, 0xFF, 0xFC, 0x00, 0x00, 0x00, 0x00, 0x00, 0x1F, 0xFF, 0xF8, 0x00, 0x00, 0x00, 0x00,
    0x00, 0x3F, 0xFF, 0xF0, 0x00, 0x00, 0x00, 0x00, 0x00, 0x7F, 0xFF, 0xF0, 0x00, 0x00, 0x00, 0x00,
    0x00, 0xFF, 0xFF, 0xE0, 0x00, 0x00, 0x00, 0x00, 0x00, 0xFF, 0xFF, 0xC0, 0x00, 0x00, 0x00, 0x00,
    0x01, 0xFF, 0xFF, 0x80, 0x00, 0x00, 0x00, 0x00, 0x03, 0xFF, 0xFF, 0x80, 0x00, 0x00, 0x00, 0x00,
    0x07, 0xFF, 0xFF, 0x00, 0x00, 0x00, 0x00, 0x00, 0x07, 0xFF, 0xFE, 0x00, 0x00, 0x00, 0x00, 0x00,
    0x0F, 0xFF, 0xFC, 0x00, 0x00, 0x00, 0x00, 0x00, 0x1F, 0xFF, 0xF8, 0x00, 0x00, 0x00, 0x00, 0x00,
    0x3F, 0xFF, 0xF0, 0x00, 0x00, 0x00, 0x00, 0x00, 0x3F, 0xFF, 0xE0, 0x00, 0x00, 0x00, 0x00, 0x00,
    0x7F, 0xFF, 0xE0, 0x00, 0x00, 0x00, 0x00, 0x00, 0xFF, 0xFF, 0xC0, 0x00, 0x00, 0x00, 0x00, 0x01,
    0xFF, 0xFF, 0xFF, 0xFF, 0xFF, 0xFF, 0x00, 0x03, 0xFF, 0xFF, 0xFF, 0xFF, 0xFF, 0xFF, 0x00, 0x03,
    0xFF, 0xFF, 0xFF, 0xFF, 0xFF, 0xFF, 0x00, 0x07, 0xFF, 0xFF, 0xFF, 0xFF, 0xFF, 0xFF, 0x00, 0x0F,
    0xFF, 0xFF, 0xFF, 0xFF, 0xFF, 0xFF, 0x00, 0x0F, 0xFF, 0xFF, 0xFF, 0xFF, 0xFF, 0xFF, 0x00, 0x0F,
    0xFF, 0xFF, 0xFF, 0xFF, 0xFF, 0xFF, 0x00, 0x0F, 0xFF, 0xFF, 0xFF, 0xFF, 0xFF, 0xFF, 0x00, 0x0F,
    0xFF, 0xFF, 0xFF, 0xFF, 0xFF, 0xFF, 0x00, 0x0F, 0xFF, 0xFF, 0xFF, 0xFF, 0xFF, 0xFF, 0x00, 0x0F,
    0xFF, 0xFF, 0xFF, 0xFF, 0xFF, 0xFF, 0x00, 0x0F, 0xFF, 0xFF, 0xFF, 0xFF, 0xFF, 0xFF, 0x00, 0x0F,
    0xFF, 0xFF, 0xFF, 0xFF, 0xFF, 0xFF, 0x00, 0x0F, 0xFF, 0xFF, 0xFF, 0xFF, 0xFF, 0xFF, 0x00, 0x03,
    0xFF, 0xFF, 0xFC, 0x00, 0x03, 0xFF, 0xFF, 0xFC, 0x00, 0x03, 0xFF, 0xFF, 0xFC, 0x00, 0x03, 0xFF,
    0xFF, 0xFC, 0x00, 0x03, 0xFF, 0xFF, 0xFC, 0x00, 0x03, 0xFF, 0xFF, 0xFC, 0x00, 0x03, 0xFF, 0xFF,
    0xFC, 0x00, 0x03, 0xFF, 0xFF, 0xFC, 0x00, 0x03, 0xFF, 0xFF, 0xFC, 0x00, 0x03, 0xFF, 0xFF, 0xFC,
    0x00, 0x03, 0xFF, 0xFF, 0xFC, 0x00, 0x03, 0xFF, 0xFF, 0xFC, 0x00, 0x03, 0xFF, 0xFF, 0xFC, 0x00,
    0x03, 0xFF, 0xFE, 0x00, 0x00, 0x03, 0xFF, 0xFE, 0x00, 0x00, 0x03, 0xFF, 0xFE, 0x00, 0x00, 0x03,
    0xFF, 0xFE, 0x00, 0x00, 0x03, 0xFF, 0xFE, 0x00, 0x00, 0x03, 0xFF, 0xFE, 0x00, 0x00, 0x03, 0xFF,
    0xFE, 0x00, 0x00, 0x03, 0xFF, 0xFE, 0x00, 0x00, 0x03, 0xFF, 0xFE, 0x00, 0x00, 0x03, 0xFF, 0xFE,
    0x00, 0x00, 0x03, 0xFF, 0xFE, 0x00, 0x00, 0x03, 0xFF, 0xFE, 0x00, 0x00, 0x03, 0xFF, 0xFE, 0x00,
    0x00, 0x03, 0xFF, 0xFE, 0x00, 0x00, 0x03, 0xFF, 0xFE, 0x00, 0x00, 0x03, 0xFF, 0xFE, 0x00, 0x00,
    0x03, 0xFF, 0xFE, 0x00, 0x00, 0x03, 0xFF, 0xFE, 0x00, 0x00, 0x03, 0xFF, 0xFE, 0x00, 0x00, 0x03,
    0xFF, 0xFE, 0x00, 0x00, 0x03, 0xFF, 0xFE, 0x00, 0x00, 0x03, 0xFF, 0xFE, 0x00, 0x00, 0x03, 0xFF,
    0xFE, 0x00, 0x00, 0x03, 0xFF, 0xFE, 0x00, 0x00, 0x03, 0xFF, 0xFE, 0x00, 0x00, 0x03, 0xFF, 0xFE,
    0x00, 0x00, 0x03, 0xFF, 0xFE, 0x00, 0x00, 0x03, 0xFF, 0xFE, 0x00, 0x00, 0x03, 0xFF, 0xFE, 0x00,
    0x00, 0x03, 0xFF, 0xFE, 0x00, 0x00, 0x03, 0xFF, 0xFE, 0x00, 0x00, 0x03, 0xFF, 0xFE, 0x00, 0x00,
    0x03, 0xFF, 0xFE, 0x00, 0x00, 0x03, 0xFF, 0xFE, 0x00, 0x00, 0x03, 0xFF, 0xFE, 0x00, 0x00, 0x03,
    0xFF, 0xFE, 0x00, 0x00, 0x03, 0xFF, 0xFE, 0x00, 0x00, 0x03, 0xFF, 0xFE, 0x00, 0x00, 0x03, 0xFF,
    0xFE, 0x00, 0x00, 0x03, 0xFF, 0xFE, 0x00, 0x00, 0x03, 0xFF, 0xFE, 0x00, 0x00, 0x03, 0xFF, 0xFE,
    0x00, 0x00, 0x03, 0xFF, 0xFE, 0x00, 0x00, 0x03, 0xFF, 0xFE, 0x00, 0x00, 0x03, 0xFF, 0xFE, 0x00,
    0x00, 0x03, 0xFF, 0xFE, 0x00, 0x00, 0x03, 0xFF, 0xFE, 0x00, 0x00, 0x03, 0xFF, 0xFE, 0x00, 0x00,
    0x03, 0xFF, 0xFE, 0x00, 0x00, 0x03, 0xFF, 0xFE, 0x00, 0x00, 0x03, 0xFF, 0xFE, 0x00, 0x00, 0x03,
    0xFF, 0xFE, 0x00, 0x00, 0x03, 0xFF, 0xFE, 0x00, 0x00, 0x03, 0xFF, 0xFF, 0xFC, 0x00, 0x03, 0xFF,
    0xFF, 0xFC, 0x00, 0x03, 0xFF, 0xFF, 0xFC, 0x00, 0x03, 0xFF, 0xFF, 0xFC, 0x00, 0x03, 0xFF, 0xFF,
    0xFC, 0x00, 0x03, 0xFF, 0xFF, 0xFC, 0x00, 0x03, 0xFF, 0xFF, 0xFC, 0x00, 0x03, 0xFF, 0xFF, 0xFC,
    0x00, 0x03, 0xFF, 0xFF, 0xFC, 0x00, 0x03, 0xFF, 0xFF, 0xFC, 0x00, 0x03, 0xFF, 0xFF, 0xFC, 0x00,
    0x03, 0xFF, 0xFF, 0xFC, 0x00, 0x03, 0xFF, 0xFF, 0xFC, 0x00, 0x7F, 0xFE, 0x00, 0x00, 0x00, 0x7F,
    0xFE, 0x00, 0x00, 0x00, 0x7F, 0xFE, 0x00, 0x00, 0x00, 0x7F, 0xFF, 0x00, 0x00, 0x00, 0x3F, 0xFF,
    0x00, 0x00, 0x00, 0x3F, 0xFF, 0x00, 0x00, 0x00, 0x3F, 0xFF, 0x80, 0x00, 0x00, 0x3F, 0xFF, 0x80,
    0x00, 0x00, 0x1F, 0xFF, 0x80, 0x00, 0x00, 0x1F, 0xFF, 0x80, 0x00, 0x00, 0x1F, 0xFF, 0xC0, 0x00,
    0x00, 0x1F, 0xFF, 0xC0, 0x00, 0x00, 0x0F, 0xFF, 0xC0, 0x00, 0x00, 0x0F, 0xFF, 0xC0, 0x00, 0x00,
    0x0F, 0xFF, 0xE0, 0x00, 0x00, 0x07, 0xFF, 0xE0, 0x00, 0x00, 0x07, 0xFF, 0xE0, 0x00, 0x00, 0x07,
    0xFF, 0xF0, 0x00, 0x00, 0x07, 0xFF, 0xF0, 0x00, 0x00, 0x03, 0xFF, 0xF0, 0x00, 0x00, 0x03, 0xFF,
    0xF0, 0x00, 0x00, 0x03, 0xFF, 0xF8, 0x00, 0x00, 0x03, 0xFF, 0xF8, 0x00, 0x00, 0x01, 0xFF, 0xF8,
    0x00, 0x00, 0x01, 0xFF, 0xF8, 0x00, 0x00, 0x01, 0xFF, 0xFC, 0x00, 0x00, 0x00, 0xFF, 0xFC, 0x00,
    0x00, 0x00, 0xFF, 0xFC, 0x00, 0x00, 0x00, 0xFF, 0xFE, 0x00, 0x00, 0x00, 0xFF, 0xFE, 0x00, 0x00,
    0x00, 0x7F, 0xFE, 0x00, 0x00, 0x00, 0x7F, 0xFE, 0x00, 0x00, 0x00, 0x7F, 0xFF, 0x00, 0x00, 0x00,
    0x7F, 0xFF, 0x00, 0x00, 0x00, 0x3F, 0xFF, 0x00, 0x00, 0x00, 0x3F, 0xFF, 0x00, 0x00, 0x00, 0x3F,
    0xFF, 0x80, 0x00, 0x00, 0x1F, 0xFF, 0x80, 0x00, 0x00, 0x1F, 0xFF, 0x80, 0x00, 0x00, 0x1F, 0xFF,
    0x80, 0x00, 0x00, 0x1F, 0xFF, 0xC0, 0x00, 0x00, 0x0F, 0xFF, 0xC0, 0x00, 0x00, 0x0F, 0xFF, 0xC0,
    0x00, 0x00, 0x0F, 0xFF, 0xE0, 0x00, 0x00, 0x0F, 0xFF, 0xE0, 0x00, 0x00, 0x07, 0xFF, 0xE0, 0x00,
    0x00, 0x07, 0xFF, 0xE0, 0x00, 0x00, 0x07, 0xFF, 0xF0, 0x00, 0x00, 0x07, 0xFF, 0xF0, 0x00, 0x00,
    0x03, 0xFF, 0xF0, 0x00, 0x00, 0x03, 0xFF, 0xF0, 0x00, 0x00, 0x03, 0xFF, 0xF8, 0x00, 0x00, 0x01,
    0xFF, 0xF8, 0x00, 0x00, 0x01, 0xFF, 0xF8, 0x00, 0x00, 0x01, 0xFF, 0xFC, 0x00, 0x00, 0x01, 0xFF,
    0xFC, 0x00, 0x00, 0x00, 0xFF, 0xFC, 0x00, 0x00, 0x00, 0xFF, 0xFC, 0x00, 0x00, 0x00, 0xFF, 0xFE,
    0x00, 0x00, 0x00, 0xFF, 0xFE, 0x00, 0x00, 0x00, 0x7F, 0xFE, 0x00, 0x00, 0x00, 0x7F, 0xFE, 0x00,
    0x00, 0x00, 0x7F, 0xFF, 0x00, 0x00, 0x00, 0x3F, 0xFF, 0x00, 0x00, 0x00, 0x3F, 0xFF, 0x00, 0x00,
    0x00, 0x3F, 0xFF, 0x80, 0x00, 0x00, 0x3F, 0xFF, 0x80, 0x00, 0x00, 0x1F, 0xFF, 0x80, 0x00, 0x00,
    0x1F, 0xFF, 0x80, 0x00, 0x00, 0x1F, 0xFF, 0xC0, 0x00, 0x00, 0x1F, 0xFF, 0xC0, 0x00, 0x00, 0x0F,
    0xFF, 0xC0, 0x00, 0x00, 0x0F, 0xFF, 0xC0, 0x00, 0x00, 0x0F, 0xFF, 0xE0, 0x00, 0x00, 0x0F, 0xFF,
    0xE0, 0x00, 0x00, 0x07, 0xFF, 0xE0, 0x0F, 0xFF, 0xFF, 0xF0, 0x00, 0x0F, 0xFF, 0xFF, 0xF0, 0x00,
    0x0F, 0xFF, 0xFF, 0xF0, 0x00, 0x0F, 0xFF, 0xFF, 0xF0, 0x00, 0x0F, 0xFF, 0xFF, 0xF0, 0x00, 0x0F,
    0xFF, 0xFF, 0xF0, 0x00, 0x0F, 0xFF, 0xFF, 0xF0, 0x00, 0x0F, 0xFF, 0xFF, 0xF0, 0x00, 0x0F, 0xFF,
    0xFF, 0xF0, 0x00, 0x0F, 0xFF, 0xFF, 0xF0, 0x00, 0x0F, 0xFF, 0xFF, 0xF0, 0x00, 0x0F, 0xFF, 0xFF,
    0xF0, 0x00, 0x0F, 0xFF, 0xFF, 0xF0, 0x00, 0x00, 0x1F, 0xFF, 0xF0, 0x00, 0x00, 0x1F, 0xFF, 0xF0,
    0x00, 0x00, 0x1F, 0xFF, 0xF0, 0x00, 0x00, 0x1F, 0xFF, 0xF0, 0x00, 0x00, 0x1F, 0xFF, 0xF0, 0x00,
    0x00, 0x1F, 0xFF, 0xF0, 0x00, 0x00, 0x1F, 0xFF, 0xF0, 0x00, 0x00, 0x1F, 0xFF, 0xF0, 0x00, 0x00,
    0x1F, 0xFF, 0xF0, 0x00, 0x00, 0x1F, 0xFF, 0xF0, 0x00, 0x00, 0x1F, 0xFF, 0xF0, 0x00, 0x00, 0x1F,
    0xFF, 0xF0, 0x00, 0x00, 0x1F, 0xFF, 0xF0, 0x00, 0x00, 0x1F, 0xFF, 0xF0, 0x00, 0x00, 0x1F, 0xFF,
    0xF0, 0x00, 0x00, 0x1F, 0xFF, 0xF0, 0x00, 0x00, 0x1F, 0xFF, 0xF0, 0x00, 0x00, 0x1F, 0xFF, 0xF0,
    0x00, 0x00, 0x1F, 0xFF, 0xF0, 0x00, 0x00, 0x1F, 0xFF, 0xF0, 0x00, 0x00, 0x1F, 0xFF, 0xF0, 0x00,
    0x00, 0x1F, 0xFF, 0xF0, 0x00, 0x00, 0x1F, 0xFF, 0xF0, 0x00, 0x00, 0x1F, 0xFF, 0xF0, 0x00, 0x00,
    0x1F, 0xFF, 0xF0, 0x00, 0x00, 0x1F, 0xFF, 0xF0, 0x00, 0x00, 0x1F, 0xFF, 0xF0, 0x00, 0x00, 0x1F,
    0xFF, 0xF0, 0x00, 0x00, 0x1F, 0xFF, 0xF0, 0x00, 0x00, 0x1F, 0xFF, 0xF0, 0x00, 0x00, 0x1F, 0xFF,
    0xF0, 0x00, 0x00, 0x1F, 0xFF, 0xF0, 0x00, 0x00, 0x1F, 0xFF, 0xF0, 0x00, 0x00, 0x1F, 0xFF, 0xF0,
    0x00, 0x00, 0x1F, 0xFF, 0xF0, 0x00, 0x00, 0x1F, 0xFF, 0xF0, 0x00, 0x00, 0x1F, 0xFF, 0xF0, 0x00,
    0x00, 0x1F, 0xFF, 0xF0, 0x00, 0x00, 0x1F, 0xFF, 0xF0, 0x00, 0x00, 0x1F, 0xFF, 0xF0, 0x00, 0x00,
    0x1F, 0xFF, 0xF0, 0x00, 0x00, 0x1F, 0xFF, 0xF0, 0x00, 0x00, 0x1F, 0xFF, 0xF0, 0x00, 0x00, 0x1F,
    0xFF, 0xF0, 0x00, 0x00, 0x1F, 0xFF, 0xF0, 0x00, 0x00, 0x1F, 0xFF, 0xF0, 0x00, 0x00, 0x1F, 0xFF,
    0xF0, 0x00, 0x00, 0x1F, 0xFF, 0xF0, 0x00, 0x00, 0x1F, 0xFF, 0xF0, 0x00, 0x00, 0x1F, 0xFF, 0xF0,
    0x00, 0x00, 0x1F, 0xFF, 0xF0, 0x00, 0x00, 0x1F, 0xFF, 0xF0, 0x00, 0x00, 0x1F, 0xFF, 0xF0, 0x00,
    0x0F, 0xFF, 0xFF, 0xF0, 0x00, 0x0F, 0xFF, 0xFF, 0xF0, 0x00, 0x0F, 0xFF, 0xFF, 0xF0, 0x00, 0x0F,
    0xFF, 0xFF, 0xF0, 0x00, 0x0F, 0xFF, 0xFF, 0xF0, 0x00, 0x0F, 0xFF, 0xFF, 0xF0, 0x00, 0x0F, 0xFF,
    0xFF, 0xF0, 0x00, 0x0F, 0xFF, 0xFF, 0xF0, 0x00, 0x0F, 0xFF, 0xFF, 0xF0, 0x00, 0x0F, 0xFF, 0xFF,
    0xF0, 0x00, 0x0F, 0xFF, 0xFF, 0xF0, 0x00, 0x0F, 0xFF, 0xFF, 0xF0, 0x00, 0x0F, 0xFF, 0xFF, 0xF0,
    0x00, 0x00, 0x00, 0xFF, 0xF0, 0x00, 0x00, 0x00, 0x01, 0xFF, 0xF0, 0x00, 0x00, 0x00, 0x01, 0xFF,
    0xF8, 0x00, 0x00, 0x00, 0x03, 0xFF, 0xF8, 0x00, 0x00, 0x00, 0x03, 0xFF, 0xFC, 0x00, 0x00, 0x00,
    0x07, 0xFF, 0xFC, 0x00, 0x00, 0x00, 0x07, 0xFF, 0xFE, 0x00, 0x00, 0x00, 0x0F, 0xFF, 0xFE, 0x00,
    0x00, 0x00, 0x0F, 0xFF, 0xFF, 0x00, 0x00, 0x00, 0x1F, 0xFF, 0xFF, 0x00, 0x00, 0x00, 0x1F, 0xFF,
    0xFF, 0x80, 0x00, 0x00, 0x3F, 0xFB, 0xFF, 0x80, 0x00, 0x00, 0x3F, 0xF9, 0xFF, 0xC0, 0x00, 0x00,
    0x7F, 0xF1, 0xFF, 0xC0, 0x00, 0x00, 0x7F, 0xF0, 0xFF, 0xE0, 0x00, 0x00, 0xFF, 0xF0, 0xFF, 0xE0,
    0x00, 0x00, 0xFF, 0xE0, 0xFF, 0xF0, 0x00, 0x00, 0xFF, 0xE0, 0x7F, 0xF0, 0x00, 0x01, 0xFF, 0xC0,
    0x7F, 0xF0, 0x00, 0x01, 0xFF, 0xC0, 0x3F, 0xF8, 0x00, 0x03, 0xFF, 0x80, 0x3F, 0xF8, 0x00, 0x03,
    0xFF, 0x80, 0x1F, 0xFC, 0x00, 0x07, 0xFF, 0x80, 0x1F, 0xFC, 0x00, 0x07, 0xFF, 0x00, 0x1F, 0xFE,
    0x00, 0x0F, 0xFF, 0x00, 0x0F, 0xFE, 0x00, 0x0F, 0xFE, 0x00, 0x0F, 0xFF, 0x00, 0x1F, 0xFE, 0x00,
    0x07, 0xFF, 0x00, 0x3F, 0xFC, 0x00, 0x07, 0xFF, 0x80, 0x00, 0x00, 0x00, 0x00, 0x00, 0x00, 0x00,
    0x00, 0x00, 0x00, 0x00, 0x00, 0x00, 0x00, 0x00, 0x00, 0x00, 0x00, 0x00, 0x00, 0x00, 0x00, 0x00,
    0x00, 0x00, 0x00, 0x00, 0x00, 0x00, 0x00, 0x00, 0x00, 0x00, 0x00, 0x00, 0x00, 0x00, 0x00, 0x00,
    0x00, 0x00, 0x00, 0x00, 0x00, 0x00, 0x00, 0x00, 0x00, 0x00, 0x00, 0x00, 0x00, 0x00, 0x00, 0x00,
    0x00, 0x00, 0x00, 0x00, 0x00, 0x00, 0x00, 0x00, 0x00, 0x00, 0x00, 0x00, 0x00, 0x00, 0x00, 0x00,
    0x00, 0x00, 0x00, 0x00, 0x00, 0x00, 0x00, 0x00, 0x00, 0x00, 0x00, 0x00, 0x00, 0x00, 0x00, 0x00,
    0x00, 0x00, 0x00, 0x00, 0x00, 0x00, 0x00, 0x00, 0x00, 0x00, 0x00, 0x00, 0x00, 0x00, 0x00, 0x00,
    0x00, 0x00, 0x00, 0x00, 0x00, 0x00, 0x00, 0x00, 0x00, 0x00, 0x00, 0x00, 0x00, 0x00, 0x00, 0x00,
    0x00, 0x00, 0x00, 0x00, 0x00, 0x00, 0x00, 0x00, 0x00, 0x00, 0x00, 0x00, 0x00, 0x00, 0x00, 0x00,
    0x00, 0x00, 0x00, 0x00, 0x00, 0x00, 0x00, 0x00, 0x00, 0x00, 0x00, 0x00, 0x00, 0x00, 0x00, 0x00,
    0x00, 0x00, 0x00, 0x00, 0x00, 0x00, 0x00, 0x00, 0x00, 0x00, 0x00, 0x00, 0x00, 0x00, 0x00, 0x00,
    0x00, 0x00, 0x00, 0x00, 0x00, 0x00, 0x00, 0x00, 0x00, 0x00, 0x00, 0x00, 0x00, 0x00, 0x00, 0x00,
    0x00, 0x00, 0x00, 0x00, 0x00, 0x00, 0x00, 0x00, 0x00, 0x00, 0x00, 0x00, 0x00, 0x00, 0x00, 0x00,
    0x00, 0x00, 0x00, 0x00, 0x00, 0x00, 0x00, 0x00, 0x00, 0x00, 0x00, 0xFF, 0xFF, 0xFF, 0xFF, 0xFF,
    0xE0, 0xFF, 0xFF, 0xFF, 0xFF, 0xFF, 0xE0, 0xFF, 0xFF, 0xFF, 0xFF, 0xFF, 0xE0, 0xFF, 0xFF, 0xFF,
    0xFF, 0xFF, 0xE0, 0xFF, 0xFF, 0xFF, 0xFF, 0xFF, 0xE0, 0xFF, 0xFF, 0xFF, 0xFF, 0xFF, 0xE0, 0xFF,
    0xFF, 0xFF, 0xFF, 0xFF, 0xE0, 0xFF, 0xFF, 0xFF, 0xFF, 0xFF, 0xE0, 0xFF, 0xFF, 0xFF, 0xFF, 0xFF,
    0xE0, 0xFF, 0xFF, 0xFF, 0xFF, 0xFF, 0xE0, 0xFF, 0xFF, 0xFF, 0xFF, 0xFF, 0xE0, 0xFF, 0xFF, 0xFF,
    0xFF, 0xFF, 0xE0, 0xFF, 0xFF, 0xFF, 0xFF, 0xFF, 0xE0, 0x01, 0xFF, 0xFC, 0x00, 0x00, 0x00, 0xFF,
    0xFC, 0x00, 0x00, 0x00, 0x7F, 0xFE, 0x00, 0x00, 0x00, 0x3F, 0xFE, 0x00, 0x00, 0x00, 0x3F, 0xFF,
    0x00, 0x00, 0x00, 0x1F, 0xFF, 0x00, 0x00, 0x00, 0x0F, 0xFF, 0x80, 0x00, 0x00, 0x0F, 0xFF, 0x80,
    0x00, 0x00, 0x07, 0xFF, 0x80, 0x00, 0x00, 0x07, 0xFF, 0xC0, 0x00, 0x00, 0x03, 0xFF, 0xC0, 0x00,
    0x00, 0x01, 0xFF, 0xE0, 0x00, 0x00, 0x01, 0xFF, 0xE0, 0x00, 0x00, 0x00, 0xFF, 0xF0, 0x00, 0x00,
    0x00, 0x00, 0x00, 0x00, 0x00, 0x00, 0x00, 0x00, 0x00, 0x00, 0x00, 0x00, 0x00, 0x00, 0x00, 0x00,
    0x00, 0x00, 0x00, 0x00, 0x00, 0x00, 0x00, 0x00, 0x00, 0x00, 0x00, 0x00, 0x00, 0x00, 0x00, 0x00,
    0x00, 0x00, 0x00, 0x00, 0x00, 0x00, 0x00, 0x00, 0x00, 0x00, 0x00, 0x00, 0x00, 0x00, 0x00, 0x00,
    0x00, 0x00, 0x00, 0x00, 0x00, 0x00, 0x00, 0x00, 0x00, 0x00, 0x00, 0x00, 0x00, 0x00, 0x00, 0x00,
    0x00, 0x00, 0x00, 0x00, 0x00, 0x00, 0x00, 0x00, 0x00, 0x00, 0x00, 0x00, 0x00, 0x00, 0x00, 0x00,
    0x00, 0x00, 0x00, 0x00, 0x00, 0x00, 0x00, 0x00, 0x00, 0x00, 0x00, 0x00, 0x00, 0x00, 0x00, 0x00,
    0x00, 0x00, 0x00, 0x00, 0x00, 0x00, 0x00, 0x00, 0x00, 0x00, 0x00, 0x00, 0x00, 0x00, 0x00, 0x00,
    0x00, 0x00, 0x00, 0x00, 0x00, 0x00, 0x00, 0x00, 0x00, 0x00, 0x00, 0x00, 0x00, 0x00, 0x00, 0x00,
    0x00, 0x00, 0x00, 0x00, 0x00, 0x00, 0x00, 0x00, 0x00, 0x00, 0x00, 0x00, 0x00, 0x00, 0x00, 0x00,
    0x00, 0x00, 0x00, 0x00, 0x00, 0x00, 0x00, 0x00, 0x00, 0x00, 0x00, 0x00, 0x00, 0x00, 0x00, 0x00,
    0x00, 0x00, 0x00, 0x00, 0x00, 0x00, 0x00, 0x00, 0x00, 0x00, 0x00, 0x00, 0x00, 0x00, 0x00, 0x00,
    0x00, 0x00, 0x00, 0x00, 0x00, 0x00, 0x00, 0x00, 0x00, 0x00, 0x00, 0x00, 0x00, 0x00, 0x00, 0x00,
    0x00, 0x00, 0x00, 0x00, 0x00, 0x00, 0x00, 0x00, 0x00, 0x00, 0x00, 0x00, 0x00, 0x00, 0x00, 0x00,
    0x00, 0x00, 0x00, 0x00, 0x00, 0x00, 0x00, 0x00, 0x00, 0x00, 0x00, 0x00, 0x00, 0x00, 0x00, 0x00,
    0x00, 0x00, 0x00, 0x00, 0x00, 0x00, 0x00, 0x00, 0x00, 0x00, 0x00, 0x00, 0x00, 0x00, 0x00, 0x00,
    0x00, 0x00, 0x00, 0x00, 0x00, 0x00, 0x00, 0x00, 0x00, 0x00, 0x00, 0x00, 0x00, 0x00, 0x00, 0x00,
    0x00, 0x00, 0x00, 0x00, 0x00, 0x00, 0x00, 0x00, 0x00, 0x00, 0x00, 0x40, 0x00, 0x00, 0x00, 0x00,
    0x00, 0x7F, 0xFF, 0xC0, 0x00, 0x00, 0x00, 0x03, 0xFF, 0xFF, 0xF8, 0x00, 0x00, 0x00, 0x0F, 0xFF,
    0xFF, 0xFE, 0x00, 0x00, 0x00, 0x3F, 0xFF, 0xFF, 0xFF, 0x80, 0x00, 0x00, 0x7F, 0xFF, 0xFF, 0xFF,
    0xC0, 0x00, 0x00, 0xFF, 0xFF, 0xFF, 0xFF, 0xE0, 0x00, 0x01, 0xFF, 0xFF, 0xFF, 0xFF, 0xF0, 0x00,
    0x03, 0xFF, 0xFF, 0xFF, 0xFF, 0xF8, 0x00, 0x03, 0xFF, 0xFF, 0xFF, 0xFF, 0xFC, 0x00, 0x07, 0xFF,
    0xFF, 0xFF, 0xFF, 0xFC, 0x00, 0x07, 0xFF, 0xFF, 0xFF, 0xFF, 0xFE, 0x00, 0x0F, 0xFF, 0xFF, 0xFF,
    0xFF, 0xFE, 0x00, 0x0F, 0xFF, 0xF8, 0x07, 0xFF, 0xFE, 0x00, 0x0F, 0xFF, 0xF0, 0x03, 0xFF, 0xFE,
    0x00, 0x11, 0xFF, 0xE0, 0x03, 0xFF, 0xFF, 0x00, 0x00, 0x00, 0x20, 0x03, 0xFF, 0xFF, 0x00, 0x00,
    0x00, 0x00, 0x03, 0xFF, 0xFF, 0x00, 0x00, 0x00, 0x00, 0x03, 0xFF, 0xFF, 0x00, 0x00, 0x00, 0x00,
    0x1F, 0xFF, 0xFF, 0x00, 0x00, 0x00, 0x0F, 0xFF, 0xFF, 0xFF, 0x00, 0x00, 0x07, 0xFF, 0xFF, 0xFF,
    0xFF, 0x00, 0x00, 0x3F, 0xFF, 0xFF, 0xFF, 0xFF, 0x00, 0x00, 0xFF, 0xFF, 0xFF, 0xFF, 0xFF, 0x00,
    0x01, 0xFF, 0xFF, 0xFF, 0xFF, 0xFF, 0x00, 0x03, 0xFF, 0xFF, 0xFF, 0xFF, 0xFF, 0x00, 0x07, 0xFF,
    0xFF, 0xFF, 0xFF, 0xFF, 0x00, 0x0F, 0xFF, 0xFF, 0xFF, 0xFF, 0xFF, 0x00, 0x1F, 0xFF, 0xFF, 0xF1,
    0xFF, 0xFF, 0x00, 0x1F, 0xFF, 0xFE, 0x01, 0xFF, 0xFF, 0x00, 0x1F, 0xFF, 0xF0, 0x01, 0xFF, 0xFF,
    0x00, 0x3F, 0xFF, 0xE0, 0x01, 0xFF, 0xFF, 0x00, 0x3F, 0xFF, 0xC0, 0x01, 0xFF, 0xFF, 0x00, 0x3F,
    0xFF, 0xC0, 0x03, 0xFF, 0xFF, 0x00, 0x3F, 0xFF, 0xC0, 0x03, 0xFF, 0xFF, 0x00, 0x3F, 0xFF, 0xC0,
    0x07, 0xFF, 0xFF, 0x00, 0x3F, 0xFF, 0xE0, 0x0F, 0xFF, 0xFF, 0x00, 0x3F, 0xFF, 0xF0, 0x3F, 0xFF,
    0xFF, 0x00, 0x3F, 0xFF, 0xFF, 0xFF, 0xFF, 0xFF, 0x00, 0x1F, 0xFF, 0xFF, 0xFF, 0xFF, 0xFF, 0x00,
    0x1F, 0xFF, 0xFF, 0xFF, 0xFF, 0xFF, 0x00, 0x1F, 0xFF, 0xFF, 0xFE, 0xFF, 0xFF, 0x00, 0x0F, 0xFF,
    0xFF, 0xFE, 0xFF, 0xFF, 0x00, 0x0F, 0xFF, 0xFF, 0xFC, 0xFF, 0xFF, 0x00, 0x07, 0xFF, 0xFF, 0xF8,
    0xFF, 0xFF, 0x00, 0x03, 0xFF, 0xFF, 0xF0, 0xFF, 0xFF, 0x00, 0x00, 0xFF, 0xFF, 0xE0, 0xFF, 0xFF,
    0x00, 0x00, 0x3F, 0xFF, 0x80, 0xFF, 0xFF, 0x00, 0x00, 0x07, 0xFC, 0x00, 0x00, 0x00, 0x00, 0x0F,
    0xFF, 0xF8, 0x00, 0x00, 0x00, 0x00, 0x0F, 0xFF, 0xF8, 0x00, 0x00, 0x00, 0x00, 0x0F, 0xFF, 0xF8,
    0x00, 0x00, 0x00, 0x00, 0x0F, 0xFF, 0xF8, 0x00, 0x00, 0x00, 0x00, 0x0F, 0xFF, 0xF8, 0x00, 0x00,
    0x00, 0x00, 0x0F, 0xFF, 0xF8, 0x00, 0x00, 0x00, 0x00, 0x0F, 0xFF, 0xF8, 0x00, 0x00, 0x00, 0x00,
    0x0F, 0xFF, 0xF8, 0x00, 0x00, 0x00, 0x00, 0x0F, 0xFF, 0xF8, 0x00, 0x00, 0x00, 0x00, 0x0F, 0xFF,
    0xF8, 0x00, 0x00, 0x00, 0x00, 0x0F, 0xFF, 0xF8, 0x00, 0x00, 0x00, 0x00, 0x0F, 0xFF, 0xF8, 0x00,
    0x00, 0x00, 0x00, 0x0F, 0xFF, 0xF8, 0x00, 0x00, 0x00, 0x00, 0x0F, 0xFF, 0xF8, 0x00, 0x00, 0x00,
    0x00, 0x0F, 0xFF, 0xF8, 0x00, 0x00, 0x00, 0x00, 0x0F, 0xFF, 0xF8, 0x00, 0x20, 0x00, 0x00, 0x0F,
    0xFF, 0xF8, 0x07, 0xFF, 0x80, 0x00, 0x0F, 0xFF, 0xF8, 0x1F, 0xFF, 0xE0, 0x00, 0x0F, 0xFF, 0xF8,
    0x3F, 0xFF, 0xF8, 0x00, 0x0F, 0xFF, 0xF8, 0x7F, 0xFF, 0xFC, 0x00, 0x0F, 0xFF, 0xF8, 0xFF, 0xFF,
    0xFE, 0x00, 0x0F, 0xFF, 0xF9, 0xFF, 0xFF, 0xFF, 0x00, 0x0F, 0xFF, 0xFB, 0xFF, 0xFF, 0xFF, 0x80,
    0x0F, 0xFF, 0xFB, 0xFF, 0xFF, 0xFF, 0xC0, 0x0F, 0xFF, 0xFF, 0xFF, 0xFF, 0xFF, 0xC0, 0x0F, 0xFF,
    0xFF, 0xFF, 0xFF, 0xFF, 0xE0, 0x0F, 0xFF, 0xFF, 0xFF, 0xFF, 0xFF, 0xE0, 0x0F, 0xFF, 0xFF, 0xFF,
    0xFF, 0xFF, 0xF0, 0x0F, 0xFF, 0xFF, 0xE3, 0xFF, 0xFF, 0xF0, 0x0F, 0xFF, 0xFF, 0x80, 0xFF, 0xFF,
    0xF0, 0x0F, 0xFF, 0xFF, 0x00, 0x7F, 0xFF, 0xF8, 0x0F, 0xFF, 0xFE, 0x00, 0x3F, 0xFF, 0xF8, 0x0F,
    0xFF, 0xFC, 0x00, 0x1F, 0xFF, 0xF8, 0x0F, 0xFF, 0xFC, 0x00, 0x1F, 0xFF, 0xF8, 0x0F, 0xFF, 0xFC,
    0x00, 0x1F, 0xFF, 0xF8, 0x0F, 0xFF, 0xF8, 0x00, 0x0F, 0xFF, 0xF8, 0x0F, 0xFF, 0xF8, 0x00, 0x0F,
    0xFF, 0xF8, 0x0F, 0xFF, 0xF8, 0x00, 0x0F, 0xFF, 0xF8, 0x0F, 0xFF, 0xF8, 0x00, 0x0F, 0xFF, 0xFC,
    0x0F, 0xFF, 0xF8, 0x00, 0x0F, 0xFF, 0xFC, 0x0F, 0xFF, 0xF8, 0x00, 0x0F, 0xFF, 0xFC, 0x0F, 0xFF,
    0xF8, 0x00, 0x0F, 0xFF, 0xFC, 0x0F, 0xFF, 0xF8, 0x00, 0x0F, 0xFF, 0xF8, 0x0F, 0xFF, 0xF8, 0x00,
    0x0F, 0xFF, 0xF8, 0x0F, 0xFF, 0xF8, 0x00, 0x1F, 0xFF, 0xF8, 0x0F, 0xFF, 0xFC, 0x00, 0x1F, 0xFF,
    0xF8, 0x0F, 0xFF, 0xFC, 0x00, 0x1F, 0xFF, 0xF8, 0x0F, 0xFF, 0xFE, 0x00, 0x3F, 0xFF, 0xF8, 0x0F,
    0xFF, 0xFE, 0x00, 0x3F, 0xFF, 0xF8, 0x0F, 0xFF, 0xFF, 0x00, 0x7F, 0xFF, 0xF0, 0x0F, 0xFF, 0xFF,
    0x80, 0xFF, 0xFF, 0xF0, 0x0F, 0xFF, 0xFF, 0xFF, 0xFF, 0xFF, 0xF0, 0x0F, 0xFF, 0xFF, 0xFF, 0xFF,
    0xFF, 0xE0, 0x0F, 0xFF, 0xFF, 0xFF, 0xFF, 0xFF, 0xE0, 0x0F, 0xFF, 0xFF, 0xFF, 0xFF, 0xFF, 0xC0,
    0x0F, 0xFF, 0xFF, 0xFF, 0xFF, 0xFF, 0xC0, 0x0F, 0xFF, 0xFB, 0xFF, 0xFF, 0xFF, 0x80, 0x0F, 0xFF,
    0xF9, 0xFF, 0xFF, 0xFF, 0x00, 0x0F, 0xFF, 0xF9, 0xFF, 0xFF, 0xFF, 0x00, 0x0F, 0xFF, 0xF8, 0xFF,
    0xFF, 0xFE, 0x00, 0x0F, 0xFF, 0xF8, 0x7F, 0xFF, 0xF8, 0x00, 0x0F, 0xFF, 0xF8, 0x3F, 0xFF, 0xF0,
    0x00, 0x0F, 0xFF, 0xF8, 0x0F, 0xFF, 0xC0, 0x00, 0x00, 0x00, 0x00, 0x01, 0xFE, 0x00, 0x00, 0x00,
    0x00, 0x00, 0x10, 0x00, 0x00, 0x00, 0x00, 0x00, 0x1F, 0xFF, 0xE0, 0x00, 0x00, 0x00, 0x00, 0xFF,
    0xFF, 0xFC, 0x00, 0x00, 0x00, 0x03, 0xFF, 0xFF, 0xFF, 0x00, 0x00, 0x00, 0x0F, 0xFF, 0xFF, 0xFF,
    0xC0, 0x00, 0x00, 0x1F, 0xFF, 0xFF, 0xFF, 0xE0, 0x00, 0x00, 0x3F, 0xFF, 0xFF, 0xFF, 0xF0, 0x00,
    0x00, 0x7F, 0xFF, 0xFF, 0xFF, 0xF8, 0x00, 0x00, 0xFF, 0xFF, 0xFF, 0xFF, 0xFC, 0x00, 0x01, 0xFF,
    0xFF, 0xFF, 0xFF, 0xFE, 0x00, 0x03, 0xFF, 0xFF, 0xFF, 0xFF, 0xFE, 0x00, 0x03, 0xFF, 0xFF, 0xFF,
    0xFF, 0xFF, 0x00, 0x07, 0xFF, 0xFF, 0xFF, 0xFF, 0xFF, 0x00, 0x07, 0xFF, 0xFF, 0xC7, 0xFF, 0xFF,
    0x80, 0x0F, 0xFF, 0xFF, 0x01, 0xFF, 0xFF, 0x80, 0x0F, 0xFF, 0xFE, 0x00, 0xFF, 0xFF, 0x80, 0x0F,
    0xFF, 0xFC, 0x00, 0x7F, 0xFF, 0xC0, 0x1F, 0xFF, 0xF8, 0x00, 0x7F, 0xFF, 0xC0, 0x1F, 0xFF, 0xF8,
    0x00, 0x3F, 0xFF, 0xC0, 0x1F, 0xFF, 0xF8, 0x00, 0x3F, 0xF8, 0x00, 0x1F, 0xFF, 0xF0, 0x00, 0x3C,
    0x00, 0x00, 0x1F, 0xFF, 0xF0, 0x00, 0x00, 0x00, 0x00, 0x1F, 0xFF, 0xF0, 0x00, 0x00, 0x00, 0x00,
    0x1F, 0xFF, 0xF0, 0x00, 0x00, 0x00, 0x00, 0x1F, 0xFF, 0xF0, 0x00, 0x00, 0x00, 0x00, 0x1F, 0xFF,
    0xF0, 0x00, 0x00, 0x00, 0x00, 0x1F, 0xFF, 0xF0, 0x00, 0x00, 0x00, 0x00, 0x1F, 0xFF, 0xF0, 0x00,
    0x00, 0x00, 0x00, 0x1F, 0xFF, 0xF0, 0x00, 0x00, 0x00, 0x00, 0x1F, 0xFF, 0xF8, 0x00, 0x3F, 0x80,
    0x00, 0x1F, 0xFF, 0xF8, 0x00, 0x3F, 0xFE, 0x00, 0x1F, 0xFF, 0xF8, 0x00, 0x3F, 0xFF, 0xC0, 0x0F,
    0xFF, 0xFC, 0x00, 0x7F, 0xFF, 0xC0, 0x0F, 0xFF, 0xFC, 0x00, 0x7F, 0xFF, 0x80, 0x0F, 0xFF, 0xFE,
    0x00, 0xFF, 0xFF, 0x80, 0x07, 0xFF, 0xFF, 0x01, 0xFF, 0xFF, 0x80, 0x07, 0xFF, 0xFF, 0xFF, 0xFF,
    0xFF, 0x80, 0x03, 0xFF, 0xFF, 0xFF, 0xFF, 0xFF, 0x00, 0x03, 0xFF, 0xFF, 0xFF, 0xFF, 0xFF, 0x00,
    0x01, 0xFF, 0xFF, 0xFF, 0xFF, 0xFE, 0x00, 0x01, 0xFF, 0xFF, 0xFF, 0xFF, 0xFC, 0x00, 0x00, 0xFF,
    0xFF, 0xFF, 0xFF, 0xFC, 0x00, 0x00, 0x7F, 0xFF, 0xFF, 0xFF, 0xF8, 0x00, 0x00, 0x3F, 0xFF, 0xFF,
    0xFF, 0xF0, 0x00, 0x00, 0x0F, 0xFF, 0xFF, 0xFF, 0xE0, 0x00, 0x00, 0x07, 0xFF, 0xFF, 0xFF, 0x80,
    0x00, 0x00, 0x01, 0xFF, 0xFF, 0xFE, 0x00, 0x00, 0x00, 0x00, 0x7F, 0xFF, 0xF8, 0x00, 0x00, 0x00,
    0x00, 0x07, 0xFF, 0x80, 0x00, 0x00, 0x00, 0x00, 0x00, 0x00, 0x1F, 0xFF, 0xF0, 0x00, 0x00, 0x00,
    0x00, 0x1F, 0xFF, 0xF0, 0x00, 0x00, 0x00, 0x00, 0x1F, 0xFF, 0xF0, 0x00, 0x00, 0x00, 0x00, 0x1F,
    0xFF, 0xF0, 0x00, 0x00, 0x00, 0x00, 0x1F, 0xFF, 0xF0, 0x00, 0x00, 0x00, 0x00, 0x1F, 0xFF, 0xF0,
    0x00, 0x00, 0x00, 0x00, 0x1F, 0xFF, 0xF0, 0x00, 0x00, 0x00, 0x00, 0x1F, 0xFF, 0xF0, 0x00, 0x00,
    0x00, 0x00, 0x1F, 0xFF, 0xF0, 0x00, 0x00, 0x00, 0x00, 0x1F, 0xFF, 0xF0, 0x00, 0x00, 0x00, 0x00,
    0x1F, 0xFF, 0xF0, 0x00, 0x00, 0x00, 0x00, 0x1F, 0xFF, 0xF0, 0x00, 0x00, 0x00, 0x00, 0x1F, 0xFF,
    0xF0, 0x00, 0x00, 0x00, 0x00, 0x1F, 0xFF, 0xF0, 0x00, 0x00, 0x00, 0x00, 0x1F, 0xFF, 0xF0, 0x00,
    0x00, 0x04, 0x00, 0x1F, 0xFF, 0xF0, 0x00, 0x01, 0xFF, 0xE0, 0x1F, 0xFF, 0xF0, 0x00, 0x07, 0xFF,
    0xF8, 0x1F, 0xFF, 0xF0, 0x00, 0x1F, 0xFF, 0xFC, 0x1F, 0xFF, 0xF0, 0x00, 0x3F, 0xFF, 0xFE, 0x1F,
    0xFF, 0xF0, 0x00, 0x7F, 0xFF, 0xFF, 0x1F, 0xFF, 0xF0, 0x00, 0xFF, 0xFF, 0xFF, 0x9F, 0xFF, 0xF0,
    0x01, 0xFF, 0xFF, 0xFF, 0xDF, 0xFF, 0xF0, 0x01, 0xFF, 0xFF, 0xFF, 0xDF, 0xFF, 0xF0, 0x03, 0xFF,
    0xFF, 0xFF, 0xFF, 0xFF, 0xF0, 0x07, 0xFF, 0xFF, 0xFF, 0xFF, 0xFF, 0xF0, 0x07, 0xFF, 0xFF, 0xFF,
    0xFF, 0xFF, 0xF0, 0x07, 0xFF, 0xFF, 0xFF, 0xFF, 0xFF, 0xF0, 0x0F, 0xFF, 0xFF, 0xC7, 0xFF, 0xFF,
    0xF0, 0x0F, 0xFF, 0xFF, 0x01, 0xFF, 0xFF, 0xF0, 0x0F, 0xFF, 0xFE, 0x00, 0x7F, 0xFF, 0xF0, 0x1F,
    0xFF, 0xFC, 0x00, 0x7F, 0xFF, 0xF0, 0x1F, 0xFF, 0xFC, 0x00, 0x3F, 0xFF, 0xF0, 0x1F, 0xFF, 0xF8,
    0x00, 0x3F, 0xFF, 0xF0, 0x1F, 0xFF, 0xF8, 0x00, 0x1F, 0xFF, 0xF0, 0x1F, 0xFF, 0xF8, 0x00, 0x1F,
    0xFF, 0xF0, 0x1F, 0xFF, 0xF0, 0x00, 0x1F, 0xFF, 0xF0, 0x1F, 0xFF, 0xF0, 0x00, 0x1F, 0xFF, 0xF0,
    0x1F, 0xFF, 0xF0, 0x00, 0x1F, 0xFF, 0xF0, 0x1F, 0xFF, 0xF0, 0x00, 0x1F, 0xFF, 0xF0, 0x1F, 0xFF,
    0xF0, 0x00, 0x1F, 0xFF, 0xF0, 0x1F, 0xFF, 0xF0, 0x00, 0x1F, 0xFF, 0xF0, 0x1F, 0xFF, 0xF0, 0x00,
    0x1F, 0xFF, 0xF0, 0x1F, 0xFF, 0xF0, 0x00, 0x1F, 0xFF, 0xF0, 0x1F, 0xFF, 0xF8, 0x00, 0x1F, 0xFF,
    0xF0, 0x1F, 0xFF, 0xF8, 0x00, 0x3F, 0xFF, 0xF0, 0x1F, 0xFF, 0xF8, 0x00, 0x3F, 0xFF, 0xF0, 0x1F,
    0xFF, 0xFC, 0x00, 0x3F, 0xFF, 0xF0, 0x0F, 0xFF, 0xFC, 0x00, 0x7F, 0xFF, 0xF0, 0x0F, 0xFF, 0xFE,
    0x00, 0xFF, 0xFF, 0xF0, 0x0F, 0xFF, 0xFF, 0x01, 0xFF, 0xFF, 0xF0, 0x0F, 0xFF, 0xFF, 0xFF, 0xFF,
    0xFF, 0xF0, 0x07, 0xFF, 0xFF, 0xFF, 0xFF, 0xFF, 0xF0, 0x07, 0xFF, 0xFF, 0xFF, 0xFF, 0xFF, 0xF0,
    0x03, 0xFF, 0xFF, 0xFF, 0xFF, 0xFF, 0xF0, 0x03, 0xFF, 0xFF, 0xFF, 0xFF, 0xFF, 0xF0, 0x01, 0xFF,
    0xFF, 0xFF, 0xDF, 0xFF, 0xF0, 0x00, 0xFF, 0xFF, 0xFF, 0xDF, 0xFF, 0xF0, 0x00, 0x7F, 0xFF, 0xFF,
    0x9F, 0xFF, 0xF0, 0x00, 0x3F, 0xFF, 0xFF, 0x1F, 0xFF, 0xF0, 0x00, 0x1F, 0xFF, 0xFE, 0x1F, 0xFF,
    0xF0, 0x00, 0x0F, 0xFF, 0xFC, 0x1F, 0xFF, 0xF0, 0x00, 0x03, 0xFF, 0xF0, 0x1F, 0xFF, 0xF0, 0x00,
    0x00, 0x7F, 0x80, 0x00, 0x00, 0x00, 0x00, 0x00, 0x00, 0x20, 0x00, 0x00, 0x00, 0x00, 0x00, 0x1F,
    0xFF, 0xC0, 0x00, 0x00, 0x00, 0x00, 0xFF, 0xFF, 0xF8, 0x00, 0x00, 0x00, 0x03, 0xFF, 0xFF, 0xFE,
    0x00, 0x00, 0x00, 0x0F, 0xFF, 0xFF, 0xFF, 0x80, 0x00, 0x00, 0x1F, 0xFF, 0xFF, 0xFF, 0xC0, 0x00,
    0x00, 0x3F, 0xFF, 0xFF, 0xFF, 0xF0, 0x00, 0x00, 0x7F, 0xFF, 0xFF, 0xFF, 0xF8, 0x00, 0x00, 0xFF,
    0xFF, 0xFF, 0xFF, 0xF8, 0x00, 0x01, 0xFF, 0xFF, 0xFF, 0xFF, 0xFC, 0x00, 0x03, 0xFF, 0xFF, 0xFF,
    0xFF, 0xFE, 0x00, 0x03, 0xFF, 0xFF, 0xFF, 0xFF, 0xFE, 0x00, 0x07, 0xFF, 0xFF, 0xFF, 0xFF, 0xFF,
    0x00, 0x07, 0xFF, 0xFE, 0x01, 0xFF, 0xFF, 0x00, 0x0F, 0xFF, 0xF8, 0x00, 0xFF, 0xFF, 0x80, 0x0F,
    0xFF, 0xF8, 0x00, 0x7F, 0xFF, 0x80, 0x0F, 0xFF, 0xF0, 0x00, 0x3F, 0xFF, 0x80, 0x1F, 0xFF, 0xF0,
    0x00, 0x3F, 0xFF, 0xC0, 0x1F, 0xFF, 0xF0, 0x00, 0x3F, 0xFF, 0xC0, 0x1F, 0xFF, 0xFF, 0xFF, 0xFF,
    0xFF, 0xC0, 0x1F, 0xFF, 0xFF, 0xFF, 0xFF, 0xFF, 0xC0, 0x1F, 0xFF, 0xFF, 0xFF, 0xFF, 0xFF, 0xC0,
    0x1F, 0xFF, 0xFF, 0xFF, 0xFF, 0xFF, 0xC0, 0x1F, 0xFF, 0xFF, 0xFF, 0xFF, 0xFF, 0xC0, 0x1F, 0xFF,
    0xFF, 0xFF, 0xFF, 0xFF, 0xC0, 0x1F, 0xFF, 0xFF, 0xFF, 0xFF, 0xFF, 0xC0, 0x1F, 0xFF, 0xFF, 0xFF,
    0xFF, 0xFF, 0xC0, 0x1F, 0xFF, 0xFF, 0xFF, 0xFF, 0xFF, 0xC0, 0x1F, 0xFF, 0xE0, 0x00, 0x00, 0x00,
    0x00, 0x1F, 0xFF, 0xE0, 0x00, 0x00, 0x00, 0x00, 0x1F, 0xFF, 0xF0, 0x00, 0x00, 0x00, 0x00, 0x1F,
    0xFF, 0xF0, 0x00, 0x00, 0x00, 0x00, 0x0F, 0xFF, 0xF0, 0x00, 0x00, 0x00, 0x00, 0x0F, 0xFF, 0xF8,
    0x00, 0x3F, 0x00, 0x00, 0x0F, 0xFF, 0xF8, 0x00, 0x3F, 0xFC, 0x00, 0x0F, 0xFF, 0xFE, 0x00, 0x7F,
    0xFF, 0xC0, 0x07, 0xFF, 0xFF, 0x01, 0xFF, 0xFF, 0x80, 0x07, 0xFF, 0xFF, 0xFF, 0xFF, 0xFF, 0x80,
    0x03, 0xFF, 0xFF, 0xFF, 0xFF, 0xFF, 0x00, 0x01, 0xFF, 0xFF, 0xFF, 0xFF, 0xFF, 0x00, 0x01, 0xFF,
    0xFF, 0xFF, 0xFF, 0xFE, 0x00, 0x00, 0xFF, 0xFF, 0xFF, 0xFF, 0xFC, 0x00, 0x00, 0x7F, 0xFF, 0xFF,
    0xFF, 0xF8, 0x00, 0x00, 0x3F, 0xFF, 0xFF, 0xFF, 0xF0, 0x00, 0x00, 0x1F, 0xFF, 0xFF, 0xFF, 0xE0,
    0x00, 0x00, 0x07, 0xFF, 0xFF, 0xFF, 0xC0, 0x00, 0x00, 0x01, 0xFF, 0xFF, 0xFF, 0x00, 0x00, 0x00,
    0x00, 0x7F, 0xFF, 0xF8, 0x00, 0x00, 0x00, 0x00, 0x07, 0xFF, 0x80, 0x00, 0x00, 0x00, 0x00, 0x07,
    0xFE, 0x00, 0x00, 0x00, 0x7F, 0xFF, 0xF0, 0x00, 0x01, 0xFF, 0xFF, 0xF0, 0x00, 0x03, 0xFF, 0xFF,
    0xF0, 0x00, 0x07, 0xFF, 0xFF, 0xF0, 0x00, 0x0F, 0xFF, 0xFF, 0xE0, 0x00, 0x1F, 0xFF, 0xFF, 0xE0,
    0x00, 0x1F, 0xFF, 0xFF, 0xE0, 0x00, 0x3F, 0xFF, 0xFF, 0xE0, 0x00, 0x3F, 0xFF, 0xFF, 0xE0, 0x00,
    0x7F, 0xFF, 0xFF, 0xC0, 0x00, 0x7F, 0xFF, 0xFF, 0xC0, 0x00, 0x7F, 0xFF, 0xFF, 0xC0, 0x00, 0x7F,
    0xFF, 0xE0, 0x00, 0x00, 0x7F, 0xFF, 0xC0, 0x00, 0x00, 0xFF, 0xFF, 0xC0, 0x00, 0x00, 0xFF, 0xFF,
    0x80, 0x00, 0x00, 0xFF, 0xFF, 0x80, 0x00, 0x00, 0xFF, 0xFF, 0x80, 0x00, 0x7F, 0xFF, 0xFF, 0xFF,
    0xC0, 0x7F, 0xFF, 0xFF, 0xFF, 0xC0, 0x7F, 0xFF, 0xFF, 0xFF, 0xC0, 0x7F, 0xFF, 0xFF, 0xFF, 0xC0,
    0x7F, 0xFF, 0xFF, 0xFF, 0xC0, 0x7F, 0xFF, 0xFF, 0xFF, 0xC0, 0x7F, 0xFF, 0xFF, 0xFF, 0xC0, 0x7F,
    0xFF, 0xFF, 0xFF, 0xC0, 0x7F, 0xFF, 0xFF, 0xFF, 0xC0, 0x7F, 0xFF, 0xFF, 0xFF, 0xC0, 0x7F, 0xFF,
    0xFF, 0xFF, 0xC0, 0x7F, 0xFF, 0xFF, 0xFF, 0xC0, 0x7F, 0xFF, 0xFF, 0xFF, 0xC0, 0x00, 0xFF, 0xFF,
    0x80, 0x00, 0x00, 0xFF, 0xFF, 0x80, 0x00, 0x00, 0xFF, 0xFF, 0x80, 0x00, 0x00, 0xFF, 0xFF, 0x80,
    0x00, 0x00, 0xFF, 0xFF, 0x80, 0x00, 0x00, 0xFF, 0xFF, 0x80, 0x00, 0x00, 0xFF, 0xFF, 0x80, 0x00,
    0x00, 0xFF, 0xFF, 0x80, 0x00, 0x00, 0xFF, 0xFF, 0x80, 0x00, 0x00, 0xFF, 0xFF, 0x80, 0x00, 0x00,
    0xFF, 0xFF, 0x80, 0x00, 0x00, 0xFF, 0xFF, 0x80, 0x00, 0x00, 0xFF, 0xFF, 0x80, 0x00, 0x00, 0xFF,
    0xFF, 0x80, 0x00, 0x00, 0xFF, 0xFF, 0x80, 0x00, 0x00, 0xFF, 0xFF, 0x80, 0x00, 0x00, 0xFF, 0xFF,
    0x80, 0x00, 0x00, 0xFF, 0xFF, 0x80, 0x00, 0x00, 0xFF, 0xFF, 0x80, 0x00, 0x00, 0xFF, 0xFF, 0x80,
    0x00, 0x00, 0xFF, 0xFF, 0x80, 0x00, 0x00, 0xFF, 0xFF, 0x80, 0x00, 0x00, 0xFF, 0xFF, 0x80, 0x00,
    0x00, 0xFF, 0xFF, 0x80, 0x00, 0x00, 0xFF, 0xFF, 0x80, 0x00, 0x00, 0xFF, 0xFF, 0x80, 0x00, 0x00,
    0xFF, 0xFF, 0x80, 0x00, 0x00, 0xFF, 0xFF, 0x80, 0x00, 0x00, 0xFF, 0xFF, 0x80, 0x00, 0x00, 0xFF,
    0xFF, 0x80, 0x00, 0x00, 0xFF, 0xFF, 0x80, 0x00, 0x00, 0xFF, 0xFF, 0x80, 0x00, 0x00, 0xFF, 0xFF,
    0x80, 0x00, 0x00, 0xFF, 0xFF, 0x80, 0x00, 0x00, 0x00, 0x04, 0x00, 0x00, 0x00, 0x00, 0x00, 0x00,
    0xFF, 0xE0, 0x1F, 0xFF, 0xF0, 0x00, 0x07, 0xFF, 0xF8, 0x1F, 0xFF, 0xF0, 0x00, 0x0F, 0xFF, 0xFC,
    0x1F, 0xFF, 0xF0, 0x00, 0x3F, 0xFF, 0xFF, 0x1F, 0xFF, 0xF0, 0x00, 0x7F, 0xFF, 0xFF, 0x9F, 0xFF,
    0xF0, 0x00, 0xFF, 0xFF, 0xFF, 0x9F, 0xFF, 0xF0, 0x01, 0xFF, 0xFF, 0xFF, 0xDF, 0xFF, 0xF0, 0x01,
    0xFF, 0xFF, 0xFF, 0xDF, 0xFF, 0xF0, 0x03, 0xFF, 0xFF, 0xFF, 0xFF, 0xFF, 0xF0, 0x03, 0xFF, 0xFF,
    0xFF, 0xFF, 0xFF, 0xF0, 0x07, 0xFF, 0xFF, 0xFF, 0xFF, 0xFF, 0xF0, 0x07, 0xFF, 0xFF, 0xFF, 0xFF,
    0xFF, 0xF0, 0x0F, 0xFF, 0xFF, 0xC3, 0xFF, 0xFF, 0xF0, 0x0F, 0xFF, 0xFF, 0x00, 0xFF, 0xFF, 0xF0,
    0x0F, 0xFF, 0xFE, 0x00, 0x7F, 0xFF, 0xF0, 0x1F, 0xFF, 0xFC, 0x00, 0x7F, 0xFF, 0xF0, 0x1F, 0xFF,
    0xF8, 0x00, 0x3F, 0xFF, 0xF0, 0x1F, 0xFF, 0xF8, 0x00, 0x3F, 0xFF, 0xF0, 0x1F, 0xFF, 0xF8, 0x00,
    0x1F, 0xFF, 0xF0, 0x1F, 0xFF, 0xF8, 0x00, 0x1F, 0xFF, 0xF0, 0x1F, 0xFF, 0xF0, 0x00, 0x1F, 0xFF,
    0xF0, 0x1F, 0xFF, 0xF0, 0x00, 0x1F, 0xFF, 0xF0, 0x1F, 0xFF, 0xF0, 0x00, 0x1F, 0xFF, 0xF0, 0x1F,
    0xFF, 0xF0, 0x00, 0x1F, 0xFF, 0xF0, 0x1F, 0xFF, 0xF0, 0x00, 0x1F, 0xFF, 0xF0, 0x1F, 0xFF, 0xF0,
    0x00, 0x1F, 0xFF, 0xF0, 0x1F, 0xFF, 0xF0, 0x00, 0x1F, 0xFF, 0xF0, 0x1F, 0xFF, 0xF8, 0x00, 0x1F,
    0xFF, 0xF0, 0x1F, 0xFF, 0xF8, 0x00, 0x3F, 0xFF, 0xF0, 0x1F, 0xFF, 0xF8, 0x00, 0x3F, 0xFF, 0xF0,
    0x1F, 0xFF, 0xFC, 0x00, 0x3F, 0xFF, 0xF0, 0x1F, 0xFF, 0xFC, 0x00, 0x7F, 0xFF, 0xF0, 0x0F, 0xFF,
    0xFE, 0x00, 0xFF, 0xFF, 0xF0, 0x0F, 0xFF, 0xFF, 0x01, 0xFF, 0xFF, 0xF0, 0x0F, 0xFF, 0xFF, 0xFF,
    0xFF, 0xFF, 0xF0, 0x0F, 0xFF, 0xFF, 0xFF, 0xFF, 0xFF, 0xF0, 0x07, 0xFF, 0xFF, 0xFF, 0xFF, 0xFF,
    0xF0, 0x07, 0xFF, 0xFF, 0xFF, 0xFF, 0xFF, 0xF0, 0x03, 0xFF, 0xFF, 0xFF, 0xFF, 0xFF, 0xF0, 0x01,
    0xFF, 0xFF, 0xFF, 0xDF, 0xFF, 0xF0, 0x01, 0xFF, 0xFF, 0xFF, 0x9F, 0xFF, 0xF0, 0x00, 0xFF, 0xFF,
    0xFF, 0x9F, 0xFF, 0xF0, 0x00, 0x7F, 0xFF, 0xFF, 0x1F, 0xFF, 0xF0, 0x00, 0x3F, 0xFF, 0xFE, 0x1F,
    0xFF, 0xF0, 0x00, 0x0F, 0xFF, 0xFC, 0x1F, 0xFF, 0xF0, 0x00, 0x03, 0xFF, 0xF0, 0x1F, 0xFF, 0xF0,
    0x00, 0x00, 0x7F, 0xC0, 0x1F, 0xFF, 0xF0, 0x00, 0x00, 0x00, 0x00, 0x1F, 0xFF, 0xF0, 0x00, 0x00,
    0x00, 0x00, 0x1F, 0xFF, 0xF0, 0x00, 0x00, 0x00, 0x00, 0x1F, 0xFF, 0xF0, 0x00, 0x00, 0x20, 0x00,
    0x3F, 0xFF, 0xE0, 0x00, 0x1F, 0xF0, 0x00, 0x3F, 0xFF, 0xE0, 0x0F, 0xFF, 0xF8, 0x00, 0x7F, 0xFF,
    0xE0, 0x0F, 0xFF, 0xFE, 0x01, 0xFF, 0xFF, 0xC0, 0x07, 0xFF, 0xFF, 0xFF, 0xFF, 0xFF, 0xC0, 0x07,
    0xFF, 0xFF, 0xFF, 0xFF, 0xFF, 0x80, 0x03, 0xFF, 0xFF, 0xFF, 0xFF, 0xFF, 0x00, 0x03, 0xFF, 0xFF,
    0xFF, 0xFF, 0xFF, 0x00, 0x01, 0xFF, 0xFF, 0xFF, 0xFF, 0xFE, 0x00, 0x00, 0xFF, 0xFF, 0xFF, 0xFF,
    0xFC, 0x00, 0x00, 0x7F, 0xFF, 0xFF, 0xFF, 0xF0, 0x00, 0x00, 0x1F, 0xFF, 0xFF, 0xFF, 0xE0, 0x00,
    0x00, 0x07, 0xFF, 0xFF, 0xFF, 0x80, 0x00, 0x00, 0x00, 0xFF, 0xFF, 0xFC, 0x00, 0x00, 0x00, 0x00,
    0x0F, 0xFF, 0x80, 0x00, 0x00, 0x0F, 0xFF, 0xF8, 0x00, 0x00, 0x00, 0x00, 0x00, 0x0F, 0xFF, 0xF8,
    0x00, 0x00, 0x00, 0x00, 0x00, 0x0F, 0xFF, 0xF8, 0x00, 0x00, 0x00, 0x00, 0x00, 0x0F, 0xFF, 0xF8,
    0x00, 0x00, 0x00, 0x00, 0x00, 0x0F, 0xFF, 0xF8, 0x00, 0x00, 0x00, 0x00, 0x00, 0x0F, 0xFF, 0xF8,
    0x00, 0x00, 0x00, 0x00, 0x00, 0x0F, 0xFF, 0xF8, 0x00, 0x00, 0x00, 0x00, 0x00, 0x0F, 0xFF, 0xF8,
    0x00, 0x00, 0x00, 0x00, 0x00, 0x0F, 0xFF, 0xF8, 0x00, 0x00, 0x00, 0x00, 0x00, 0x0F, 0xFF, 0xF8,
    0x00, 0x00, 0x00, 0x00, 0x00, 0x0F, 0xFF, 0xF8, 0x00, 0x00, 0x00, 0x00, 0x00, 0x0F, 0xFF, 0xF8,
    0x00, 0x00, 0x00, 0x00, 0x00, 0x0F, 0xFF, 0xF8, 0x00, 0x00, 0x00, 0x00, 0x00, 0x0F, 0xFF, 0xF8,
    0x00, 0x00, 0x00, 0x00, 0x00, 0x0F, 0xFF, 0xF8, 0x00, 0x00, 0x00, 0x00, 0x00, 0x0F, 0xFF, 0xF8,
    0x00, 0x10, 0x00, 0x00, 0x00, 0x0F, 0xFF, 0xF8, 0x03, 0xFF, 0xC0, 0x00, 0x00, 0x0F, 0xFF, 0xF8,
    0x0F, 0xFF, 0xF0, 0x00, 0x00, 0x0F, 0xFF, 0xF8, 0x3F, 0xFF, 0xF8, 0x00, 0x00, 0x0F, 0xFF, 0xF8,
    0x7F, 0xFF, 0xFE, 0x00, 0x00, 0x0F, 0xFF, 0xF8, 0xFF, 0xFF, 0xFF, 0x00, 0x00, 0x0F, 0xFF, 0xF9,
    0xFF, 0xFF, 0xFF, 0x80, 0x00, 0x0F, 0xFF, 0xF9, 0xFF, 0xFF, 0xFF, 0x80, 0x00, 0x0F, 0xFF, 0xFB,
    0xFF, 0xFF, 0xFF, 0xC0, 0x00, 0x0F, 0xFF, 0xFB, 0xFF, 0xFF, 0xFF, 0xC0, 0x00, 0x0F, 0xFF, 0xFF,
    0xFF, 0xFF, 0xFF, 0xE0, 0x00, 0x0F, 0xFF, 0xFF, 0xFF, 0xFF, 0xFF, 0xE0, 0x00, 0x0F, 0xFF, 0xFF,
    0xFF, 0xFF, 0xFF, 0xE0, 0x00, 0x0F, 0xFF, 0xFF, 0xFF, 0xFF, 0xFF, 0xF0, 0x00, 0x0F, 0xFF, 0xFF,
    0xFF, 0xFF, 0xFF, 0xF0, 0x00, 0x0F, 0xFF, 0xFF, 0x00, 0xFF, 0xFF, 0xF0, 0x00, 0x0F, 0xFF, 0xFE,
    0x00, 0x7F, 0xFF, 0xF0, 0x00, 0x0F, 0xFF, 0xFC, 0x00, 0x3F, 0xFF, 0xF0, 0x00, 0x0F, 0xFF, 0xFC,
    0x00, 0x3F, 0xFF, 0xF0, 0x00, 0x0F, 0xFF, 0xFC, 0x00, 0x1F, 0xFF, 0xF0, 0x00, 0x0F, 0xFF, 0xF8,
    0x00, 0x1F, 0xFF, 0xF0, 0x00, 0x0F, 0xFF, 0xF8, 0x00, 0x1F, 0xFF, 0xF0, 0x00, 0x0F, 0xFF, 0xF8,
    0x00, 0x1F, 0xFF, 0xF0, 0x00, 0x0F, 0xFF, 0xF8, 0x00, 0x1F, 0xFF, 0xF0, 0x00, 0x0F, 0xFF, 0xF8,
    0x00, 0x1F, 0xFF, 0xF0, 0x00, 0x0F, 0xFF, 0xF8, 0x00, 0x1F, 0xFF, 0xF0, 0x00, 0x0F, 0xFF, 0xF8,
    0x00, 0x1F, 0xFF, 0xF0, 0x00, 0x0F, 0xFF, 0xF8, 0x00, 0x1F, 0xFF, 0xF0, 0x00, 0x0F, 0xFF, 0xF8,
    0x00, 0x1F, 0xFF, 0xF0, 0x00, 0x0F, 0xFF, 0xF8, 0x00, 0x1F, 0xFF, 0xF0, 0x00, 0x0F, 0xFF, 0xF8,
    0x00, 0x1F, 0xFF, 0xF0, 0x00, 0x0F, 0xFF, 0xF8, 0x00, 0x1F, 0xFF, 0xF0, 0x00, 0x0F, 0xFF, 0xF8,
    0x00, 0x1F, 0xFF, 0xF0, 0x00, 0x0F, 0xFF, 0xF8, 0x00, 0x1F, 0xFF, 0xF0, 0x00, 0x0F, 0xFF, 0xF8,
    0x00, 0x1F, 0xFF, 0xF0, 0x00, 0x0F, 0xFF, 0xF8, 0x00, 0x1F, 0xFF, 0xF0, 0x00, 0x0F, 0xFF, 0xF8,
    0x00, 0x1F, 0xFF, 0xF0, 0x00, 0x0F, 0xFF, 0xF8, 0x00, 0x1F, 0xFF, 0xF0, 0x00, 0x0F, 0xFF, 0xF8,
    0x00, 0x1F, 0xFF, 0xF0, 0x00, 0x0F, 0xFF, 0xF8, 0x00, 0x1F, 0xFF, 0xF0, 0x00, 0x0F, 0xFF, 0xF8,
    0x00, 0x1F, 0xFF, 0xF0, 0x00, 0x0F, 0xFF, 0xF8, 0x00, 0x1F, 0xFF, 0xF0, 0x00, 0x0F, 0xFF, 0xF8,
    0x00, 0x1F, 0xFF, 0xF0, 0x00, 0x0F, 0xFF, 0xF8, 0x00, 0x1F, 0xFF, 0xF0, 0x00, 0x0F, 0xFF, 0xF8,
    0x00, 0x1F, 0xFF, 0xF0, 0x00, 0x0F, 0xFF, 0xF8, 0x00, 0x1F, 0xFF, 0xF0, 0x00, 0x0F, 0xFF, 0xF8,
    0x00, 0x1F, 0xFF, 0xF0, 0x00, 0x0F, 0xFF, 0xF8, 0x00, 0x1F, 0xFF, 0xF0, 0x00, 0x00, 0x3F, 0x00,
    0x00, 0x00, 0xFF, 0xC0, 0x00, 0x01, 0xFF, 0xE0, 0x00, 0x03, 0xFF, 0xF0, 0x00, 0x07, 0xFF, 0xF0,
    0x00, 0x07, 0xFF, 0xF8, 0x00, 0x07, 0xFF, 0xF8, 0x00, 0x0F, 0xFF, 0xF8, 0x00, 0x0F, 0xFF, 0xF8,
    0x00, 0x07, 0xFF, 0xF8, 0x00, 0x07, 0xFF, 0xF8, 0x00, 0x07, 0xFF, 0xF0, 0x00, 0x03, 0xFF, 0xF0,
    0x00, 0x01, 0xFF, 0xE0, 0x00, 0x00, 0xFF, 0xC0, 0x00, 0x00, 0x3F, 0x00, 0x00, 0x00, 0x00, 0x00,
    0x00, 0x00, 0x00, 0x00, 0x00, 0x00, 0x00, 0x00, 0x00, 0x00, 0x00, 0x00, 0x00, 0x00, 0x00, 0x00,
    0x00, 0x0F, 0xFF, 0xF8, 0x00, 0x0F, 0xFF, 0xF8, 0x00, 0x0F, 0xFF, 0xF8, 0x00, 0x0F, 0xFF, 0xF8,
    0x00, 0x0F, 0xFF, 0xF8, 0x00, 0x0F, 0xFF, 0xF8, 0x00, 0x0F, 0xFF, 0xF8, 0x00, 0x0F, 0xFF, 0xF8,
    0x00, 0x0F, 0xFF, 0xF8, 0x00, 0x0F, 0xFF, 0xF8, 0x00, 0x0F, 0xFF, 0xF8, 0x00, 0x0F, 0xFF, 0xF8,
    0x00, 0x0F, 0xFF, 0xF8, 0x00, 0x0F, 0xFF, 0xF8, 0x00, 0x0F, 0xFF, 0xF8, 0x00, 0x0F, 0xFF, 0xF8,
    0x00, 0x0F, 0xFF, 0xF8, 0x00, 0x0F, 0xFF, 0xF8, 0x00, 0x0F, 0xFF, 0xF8, 0x00, 0x0F, 0xFF, 0xF8,
    0x00, 0x0F, 0xFF, 0xF8, 0x00, 0x0F, 0xFF, 0xF8, 0x00, 0x0F, 0xFF, 0xF8, 0x00, 0x0F, 0xFF, 0xF8,
    0x00, 0x0F, 0xFF, 0xF8, 0x00, 0x0F, 0xFF, 0xF8, 0x00, 0x0F, 0xFF, 0xF8, 0x00, 0x0F, 0xFF, 0xF8,
    0x00, 0x0F, 0xFF, 0xF8, 0x00, 0x0F, 0xFF, 0xF8, 0x00, 0x0F, 0xFF, 0xF8, 0x00, 0x0F, 0xFF, 0xF8,
    0x00, 0x0F, 0xFF, 0xF8, 0x00, 0x0F, 0xFF, 0xF8, 0x00, 0x0F, 0xFF, 0xF8, 0x00, 0x0F, 0xFF, 0xF8,
    0x00, 0x0F, 0xFF, 0xF8, 0x00, 0x0F, 0xFF, 0xF8, 0x00, 0x0F, 0xFF, 0xF8, 0x00, 0x0F, 0xFF, 0xF8,
    0x00, 0x0F, 0xFF, 0xF8, 0x00, 0x0F, 0xFF, 0xF8, 0x00, 0x0F, 0xFF, 0xF8, 0x00, 0x0F, 0xFF, 0xF8,
    0x00, 0x0F, 0xFF, 0xF8, 0x00, 0x0F, 0xFF, 0xF8, 0x00, 0x0F, 0xFF, 0xF8, 0x00, 0x00, 0x07, 0xE0,
    0x00, 0x00, 0x1F, 0xF8, 0x00, 0x00, 0x3F, 0xFC, 0x00, 0x00, 0x7F, 0xFE, 0x00, 0x00, 0xFF, 0xFE,
    0x00, 0x00, 0xFF, 0xFF, 0x00, 0x00, 0xFF, 0xFF, 0x00, 0x01, 0xFF, 0xFF, 0x00, 0x01, 0xFF, 0xFF,
    0x00, 0x00, 0xFF, 0xFF, 0x00, 0x00, 0xFF, 0xFF, 0x00, 0x00, 0xFF, 0xFE, 0x00, 0x00, 0x7F, 0xFE,
    0x00, 0x00, 0x3F, 0xFC, 0x00, 0x00, 0x1F, 0xF8, 0x00, 0x00, 0x07, 0xE0, 0x00, 0x00, 0x00, 0x00,
    0x00, 0x00, 0x00, 0x00, 0x00, 0x00, 0x00, 0x00, 0x00, 0x00, 0x00, 0x00, 0x00, 0x00, 0x00, 0x00,
    0x00, 0x01, 0xFF, 0xFF, 0x00, 0x01, 0xFF, 0xFF, 0x00, 0x01, 0xFF, 0xFF, 0x00, 0x01, 0xFF, 0xFF,
    0x00, 0x01, 0xFF, 0xFF, 0x00, 0x01, 0xFF, 0xFF, 0x00, 0x01, 0xFF, 0xFF, 0x00, 0x01, 0xFF, 0xFF,
    0x00, 0x01, 0xFF, 0xFF, 0x00, 0x01, 0xFF, 0xFF, 0x00, 0x01, 0xFF, 0xFF, 0x00, 0x01, 0xFF, 0xFF,
    0x00, 0x01, 0xFF, 0xFF, 0x00, 0x01, 0xFF, 0xFF, 0x00, 0x01, 0xFF, 0xFF, 0x00, 0x01, 0xFF, 0xFF,
    0x00, 0x01, 0xFF, 0xFF, 0x00, 0x01, 0xFF, 0xFF, 0x00, 0x01, 0xFF, 0xFF, 0x00, 0x01, 0xFF, 0xFF,
    0x00, 0x01, 0xFF, 0xFF, 0x00, 0x01, 0xFF, 0xFF, 0x00, 0x01, 0xFF, 0xFF, 0x00, 0x01, 0xFF, 0xFF,
    0x00, 0x01, 0xFF, 0xFF, 0x00, 0x01, 0xFF, 0xFF, 0x00, 0x01, 0xFF, 0xFF, 0x00, 0x01, 0xFF, 0xFF,
    0x00, 0x01, 0xFF, 0xFF, 0x00, 0x01, 0xFF, 0xFF, 0x00, 0x01, 0xFF, 0xFF, 0x00, 0x01, 0xFF, 0xFF,
    0x00, 0x01, 0xFF, 0xFF, 0x00, 0x01, 0xFF, 0xFF, 0x00, 0x01, 0xFF, 0xFF, 0x00, 0x01, 0xFF, 0xFF,
    0x00, 0x01, 0xFF, 0xFF, 0x00, 0x01, 0xFF, 0xFF, 0x00, 0x01, 0xFF, 0xFF, 0x00, 0x01, 0xFF, 0xFF,
    0x00, 0x01, 0xFF, 0xFF, 0x00, 0x01, 0xFF, 0xFF, 0x00, 0x01, 0xFF, 0xFF, 0x00, 0x01, 0xFF, 0xFF,
    0x00, 0x01, 0xFF, 0xFF, 0x00, 0x01, 0xFF, 0xFF, 0x00, 0x01, 0xFF, 0xFF, 0x00, 0x01, 0xFF, 0xFF,
    0x00, 0x01, 0xFF, 0xFF, 0x00, 0x01, 0xFF, 0xFF, 0x00, 0x01, 0xFF, 0xFF, 0x00, 0x03, 0xFF, 0xFF,
    0x00, 0xFF, 0xFF, 0xFF, 0x00, 0xFF, 0xFF, 0xFF, 0x00, 0xFF, 0xFF, 0xFF, 0x00, 0xFF, 0xFF, 0xFE,
    0x00, 0xFF, 0xFF, 0xFE, 0x00, 0xFF, 0xFF, 0xFE, 0x00, 0xFF, 0xFF, 0xFC, 0x00, 0xFF, 0xFF, 0xF8,
    0x00, 0xFF, 0xFF, 0xF0, 0x00, 0xFF, 0xFF, 0xE0, 0x00, 0xFF, 0xFF, 0x80, 0x00, 0xFF, 0xFE, 0x00,
    0x00, 0xFF, 0xC0, 0x00, 0x00, 0x0F, 0xFF, 0xF8, 0x00, 0x00, 0x00, 0x00, 0x0F, 0xFF, 0xF8, 0x00,
    0x00, 0x00, 0x00, 0x0F, 0xFF, 0xF8, 0x00, 0x00, 0x00, 0x00, 0x0F, 0xFF, 0xF8, 0x00, 0x00, 0x00,
    0x00, 0x0F, 0xFF, 0xF8, 0x00, 0x00, 0x00, 0x00, 0x0F, 0xFF, 0xF8, 0x00, 0x00, 0x00, 0x00, 0x0F,
    0xFF, 0xF8, 0x00, 0x00, 0x00, 0x00, 0x0F, 0xFF, 0xF8, 0x00, 0x00, 0x00, 0x00, 0x0F, 0xFF, 0xF8,
    0x00, 0x00, 0x00, 0x00, 0x0F, 0xFF, 0xF8, 0x00, 0x00, 0x00, 0x00, 0x0F, 0xFF, 0xF8, 0x00, 0x00,
    0x00, 0x00, 0x0F, 0xFF, 0xF8, 0x00, 0x00, 0x00, 0x00, 0x0F, 0xFF, 0xF8, 0x00, 0x00, 0x00, 0x00,
    0x0F, 0xFF, 0xF8, 0x00, 0x00, 0x00, 0x00, 0x0F, 0xFF, 0xF8, 0x00, 0x00, 0x00, 0x00, 0x0F, 0xFF,
    0xF8, 0x00, 0x00, 0x00, 0x00, 0x0F, 0xFF, 0xF8, 0x00, 0x7F, 0xFF, 0xF8, 0x0F, 0xFF, 0xF8, 0x00,
    0xFF, 0xFF, 0xF0, 0x0F, 0xFF, 0xF8, 0x00, 0xFF, 0xFF, 0xE0, 0x0F, 0xFF, 0xF8, 0x01, 0xFF, 0xFF,
    0xC0, 0x0F, 0xFF, 0xF8, 0x03, 0xFF, 0xFF, 0x80, 0x0F, 0xFF, 0xF8, 0x03, 0xFF, 0xFF, 0x00, 0x0F,
    0xFF, 0xF8, 0x07, 0xFF, 0xFF, 0x00, 0x0F, 0xFF, 0xF8, 0x0F, 0xFF, 0xFE, 0x00, 0x0F, 0xFF, 0xF8,
    0x1F, 0xFF, 0xFC, 0x00, 0x0F, 0xFF, 0xF8, 0x1F, 0xFF, 0xF8, 0x00, 0x0F, 0xFF, 0xF8, 0x3F, 0xFF,
    0xF8, 0x00, 0x0F, 0xFF, 0xF8, 0x7F, 0xFF, 0xF0, 0x00, 0x0F, 0xFF, 0xF8, 0x7F, 0xFF, 0xE0, 0x00,
    0x0F, 0xFF, 0xF8, 0xFF, 0xFF, 0xC0, 0x00, 0x0F, 0xFF, 0xF9, 0xFF, 0xFF, 0x80, 0x00, 0x0F, 0xFF,
    0xFB, 0xFF, 0xFF, 0x80, 0x00, 0x0F, 0xFF, 0xFF, 0xFF, 0xFF, 0x00, 0x00, 0x0F, 0xFF, 0xFF, 0xFF,
    0xFE, 0x00, 0x00, 0x0F, 0xFF, 0xFF, 0xFF, 0xFC, 0x00, 0x00, 0x0F, 0xFF, 0xFF, 0xFF, 0xFC, 0x00,
    0x00, 0x0F, 0xFF, 0xFF, 0xFF, 0xF8, 0x00, 0x00, 0x0F, 0xFF, 0xFF, 0xFF, 0xF8, 0x00, 0x00, 0x0F,
    0xFF, 0xFF, 0xFF, 0xFC, 0x00, 0x00, 0x0F, 0xFF, 0xFF, 0xFF, 0xFC, 0x00, 0x00, 0x0F, 0xFF, 0xFF,
    0xFF, 0xFE, 0x00, 0x00, 0x0F, 0xFF, 0xFF, 0xFF, 0xFE, 0x00, 0x00, 0x0F, 0xFF, 0xFF, 0xFF, 0xFF,
    0x00, 0x00, 0x0F, 0xFF, 0xFF, 0xFF, 0xFF, 0x80, 0x00, 0x0F, 0xFF, 0xFF, 0xFF, 0xFF, 0x80, 0x00,
    0x0F, 0xFF, 0xFF, 0xFF, 0xFF, 0xC0, 0x00, 0x0F, 0xFF, 0xFF, 0xFF, 0xFF, 0xE0, 0x00, 0x0F, 0xFF,
    0xFE, 0xFF, 0xFF, 0xE0, 0x00, 0x0F, 0xFF, 0xFC, 0x7F, 0xFF, 0xF0, 0x00, 0x0F, 0xFF, 0xFC, 0x3F,
    0xFF, 0xF8, 0x00, 0x0F, 0xFF, 0xF8, 0x3F, 0xFF, 0xF8, 0x00, 0x0F, 0xFF, 0xF8, 0x1F, 0xFF, 0xFC,
    0x00, 0x0F, 0xFF, 0xF8, 0x1F, 0xFF, 0xFC, 0x00, 0x0F, 0xFF, 0xF8, 0x0F, 0xFF, 0xFE, 0x00, 0x0F,
    0xFF, 0xF8, 0x07, 0xFF, 0xFF, 0x00, 0x0F, 0xFF, 0xF8, 0x07, 0xFF, 0xFF, 0x00, 0x0F, 0xFF, 0xF8,
    0x03, 0xFF, 0xFF, 0x80, 0x0F, 0xFF, 0xF8, 0x03, 0xFF, 0xFF, 0xC0, 0x0F, 0xFF, 0xF8, 0x01, 0xFF,
    0xFF, 0xC0, 0x0F, 0xFF, 0xF8, 0x00, 0xFF, 0xFF, 0xE0, 0x0F, 0xFF, 0xF8, 0x00, 0xFF, 0xFF, 0xF0,
    0x0F, 0xFF, 0xF8, 0x00, 0x7F, 0xFF, 0xF0, 0x0F, 0xFF, 0xF8, 0x00, 0x7F, 0xFF, 0xF8, 0x0F, 0xFF,
    0xF8, 0x00, 0x0F, 0xFF, 0xF8, 0x00, 0x0F, 0xFF, 0xF8, 0x00, 0x0F, 0xFF, 0xF8, 0x00, 0x0F, 0xFF,
    0xF8, 0x00, 0x0F, 0xFF, 0xF8, 0x00, 0x0F, 0xFF, 0xF8, 0x00, 0x0F, 0xFF, 0xF8, 0x00, 0x0F, 0xFF,
    0xF8, 0x00, 0x0F, 0xFF, 0xF8, 0x00, 0x0F, 0xFF, 0xF8, 0x00, 0x0F, 0xFF, 0xF8, 0x00, 0x0F, 0xFF,
    0xF8, 0x00, 0x0F, 0xFF, 0xF8, 0x00, 0x0F, 0xFF, 0xF8, 0x00, 0x0F, 0xFF, 0xF8, 0x00, 0x0F, 0xFF,
    0xF8, 0x00, 0x0F, 0xFF, 0xF8, 0x00, 0x0F, 0xFF, 0xF8, 0x00, 0x0F, 0xFF, 0xF8, 0x00, 0x0F, 0xFF,
    0xF8, 0x00, 0x0F, 0xFF, 0xF8, 0x00, 0x0F, 0xFF, 0xF8, 0x00, 0x0F, 0xFF, 0xF8, 0x00, 0x0F, 0xFF,
    0xF8, 0x00, 0x0F, 0xFF, 0xF8, 0x00, 0x0F, 0xFF, 0xF8, 0x00, 0x0F, 0xFF, 0xF8, 0x00, 0x0F, 0xFF,
    0xF8, 0x00, 0x0F, 0xFF, 0xF8, 0x00, 0x0F, 0xFF, 0xF8, 0x00, 0x0F, 0xFF, 0xF8, 0x00, 0x0F, 0xFF,
    0xF8, 0x00, 0x0F, 0xFF, 0xF8, 0x00, 0x0F, 0xFF, 0xF8, 0x00, 0x0F, 0xFF, 0xF8, 0x00, 0x0F, 0xFF,
    0xF8, 0x00, 0x0F, 0xFF, 0xF8, 0x00, 0x0F, 0xFF, 0xF8, 0x00, 0x0F, 0xFF, 0xF8, 0x00, 0x0F, 0xFF,
    0xF8, 0x00, 0x0F, 0xFF, 0xF8, 0x00, 0x0F, 0xFF, 0xF8, 0x00, 0x0F, 0xFF, 0xF8, 0x00, 0x0F, 0xFF,
    0xF8, 0x00, 0x0F, 0xFF, 0xF8, 0x00, 0x0F, 0xFF, 0xF8, 0x00, 0x0F, 0xFF, 0xF8, 0x00, 0x0F, 0xFF,
    0xF8, 0x00, 0x0F, 0xFF, 0xF8, 0x00, 0x0F, 0xFF, 0xF8, 0x00, 0x0F, 0xFF, 0xF8, 0x00, 0x0F, 0xFF,
    0xF8, 0x00, 0x0F, 0xFF, 0xF8, 0x00, 0x0F, 0xFF, 0xF8, 0x00, 0x0F, 0xFF, 0xF8, 0x00, 0x0F, 0xFF,
    0xF8, 0x00, 0x0F, 0xFF, 0xF8, 0x00, 0x0F, 0xFF, 0xF8, 0x00, 0x0F, 0xFF, 0xF8, 0x00, 0x0F, 0xFF,
    0xF8, 0x00, 0x0F, 0xFF, 0xF8, 0x00, 0x0F, 0xFF, 0xF8, 0x00, 0x00, 0x00, 0x00, 0x00, 0x20, 0x00,
    0x00, 0x02, 0x00, 0x00, 0x00, 0x0F, 0xFF, 0xF0, 0x07, 0xFF, 0x00, 0x00, 0x7F, 0xF0, 0x00, 0x00,
    0x0F, 0xFF, 0xF0, 0x1F, 0xFF, 0x80, 0x03, 0xFF, 0xFE, 0x00, 0x00, 0x0F, 0xFF, 0xF0, 0x3F, 0xFF,
    0xE0, 0x07, 0xFF, 0xFF, 0x00, 0x00, 0x0F, 0xFF, 0xF0, 0xFF, 0xFF, 0xE0, 0x1F, 0xFF, 0xFF, 0x80,
    0x00, 0x0F, 0xFF, 0xF0, 0xFF, 0xFF, 0xF0, 0x3F, 0xFF, 0xFF, 0xC0, 0x00, 0x0F, 0xFF, 0xF1, 0xFF,
    0xFF, 0xF8, 0x3F, 0xFF, 0xFF, 0xE0, 0x00, 0x0F, 0xFF, 0xF3, 0xFF, 0xFF, 0xF8, 0x7F, 0xFF, 0xFF,
    0xF0, 0x00, 0x0F, 0xFF, 0xFB, 0xFF, 0xFF, 0xFC, 0xFF, 0xFF, 0xFF, 0xF0, 0x00, 0x0F, 0xFF, 0xFF,
    0xFF, 0xFF, 0xFC, 0xFF, 0xFF, 0xFF, 0xF8, 0x00, 0x0F, 0xFF, 0xFF, 0xFF, 0xFF, 0xFD, 0xFF, 0xFF,
    0xFF, 0xF8, 0x00, 0x0F, 0xFF, 0xFF, 0xFF, 0xFF, 0xFF, 0xFF, 0xFF, 0xFF, 0xF8, 0x00, 0x0F, 0xFF,
    0xFF, 0xFF, 0xFF, 0xFF, 0xFF, 0xFF, 0xFF, 0xF8, 0x00, 0x0F, 0xFF, 0xFF, 0xFF, 0xFF, 0xFF, 0xFF,
    0xFF, 0xFF, 0xFC, 0x00, 0x0F, 0xFF, 0xFF, 0x83, 0xFF, 0xFF, 0xF0, 0x7F, 0xFF, 0xFC, 0x00, 0x0F,
    0xFF, 0xFE, 0x01, 0xFF, 0xFF, 0xE0, 0x1F, 0xFF, 0xFC, 0x00, 0x0F, 0xFF, 0xFC, 0x00, 0xFF, 0xFF,
    0xC0, 0x0F, 0xFF, 0xFC, 0x00, 0x0F, 0xFF, 0xFC, 0x00, 0xFF, 0xFF, 0xC0, 0x0F, 0xFF, 0xFC, 0x00,
    0x0F, 0xFF, 0xFC, 0x00, 0x7F, 0xFF, 0x80, 0x0F, 0xFF, 0xFC, 0x00, 0x0F, 0xFF, 0xF8, 0x00, 0x7F,
    0xFF, 0x80, 0x0F, 0xFF, 0xFC, 0x00, 0x0F, 0xFF, 0xF8, 0x00, 0x7F, 0xFF, 0x80, 0x07, 0xFF, 0xFC,
    0x00, 0x0F, 0xFF, 0xF8, 0x00, 0x7F, 0xFF, 0x80, 0x07, 0xFF, 0xFC, 0x00, 0x0F, 0xFF, 0xF8, 0x00,
    0x7F, 0xFF, 0x80, 0x07, 0xFF, 0xFC, 0x00, 0x0F, 0xFF, 0xF8, 0x00, 0x7F, 0xFF, 0x80, 0x07, 0xFF,
    0xFC, 0x00, 0x0F, 0xFF, 0xF8, 0x00, 0x7F, 0xFF, 0x80, 0x07, 0xFF, 0xFC, 0x00, 0x0F, 0xFF, 0xF8,
    0x00, 0x7F, 0xFF, 0x80, 0x07, 0xFF, 0xFC, 0x00, 0x0F, 0xFF, 0xF8, 0x00, 0x7F, 0xFF, 0x80, 0x07,
    0xFF, 0xFC, 0x00, 0x0F, 0xFF, 0xF8, 0x00, 0x7F, 0xFF, 0x80, 0x07, 0xFF, 0xFC, 0x00, 0x0F, 0xFF,
    0xF8, 0x00, 0x7F, 0xFF, 0x80, 0x07, 0xFF, 0xFC, 0x00, 0x0F, 0xFF, 0xF8, 0x00, 0x7F, 0xFF, 0x80,
    0x07, 0xFF, 0xFC, 0x00, 0x0F, 0xFF, 0xF8, 0x00, 0x7F, 0xFF, 0x80, 0x07, 0xFF, 0xFC, 0x00, 0x0F,
    0xFF, 0xF8, 0x00, 0x7F, 0xFF, 0x80, 0x07, 0xFF, 0xFC, 0x00, 0x0F, 0xFF, 0xF8, 0x00, 0x7F, 0xFF,
    0x80, 0x07, 0xFF, 0xFC, 0x00, 0x0F, 0xFF, 0xF8, 0x00, 0x7F, 0xFF, 0x80, 0x07, 0xFF, 0xFC, 0x00,
    0x0F, 0xFF, 0xF8, 0x00, 0x7F, 0xFF, 0x80, 0x07, 0xFF, 0xFC, 0x00, 0x0F, 0xFF, 0xF8, 0x00, 0x7F,
    0xFF, 0x80, 0x07, 0xFF, 0xFC, 0x00, 0x0F, 0xFF, 0xF8, 0x00, 0x7F, 0xFF, 0x80, 0x07, 0xFF, 0xFC,
    0x00, 0x0F, 0xFF, 0xF8, 0x00, 0x7F, 0xFF, 0x80, 0x07, 0xFF, 0xFC, 0x00, 0x0F, 0xFF, 0xF8, 0x00,
    0x7F, 0xFF, 0x80, 0x07, 0xFF, 0xFC, 0x00, 0x0F, 0xFF, 0xF8, 0x00, 0x7F, 0xFF, 0x80, 0x07, 0xFF,
    0xFC, 0x00, 0x0F, 0xFF, 0xF8, 0x00, 0x7F, 0xFF, 0x80, 0x07, 0xFF, 0xFC, 0x00, 0x0F, 0xFF, 0xF8,
    0x00, 0x7F, 0xFF, 0x80, 0x07, 0xFF, 0xFC, 0x00, 0x0F, 0xFF, 0xF8, 0x00, 0x7F, 0xFF, 0x80, 0x07,
    0xFF, 0xFC, 0x00, 0x0F, 0xFF, 0xF8, 0x00, 0x7F, 0xFF, 0x80, 0x07, 0xFF, 0xFC, 0x00, 0x0F, 0xFF,
    0xF8, 0x00, 0x7F, 0xFF, 0x80, 0x07, 0xFF, 0xFC, 0x00, 0x0F, 0xFF, 0xF8, 0x00, 0x7F, 0xFF, 0x80,
    0x07, 0xFF, 0xFC, 0x00, 0x0F, 0xFF, 0xF8, 0x00, 0x7F, 0xFF, 0x80, 0x07, 0xFF, 0xFC, 0x00, 0x0F,
    0xFF, 0xF8, 0x00, 0x7F, 0xFF, 0x80, 0x07, 0xFF, 0xFC, 0x00, 0x00, 0x00, 0x00, 0x00, 0x10, 0x00,
    0x00, 0x00, 0x0F, 0xFF, 0xF0, 0x03, 0xFF, 0xC0, 0x00, 0x00, 0x0F, 0xFF, 0xF0, 0x0F, 0xFF, 0xF0,
    0x00, 0x00, 0x0F, 0xFF, 0xF0, 0x3F, 0xFF, 0xF8, 0x00, 0x00, 0x0F, 0xFF, 0xF0, 0x7F, 0xFF, 0xFE,
    0x00, 0x00, 0x0F, 0xFF, 0xF0, 0xFF, 0xFF, 0xFF, 0x00, 0x00, 0x0F, 0xFF, 0xF1, 0xFF, 0xFF, 0xFF,
    0x80, 0x00, 0x0F, 0xFF, 0xF9, 0xFF, 0xFF, 0xFF, 0x80, 0x00, 0x0F, 0xFF, 0xFB, 0xFF, 0xFF, 0xFF,
    0xC0, 0x00, 0x0F, 0xFF, 0xFB, 0xFF, 0xFF, 0xFF, 0xC0, 0x00, 0x0F, 0xFF, 0xFF, 0xFF, 0xFF, 0xFF,
    0xE0, 0x00, 0x0F, 0xFF, 0xFF, 0xFF, 0xFF, 0xFF, 0xE0, 0x00, 0x0F, 0xFF, 0xFF, 0xFF, 0xFF, 0xFF,
    0xE0, 0x00, 0x0F, 0xFF, 0xFF, 0xFF, 0xFF, 0xFF, 0xF0, 0x00, 0x0F, 0xFF, 0xFF, 0xFF, 0xFF, 0xFF,
    0xF0, 0x00, 0x0F, 0xFF, 0xFF, 0x00, 0xFF, 0xFF, 0xF0, 0x00, 0x0F, 0xFF, 0xFE, 0x00, 0x7F, 0xFF,
    0xF0, 0x00, 0x0F, 0xFF, 0xFC, 0x00, 0x3F, 0xFF, 0xF0, 0x00, 0x0F, 0xFF, 0xFC, 0x00, 0x3F, 0xFF,
    0xF0, 0x00, 0x0F, 0xFF, 0xFC, 0x00, 0x1F, 0xFF, 0xF0, 0x00, 0x0F, 0xFF, 0xF8, 0x00, 0x1F, 0xFF,
    0xF0, 0x00, 0x0F, 0xFF, 0xF8, 0x00, 0x1F, 0xFF, 0xF0, 0x00, 0x0F, 0xFF, 0xF8, 0x00, 0x1F, 0xFF,
    0xF0, 0x00, 0x0F, 0xFF, 0xF8, 0x00, 0x1F, 0xFF, 0xF0, 0x00, 0x0F, 0xFF, 0xF8, 0x00, 0x1F, 0xFF,
    0xF0, 0x00, 0x0F, 0xFF, 0xF8, 0x00, 0x1F, 0xFF, 0xF0, 0x00, 0x0F, 0xFF, 0xF8, 0x00, 0x1F, 0xFF,
    0xF0, 0x00, 0x0F, 0xFF, 0xF8, 0x00, 0x1F, 0xFF, 0xF0, 0x00, 0x0F, 0xFF, 0xF8, 0x00, 0x1F, 0xFF,
    0xF0, 0x00, 0x0F, 0xFF, 0xF8, 0x00, 0x1F, 0xFF, 0xF0, 0x00, 0x0F, 0xFF, 0xF8, 0x00, 0x1F, 0xFF,
    0xF0, 0x00, 0x0F, 0xFF, 0xF8, 0x00, 0x1F, 0xFF, 0xF0, 0x00, 0x0F, 0xFF, 0xF8, 0x00, 0x1F, 0xFF,
    0xF0, 0x00, 0x0F, 0xFF, 0xF8, 0x00, 0x1F, 0xFF, 0xF0, 0x00, 0x0F, 0xFF, 0xF8, 0x00, 0x1F, 0xFF,
    0xF0, 0x00, 0x0F, 0xFF, 0xF8, 0x00, 0x1F, 0xFF, 0xF0, 0x00, 0x0F, 0xFF, 0xF8, 0x00, 0x1F, 0xFF,
    0xF0, 0x00, 0x0F, 0xFF, 0xF8, 0x00, 0x1F, 0xFF, 0xF0, 0x00, 0x0F, 0xFF, 0xF8, 0x00, 0x1F, 0xFF,
    0xF0, 0x00, 0x0F, 0xFF, 0xF8, 0x00, 0x1F, 0xFF, 0xF0, 0x00, 0x0F, 0xFF, 0xF8, 0x00, 0x1F, 0xFF,
    0xF0, 0x00, 0x0F, 0xFF, 0xF8, 0x00, 0x1F, 0xFF, 0xF0, 0x00, 0x0F, 0xFF, 0xF8, 0x00, 0x1F, 0xFF,
    0xF0, 0x00, 0x0F, 0xFF, 0xF8, 0x00, 0x1F, 0xFF, 0xF0, 0x00, 0x0F, 0xFF, 0xF8, 0x00, 0x1F, 0xFF,
    0xF0, 0x00, 0x0F, 0xFF, 0xF8, 0x00, 0x1F, 0xFF, 0xF0, 0x00, 0x0F, 0xFF, 0xF8, 0x00, 0x1F, 0xFF,
    0xF0, 0x00, 0x0F, 0xFF, 0xF8, 0x00, 0x1F, 0xFF, 0xF0, 0x00, 0x00, 0x00, 0x00, 0x10, 0x00, 0x00,
    0x00, 0x00, 0x00, 0x1F, 0xFF, 0xE0, 0x00, 0x00, 0x00, 0x00, 0xFF, 0xFF, 0xFC, 0x00, 0x00, 0x00,
    0x03, 0xFF, 0xFF, 0xFF, 0x00, 0x00, 0x00, 0x0F, 0xFF, 0xFF, 0xFF, 0xC0, 0x00, 0x00, 0x1F, 0xFF,
    0xFF, 0xFF, 0xE0, 0x00, 0x00, 0x3F, 0xFF, 0xFF, 0xFF, 0xF8, 0x00, 0x00, 0x7F, 0xFF, 0xFF, 0xFF,
    0xFC, 0x00, 0x00, 0xFF, 0xFF, 0xFF, 0xFF, 0xFC, 0x00, 0x01, 0xFF, 0xFF, 0xFF, 0xFF, 0xFE, 0x00,
    0x03, 0xFF, 0xFF, 0xFF, 0xFF, 0xFF, 0x00, 0x03, 0xFF, 0xFF, 0xFF, 0xFF, 0xFF, 0x80, 0x07, 0xFF,
    0xFF, 0xFF, 0xFF, 0xFF, 0x80, 0x07, 0xFF, 0xFF, 0x87, 0xFF, 0xFF, 0xC0, 0x0F, 0xFF, 0xFE, 0x01,
    0xFF, 0xFF, 0xC0, 0x0F, 0xFF, 0xFC, 0x00, 0xFF, 0xFF, 0xC0, 0x0F, 0xFF, 0xFC, 0x00, 0x7F, 0xFF,
    0xE0, 0x1F, 0xFF, 0xF8, 0x00, 0x7F, 0xFF, 0xE0, 0x1F, 0xFF, 0xF8, 0x00, 0x7F, 0xFF, 0xE0, 0x1F,
    0xFF, 0xF8, 0x00, 0x3F, 0xFF, 0xE0, 0x1F, 0xFF, 0xF0, 0x00, 0x3F, 0xFF, 0xE0, 0x1F, 0xFF, 0xF0,
    0x00, 0x3F, 0xFF, 0xF0, 0x1F, 0xFF, 0xF0, 0x00, 0x3F, 0xFF, 0xF0, 0x1F, 0xFF, 0xF0, 0x00, 0x3F,
    0xFF, 0xF0, 0x1F, 0xFF, 0xF0, 0x00, 0x3F, 0xFF, 0xF0, 0x1F, 0xFF, 0xF0, 0x00, 0x3F, 0xFF, 0xF0,
    0x1F, 0xFF, 0xF0, 0x00, 0x3F, 0xFF, 0xF0, 0x1F, 0xFF, 0xF0, 0x00, 0x3F, 0xFF, 0xF0, 0x1F, 0xFF,
    0xF0, 0x00, 0x3F, 0xFF, 0xF0, 0x1F, 0xFF, 0xF8, 0x00, 0x3F, 0xFF, 0xE0, 0x1F, 0xFF, 0xF8, 0x00,
    0x3F, 0xFF, 0xE0, 0x1F, 0xFF, 0xF8, 0x00, 0x7F, 0xFF, 0xE0, 0x0F, 0xFF, 0xFC, 0x00, 0x7F, 0xFF,
    0xE0, 0x0F, 0xFF, 0xFC, 0x00, 0xFF, 0xFF, 0xC0, 0x0F, 0xFF, 0xFE, 0x01, 0xFF, 0xFF, 0xC0, 0x07,
    0xFF, 0xFF, 0x03, 0xFF, 0xFF, 0xC0, 0x07, 0xFF, 0xFF, 0xFF, 0xFF, 0xFF, 0x80, 0x03, 0xFF, 0xFF,
    0xFF, 0xFF, 0xFF, 0x80, 0x03, 0xFF, 0xFF, 0xFF, 0xFF, 0xFF, 0x00, 0x01, 0xFF, 0xFF, 0xFF, 0xFF,
    0xFF, 0x00, 0x01, 0xFF, 0xFF, 0xFF, 0xFF, 0xFE, 0x00, 0x00, 0xFF, 0xFF, 0xFF, 0xFF, 0xFC, 0x00,
    0x00, 0x7F, 0xFF, 0xFF, 0xFF, 0xF8, 0x00, 0x00, 0x3F, 0xFF, 0xFF, 0xFF, 0xF0, 0x00, 0x00, 0x0F,
    0xFF, 0xFF, 0xFF, 0xE0, 0x00, 0x00, 0x07, 0xFF, 0xFF, 0xFF, 0x80, 0x00, 0x00, 0x01, 0xFF, 0xFF,
    0xFE, 0x00, 0x00, 0x00, 0x00, 0x7F, 0xFF, 0xF8, 0x00, 0x00, 0x00, 0x00, 0x07, 0xFF, 0x80, 0x00,
    0x00, 0x00, 0x00, 0x00, 0x00, 0x20, 0x00, 0x00, 0x0F, 0xFF, 0xF8, 0x07, 0xFF, 0x80, 0x00, 0x0F,
    0xFF, 0xF8, 0x1F, 0xFF, 0xE0, 0x00, 0x0F, 0xFF, 0xF8, 0x3F, 0xFF, 0xF8, 0x00, 0x0F, 0xFF, 0xF8,
    0x7F, 0xFF, 0xFC, 0x00, 0x0F, 0xFF, 0xF8, 0xFF, 0xFF, 0xFE, 0x00, 0x0F, 0xFF, 0xF9, 0xFF, 0xFF,
    0xFF, 0x00, 0x0F, 0xFF, 0xFB, 0xFF, 0xFF, 0xFF, 0x80, 0x0F, 0xFF, 0xFB, 0xFF, 0xFF, 0xFF, 0xC0,
    0x0F, 0xFF, 0xFF, 0xFF, 0xFF, 0xFF, 0xC0, 0x0F, 0xFF, 0xFF, 0xFF, 0xFF, 0xFF, 0xE0, 0x0F, 0xFF,
    0xFF, 0xFF, 0xFF, 0xFF, 0xE0, 0x0F, 0xFF, 0xFF, 0xFF, 0xFF, 0xFF, 0xF0, 0x0F, 0xFF, 0xFF, 0xE3,
    0xFF, 0xFF, 0xF0, 0x0F, 0xFF, 0xFF, 0x80, 0xFF, 0xFF, 0xF0, 0x0F, 0xFF, 0xFF, 0x00, 0x7F, 0xFF,
    0xF8, 0x0F, 0xFF, 0xFE, 0x00, 0x3F, 0xFF, 0xF8, 0x0F, 0xFF, 0xFC, 0x00, 0x1F, 0xFF, 0xF8, 0x0F,
    0xFF, 0xFC, 0x00, 0x1F, 0xFF, 0xF8, 0x0F, 0xFF, 0xFC, 0x00, 0x1F, 0xFF, 0xF8, 0x0F, 0xFF, 0xF8,
    0x00, 0x0F, 0xFF, 0xF8, 0x0F, 0xFF, 0xF8, 0x00, 0x0F, 0xFF, 0xF8, 0x0F, 0xFF, 0xF8, 0x00, 0x0F,
    0xFF, 0xF8, 0x0F, 0xFF, 0xF8, 0x00, 0x0F, 0xFF, 0xFC, 0x0F, 0xFF, 0xF8, 0x00, 0x0F, 0xFF, 0xFC,
    0x0F, 0xFF, 0xF8, 0x00, 0x0F, 0xFF, 0xFC, 0x0F, 0xFF, 0xF8, 0x00, 0x0F, 0xFF, 0xFC, 0x0F, 0xFF,
    0xF8, 0x00, 0x0F, 0xFF, 0xF8, 0x0F, 0xFF, 0xF8, 0x00, 0x0F, 0xFF, 0xF8, 0x0F, 0xFF, 0xF8, 0x00,
    0x1F, 0xFF, 0xF8, 0x0F, 0xFF, 0xFC, 0x00, 0x1F, 0xFF, 0xF8, 0x0F, 0xFF, 0xFC, 0x00, 0x1F, 0xFF,
    0xF8, 0x0F, 0xFF, 0xFE, 0x00, 0x3F, 0xFF, 0xF8, 0x0F, 0xFF, 0xFE, 0x00, 0x3F, 0xFF, 0xF8, 0x0F,
    0xFF, 0xFF, 0x00, 0x7F, 0xFF, 0xF0, 0x0F, 0xFF, 0xFF, 0x80, 0xFF, 0xFF, 0xF0, 0x0F, 0xFF, 0xFF,
    0xFF, 0xFF, 0xFF, 0xF0, 0x0F, 0xFF, 0xFF, 0xFF, 0xFF, 0xFF, 0xE0, 0x0F, 0xFF, 0xFF, 0xFF, 0xFF,
    0xFF, 0xE0, 0x0F, 0xFF, 0xFF, 0xFF, 0xFF, 0xFF, 0xC0, 0x0F, 0xFF, 0xFF, 0xFF, 0xFF, 0xFF, 0xC0,
    0x0F, 0xFF, 0xFB, 0xFF, 0xFF, 0xFF, 0x80, 0x0F, 0xFF, 0xFB, 0xFF, 0xFF, 0xFF, 0x00, 0x0F, 0xFF,
    0xF9, 0xFF, 0xFF, 0xFF, 0x00, 0x0F, 0xFF, 0xF8, 0xFF, 0xFF, 0xFE, 0x00, 0x0F, 0xFF, 0xF8, 0x7F,
    0xFF, 0xF8, 0x00, 0x0F, 0xFF, 0xF8, 0x3F, 0xFF, 0xF0, 0x00, 0x0F, 0xFF, 0xF8, 0x0F, 0xFF, 0xC0,
    0x00, 0x0F, 0xFF, 0xF8, 0x03, 0xFE, 0x00, 0x00, 0x0F, 0xFF, 0xF8, 0x00, 0x00, 0x00, 0x00, 0x0F,
    0xFF, 0xF8, 0x00, 0x00, 0x00, 0x00, 0x0F, 0xFF, 0xF8, 0x00, 0x00, 0x00, 0x00, 0x0F, 0xFF, 0xF8,
    0x00, 0x00, 0x00, 0x00, 0x0F, 0xFF, 0xF8, 0x00, 0x00, 0x00, 0x00, 0x0F, 0xFF, 0xF8, 0x00, 0x00,
    0x00, 0x00, 0x0F, 0xFF, 0xF8, 0x00, 0x00, 0x00, 0x00, 0x0F, 0xFF, 0xF8, 0x00, 0x00, 0x00, 0x00,
    0x0F, 0xFF, 0xF8, 0x00, 0x00, 0x00, 0x00, 0x0F, 0xFF, 0xF8, 0x00, 0x00, 0x00, 0x00, 0x0F, 0xFF,
    0xF8, 0x00, 0x00, 0x00, 0x00, 0x0F, 0xFF, 0xF8, 0x00, 0x00, 0x00, 0x00, 0x0F, 0xFF, 0xF8, 0x00,
    0x00, 0x00, 0x00, 0x0F, 0xFF, 0xF8, 0x00, 0x00, 0x00, 0x00, 0x0F, 0xFF, 0xF8, 0x00, 0x00, 0x00,
    0x00, 0x0F, 0xFF, 0xF8, 0x00, 0x00, 0x00, 0x00, 0x0F, 0xFF, 0xF8, 0x00, 0x00, 0x00, 0x00, 0x00,
    0x00, 0x04, 0x00, 0x00, 0x00, 0x00, 0x00, 0x01, 0xFF, 0xE0, 0x1F, 0xFF, 0xF0, 0x00, 0x07, 0xFF,
    0xF8, 0x1F, 0xFF, 0xF0, 0x00, 0x1F, 0xFF, 0xFC, 0x1F, 0xFF, 0xF0, 0x00, 0x3F, 0xFF, 0xFE, 0x1F,
    0xFF, 0xF0, 0x00, 0x7F, 0xFF, 0xFF, 0x1F, 0xFF, 0xF0, 0x00, 0xFF, 0xFF, 0xFF, 0x9F, 0xFF, 0xF0,
    0x01, 0xFF, 0xFF, 0xFF, 0xDF, 0xFF, 0xF0, 0x01, 0xFF, 0xFF, 0xFF, 0xDF, 0xFF, 0xF0, 0x03, 0xFF,
    0xFF, 0xFF, 0xFF, 0xFF, 0xF0, 0x07, 0xFF, 0xFF, 0xFF, 0xFF, 0xFF, 0xF0, 0x07, 0xFF, 0xFF, 0xFF,
    0xFF, 0xFF, 0xF0, 0x07, 0xFF, 0xFF, 0xFF, 0xFF, 0xFF, 0xF0, 0x0F, 0xFF, 0xFF, 0xC7, 0xFF, 0xFF,
    0xF0, 0x0F, 0xFF, 0xFF, 0x01, 0xFF, 0xFF, 0xF0, 0x0F, 0xFF, 0xFE, 0x00, 0x7F, 0xFF, 0xF0, 0x1F,
    0xFF, 0xFC, 0x00, 0x7F, 0xFF, 0xF0, 0x1F, 0xFF, 0xFC, 0x00, 0x3F, 0xFF, 0xF0, 0x1F, 0xFF, 0xF8,
    0x00, 0x3F, 0xFF, 0xF0, 0x1F, 0xFF, 0xF8, 0x00, 0x1F, 0xFF, 0xF0, 0x1F, 0xFF, 0xF8, 0x00, 0x1F,
    0xFF, 0xF0, 0x1F, 0xFF, 0xF0, 0x00, 0x1F, 0xFF, 0xF0, 0x1F, 0xFF, 0xF0, 0x00, 0x1F, 0xFF, 0xF0,
    0x1F, 0xFF, 0xF0, 0x00, 0x1F, 0xFF, 0xF0, 0x1F, 0xFF, 0xF0, 0x00, 0x1F, 0xFF, 0xF0, 0x1F, 0xFF,
    0xF0, 0x00, 0x1F, 0xFF, 0xF0, 0x1F, 0xFF, 0xF0, 0x00, 0x1F, 0xFF, 0xF0, 0x1F, 0xFF, 0xF0, 0x00,
    0x1F, 0xFF, 0xF0, 0x1F, 0xFF, 0xF0, 0x00, 0x1F, 0xFF, 0xF0, 0x1F, 0xFF, 0xF8, 0x00, 0x1F, 0xFF,
    0xF0, 0x1F, 0xFF, 0xF8, 0x00, 0x3F, 0xFF, 0xF0, 0x1F, 0xFF, 0xF8, 0x00, 0x3F, 0xFF, 0xF0, 0x1F,
    0xFF, 0xFC, 0x00, 0x3F, 0xFF, 0xF0, 0x0F, 0xFF, 0xFC, 0x00, 0x7F, 0xFF, 0xF0, 0x0F, 0xFF, 0xFE,
    0x00, 0xFF, 0xFF, 0xF0, 0x0F, 0xFF, 0xFF, 0x01, 0xFF, 0xFF, 0xF0, 0x0F, 0xFF, 0xFF, 0xFF, 0xFF,
    0xFF, 0xF0, 0x07, 0xFF, 0xFF, 0xFF, 0xFF, 0xFF, 0xF0, 0x07, 0xFF, 0xFF, 0xFF, 0xFF, 0xFF, 0xF0,
    0x03, 0xFF, 0xFF, 0xFF, 0xFF, 0xFF, 0xF0, 0x03, 0xFF, 0xFF, 0xFF, 0xFF, 0xFF, 0xF0, 0x01, 0xFF,
    0xFF, 0xFF, 0xDF, 0xFF, 0xF0, 0x00, 0xFF, 0xFF, 0xFF, 0xDF, 0xFF, 0xF0, 0x00, 0x7F, 0xFF, 0xFF,
    0x9F, 0xFF, 0xF0, 0x00, 0x3F, 0xFF, 0xFF, 0x1F, 0xFF, 0xF0, 0x00, 0x1F, 0xFF, 0xFE, 0x1F, 0xFF,
    0xF0, 0x00, 0x0F, 0xFF, 0xFC, 0x1F, 0xFF, 0xF0, 0x00, 0x03, 0xFF, 0xF0, 0x1F, 0xFF, 0xF0, 0x00,
    0x00, 0x7F, 0xC0, 0x1F, 0xFF, 0xF0, 0x00, 0x00, 0x00, 0x00, 0x1F, 0xFF, 0xF0, 0x00, 0x00, 0x00,
    0x00, 0x1F, 0xFF, 0xF0, 0x00, 0x00, 0x00, 0x00, 0x1F, 0xFF, 0xF0, 0x00, 0x00, 0x00, 0x00, 0x1F,
    0xFF, 0xF0, 0x00, 0x00, 0x00, 0x00, 0x1F, 0xFF, 0xF0, 0x00, 0x00, 0x00, 0x00, 0x1F, 0xFF, 0xF0,
    0x00, 0x00, 0x00, 0x00, 0x1F, 0xFF, 0xF0, 0x00, 0x00, 0x00, 0x00, 0x1F, 0xFF, 0xF0, 0x00, 0x00,
    0x00, 0x00, 0x1F, 0xFF, 0xF0, 0x00, 0x00, 0x00, 0x00, 0x1F, 0xFF, 0xF0, 0x00, 0x00, 0x00, 0x00,
    0x1F, 0xFF, 0xF0, 0x00, 0x00, 0x00, 0x00, 0x1F, 0xFF, 0xF0, 0x00, 0x00, 0x00, 0x00, 0x1F, 0xFF,
    0xF0, 0x00, 0x00, 0x00, 0x00, 0x1F, 0xFF, 0xF0, 0x00, 0x00, 0x00, 0x00, 0x1F, 0xFF, 0xF0, 0x00,
    0x00, 0x00, 0x00, 0x1F, 0xFF, 0xF0, 0x00, 0x00, 0x00, 0x00, 0x1F, 0xFF, 0xF0, 0x00, 0x00, 0x00,
    0x00, 0x80, 0x0F, 0xFF, 0xF8, 0x0F, 0xF0, 0x0F, 0xFF, 0xF8, 0x3F, 0xF0, 0x0F, 0xFF, 0xF8, 0x7F,
    0xF0, 0x0F, 0xFF, 0xF8, 0xFF, 0xF0, 0x0F, 0xFF, 0xF9, 0xFF, 0xF0, 0x0F, 0xFF, 0xF9, 0xFF, 0xF0,
    0x0F, 0xFF, 0xFB, 0xFF, 0xF0, 0x0F, 0xFF, 0xFB, 0xFF, 0xF0, 0x0F, 0xFF, 0xFB, 0xFF, 0xF0, 0x0F,
    0xFF, 0xFF, 0xFF, 0xF0, 0x0F, 0xFF, 0xFF, 0xFF, 0xF0, 0x0F, 0xFF, 0xFF, 0xFF, 0xF0, 0x0F, 0xFF,
    0xFF, 0xFF, 0xF0, 0x0F, 0xFF, 0xFF, 0xFF, 0xF0, 0x0F, 0xFF, 0xFF, 0xC0, 0x10, 0x0F, 0xFF, 0xFF,
    0x00, 0x00, 0x0F, 0xFF, 0xFE, 0x00, 0x00, 0x0F, 0xFF, 0xFE, 0x00, 0x00, 0x0F, 0xFF, 0xFC, 0x00,
    0x00, 0x0F, 0xFF, 0xFC, 0x00, 0x00, 0x0F, 0xFF, 0xFC, 0x00, 0x00, 0x0F, 0xFF, 0xF8, 0x00, 0x00,
    0x0F, 0xFF, 0xF8, 0x00, 0x00, 0x0F, 0xFF, 0xF8, 0x00, 0x00, 0x0F, 0xFF, 0xF8, 0x00, 0x00, 0x0F,
    0xFF, 0xF8, 0x00, 0x00, 0x0F, 0xFF, 0xF8, 0x00, 0x00, 0x0F, 0xFF, 0xF8, 0x00, 0x00, 0x0F, 0xFF,
    0xF8, 0x00, 0x00, 0x0F, 0xFF, 0xF8, 0x00, 0x00, 0x0F, 0xFF, 0xF8, 0x00, 0x00, 0x0F, 0xFF, 0xF8,
    0x00, 0x00, 0x0F, 0xFF, 0xF8, 0x00, 0x00, 0x0F, 0xFF, 0xF8, 0x00, 0x00, 0x0F, 0xFF, 0xF8, 0x00,
    0x00, 0x0F, 0xFF, 0xF8, 0x00, 0x00, 0x0F, 0xFF, 0xF8, 0x00, 0x00, 0x0F, 0xFF, 0xF8, 0x00, 0x00,
    0x0F, 0xFF, 0xF8, 0x00, 0x00, 0x0F, 0xFF, 0xF8, 0x00, 0x00, 0x0F, 0xFF, 0xF8, 0x00, 0x00, 0x0F,
    0xFF, 0xF8, 0x00, 0x00, 0x0F, 0xFF, 0xF8, 0x00, 0x00, 0x0F, 0xFF, 0xF8, 0x00, 0x00, 0x0F, 0xFF,
    0xF8, 0x00, 0x00, 0x0F, 0xFF, 0xF8, 0x00, 0x00, 0x0F, 0xFF, 0xF8, 0x00, 0x00, 0x00, 0x00, 0x00,
    0x40, 0x00, 0x00, 0x00, 0x00, 0x00, 0xFF, 0xFF, 0xC0, 0x00, 0x00, 0x00, 0x07, 0xFF, 0xFF, 0xF8,
    0x00, 0x00, 0x00, 0x1F, 0xFF, 0xFF, 0xFE, 0x00, 0x00, 0x00, 0x7F, 0xFF, 0xFF, 0xFF, 0x80, 0x00,
    0x00, 0xFF, 0xFF, 0xFF, 0xFF, 0xC0, 0x00, 0x01, 0xFF, 0xFF, 0xFF, 0xFF, 0xF0, 0x00, 0x03, 0xFF,
    0xFF, 0xFF, 0xFF, 0xF0, 0x00, 0x07, 0xFF, 0xFF, 0xFF, 0xFF, 0xF8, 0x00, 0x07, 0xFF, 0xFF, 0xFF,
    0xFF, 0xFC, 0x00, 0x0F, 0xFF, 0xFF, 0xFF, 0xFF, 0xFC, 0x00, 0x0F, 0xFF, 0xFF, 0xFF, 0xFF, 0xFE,
    0x00, 0x0F, 0xFF, 0xF8, 0x03, 0xFF, 0xFE, 0x00, 0x1F, 0xFF, 0xF8, 0x01, 0xFF, 0xFE, 0x00, 0x1F,
    0xFF, 0xF0, 0x00, 0xFF, 0xF8, 0x00, 0x1F, 0xFF, 0xF0, 0x00, 0xF8, 0x00, 0x00, 0x1F, 0xFF, 0xF8,
    0x00, 0x00, 0x00, 0x00, 0x1F, 0xFF, 0xFE, 0x00, 0x00, 0x00, 0x00, 0x0F, 0xFF, 0xFF, 0xF0, 0x00,
    0x00, 0x00, 0x0F, 0xFF, 0xFF, 0xFF, 0xC0, 0x00, 0x00, 0x0F, 0xFF, 0xFF, 0xFF, 0xFC, 0x00, 0x00,
    0x07, 0xFF, 0xFF, 0xFF, 0xFF, 0x80, 0x00, 0x07, 0xFF, 0xFF, 0xFF, 0xFF, 0xE0, 0x00, 0x03, 0xFF,
    0xFF, 0xFF, 0xFF, 0xF8, 0x00, 0x01, 0xFF, 0xFF, 0xFF, 0xFF, 0xFC, 0x00, 0x00, 0xFF, 0xFF, 0xFF,
    0xFF, 0xFE, 0x00, 0x00, 0x3F, 0xFF, 0xFF, 0xFF, 0xFE, 0x00, 0x00, 0x0F, 0xFF, 0xFF, 0xFF, 0xFF,
    0x00, 0x00, 0x03, 0xFF, 0xFF, 0xFF, 0xFF, 0x00, 0x00, 0x00, 0x1F, 0xFF, 0xFF, 0xFF, 0x80, 0x00,
    0x00, 0x00, 0x7F, 0xFF, 0xFF, 0x80, 0x00, 0x00, 0x40, 0x07, 0xFF, 0xFF, 0x80, 0x00, 0x3F, 0xC0,
    0x01, 0xFF, 0xFF, 0x80, 0x1F, 0xFF, 0xE0, 0x00, 0xFF, 0xFF, 0x80, 0x3F, 0xFF, 0xF0, 0x00, 0xFF,
    0xFF, 0x80, 0x1F, 0xFF, 0xF8, 0x01, 0xFF, 0xFF, 0x80, 0x1F, 0xFF, 0xFE, 0x03, 0xFF, 0xFF, 0x00,
    0x1F, 0xFF, 0xFF, 0xFF, 0xFF, 0xFF, 0x00, 0x0F, 0xFF, 0xFF, 0xFF, 0xFF, 0xFF, 0x00, 0x0F, 0xFF,
    0xFF, 0xFF, 0xFF, 0xFE, 0x00, 0x07, 0xFF, 0xFF, 0xFF, 0xFF, 0xFC, 0x00, 0x03, 0xFF, 0xFF, 0xFF,
    0xFF, 0xFC, 0x00, 0x01, 0xFF, 0xFF, 0xFF, 0xFF, 0xF8, 0x00, 0x00, 0xFF, 0xFF, 0xFF, 0xFF, 0xF0,
    0x00, 0x00, 0x7F, 0xFF, 0xFF, 0xFF, 0xC0, 0x00, 0x00, 0x1F, 0xFF, 0xFF, 0xFF, 0x80, 0x00, 0x00,
    0x07, 0xFF, 0xFF, 0xFE, 0x00, 0x00, 0x00, 0x01, 0xFF, 0xFF, 0xF0, 0x00, 0x00, 0x00, 0x00, 0x1F,
    0xFF, 0x00, 0x00, 0x00, 0x01, 0xFF, 0xFF, 0x00, 0x00, 0x01, 0xFF, 0xFF, 0x00, 0x00, 0x01, 0xFF,
    0xFF, 0x00, 0x00, 0x01, 0xFF, 0xFF, 0x00, 0x00, 0x01, 0xFF, 0xFF, 0x00, 0x00, 0x01, 0xFF, 0xFF,
    0x00, 0x00, 0x01, 0xFF, 0xFF, 0x00, 0x00, 0x01, 0xFF, 0xFF, 0x00, 0x00, 0x01, 0xFF, 0xFF, 0x00,
    0x00, 0x01, 0xFF, 0xFF, 0x00, 0x00, 0x01, 0xFF, 0xFF, 0x00, 0x00, 0x01, 0xFF, 0xFF, 0x00, 0x00,
    0x7F, 0xFF, 0xFF, 0xFF, 0x00, 0x7F, 0xFF, 0xFF, 0xFF, 0x00, 0x7F, 0xFF, 0xFF, 0xFF, 0x00, 0x7F,
    0xFF, 0xFF, 0xFF, 0x00, 0x7F, 0xFF, 0xFF, 0xFF, 0x00, 0x7F, 0xFF, 0xFF, 0xFF, 0x00, 0x7F, 0xFF,
    0xFF, 0xFF, 0x00, 0x7F, 0xFF, 0xFF, 0xFF, 0x00, 0x7F, 0xFF, 0xFF, 0xFF, 0x00, 0x7F, 0xFF, 0xFF,
    0xFF, 0x00, 0x7F, 0xFF, 0xFF, 0xFF, 0x00, 0x7F, 0xFF, 0xFF, 0xFF, 0x00, 0x7F, 0xFF, 0xFF, 0xFF,
    0x00, 0x01, 0xFF, 0xFF, 0x00, 0x00, 0x01, 0xFF, 0xFF, 0x00, 0x00, 0x01, 0xFF, 0xFF, 0x00, 0x00,
    0x01, 0xFF, 0xFF, 0x00, 0x00, 0x01, 0xFF, 0xFF, 0x00, 0x00, 0x01, 0xFF, 0xFF, 0x00, 0x00, 0x01,
    0xFF, 0xFF, 0x00, 0x00, 0x01, 0xFF, 0xFF, 0x00, 0x00, 0x01, 0xFF, 0xFF, 0x00, 0x00, 0x01, 0xFF,
    0xFF, 0x00, 0x00, 0x01, 0xFF, 0xFF, 0x00, 0x00, 0x01, 0xFF, 0xFF, 0x00, 0x00, 0x01, 0xFF, 0xFF,
    0x00, 0x00, 0x01, 0xFF, 0xFF, 0x00, 0x00, 0x01, 0xFF, 0xFF, 0x00, 0x00, 0x01, 0xFF, 0xFF, 0x00,
    0x00, 0x01, 0xFF, 0xFF, 0x00, 0x00, 0x01, 0xFF, 0xFF, 0x00, 0x00, 0x01, 0xFF, 0xFF, 0x00, 0x00,
    0x01, 0xFF, 0xFF, 0x00, 0x00, 0x01, 0xFF, 0xFF, 0x00, 0x00, 0x01, 0xFF, 0xFF, 0x80, 0x00, 0x01,
    0xFF, 0xFF, 0xFE, 0x00, 0x01, 0xFF, 0xFF, 0xFF, 0x00, 0x01, 0xFF, 0xFF, 0xFF, 0x00, 0x01, 0xFF,
    0xFF, 0xFF, 0x00, 0x00, 0xFF, 0xFF, 0xFF, 0x00, 0x00, 0xFF, 0xFF, 0xFF, 0x00, 0x00, 0x7F, 0xFF,
    0xFF, 0x80, 0x00, 0x7F, 0xFF, 0xFF, 0x80, 0x00, 0x3F, 0xFF, 0xFF, 0x80, 0x00, 0x1F, 0xFF, 0xFF,
    0x80, 0x00, 0x0F, 0xFF, 0xFF, 0x80, 0x00, 0x03, 0xFF, 0xFF, 0x80, 0x00, 0x00, 0x7F, 0xF8, 0x00,
    0x0F, 0xFF, 0xF8, 0x00, 0x1F, 0xFF, 0xF0, 0x00, 0x0F, 0xFF, 0xF8, 0x00, 0x1F, 0xFF, 0xF0, 0x00,
    0x0F, 0xFF, 0xF8, 0x00, 0x1F, 0xFF, 0xF0, 0x00, 0x0F, 0xFF, 0xF8, 0x00, 0x1F, 0xFF, 0xF0, 0x00,
    0x0F, 0xFF, 0xF8, 0x00, 0x1F, 0xFF, 0xF0, 0x00, 0x0F, 0xFF, 0xF8, 0x00, 0x1F, 0xFF, 0xF0, 0x00,
    0x0F, 0xFF, 0xF8, 0x00, 0x1F, 0xFF, 0xF0, 0x00, 0x0F, 0xFF, 0xF8, 0x00, 0x1F, 0xFF, 0xF0, 0x00,
    0x0F, 0xFF, 0xF8, 0x00, 0x1F, 0xFF, 0xF0, 0x00, 0x0F, 0xFF, 0xF8, 0x00, 0x1F, 0xFF, 0xF0, 0x00,
    0x0F, 0xFF, 0xF8, 0x00, 0x1F, 0xFF, 0xF0, 0x00, 0x0F, 0xFF, 0xF8, 0x00, 0x1F, 0xFF, 0xF0, 0x00,
    0x0F, 0xFF, 0xF8, 0x00, 0x1F, 0xFF, 0xF0, 0x00, 0x0F, 0xFF, 0xF8, 0x00, 0x1F, 0xFF, 0xF0, 0x00,
    0x0F, 0xFF, 0xF8, 0x00, 0x1F, 0xFF, 0xF0, 0x00, 0x0F, 0xFF, 0xF8, 0x00, 0x1F, 0xFF, 0xF0, 0x00,
    0x0F, 0xFF, 0xF8, 0x00, 0x1F, 0xFF, 0xF0, 0x00, 0x0F, 0xFF, 0xF8, 0x00, 0x1F, 0xFF, 0xF0, 0x00,
    0x0F, 0xFF, 0xF8, 0x00, 0x1F, 0xFF, 0xF0, 0x00, 0x0F, 0xFF, 0xF8, 0x00, 0x1F, 0xFF, 0xF0, 0x00,
    0x0F, 0xFF, 0xF8, 0x00, 0x1F, 0xFF, 0xF0, 0x00, 0x0F, 0xFF, 0xF8, 0x00, 0x1F, 0xFF, 0xF0, 0x00,
    0x0F, 0xFF, 0xF8, 0x00, 0x1F, 0xFF, 0xF0, 0x00, 0x0F, 0xFF, 0xF8, 0x00, 0x1F, 0xFF, 0xF0, 0x00,
    0x0F, 0xFF, 0xF8, 0x00, 0x1F, 0xFF, 0xF0, 0x00, 0x0F, 0xFF, 0xF8, 0x00, 0x1F, 0xFF, 0xF0, 0x00,
    0x0F, 0xFF, 0xF8, 0x00, 0x1F, 0xFF, 0xF0, 0x00, 0x0F, 0xFF, 0xF8, 0x00, 0x1F, 0xFF, 0xF0, 0x00,
    0x0F, 0xFF, 0xFC, 0x00, 0x1F, 0xFF, 0xF0, 0x00, 0x0F, 0xFF, 0xFC, 0x00, 0x1F, 0xFF, 0xF0, 0x00,
    0x0F, 0xFF, 0xFC, 0x00, 0x3F, 0xFF, 0xF0, 0x00, 0x0F, 0xFF, 0xFE, 0x00, 0x3F, 0xFF, 0xF0, 0x00,
    0x0F, 0xFF, 0xFF, 0x00, 0x7F, 0xFF, 0xF0, 0x00, 0x07, 0xFF, 0xFF, 0x81, 0xFF, 0xFF, 0xF0, 0x00,
    0x07, 0xFF, 0xFF, 0xFF, 0xFF, 0xFF, 0xF0, 0x00, 0x07, 0xFF, 0xFF, 0xFF, 0xFF, 0xFF, 0xF0, 0x00,
    0x07, 0xFF, 0xFF, 0xFF, 0xFF, 0xFF, 0xF0, 0x00, 0x03, 0xFF, 0xFF, 0xFF, 0xFF, 0xFF, 0xF0, 0x00,
    0x03, 0xFF, 0xFF, 0xFF, 0xEF, 0xFF, 0xF0, 0x00, 0x03, 0xFF, 0xFF, 0xFF, 0xEF, 0xFF, 0xF0, 0x00,
    0x01, 0xFF, 0xFF, 0xFF, 0xCF, 0xFF, 0xF0, 0x00, 0x00, 0xFF, 0xFF, 0xFF, 0x8F, 0xFF, 0xF0, 0x00,
    0x00, 0xFF, 0xFF, 0xFF, 0x8F, 0xFF, 0xF0, 0x00, 0x00, 0x7F, 0xFF, 0xFF, 0x0F, 0xFF, 0xF0, 0x00,
    0x00, 0x3F, 0xFF, 0xFE, 0x0F, 0xFF, 0xF0, 0x00, 0x00, 0x0F, 0xFF, 0xFC, 0x0F, 0xFF, 0xF0, 0x00,
    0x00, 0x03, 0xFF, 0xF0, 0x0F, 0xFF, 0xF0, 0x00, 0x00, 0x00, 0x7F, 0x80, 0x00, 0x00, 0x00, 0x00,
    0x7F, 0xFF, 0xE0, 0x00, 0x07, 0xFF, 0xFC, 0x7F, 0xFF, 0xE0, 0x00, 0x0F, 0xFF, 0xFC, 0x7F, 0xFF,
    0xE0, 0x00, 0x0F, 0xFF, 0xFC, 0x3F, 0xFF, 0xE0, 0x00, 0x0F, 0xFF, 0xF8, 0x3F, 0xFF, 0xF0, 0x00,
    0x0F, 0xFF, 0xF8, 0x3F, 0xFF, 0xF0, 0x00, 0x1F, 0xFF, 0xF0, 0x1F, 0xFF, 0xF0, 0x00, 0x1F, 0xFF,
    0xF0, 0x1F, 0xFF, 0xF8, 0x00, 0x1F, 0xFF, 0xF0, 0x0F, 0xFF, 0xF8, 0x00, 0x3F, 0xFF, 0xE0, 0x0F,
    0xFF, 0xF8, 0x00, 0x3F, 0xFF, 0xE0, 0x0F, 0xFF, 0xF8, 0x00, 0x3F, 0xFF, 0xE0, 0x07, 0xFF, 0xFC,
    0x00, 0x3F, 0xFF, 0xC0, 0x07, 0xFF, 0xFC, 0x00, 0x7F, 0xFF, 0xC0, 0x07, 0xFF, 0xFC, 0x00, 0x7F,
    0xFF, 0xC0, 0x03, 0xFF, 0xFE, 0x00, 0x7F, 0xFF, 0x80, 0x03, 0xFF, 0xFE, 0x00, 0xFF, 0xFF, 0x80,
    0x03, 0xFF, 0xFE, 0x00, 0xFF, 0xFF, 0x00, 0x01, 0xFF, 0xFE, 0x00, 0xFF, 0xFF, 0x00, 0x01, 0xFF,
    0xFF, 0x00, 0xFF, 0xFF, 0x00, 0x00, 0xFF, 0xFF, 0x01, 0xFF, 0xFE, 0x00, 0x00, 0xFF, 0xFF, 0x01,
    0xFF, 0xFE, 0x00, 0x00, 0xFF, 0xFF, 0x81, 0xFF, 0xFE, 0x00, 0x00, 0x7F, 0xFF, 0x83, 0xFF, 0xFC,
    0x00, 0x00, 0x7F, 0xFF, 0x83, 0xFF, 0xFC, 0x00, 0x00, 0x7F, 0xFF, 0x83, 0xFF, 0xFC, 0x00, 0x00,
    0x3F, 0xFF, 0xC3, 0xFF, 0xF8, 0x00, 0x00, 0x3F, 0xFF, 0xC7, 0xFF, 0xF8, 0x00, 0x00, 0x3F, 0xFF,
    0xC7, 0xFF, 0xF8, 0x00, 0x00, 0x1F, 0xFF, 0xC7, 0xFF, 0xF0, 0x00, 0x00, 0x1F, 0xFF, 0xE7, 0xFF,
    0xF0, 0x00, 0x00, 0x1F, 0xFF, 0xE7, 0xFF, 0xE0, 0x00, 0x00, 0x0F, 0xFF, 0xEF, 0xFF, 0xE0, 0x00,
    0x00, 0x0F, 0xFF, 0xEF, 0xFF, 0xE0, 0x00, 0x00, 0x07, 0xFF, 0xEF, 0xFF, 0xC0, 0x00, 0x00, 0x07,
    0xFF, 0xFF, 0xFF, 0xC0, 0x00, 0x00, 0x07, 0xFF, 0xFF, 0xFF, 0xC0, 0x00, 0x00, 0x03, 0xFF, 0xFF,
    0xFF, 0x80, 0x00, 0x00, 0x03, 0xFF, 0xFF, 0xFF, 0x80, 0x00, 0x00, 0x03, 0xFF, 0xFF, 0xFF, 0x80,
    0x00, 0x00, 0x01, 0xFF, 0xFF, 0xFF, 0x00, 0x00, 0x00, 0x01, 0xFF, 0xFF, 0xFF, 0x00, 0x00, 0x00,
    0x01, 0xFF, 0xFF, 0xFE, 0x00, 0x00, 0x00, 0x00, 0xFF, 0xFF, 0xFE, 0x00, 0x00, 0x00, 0x00, 0xFF,
    0xFF, 0xFE, 0x00, 0x00, 0x00, 0x00, 0x7F, 0xFF, 0xFC, 0x00, 0x00, 0x00, 0x00, 0x7F, 0xFF, 0xFC,
    0x00, 0x00, 0x00, 0x00, 0x7F, 0xFF, 0xFC, 0x00, 0x00, 0xFF, 0xFF, 0xC0, 0x01, 0xFF, 0xFC, 0x00,
    0x3F, 0xFF, 0xF0, 0xFF, 0xFF, 0xC0, 0x03, 0xFF, 0xFC, 0x00, 0x3F, 0xFF, 0xF0, 0x7F, 0xFF, 0xC0,
    0x03, 0xFF, 0xFC, 0x00, 0x3F, 0xFF, 0xF0, 0x7F, 0xFF, 0xC0, 0x03, 0xFF, 0xFC, 0x00, 0x3F, 0xFF,
    0xE0, 0x7F, 0xFF, 0xE0, 0x03, 0xFF, 0xFC, 0x00, 0x7F, 0xFF, 0xE0, 0x3F, 0xFF, 0xE0, 0x03, 0xFF,
    0xFE, 0x00, 0x7F, 0xFF, 0xE0, 0x3F, 0xFF, 0xE0, 0x07, 0xFF, 0xFE, 0x00, 0x7F, 0xFF, 0xC0, 0x3F,
    0xFF, 0xE0, 0x07, 0xFF, 0xFE, 0x00, 0x7F, 0xFF, 0xC0, 0x3F, 0xFF, 0xE0, 0x07, 0xFF, 0xFE, 0x00,
    0x7F, 0xFF, 0xC0, 0x1F, 0xFF, 0xF0, 0x07, 0xFF, 0xFE, 0x00, 0xFF, 0xFF, 0xC0, 0x1F, 0xFF, 0xF0,
    0x0F, 0xFF, 0xFF, 0x00, 0xFF, 0xFF, 0x80, 0x1F, 0xFF, 0xF0, 0x0F, 0xFF, 0xFF, 0x00, 0xFF, 0xFF,
    0x80, 0x0F, 0xFF, 0xF0, 0x0F, 0xFF, 0xFF, 0x00, 0xFF, 0xFF, 0x80, 0x0F, 0xFF, 0xF0, 0x0F, 0xFF,
    0xFF, 0x00, 0xFF, 0xFF, 0x00, 0x0F, 0xFF, 0xF0, 0x0F, 0xFF, 0xFF, 0x80, 0xFF, 0xFF, 0x00, 0x0F,
    0xFF, 0xF8, 0x1F, 0xFF, 0xFF, 0x81, 0xFF, 0xFF, 0x00, 0x07, 0xFF, 0xF8, 0x1F, 0xFF, 0xFF, 0x81,
    0xFF, 0xFF, 0x00, 0x07, 0xFF, 0xF8, 0x1F, 0xFF, 0xFF, 0x81, 0xFF, 0xFE, 0x00, 0x07, 0xFF, 0xF8,
    0x1F, 0xFF, 0xFF, 0x81, 0xFF, 0xFE, 0x00, 0x03, 0xFF, 0xF8, 0x3F, 0xFF, 0xFF, 0xC1, 0xFF, 0xFE,
    0x00, 0x03, 0xFF, 0xFC, 0x3F, 0xFF, 0xFF, 0xC3, 0xFF, 0xFC, 0x00, 0x03, 0xFF, 0xFC, 0x3F, 0xFF,
    0xFF, 0xC3, 0xFF, 0xFC, 0x00, 0x03, 0xFF, 0xFC, 0x3F, 0xFF, 0xFF, 0xC3, 0xFF, 0xFC, 0x00, 0x01,
    0xFF, 0xFC, 0x3F, 0xF9, 0xFF, 0xC3, 0xFF, 0xF8, 0x00, 0x01, 0xFF, 0xFC, 0x7F, 0xF9, 0xFF, 0xE3,
    0xFF, 0xF8, 0x00, 0x01, 0xFF, 0xFE, 0x7F, 0xF9, 0xFF, 0xE7, 0xFF, 0xF8, 0x00, 0x00, 0xFF, 0xFE,
    0x7F, 0xF9, 0xFF, 0xE7, 0xFF, 0xF8, 0x00, 0x00, 0xFF, 0xFE, 0x7F, 0xF9, 0xFF, 0xE7, 0xFF, 0xF0,
    0x00, 0x00, 0xFF, 0xFE, 0x7F, 0xF0, 0xFF, 0xF7, 0xFF, 0xF0, 0x00, 0x00, 0x7F, 0xFE, 0xFF, 0xF0,
    0xFF, 0xF7, 0xFF, 0xF0, 0x00, 0x00, 0x7F, 0xFE, 0xFF, 0xF0, 0xFF, 0xF7, 0xFF, 0xE0, 0x00, 0x00,
    0x7F, 0xFF, 0xFF, 0xF0, 0xFF, 0xF7, 0xFF, 0xE0, 0x00, 0x00, 0x7F, 0xFF, 0xFF, 0xE0, 0x7F, 0xFF,
    0xFF, 0xE0, 0x00, 0x00, 0x3F, 0xFF, 0xFF, 0xE0, 0x7F, 0xFF, 0xFF, 0xE0, 0x00, 0x00, 0x3F, 0xFF,
    0xFF, 0xE0, 0x7F, 0xFF, 0xFF, 0xC0, 0x00, 0x00, 0x3F, 0xFF, 0xFF, 0xC0, 0x3F, 0xFF, 0xFF, 0xC0,
    0x00, 0x00, 0x1F, 0xFF, 0xFF, 0xC0, 0x3F, 0xFF, 0xFF, 0xC0, 0x00, 0x00, 0x1F, 0xFF, 0xFF, 0xC0,
    0x3F, 0xFF, 0xFF, 0x80, 0x00, 0x00, 0x1F, 0xFF, 0xFF, 0xC0, 0x1F, 0xFF, 0xFF, 0x80, 0x00, 0x00,
    0x1F, 0xFF, 0xFF, 0x80, 0x1F, 0xFF, 0xFF, 0x80, 0x00, 0x00, 0x0F, 0xFF, 0xFF, 0x80, 0x1F, 0xFF,
    0xFF, 0x00, 0x00, 0x00, 0x0F, 0xFF, 0xFF, 0x80, 0x1F, 0xFF, 0xFF, 0x00, 0x00, 0x00, 0x0F, 0xFF,
    0xFF, 0x00, 0x0F, 0xFF, 0xFF, 0x00, 0x00, 0x00, 0x07, 0xFF, 0xFF, 0x00, 0x0F, 0xFF, 0xFF, 0x00,
    0x00, 0x00, 0x07, 0xFF, 0xFF, 0x00, 0x0F, 0xFF, 0xFE, 0x00, 0x00, 0x00, 0x07, 0xFF, 0xFF, 0x00,
    0x07, 0xFF, 0xFE, 0x00, 0x00, 0x00, 0x07, 0xFF, 0xFE, 0x00, 0x07, 0xFF, 0xFE, 0x00, 0x00, 0x3F,
    0xFF, 0xF0, 0x00, 0x3F, 0xFF, 0xE0, 0x1F, 0xFF, 0xF0, 0x00, 0x7F, 0xFF, 0xE0, 0x1F, 0xFF, 0xF8,
    0x00, 0x7F, 0xFF, 0xC0, 0x0F, 0xFF, 0xF8, 0x00, 0xFF, 0xFF, 0x80, 0x0F, 0xFF, 0xFC, 0x00, 0xFF,
    0xFF, 0x80, 0x07, 0xFF, 0xFC, 0x01, 0xFF, 0xFF, 0x00, 0x03, 0xFF, 0xFE, 0x01, 0xFF, 0xFF, 0x00,
    0x03, 0xFF, 0xFE, 0x03, 0xFF, 0xFE, 0x00, 0x01, 0xFF, 0xFF, 0x03, 0xFF, 0xFC, 0x00, 0x01, 0xFF,
    0xFF, 0x07, 0xFF, 0xFC, 0x00, 0x00, 0xFF, 0xFF, 0x87, 0xFF, 0xF8, 0x00, 0x00, 0xFF, 0xFF, 0x8F,
    0xFF, 0xF8, 0x00, 0x00, 0x7F, 0xFF, 0x8F, 0xFF, 0xF0, 0x00, 0x00, 0x3F, 0xFF, 0xDF, 0xFF, 0xE0,
    0x00, 0x00, 0x3F, 0xFF, 0xDF, 0xFF, 0xE0, 0x00, 0x00, 0x1F, 0xFF, 0xFF, 0xFF, 0xC0, 0x00, 0x00,
    0x1F, 0xFF, 0xFF, 0xFF, 0xC0, 0x00, 0x00, 0x0F, 0xFF, 0xFF, 0xFF, 0x80, 0x00, 0x00, 0x07, 0xFF,
    0xFF, 0xFF, 0x00, 0x00, 0x00, 0x07, 0xFF, 0xFF, 0xFF, 0x00, 0x00, 0x00, 0x03, 0xFF, 0xFF, 0xFE,
    0x00, 0x00, 0x00, 0x03, 0xFF, 0xFF, 0xFE, 0x00, 0x00, 0x00, 0x01, 0xFF, 0xFF, 0xFC, 0x00, 0x00,
    0x00, 0x01, 0xFF, 0xFF, 0xFC, 0x00, 0x00, 0x00, 0x03, 0xFF, 0xFF, 0xFE, 0x00, 0x00, 0x00, 0x03,
    0xFF, 0xFF, 0xFE, 0x00, 0x00, 0x00, 0x07, 0xFF, 0xFF, 0xFF, 0x00, 0x00, 0x00, 0x07, 0xFF, 0xFF,
    0xFF, 0x00, 0x00, 0x00, 0x0F, 0xFF, 0xFF, 0xFF, 0x80, 0x00, 0x00, 0x1F, 0xFF, 0xFF, 0xFF, 0xC0,
    0x00, 0x00, 0x1F, 0xFF, 0xFF, 0xFF, 0xC0, 0x00, 0x00, 0x3F, 0xFF, 0xDF, 0xFF, 0xE0, 0x00, 0x00,
    0x3F, 0xFF, 0x9F, 0xFF, 0xE0, 0x00, 0x00, 0x7F, 0xFF, 0x9F, 0xFF, 0xF0, 0x00, 0x00, 0xFF, 0xFF,
    0x8F, 0xFF, 0xF8, 0x00, 0x00, 0xFF, 0xFF, 0x0F, 0xFF, 0xF8, 0x00, 0x01, 0xFF, 0xFF, 0x07, 0xFF,
    0xFC, 0x00, 0x01, 0xFF, 0xFE, 0x07, 0xFF, 0xFC, 0x00, 0x03, 0xFF, 0xFE, 0x03, 0xFF, 0xFE, 0x00,
    0x07, 0xFF, 0xFC, 0x03, 0xFF, 0xFF, 0x00, 0x07, 0xFF, 0xFC, 0x01, 0xFF, 0xFF, 0x00, 0x0F, 0xFF,
    0xF8, 0x01, 0xFF, 0xFF, 0x80, 0x0F, 0xFF, 0xF8, 0x00, 0xFF, 0xFF, 0x80, 0x1F, 0xFF, 0xF0, 0x00,
    0xFF, 0xFF, 0xC0, 0x3F, 0xFF, 0xF0, 0x00, 0x7F, 0xFF, 0xE0, 0x3F, 0xFF, 0xE0, 0x00, 0x7F, 0xFF,
    0xE0, 0x7F, 0xFF, 0xE0, 0x00, 0x3F, 0xFF, 0xF0, 0x7F, 0xFF, 0xE0, 0x00, 0x07, 0xFF, 0xFE, 0x7F,
    0xFF, 0xE0, 0x00, 0x07, 0xFF, 0xFC, 0x7F, 0xFF, 0xE0, 0x00, 0x0F, 0xFF, 0xFC, 0x3F, 0xFF, 0xE0,
    0x00, 0x0F, 0xFF, 0xF8, 0x3F, 0xFF, 0xF0, 0x00, 0x0F, 0xFF, 0xF8, 0x1F, 0xFF, 0xF0, 0x00, 0x1F,
    0xFF, 0xF8, 0x1F, 0xFF, 0xF0, 0x00, 0x1F, 0xFF, 0xF0, 0x1F, 0xFF, 0xF8, 0x00, 0x1F, 0xFF, 0xF0,
    0x0F, 0xFF, 0xF8, 0x00, 0x3F, 0xFF, 0xF0, 0x0F, 0xFF, 0xF8, 0x00, 0x3F, 0xFF, 0xE0, 0x0F, 0xFF,
    0xF8, 0x00, 0x3F, 0xFF, 0xE0, 0x07, 0xFF, 0xFC, 0x00, 0x3F, 0xFF, 0xC0, 0x07, 0xFF, 0xFC, 0x00,
    0x7F, 0xFF, 0xC0, 0x03, 0xFF, 0xFC, 0x00, 0x7F, 0xFF, 0xC0, 0x03, 0xFF, 0xFE, 0x00, 0x7F, 0xFF,
    0x80, 0x03, 0xFF, 0xFE, 0x00, 0xFF, 0xFF, 0x80, 0x01, 0xFF, 0xFE, 0x00, 0xFF, 0xFF, 0x80, 0x01,
    0xFF, 0xFE, 0x00, 0xFF, 0xFF, 0x00, 0x01, 0xFF, 0xFF, 0x01, 0xFF, 0xFF, 0x00, 0x00, 0xFF, 0xFF,
    0x01, 0xFF, 0xFE, 0x00, 0x00, 0xFF, 0xFF, 0x01, 0xFF, 0xFE, 0x00, 0x00, 0x7F, 0xFF, 0x83, 0xFF,
    0xFE, 0x00, 0x00, 0x7F, 0xFF, 0x83, 0xFF, 0xFC, 0x00, 0x00, 0x7F, 0xFF, 0x83, 0xFF, 0xFC, 0x00,
    0x00, 0x3F, 0xFF, 0x87, 0xFF, 0xF8, 0x00, 0x00, 0x3F, 0xFF, 0xC7, 0xFF, 0xF8, 0x00, 0x00, 0x3F,
    0xFF, 0xC7, 0xFF, 0xF8, 0x00, 0x00, 0x1F, 0xFF, 0xC7, 0xFF, 0xF0, 0x00, 0x00, 0x1F, 0xFF, 0xCF,
    0xFF, 0xF0, 0x00, 0x00, 0x0F, 0xFF, 0xCF, 0xFF, 0xF0, 0x00, 0x00, 0x0F, 0xFF, 0xEF, 0xFF, 0xE0,
    0x00, 0x00, 0x0F, 0xFF, 0xEF, 0xFF, 0xE0, 0x00, 0x00, 0x07, 0xFF, 0xFF, 0xFF, 0xC0, 0x00, 0x00,
    0x07, 0xFF, 0xFF, 0xFF, 0xC0, 0x00, 0x00, 0x07, 0xFF, 0xFF, 0xFF, 0xC0, 0x00, 0x00, 0x03, 0xFF,
    0xFF, 0xFF, 0x80, 0x00, 0x00, 0x03, 0xFF, 0xFF, 0xFF, 0x80, 0x00, 0x00, 0x03, 0xFF, 0xFF, 0xFF,
    0x80, 0x00, 0x00, 0x01, 0xFF, 0xFF, 0xFF, 0x00, 0x00, 0x00, 0x01, 0xFF, 0xFF, 0xFF, 0x00, 0x00,
    0x00, 0x00, 0xFF, 0xFF, 0xFE, 0x00, 0x00, 0x00, 0x00, 0xFF, 0xFF, 0xFE, 0x00, 0x00, 0x00, 0x00,
    0xFF, 0xFF, 0xFE, 0x00, 0x00, 0x00, 0x00, 0x7F, 0xFF, 0xFC, 0x00, 0x00, 0x00, 0x00, 0x7F, 0xFF,
    0xFC, 0x00, 0x00, 0x00, 0x00, 0x7F, 0xFF, 0xF8, 0x00, 0x00, 0x00, 0x00, 0x3F, 0xFF, 0xF8, 0x00,
    0x00, 0x00, 0x00, 0x3F, 0xFF, 0xF8, 0x00, 0x00, 0x00, 0x00, 0x1F, 0xFF, 0xF0, 0x00, 0x00, 0x00,
    0x00, 0x1F, 0xFF, 0xF0, 0x00, 0x00, 0x00, 0x00, 0x1F, 0xFF, 0xF0, 0x00, 0x00, 0x00, 0x80, 0x3F,
    0xFF, 0xE0, 0x00, 0x00, 0x00, 0xF1, 0xFF, 0xFF, 0xE0, 0x00, 0x00, 0x01, 0xFF, 0xFF, 0xFF, 0xC0,
    0x00, 0x00, 0x01, 0xFF, 0xFF, 0xFF, 0xC0, 0x00, 0x00, 0x01, 0xFF, 0xFF, 0xFF, 0x80, 0x00, 0x00,
    0x01, 0xFF, 0xFF, 0xFF, 0x80, 0x00, 0x00, 0x03, 0xFF, 0xFF, 0xFF, 0x00, 0x00, 0x00, 0x03, 0xFF,
    0xFF, 0xFE, 0x00, 0x00, 0x00, 0x03, 0xFF, 0xFF, 0xFC, 0x00, 0x00, 0x00, 0x07, 0xFF, 0xFF, 0xF8,
    0x00, 0x00, 0x00, 0x07, 0xFF, 0xFF, 0xF0, 0x00, 0x00, 0x00, 0x07, 0xFF, 0xFF, 0xC0, 0x00, 0x00,
    0x00, 0x0F, 0xFF, 0xFF, 0x00, 0x00, 0x00, 0x00, 0x00, 0x7F, 0xF8, 0x00, 0x00, 0x00, 0x00, 0x03,
    0xFF, 0xFF, 0xFF, 0xFF, 0xFC, 0x00, 0x03, 0xFF, 0xFF, 0xFF, 0xFF, 0xFC, 0x00, 0x03, 0xFF, 0xFF,
    0xFF, 0xFF, 0xFC, 0x00, 0x03, 0xFF, 0xFF, 0xFF, 0xFF, 0xFC, 0x00, 0x03, 0xFF, 0xFF, 0xFF, 0xFF,
    0xFC, 0x00, 0x03, 0xFF, 0xFF, 0xFF, 0xFF, 0xFC, 0x00, 0x03, 0xFF, 0xFF, 0xFF, 0xFF, 0xFC, 0x00,
    0x03, 0xFF, 0xFF, 0xFF, 0xFF, 0xFC, 0x00, 0x03, 0xFF, 0xFF, 0xFF, 0xFF, 0xFC, 0x00, 0x03, 0xFF,
    0xFF, 0xFF, 0xFF, 0xFC, 0x00, 0x03, 0xFF, 0xFF, 0xFF, 0xFF, 0xF8, 0x00, 0x03, 0xFF, 0xFF, 0xFF,
    0xFF, 0xF8, 0x00, 0x03, 0xFF, 0xFF, 0xFF, 0xFF, 0xF0, 0x00, 0x00, 0x00, 0x00, 0x7F, 0xFF, 0xE0,
    0x00, 0x00, 0x00, 0x00, 0xFF, 0xFF, 0xC0, 0x00, 0x00, 0x00, 0x01, 0xFF, 0xFF, 0xC0, 0x00, 0x00,
    0x00, 0x03, 0xFF, 0xFF, 0x80, 0x00, 0x00, 0x00, 0x03, 0xFF, 0xFF, 0x00, 0x00, 0x00, 0x00, 0x07,
    0xFF, 0xFE, 0x00, 0x00, 0x00, 0x00, 0x0F, 0xFF, 0xFC, 0x00, 0x00, 0x00, 0x00, 0x1F, 0xFF, 0xFC,
    0x00, 0x00, 0x00, 0x00, 0x3F, 0xFF, 0xF8, 0x00, 0x00, 0x00, 0x00, 0x3F, 0xFF, 0xF0, 0x00, 0x00,
    0x00, 0x00, 0x7F, 0xFF, 0xE0, 0x00, 0x00, 0x00, 0x00, 0xFF, 0xFF, 0xC0, 0x00, 0x00, 0x00, 0x01,
    0xFF, 0xFF, 0xC0, 0x00, 0x00, 0x00, 0x03, 0xFF, 0xFF, 0x80, 0x00, 0x00, 0x00, 0x07, 0xFF, 0xFF,
    0x00, 0x00, 0x00, 0x00, 0x07, 0xFF, 0xFE, 0x00, 0x00, 0x00, 0x00, 0x0F, 0xFF, 0xFE, 0x00, 0x00,
    0x00, 0x00, 0x1F, 0xFF, 0xFC, 0x00, 0x00, 0x00, 0x00, 0x3F, 0xFF, 0xF8, 0x00, 0x00, 0x00, 0x00,
    0x7F, 0xFF, 0xF0, 0x00, 0x00, 0x00, 0x00, 0xFF, 0xFF, 0xE0, 0x00, 0x00, 0x00, 0x00, 0xFF, 0xFF,
    0xFF, 0xFF, 0xFC, 0x00, 0x01, 0xFF, 0xFF, 0xFF, 0xFF, 0xFC, 0x00, 0x03, 0xFF, 0xFF, 0xFF, 0xFF,
    0xFC, 0x00, 0x07, 0xFF, 0xFF, 0xFF, 0xFF, 0xFC, 0x00, 0x07, 0xFF, 0xFF, 0xFF, 0xFF, 0xFC, 0x00,
    0x07, 0xFF, 0xFF, 0xFF, 0xFF, 0xFC, 0x00, 0x07, 0xFF, 0xFF, 0xFF, 0xFF, 0xFC, 0x00, 0x07, 0xFF,
    0xFF, 0xFF, 0xFF, 0xFC, 0x00, 0x07, 0xFF, 0xFF, 0xFF, 0xFF, 0xFC, 0x00, 0x07, 0xFF, 0xFF, 0xFF,
    0xFF, 0xFC, 0x00, 0x07, 0xFF, 0xFF, 0xFF, 0xFF, 0xFC, 0x00, 0x07, 0xFF, 0xFF, 0xFF, 0xFF, 0xFC,
    0x00, 0x07, 0xFF, 0xFF, 0xFF, 0xFF, 0xFC, 0x00, 0x00, 0x00, 0x00, 0x03, 0xFF, 0x00, 0x00, 0x00,
    0x00, 0x7F, 0xFF, 0x00, 0x00, 0x00, 0x01, 0xFF, 0xFF, 0x00, 0x00, 0x00, 0x07, 0xFF, 0xFF, 0x00,
    0x00, 0x00, 0x0F, 0xFF, 0xFF, 0x00, 0x00, 0x00, 0x1F, 0xFF, 0xFF, 0x00, 0x00, 0x00, 0x3F, 0xFF,
    0xFF, 0x00, 0x00, 0x00, 0x7F, 0xFF, 0xFF, 0x00, 0x00, 0x00, 0x7F, 0xFF, 0xFF, 0x00, 0x00, 0x00,
    0x7F, 0xFF, 0xFF, 0x00, 0x00, 0x00, 0xFF, 0xFF, 0xFF, 0x00, 0x00, 0x00, 0xFF, 0xFF, 0xFF, 0x00,
    0x00, 0x00, 0xFF, 0xFF, 0xFF, 0x00, 0x00, 0x00, 0xFF, 0xFF, 0xE0, 0x00, 0x00, 0x00, 0xFF, 0xFF,
    0x80, 0x00, 0x00, 0x01, 0xFF, 0xFF, 0x00, 0x00, 0x00, 0x01, 0xFF, 0xFF, 0x00, 0x00, 0x00, 0x01,
    0xFF, 0xFF, 0x00, 0x00, 0x00, 0x01, 0xFF, 0xFE, 0x00, 0x00, 0x00, 0x01, 0xFF, 0xFE, 0x00, 0x00,
    0x00, 0x01, 0xFF, 0xFE, 0x00, 0x00, 0x00, 0x01, 0xFF, 0xFE, 0x00, 0x00, 0x00, 0x01, 0xFF, 0xFE,
    0x00, 0x00, 0x00, 0x01, 0xFF, 0xFE, 0x00, 0x00, 0x00, 0x01, 0xFF, 0xFE, 0x00, 0x00, 0x00, 0x01,
    0xFF, 0xFE, 0x00, 0x00, 0x00, 0x01, 0xFF, 0xFE, 0x00, 0x00, 0x00, 0x01, 0xFF, 0xFE, 0x00, 0x00,
    0x00, 0x03, 0xFF, 0xFE, 0x00, 0x00, 0x00, 0x03, 0xFF, 0xFE, 0x00, 0x00, 0x00, 0x07, 0xFF, 0xFE,
    0x00, 0x00, 0x00, 0x3F, 0xFF, 0xFC, 0x00, 0x00, 0x03, 0xFF, 0xFF, 0xFC, 0x00, 0x00, 0x03, 0xFF,
    0xFF, 0xF8, 0x00, 0x00, 0x03, 0xFF, 0xFF, 0xF8, 0x00, 0x00, 0x03, 0xFF, 0xFF, 0xF0, 0x00, 0x00,
    0x03, 0xFF, 0xFF, 0xC0, 0x00, 0x00, 0x03, 0xFF, 0xFF, 0x00, 0x00, 0x00, 0x03, 0xFF, 0xFC, 0x00,
    0x00, 0x00, 0x03, 0xFF, 0xF0, 0x00, 0x00, 0x00, 0x03, 0xFF, 0xFC, 0x00, 0x00, 0x00, 0x03, 0xFF,
    0xFF, 0x00, 0x00, 0x00, 0x03, 0xFF, 0xFF, 0xC0, 0x00, 0x00, 0x03, 0xFF, 0xFF, 0xE0, 0x00, 0x00,
    0x03, 0xFF, 0xFF, 0xF8, 0x00, 0x00, 0x03, 0xFF, 0xFF, 0xF8, 0x00, 0x00, 0x03, 0xFF, 0xFF, 0xFC,
    0x00, 0x00, 0x00, 0x3F, 0xFF, 0xFC, 0x00, 0x00, 0x00, 0x0F, 0xFF, 0xFE, 0x00, 0x00, 0x00, 0x03,
    0xFF, 0xFE, 0x00, 0x00, 0x00, 0x03, 0xFF, 0xFE, 0x00, 0x00, 0x00, 0x01, 0xFF, 0xFE, 0x00, 0x00,
    0x00, 0x01, 0xFF, 0xFE, 0x00, 0x00, 0x00, 0x01, 0xFF, 0xFE, 0x00, 0x00, 0x00, 0x01, 0xFF, 0xFE,
    0x00, 0x00, 0x00, 0x01, 0xFF, 0xFE, 0x00, 0x00, 0x00, 0x01, 0xFF, 0xFE, 0x00, 0x00, 0x00, 0x01,
    0xFF, 0xFE, 0x00, 0x00, 0x00, 0x01, 0xFF, 0xFE, 0x00, 0x00, 0x00, 0x01, 0xFF, 0xFE, 0x00, 0x00,
    0x00, 0x01, 0xFF, 0xFE, 0x00, 0x00, 0x00, 0x01, 0xFF, 0xFF, 0x00, 0x00, 0x00, 0x01, 0xFF, 0xFF,
    0x00, 0x00, 0x00, 0x01, 0xFF, 0xFF, 0x00, 0x00, 0x00, 0x00, 0xFF, 0xFF, 0x80, 0x00, 0x00, 0x00,
    0xFF, 0xFF, 0xE0, 0x00, 0x00, 0x00, 0xFF, 0xFF, 0xFF, 0x00, 0x00, 0x00, 0xFF, 0xFF, 0xFF, 0x00,
    0x00, 0x00, 0xFF, 0xFF, 0xFF, 0x00, 0x00, 0x00, 0x7F, 0xFF, 0xFF, 0x00, 0x00, 0x00, 0x7F, 0xFF,
    0xFF, 0x00, 0x00, 0x00, 0x7F, 0xFF, 0xFF, 0x00, 0x00, 0x00, 0x3F, 0xFF, 0xFF, 0x00, 0x00, 0x00,
    0x1F, 0xFF, 0xFF, 0x00, 0x00, 0x00, 0x0F, 0xFF, 0xFF, 0x00, 0x00, 0x00, 0x07, 0xFF, 0xFF, 0x00,
    0x00, 0x00, 0x01, 0xFF, 0xFF, 0x00, 0x00, 0x00, 0x00, 0x7F, 0xFF, 0x00, 0x00, 0x00, 0x00, 0x07,
    0xFF, 0x00, 0x00, 0x7F, 0xFF, 0xC0, 0x00, 0x00, 0x7F, 0xFF, 0xC0, 0x00, 0x00, 0x7F, 0xFF, 0xC0,
    0x00, 0x00, 0x7F, 0xFF, 0xC0, 0x00, 0x00, 0x7F, 0xFF, 0xC0, 0x00, 0x00, 0x7F, 0xFF, 0xC0, 0x00,
    0x00, 0x7F, 0xFF, 0xC0, 0x00, 0x00, 0x7F, 0xFF, 0xC0, 0x00, 0x00, 0x7F, 0xFF, 0xC0, 0x00, 0x00,
    0x7F, 0xFF, 0xC0, 0x00, 0x00, 0x7F, 0xFF, 0xC0, 0x00, 0x00, 0x7F, 0xFF, 0xC0, 0x00, 0x00, 0x7F,
    0xFF, 0xC0, 0x00, 0x00, 0x7F, 0xFF, 0xC0, 0x00, 0x00, 0x7F, 0xFF, 0xC0, 0x00, 0x00, 0x7F, 0xFF,
    0xC0, 0x00, 0x00, 0x7F, 0xFF, 0xC0, 0x00, 0x00, 0x7F, 0xFF, 0xC0, 0x00, 0x00, 0x7F, 0xFF, 0xC0,
    0x00, 0x00, 0x7F, 0xFF, 0xC0, 0x00, 0x00, 0x7F, 0xFF, 0xC0, 0x00, 0x00, 0x7F, 0xFF, 0xC0, 0x00,
    0x00, 0x7F, 0xFF, 0xC0, 0x00, 0x00, 0x7F, 0xFF, 0xC0, 0x00, 0x00, 0x7F, 0xFF, 0xC0, 0x00, 0x00,
    0x7F, 0xFF, 0xC0, 0x00, 0x00, 0x7F, 0xFF, 0xC0, 0x00, 0x00, 0x7F, 0xFF, 0xC0, 0x00, 0x00, 0x7F,
    0xFF, 0xC0, 0x00, 0x00, 0x7F, 0xFF, 0xC0, 0x00, 0x00, 0x7F, 0xFF, 0xC0, 0x00, 0x00, 0x7F, 0xFF,
    0xC0, 0x00, 0x00, 0x7F, 0xFF, 0xC0, 0x00, 0x00, 0x7F, 0xFF, 0xC0, 0x00, 0x00, 0x7F, 0xFF, 0xC0,
    0x00, 0x00, 0x7F, 0xFF, 0xC0, 0x00, 0x00, 0x7F, 0xFF, 0xC0, 0x00, 0x00, 0x7F, 0xFF, 0xC0, 0x00,
    0x00, 0x7F, 0xFF, 0xC0, 0x00, 0x00, 0x7F, 0xFF, 0xC0, 0x00, 0x00, 0x7F, 0xFF, 0xC0, 0x00, 0x00,
    0x7F, 0xFF, 0xC0, 0x00, 0x00, 0x7F, 0xFF, 0xC0, 0x00, 0x00, 0x7F, 0xFF, 0xC0, 0x00, 0x00, 0x7F,
    0xFF, 0xC0, 0x00, 0x00, 0x7F, 0xFF, 0xC0, 0x00, 0x00, 0x7F, 0xFF, 0xC0, 0x00, 0x00, 0x7F, 0xFF,
    0xC0, 0x00, 0x00, 0x7F, 0xFF, 0xC0, 0x00, 0x00, 0x7F, 0xFF, 0xC0, 0x00, 0x00, 0x7F, 0xFF, 0xC0,
    0x00, 0x00, 0x7F, 0xFF, 0xC0, 0x00, 0x00, 0x7F, 0xFF, 0xC0, 0x00, 0x00, 0x7F, 0xFF, 0xC0, 0x00,
    0x00, 0x7F, 0xFF, 0xC0, 0x00, 0x00, 0x7F, 0xFF, 0xC0, 0x00, 0x00, 0x7F, 0xFF, 0xC0, 0x00, 0x00,
    0x7F, 0xFF, 0xC0, 0x00, 0x00, 0x7F, 0xFF, 0xC0, 0x00, 0x00, 0x7F, 0xFF, 0xC0, 0x00, 0x00, 0x7F,
    0xFF, 0xC0, 0x00, 0x00, 0x7F, 0xFF, 0xC0, 0x00, 0x00, 0x7F, 0xFF, 0xC0, 0x00, 0x00, 0x7F, 0xFF,
    0xC0, 0x00, 0x00, 0x7F, 0xFF, 0xC0, 0x00, 0x00, 0x7F, 0xFF, 0xC0, 0x00, 0x00, 0x7F, 0xFF, 0xC0,
    0x00, 0x00, 0x7F, 0xFF, 0xC0, 0x00, 0x00, 0x7F, 0xFF, 0xC0, 0x00, 0x00, 0x7F, 0xFF, 0xC0, 0x00,
    0x00, 0x7F, 0xFF, 0xC0, 0x00, 0x00, 0x7F, 0xFF, 0xC0, 0x00, 0x00, 0x7F, 0xFF, 0xC0, 0x00, 0x00,
    0x7F, 0xFF, 0xC0, 0x00, 0x00, 0x7F, 0xFF, 0xC0, 0x00, 0x00, 0x7F, 0xFF, 0xC0, 0x00, 0x00, 0x7F,
    0xFF, 0xC0, 0x00, 0x00, 0x7F, 0xFF, 0xC0, 0x00, 0x00, 0x7F, 0xFF, 0xC0, 0x00, 0x00, 0x7F, 0xFF,
    0xC0, 0x00, 0x00, 0x7F, 0xFF, 0xC0, 0x00, 0x00, 0x7F, 0xFF, 0xC0, 0x00, 0x00, 0x7F, 0xFF, 0xC0,
    0x00, 0x00, 0x7F, 0xFF, 0xC0, 0x00, 0x00, 0x7F, 0xFF, 0xC0, 0x00, 0x00, 0x7F, 0xFF, 0xC0, 0x00,
    0x00, 0x7F, 0xFF, 0xC0, 0x00, 0x00, 0x7F, 0xFF, 0xC0, 0x00, 0x00, 0x7F, 0xFF, 0xC0, 0x00, 0x00,
    0x7F, 0xFF, 0xC0, 0x00, 0x00, 0x7F, 0xFF, 0xC0, 0x00, 0x00, 0x7F, 0xFF, 0xC0, 0x00, 0x00, 0x7F,
    0xFF, 0xC0, 0x00, 0x00, 0x7F, 0xFF, 0xC0, 0x00, 0x00, 0x7F, 0xFF, 0xC0, 0x00, 0x00, 0x7F, 0xFF,
    0xC0, 0x00, 0x00, 0x7F, 0xFF, 0xC0, 0x00, 0x00, 0x7F, 0xFF, 0xC0, 0x00, 0x00, 0x7F, 0xFF, 0xC0,
    0x00, 0x00, 0x7F, 0xFF, 0xC0, 0x00, 0x00, 0x7F, 0xFF, 0xC0, 0x00, 0x00, 0x7F, 0xFF, 0xC0, 0x00,
    0x00, 0x7F, 0xFF, 0xC0, 0x00, 0x00, 0x7F, 0xFF, 0xC0, 0x00, 0x0F, 0xFC, 0x00, 0x00, 0x00, 0x00,
    0x0F, 0xFF, 0xE0, 0x00, 0x00, 0x00, 0x0F, 0xFF, 0xF8, 0x00, 0x00, 0x00, 0x0F, 0xFF, 0xFE, 0x00,
    0x00, 0x00, 0x0F, 0xFF, 0xFF, 0x00, 0x00, 0x00, 0x0F, 0xFF, 0xFF, 0x80, 0x00, 0x00, 0x0F, 0xFF,
    0xFF, 0xC0, 0x00, 0x00, 0x0F, 0xFF, 0xFF, 0xC0, 0x00, 0x00, 0x0F, 0xFF, 0xFF, 0xE0, 0x00, 0x00,
    0x0F, 0xFF, 0xFF, 0xE0, 0x00, 0x00, 0x0F, 0xFF, 0xFF, 0xF0, 0x00, 0x00, 0x0F, 0xFF, 0xFF, 0xF0,
    0x00, 0x00, 0x0F, 0xFF, 0xFF, 0xF0, 0x00, 0x00, 0x00, 0x7F, 0xFF, 0xF0, 0x00, 0x00, 0x00, 0x1F,
    0xFF, 0xF0, 0x00, 0x00, 0x00, 0x0F, 0xFF, 0xF0, 0x00, 0x00, 0x00, 0x0F, 0xFF, 0xF8, 0x00, 0x00,
    0x00, 0x0F, 0xFF, 0xF8, 0x00, 0x00, 0x00, 0x07, 0xFF, 0xF8, 0x00, 0x00, 0x00, 0x07, 0xFF, 0xF8,
    0x00, 0x00, 0x00, 0x07, 0xFF, 0xF8, 0x00, 0x00, 0x00, 0x07, 0xFF, 0xF8, 0x00, 0x00, 0x00, 0x07,
    0xFF, 0xF8, 0x00, 0x00, 0x00, 0x07, 0xFF, 0xF8, 0x00, 0x00, 0x00, 0x07, 0xFF, 0xF8, 0x00, 0x00,
    0x00, 0x07, 0xFF, 0xF8, 0x00, 0x00, 0x00, 0x07, 0xFF, 0xF8, 0x00, 0x00, 0x00, 0x07, 0xFF, 0xF8,
    0x00, 0x00, 0x00, 0x07, 0xFF, 0xFC, 0x00, 0x00, 0x00, 0x07, 0xFF, 0xFC, 0x00, 0x00, 0x00, 0x07,
    0xFF, 0xFE, 0x00, 0x00, 0x00, 0x03, 0xFF, 0xFF, 0xC0, 0x00, 0x00, 0x03, 0xFF, 0xFF, 0xFC, 0x00,
    0x00, 0x01, 0xFF, 0xFF, 0xFC, 0x00, 0x00, 0x01, 0xFF, 0xFF, 0xFC, 0x00, 0x00, 0x00, 0xFF, 0xFF,
    0xFC, 0x00, 0x00, 0x00, 0x3F, 0xFF, 0xFC, 0x00, 0x00, 0x00, 0x0F, 0xFF, 0xFC, 0x00, 0x00, 0x00,
    0x03, 0xFF, 0xFC, 0x00, 0x00, 0x00, 0x00, 0xFF, 0xFC, 0x00, 0x00, 0x00, 0x03, 0xFF, 0xFC, 0x00,
    0x00, 0x00, 0x0F, 0xFF, 0xFC, 0x00, 0x00, 0x00, 0x3F, 0xFF, 0xFC, 0x00, 0x00, 0x00, 0xFF, 0xFF,
    0xFC, 0x00, 0x00, 0x01, 0xFF, 0xFF, 0xFC, 0x00, 0x00, 0x01, 0xFF, 0xFF, 0xFC, 0x00, 0x00, 0x03,
    0xFF, 0xFF, 0xFC, 0x00, 0x00, 0x03, 0xFF, 0xFF, 0xC0, 0x00, 0x00, 0x07, 0xFF, 0xFE, 0x00, 0x00,
    0x00, 0x07, 0xFF, 0xFC, 0x00, 0x00, 0x00, 0x07, 0xFF, 0xFC, 0x00, 0x00, 0x00, 0x07, 0xFF, 0xF8,
    0x00, 0x00, 0x00, 0x07, 0xFF, 0xF8, 0x00, 0x00, 0x00, 0x07, 0xFF, 0xF8, 0x00, 0x00, 0x00, 0x07,
    0xFF, 0xF8, 0x00, 0x00, 0x00, 0x07, 0xFF, 0xF8, 0x00, 0x00, 0x00, 0x07, 0xFF, 0xF8, 0x00, 0x00,
    0x00, 0x07, 0xFF, 0xF8, 0x00, 0x00, 0x00, 0x07, 0xFF, 0xF8, 0x00, 0x00, 0x00, 0x07, 0xFF, 0xF8,
    0x00, 0x00, 0x00, 0x07, 0xFF, 0xF8, 0x00, 0x00, 0x00, 0x0F, 0xFF, 0xF8, 0x00, 0x00, 0x00, 0x0F,
    0xFF, 0xF8, 0x00, 0x00, 0x00, 0x0F, 0xFF, 0xF0, 0x00, 0x00, 0x00, 0x1F, 0xFF, 0xF0, 0x00, 0x00,
    0x00, 0x7F, 0xFF, 0xF0, 0x00, 0x00, 0x0F, 0xFF, 0xFF, 0xF0, 0x00, 0x00, 0x0F, 0xFF, 0xFF, 0xF0,
    0x00, 0x00, 0x0F, 0xFF, 0xFF, 0xF0, 0x00, 0x00, 0x0F, 0xFF, 0xFF, 0xE0, 0x00, 0x00, 0x0F, 0xFF,
    0xFF, 0xE0, 0x00, 0x00, 0x0F, 0xFF, 0xFF, 0xC0, 0x00, 0x00, 0x0F, 0xFF, 0xFF, 0xC0, 0x00, 0x00,
    0x0F, 0xFF, 0xFF, 0x80, 0x00, 0x00, 0x0F, 0xFF, 0xFF, 0x00, 0x00, 0x00, 0x0F, 0xFF, 0xFE, 0x00,
    0x00, 0x00, 0x0F, 0xFF, 0xF8, 0x00, 0x00, 0x00, 0x0F, 0xFF, 0xE0, 0x00, 0x00, 0x00, 0x0F, 0xFC,
    0x00, 0x00, 0x00, 0x00, 0x00, 0x00, 0xFF, 0x00, 0x00, 0x00, 0x00, 0x00, 0x00, 0x03, 0xFF, 0xE0,
    0x00, 0x3F, 0xFC, 0x00, 0x00, 0x0F, 0xFF, 0xF8, 0x00, 0x3F, 0xFC, 0x00, 0x00, 0x1F, 0xFF, 0xFC,
    0x00, 0x3F, 0xFC, 0x00, 0x00, 0x3F, 0xFF, 0xFE, 0x00, 0x7F, 0xFC, 0x00, 0x00, 0x3F, 0xFF, 0xFF,
    0x00, 0x7F, 0xFC, 0x00, 0x00, 0x7F, 0xFF, 0xFF, 0xC0, 0xFF, 0xFC, 0x00, 0x00, 0xFF, 0xFF, 0xFF,
    0xE1, 0xFF, 0xFC, 0x00, 0x00, 0xFF, 0xFF, 0xFF, 0xFF, 0xFF, 0xFC, 0x00, 0x00, 0xFF, 0xFF, 0xFF,
    0xFF, 0xFF, 0xF8, 0x00, 0x01, 0xFF, 0xFF, 0xFF, 0xFF, 0xFF, 0xF8, 0x00, 0x01, 0xFF, 0xFF, 0xFF,
    0xFF, 0xFF, 0xF8, 0x00, 0x01, 0xFF, 0xFF, 0xFF, 0xFF, 0xFF, 0xF8, 0x00, 0x01, 0xFF, 0xFF, 0xFF,
    0xFF, 0xFF, 0xF0, 0x00, 0x03, 0xFF, 0xF8, 0x7F, 0xFF, 0xFF, 0xF0, 0x00, 0x03, 0xFF, 0xF0, 0x1F,
    0xFF, 0xFF, 0xE0, 0x00, 0x03, 0xFF, 0xE0, 0x0F, 0xFF, 0xFF, 0xE0, 0x00, 0x03, 0xFF, 0xE0, 0x07,
    0xFF, 0xFF, 0xC0, 0x00, 0x03, 0xFF, 0xE0, 0x03, 0xFF, 0xFF, 0x80, 0x00, 0x03, 0xFF, 0xE0, 0x00,
    0xFF, 0xFF, 0x00, 0x00, 0x03, 0xFF, 0xE0, 0x00, 0x7F, 0xFC, 0x00, 0x00, 0x00, 0x00, 0x00, 0x00,
    0x0F, 0xF0, 0x00, 0x00, 0x00, 0x00, 0x00, 0x00, 0x00, 0x00, 0x00, 0x00, 0x00, 0x00, 0x00, 0x00,
    0x00, 0x00, 0x00, 0x00, 0x00, 0x00, 0x00, 0x00, 0x00, 0x00, 0x00, 0x00, 0x00, 0x00, 0x00, 0x00,
    0x00, 0x00, 0x00, 0x00, 0x00, 0x00, 0x00, 0x00, 0x00, 0x00, 0x00, 0x00, 0x00, 0x00, 0x00, 0x00,
    0x00, 0x00, 0x00, 0x00, 0x00, 0x00, 0x00, 0x00, 0x00, 0x00, 0x00, 0x00, 0x00, 0x00, 0x00, 0x00,
    0x00, 0x00, 0x00, 0x00, 0x00, 0x00, 0x00, 0x00, 0x00, 0x00, 0x00, 0x00, 0x00, 0x00, 0x00, 0x00,
    0x00, 0x00, 0x00, 0x00, 0x00, 0x00, 0x00, 0x00, 0x00, 0x00, 0x00, 0x00, 0x00, 0x00, 0x00, 0x00,
    0x00, 0x00, 0x00, 0x00, 0x00, 0x00, 0x00, 0x00, 0x00, 0x00, 0x00, 0x00, 0x00, 0x00, 0x00, 0x00,
    0x00, 0x00, 0x00, 0x00, 0x00, 0x00, 0x00, 0x00, 0x00, 0x00, 0x00, 0x00
};

inline constexpr BitmapFont kFontInterBlack87 = {"inter_black_87", 87U, 85U, 21U, 106U, kFontInterBlack87Glyphs, kFontInterBlack87Bitmap, sizeof(kFontInterBlack87Bitmap)};

inline constexpr Glyph kFontInterBlack66Glyphs[] = {
  {0U, 0U, 0U, 0, 64, 13U},
  {0U, 25U, 50U, 0, 15, 25U},
  {200U, 41U, 49U, 0, 15, 41U},
  {494U, 44U, 49U, 0, 15, 44U},
  {788U, 44U, 61U, 0, 9, 44U},
  {1154U, 69U, 51U, 0, 14, 69U},
  {1613U, 47U, 51U, 0, 14, 46U},
  {1919U, 25U, 49U, 0, 15, 25U},
  {2115U, 26U, 61U, 0, 12, 26U},
  {2359U, 26U, 61U, 0, 12, 26U},
  {2603U, 40U, 49U, 0, 15, 40U},
  {2848U, 46U, 37U, 0, 27, 46U},
  {3070U, 25U, 22U, 0, 55, 25U},
  {3158U, 31U, 24U, 0, 40, 31U},
  {3254U, 25U, 13U, 0, 52, 25U},
  {3306U, 27U, 59U, 0, 12, 27U},
  {3542U, 47U, 51U, 0, 14, 47U},
  {3848U, 30U, 49U, 0, 15, 30U},
  {4044U, 43U, 50U, 0, 14, 43U},
  {4344U, 44U, 51U, 0, 14, 44U},
  {4650U, 46U, 49U, 0, 15, 46U},
  {4944U, 43U, 50U, 0, 15, 43U},
  {5244U, 45U, 51U, 0, 14, 45U},
  {5550U, 39U, 49U, 0, 15, 39U},
  {5795U, 45U, 51U, 0, 14, 45U},
  {6101U, 45U, 51U, 0, 14, 45U},
  {6407U, 25U, 35U, 0, 30, 25U},
  {6547U, 25U, 47U, 0, 30, 25U},
  {6735U, 46U, 41U, 0, 24, 46U},
  {6981U, 46U, 34U, 0, 30, 46U},
  {7185U, 46U, 41U, 0, 24, 46U},
  {7431U, 40U, 51U, 0, 14, 40U},
  {7686U, 70U, 65U, 0, 14, 70U},
  {8271U, 52U, 49U, 0, 15, 52U},
  {8614U, 44U, 49U, 0, 15, 44U},
  {8908U, 49U, 51U, 0, 14, 49U},
  {9265U, 48U, 49U, 0, 15, 48U},
  {9559U, 40U, 49U, 0, 15, 40U},
  {9804U, 39U, 49U, 0, 15, 39U},
  {10049U, 50U, 51U, 0, 14, 50U},
  {10406U, 50U, 49U, 0, 15, 50U},
  {10749U, 19U, 49U, 0, 15, 19U},
  {10896U, 39U, 50U, 0, 15, 39U},
  {11146U, 50U, 49U, 0, 15, 50U},
  {11489U, 37U, 49U, 0, 15, 37U},
  {11734U, 63U, 49U, 0, 15, 63U},
  {12126U, 51U, 49U, 0, 15, 51U},
  {12469U, 51U, 51U, 0, 14, 51U},
  {12826U, 43U, 49U, 0, 15, 43U},
  {13120U, 52U, 54U, 0, 14, 52U},
  {13498U, 44U, 49U, 0, 15, 44U},
  {13792U, 44U, 51U, 0, 14, 44U},
  {14098U, 45U, 49U, 0, 15, 45U},
  {14392U, 48U, 50U, 0, 15, 48U},
  {14692U, 52U, 49U, 0, 15, 52U},
  {15035U, 71U, 49U, 0, 15, 71U},
  {15476U, 52U, 49U, 0, 15, 52U},
  {15819U, 51U, 49U, 0, 15, 51U},
  {16162U, 46U, 49U, 0, 15, 46U},
  {16456U, 26U, 61U, 0, 12, 26U},
  {16700U, 27U, 59U, 0, 12, 27U},
  {16936U, 26U, 61U, 0, 12, 26U},
  {17180U, 33U, 49U, 0, 15, 33U},
  {17425U, 33U, 10U, 0, 63, 33U},
  {17475U, 26U, 52U, 0, 12, 26U},
  {17683U, 39U, 38U, 0, 27, 39U},
  {17873U, 43U, 50U, 0, 15, 43U},
  {18173U, 40U, 38U, 0, 27, 40U},
  {18363U, 43U, 50U, 0, 15, 43U},
  {18663U, 40U, 38U, 0, 27, 40U},
  {18853U, 28U, 51U, 0, 13, 28U},
  {19057U, 43U, 51U, 0, 27, 43U},
  {19363U, 43U, 49U, 0, 15, 43U},
  {19657U, 20U, 52U, 0, 12, 20U},
  {19813U, 23U, 66U, -3, 12, 20U},
  {20011U, 41U, 49U, 0, 15, 40U},
  {20305U, 20U, 49U, 0, 15, 20U},
  {20452U, 62U, 37U, 0, 27, 62U},
  {20748U, 43U, 37U, 0, 27, 43U},
  {20970U, 41U, 38U, 0, 27, 41U},
  {21198U, 43U, 51U, 0, 27, 43U},
  {21504U, 43U, 51U, 0, 27, 43U},
  {21810U, 29U, 37U, 0, 27, 29U},
  {21958U, 39U, 38U, 0, 27, 39U},
  {22148U, 26U, 47U, 0, 18, 26U},
  {22336U, 43U, 38U, 0, 27, 43U},
  {22564U, 42U, 37U, 0, 27, 42U},
  {22786U, 59U, 37U, -1, 27, 58U},
  {23082U, 40U, 37U, 0, 27, 40U},
  {23267U, 42U, 51U, 0, 27, 42U},
  {23573U, 39U, 37U, 0, 27, 39U},
  {23758U, 33U, 61U, 0, 12, 33U},
  {24063U, 27U, 80U, 0, 0, 27U},
  {24383U, 33U, 61U, 0, 12, 33U},
  {24688U, 46U, 28U, 0, 36, 46U}
};

inline constexpr std::uint8_t kFontInterBlack66Bitmap[] = {
    0x03, 0xFF, 0xE0, 0x00, 0x03, 0xFF, 0xE0, 0x00, 0x03, 0xFF, 0xE0, 0x00, 0x03, 0xFF, 0xE0, 0x00,
    0x03, 0xFF, 0xE0, 0x00, 0x03, 0xFF, 0xE0, 0x00, 0x03, 0xFF, 0xE0, 0x00, 0x03, 0xFF, 0xE0, 0x00,
    0x03, 0xFF, 0xE0, 0x00, 0x03, 0xFF, 0xE0, 0x00, 0x03, 0xFF, 0xE0, 0x00, 0x03, 0xFF, 0xE0, 0x00,
    0x03, 0xFF, 0xE0, 0x00, 0x03, 0xFF, 0xE0, 0x00, 0x03, 0xFF, 0xE0, 0x00, 0x03, 0xFF, 0xE0, 0x00,
    0x03, 0xFF, 0xE0, 0x00, 0x03, 0xFF, 0xE0, 0x00, 0x03, 0xFF, 0xE0, 0x00, 0x03, 0xFF, 0xE0, 0x00,
    0x03, 0xFF, 0xE0, 0x00, 0x03, 0xFF, 0xE0, 0x00, 0x03, 0xFF, 0xE0, 0x00, 0x03, 0xFF, 0xE0, 0x00,
    0x03, 0xFF, 0xE0, 0x00, 0x03, 0xFF, 0xE0, 0x00, 0x01, 0xFF, 0xE0, 0x00, 0x01, 0xFF, 0xE0, 0x00,
    0x01, 0xFF, 0xE0, 0x00, 0x01, 0xFF, 0xE0, 0x00, 0x01, 0xFF, 0xE0, 0x00, 0x01, 0xFF, 0xC0, 0x00,
    0x01, 0xFF, 0xC0, 0x00, 0x00, 0x00, 0x00, 0x00, 0x00, 0x00, 0x00, 0x00, 0x00, 0x00, 0x00, 0x00,
    0x00, 0x00, 0x00, 0x00, 0x00, 0x3F, 0x00, 0x00, 0x00, 0xFF, 0x80, 0x00, 0x01, 0xFF, 0xC0, 0x00,
    0x03, 0xFF, 0xE0, 0x00, 0x03, 0xFF, 0xE0, 0x00, 0x03, 0xFF, 0xE0, 0x00, 0x03, 0xFF, 0xE0, 0x00,
    0x03, 0xFF, 0xE0, 0x00, 0x03, 0xFF, 0xE0, 0x00, 0x03, 0xFF, 0xE0, 0x00, 0x01, 0xFF, 0xC0, 0x00,
    0x00, 0xFF, 0x80, 0x00, 0x00, 0x3F, 0x00, 0x00, 0x03, 0xFF, 0xC1, 0xFF, 0xE0, 0x00, 0x03, 0xFF,
    0xC1, 0xFF, 0xE0, 0x00, 0x03, 0xFF, 0xC1, 0xFF, 0xE0, 0x00, 0x03, 0xFF, 0xC1, 0xFF, 0xE0, 0x00,
    0x01, 0xFF, 0xC1, 0xFF, 0xE0, 0x00, 0x01, 0xFF, 0xC1, 0xFF, 0xE0, 0x00, 0x01, 0xFF, 0xC1, 0xFF,
    0xE0, 0x00, 0x01, 0xFF, 0xC1, 0xFF, 0xC0, 0x00, 0x01, 0xFF, 0xC1, 0xFF, 0xC0, 0x00, 0x01, 0xFF,
    0xC1, 0xFF, 0xC0, 0x00, 0x01, 0xFF, 0xC0, 0xFF, 0xC0, 0x00, 0x01, 0xFF, 0xC0, 0xFF, 0xC0, 0x00,
    0x01, 0xFF, 0xC0, 0xFF, 0xC0, 0x00, 0x01, 0xFF, 0xC0, 0xFF, 0xC0, 0x00, 0x01, 0xFF, 0x80, 0xFF,
    0xC0, 0x00, 0x01, 0xFF, 0x80, 0xFF, 0xC0, 0x00, 0x01, 0xFF, 0x80, 0xFF, 0xC0, 0x00, 0x01, 0xFF,
    0x80, 0xFF, 0xC0, 0x00, 0x01, 0xFF, 0x80, 0xFF, 0xC0, 0x00, 0x01, 0xFF, 0x80, 0xFF, 0xC0, 0x00,
    0x01, 0xFF, 0x80, 0xFF, 0xC0, 0x00, 0x01, 0xFF, 0x80, 0xFF, 0xC0, 0x00, 0x00, 0x00, 0x00, 0x00,
    0x00, 0x00, 0x00, 0x00, 0x00, 0x00, 0x00, 0x00, 0x00, 0x00, 0x00, 0x00, 0x00, 0x00, 0x00, 0x00,
    0x00, 0x00, 0x00, 0x00, 0x00, 0x00, 0x00, 0x00, 0x00, 0x00, 0x00, 0x00, 0x00, 0x00, 0x00, 0x00,
    0x00, 0x00, 0x00, 0x00, 0x00, 0x00, 0x00, 0x00, 0x00, 0x00, 0x00, 0x00, 0x00, 0x00, 0x00, 0x00,
    0x00, 0x00, 0x00, 0x00, 0x00, 0x00, 0x00, 0x00, 0x00, 0x00, 0x00, 0x00, 0x00, 0x00, 0x00, 0x00,
    0x00, 0x00, 0x00, 0x00, 0x00, 0x00, 0x00, 0x00, 0x00, 0x00, 0x00, 0x00, 0x00, 0x00, 0x00, 0x00,
    0x00, 0x00, 0x00, 0x00, 0x00, 0x00, 0x00, 0x00, 0x00, 0x00, 0x00, 0x00, 0x00, 0x00, 0x00, 0x00,
    0x00, 0x00, 0x00, 0x00, 0x00, 0x00, 0x00, 0x00, 0x00, 0x00, 0x00, 0x00, 0x00, 0x00, 0x00, 0x00,
    0x00, 0x00, 0x00, 0x00, 0x00, 0x00, 0x00, 0x00, 0x00, 0x00, 0x00, 0x00, 0x00, 0x00, 0x00, 0x00,
    0x00, 0x00, 0x00, 0x00, 0x00, 0x00, 0x00, 0x00, 0x00, 0x00, 0x00, 0x00, 0x00, 0x00, 0x00, 0x00,
    0x00, 0x00, 0x00, 0x00, 0x00, 0x00, 0x00, 0x00, 0x00, 0x00, 0x00, 0x00, 0x00, 0x00, 0x00, 0x07,
    0xFC, 0x07, 0xFE, 0x00, 0x00, 0x0F, 0xFC, 0x07, 0xFE, 0x00, 0x00, 0x0F, 0xFC, 0x07, 0xFE, 0x00,
    0x00, 0x0F, 0xF8, 0x07, 0xFC, 0x00, 0x00, 0x0F, 0xF8, 0x07, 0xFC, 0x00, 0x00, 0x0F, 0xF8, 0x07,
    0xFC, 0x00, 0x00, 0x0F, 0xF8, 0x0F, 0xFC, 0x00, 0x00, 0x1F, 0xF8, 0x0F, 0xFC, 0x00, 0x00, 0x1F,
    0xF8, 0x0F, 0xFC, 0x00, 0x00, 0x1F, 0xF8, 0x0F, 0xF8, 0x00, 0x00, 0x1F, 0xF0, 0x0F, 0xF8, 0x00,
    0x07, 0xFF, 0xFF, 0xFF, 0xFF, 0xE0, 0x0F, 0xFF, 0xFF, 0xFF, 0xFF, 0xE0, 0x0F, 0xFF, 0xFF, 0xFF,
    0xFF, 0xE0, 0x0F, 0xFF, 0xFF, 0xFF, 0xFF, 0xE0, 0x0F, 0xFF, 0xFF, 0xFF, 0xFF, 0xE0, 0x0F, 0xFF,
    0xFF, 0xFF, 0xFF, 0xC0, 0x0F, 0xFF, 0xFF, 0xFF, 0xFF, 0xC0, 0x1F, 0xFF, 0xFF, 0xFF, 0xFF, 0xC0,
    0x1F, 0xFF, 0xFF, 0xFF, 0xFF, 0xC0, 0x1F, 0xFF, 0xFF, 0xFF, 0xFF, 0xC0, 0x00, 0x7F, 0xE0, 0x3F,
    0xF0, 0x00, 0x00, 0x7F, 0xC0, 0x3F, 0xE0, 0x00, 0x00, 0x7F, 0xC0, 0x3F, 0xE0, 0x00, 0x00, 0x7F,
    0xC0, 0x3F, 0xE0, 0x00, 0x00, 0x7F, 0xC0, 0x7F, 0xE0, 0x00, 0x00, 0xFF, 0xC0, 0x7F, 0xE0, 0x00,
    0x00, 0xFF, 0xC0, 0x7F, 0xE0, 0x00, 0x3F, 0xFF, 0xFF, 0xFF, 0xFF, 0x80, 0x3F, 0xFF, 0xFF, 0xFF,
    0xFF, 0x00, 0x3F, 0xFF, 0xFF, 0xFF, 0xFF, 0x00, 0x7F, 0xFF, 0xFF, 0xFF, 0xFF, 0x00, 0x7F, 0xFF,
    0xFF, 0xFF, 0xFF, 0x00, 0x7F, 0xFF, 0xFF, 0xFF, 0xFF, 0x00, 0x7F, 0xFF, 0xFF, 0xFF, 0xFF, 0x00,
    0x7F, 0xFF, 0xFF, 0xFF, 0xFE, 0x00, 0x7F, 0xFF, 0xFF, 0xFF, 0xFE, 0x00, 0xFF, 0xFF, 0xFF, 0xFF,
    0xFE, 0x00, 0x03, 0xFF, 0x01, 0xFF, 0x80, 0x00, 0x03, 0xFF, 0x01, 0xFF, 0x80, 0x00, 0x03, 0xFF,
    0x01, 0xFF, 0x00, 0x00, 0x03, 0xFE, 0x01, 0xFF, 0x00, 0x00, 0x03, 0xFE, 0x01, 0xFF, 0x00, 0x00,
    0x03, 0xFE, 0x01, 0xFF, 0x00, 0x00, 0x07, 0xFE, 0x03, 0xFF, 0x00, 0x00, 0x07, 0xFE, 0x03, 0xFF,
    0x00, 0x00, 0x07, 0xFE, 0x03, 0xFE, 0x00, 0x00, 0x07, 0xFC, 0x03, 0xFE, 0x00, 0x00, 0x07, 0xFC,
    0x03, 0xFE, 0x00, 0x00, 0x00, 0x00, 0x07, 0x80, 0x00, 0x00, 0x00, 0x00, 0x07, 0x80, 0x00, 0x00,
    0x00, 0x00, 0x07, 0x80, 0x00, 0x00, 0x00, 0x00, 0x07, 0x80, 0x00, 0x00, 0x00, 0x00, 0x07, 0x80,
    0x00, 0x00, 0x00, 0x00, 0x07, 0x80, 0x00, 0x00, 0x00, 0x03, 0xFF, 0xFE, 0x00, 0x00, 0x00, 0x0F,
    0xFF, 0xFF, 0x80, 0x00, 0x00, 0x3F, 0xFF, 0xFF, 0xE0, 0x00, 0x00, 0x7F, 0xFF, 0xFF, 0xF0, 0x00,
    0x01, 0xFF, 0xFF, 0xFF, 0xF8, 0x00, 0x01, 0xFF, 0xFF, 0xFF, 0xFC, 0x00, 0x03, 0xFF, 0xFF, 0xFF,
    0xFE, 0x00, 0x07, 0xFF, 0xFF, 0xFF, 0xFF, 0x00, 0x07, 0xFF, 0xFF, 0xFF, 0xFF, 0x00, 0x0F, 0xFF,
    0xFF, 0xFF, 0xFF, 0x00, 0x0F, 0xFF, 0xFF, 0xFF, 0xFF, 0x80, 0x1F, 0xFF, 0xC7, 0x9F, 0xFF, 0x80,
    0x1F, 0xFF, 0x87, 0x8F, 0xFF, 0x80, 0x1F, 0xFF, 0x87, 0x8F, 0xFF, 0x80, 0x1F, 0xFF, 0x87, 0x87,
    0xFF, 0x80, 0x1F, 0xFF, 0x87, 0x87, 0xFF, 0x80, 0x1F, 0xFF, 0xC7, 0x80, 0x00, 0x00, 0x1F, 0xFF,
    0xE7, 0x80, 0x00, 0x00, 0x1F, 0xFF, 0xFF, 0x80, 0x00, 0x00, 0x0F, 0xFF, 0xFF, 0x80, 0x00, 0x00,
    0x0F, 0xFF, 0xFF, 0xF8, 0x00, 0x00, 0x0F, 0xFF, 0xFF, 0xFF, 0x00, 0x00, 0x07, 0xFF, 0xFF, 0xFF,
    0xE0, 0x00, 0x03, 0xFF, 0xFF, 0xFF, 0xF0, 0x00, 0x01, 0xFF, 0xFF, 0xFF, 0xFC, 0x00, 0x00, 0xFF,
    0xFF, 0xFF, 0xFE, 0x00, 0x00, 0x7F, 0xFF, 0xFF, 0xFE, 0x00, 0x00, 0x1F, 0xFF, 0xFF, 0xFF, 0x00,
    0x00, 0x03, 0xFF, 0xFF, 0xFF, 0x80, 0x00, 0x00, 0x7F, 0xFF, 0xFF, 0x80, 0x00, 0x00, 0x07, 0xFF,
    0xFF, 0x80, 0x00, 0x00, 0x07, 0xFF, 0xFF, 0xC0, 0x3F, 0xFC, 0x07, 0x9F, 0xFF, 0xC0, 0x3F, 0xFC,
    0x07, 0x8F, 0xFF, 0xC0, 0x3F, 0xFE, 0x07, 0x87, 0xFF, 0xC0, 0x3F, 0xFE, 0x07, 0x87, 0xFF, 0xC0,
    0x3F, 0xFF, 0x07, 0x87, 0xFF, 0xC0, 0x3F, 0xFF, 0x07, 0x8F, 0xFF, 0xC0, 0x1F, 0xFF, 0xC7, 0xBF,
    0xFF, 0xC0, 0x1F, 0xFF, 0xFF, 0xFF, 0xFF, 0x80, 0x1F, 0xFF, 0xFF, 0xFF, 0xFF, 0x80, 0x0F, 0xFF,
    0xFF, 0xFF, 0xFF, 0x80, 0x0F, 0xFF, 0xFF, 0xFF, 0xFF, 0x00, 0x07, 0xFF, 0xFF, 0xFF, 0xFF, 0x00,
    0x03, 0xFF, 0xFF, 0xFF, 0xFE, 0x00, 0x01, 0xFF, 0xFF, 0xFF, 0xFC, 0x00, 0x00, 0x7F, 0xFF, 0xFF,
    0xF0, 0x00, 0x00, 0x3F, 0xFF, 0xFF, 0xE0, 0x00, 0x00, 0x07, 0xFF, 0xFF, 0x00, 0x00, 0x00, 0x00,
    0x0F, 0xC0, 0x00, 0x00, 0x00, 0x00, 0x07, 0x80, 0x00, 0x00, 0x00, 0x00, 0x07, 0x80, 0x00, 0x00,
    0x00, 0x00, 0x07, 0x80, 0x00, 0x00, 0x00, 0x00, 0x07, 0x80, 0x00, 0x00, 0x00, 0x00, 0x07, 0x80,
    0x00, 0x00, 0x00, 0x00, 0x80, 0x00, 0x00, 0x00, 0x00, 0x00, 0x00, 0x00, 0x1F, 0xF8, 0x00, 0x00,
    0x01, 0xFE, 0x00, 0x00, 0x00, 0x7F, 0xFE, 0x00, 0x00, 0x03, 0xFC, 0x00, 0x00, 0x00, 0xFF, 0xFF,
    0x00, 0x00, 0x07, 0xF8, 0x00, 0x00, 0x01, 0xFF, 0xFF, 0x80, 0x00, 0x07, 0xF0, 0x00, 0x00, 0x01,
    0xFF, 0xFF, 0xC0, 0x00, 0x0F, 0xF0, 0x00, 0x00, 0x03, 0xFF, 0xFF, 0xC0, 0x00, 0x1F, 0xE0, 0x00,
    0x00, 0x03, 0xFF, 0xFF, 0xE0, 0x00, 0x1F, 0xC0, 0x00, 0x00, 0x07, 0xFC, 0x3F, 0xE0, 0x00, 0x3F,
    0xC0, 0x00, 0x00, 0x07, 0xF8, 0x1F, 0xE0, 0x00, 0x7F, 0x80, 0x00, 0x00, 0x07, 0xF8, 0x1F, 0xE0,
    0x00, 0x7F, 0x00, 0x00, 0x00, 0x07, 0xF8, 0x1F, 0xE0, 0x00, 0xFF, 0x00, 0x00, 0x00, 0x07, 0xF8,
    0x1F, 0xF0, 0x01, 0xFE, 0x00, 0x00, 0x00, 0x07, 0xF8, 0x1F, 0xF0, 0x03, 0xFC, 0x00, 0x00, 0x00,
    0x07, 0xF8, 0x1F, 0xF0, 0x03, 0xFC, 0x00, 0x00, 0x00, 0x07, 0xF8, 0x1F, 0xE0, 0x07, 0xF8, 0x00,
    0x00, 0x00, 0x07, 0xF8, 0x1F, 0xE0, 0x0F, 0xF0, 0x00, 0x00, 0x00, 0x07, 0xFC, 0x1F, 0xE0, 0x0F,
    0xF0, 0x00, 0x00, 0x00, 0x07, 0xFC, 0x3F, 0xE0, 0x1F, 0xE0, 0x00, 0x00, 0x00, 0x03, 0xFF, 0xFF,
    0xE0, 0x3F, 0xC0, 0x00, 0x00, 0x00, 0x03, 0xFF, 0xFF, 0xC0, 0x3F, 0xC0, 0x00, 0x00, 0x00, 0x01,
    0xFF, 0xFF, 0x80, 0x7F, 0x80, 0x00, 0x00, 0x00, 0x00, 0xFF, 0xFF, 0x80, 0xFF, 0x00, 0x00, 0x00,
    0x00, 0x00, 0x7F, 0xFF, 0x00, 0xFF, 0x00, 0x00, 0x00, 0x00, 0x00, 0x3F, 0xFC, 0x01, 0xFE, 0x00,
    0x00, 0x00, 0x00, 0x00, 0x0F, 0xF0, 0x03, 0xFC, 0x00, 0x00, 0x00, 0x00, 0x00, 0x00, 0x00, 0x03,
    0xF8, 0x00, 0x7F, 0x80, 0x00, 0x00, 0x00, 0x00, 0x07, 0xF8, 0x01, 0xFF, 0xE0, 0x00, 0x00, 0x00,
    0x00, 0x0F, 0xF0, 0x07, 0xFF, 0xF0, 0x00, 0x00, 0x00, 0x00, 0x0F, 0xE0, 0x0F, 0xFF, 0xF8, 0x00,
    0x00, 0x00, 0x00, 0x1F, 0xE0, 0x1F, 0xFF, 0xFC, 0x00, 0x00, 0x00, 0x00, 0x3F, 0xC0, 0x1F, 0xFF,
    0xFE, 0x00, 0x00, 0x00, 0x00, 0x3F, 0x80, 0x3F, 0xFF, 0xFE, 0x00, 0x00, 0x00, 0x00, 0x7F, 0x80,
    0x3F, 0xE1, 0xFF, 0x00, 0x00, 0x00, 0x00, 0xFF, 0x00, 0x3F, 0xC1, 0xFF, 0x00, 0x00, 0x00, 0x00,
    0xFE, 0x00, 0x7F, 0xC0, 0xFF, 0x00, 0x00, 0x00, 0x01, 0xFE, 0x00, 0x7F, 0xC0, 0xFF, 0x00, 0x00,
    0x00, 0x03, 0xFC, 0x00, 0x7F, 0xC0, 0xFF, 0x00, 0x00, 0x00, 0x03, 0xF8, 0x00, 0x7F, 0xC0, 0xFF,
    0x00, 0x00, 0x00, 0x07, 0xF8, 0x00, 0x7F, 0xC0, 0xFF, 0x00, 0x00, 0x00, 0x0F, 0xF0, 0x00, 0x7F,
    0xC0, 0xFF, 0x00, 0x00, 0x00, 0x0F, 0xE0, 0x00, 0x7F, 0xC0, 0xFF, 0x00, 0x00, 0x00, 0x1F, 0xE0,
    0x00, 0x3F, 0xC1, 0xFF, 0x00, 0x00, 0x00, 0x3F, 0xC0, 0x00, 0x3F, 0xE1, 0xFF, 0x00, 0x00, 0x00,
    0x3F, 0x80, 0x00, 0x3F, 0xFF, 0xFE, 0x00, 0x00, 0x00, 0x7F, 0x80, 0x00, 0x1F, 0xFF, 0xFE, 0x00,
    0x00, 0x00, 0xFF, 0x00, 0x00, 0x1F, 0xFF, 0xFC, 0x00, 0x00, 0x00, 0xFE, 0x00, 0x00, 0x0F, 0xFF,
    0xF8, 0x00, 0x00, 0x01, 0xFE, 0x00, 0x00, 0x07, 0xFF, 0xF0, 0x00, 0x00, 0x03, 0xFC, 0x00, 0x00,
    0x01, 0xFF, 0xE0, 0x00, 0x00, 0x00, 0x00, 0x00, 0x00, 0x00, 0x7F, 0x00, 0x00, 0x00, 0x00, 0x08,
    0x00, 0x00, 0x00, 0x00, 0x01, 0xFF, 0xC0, 0x00, 0x00, 0x00, 0x07, 0xFF, 0xF0, 0x00, 0x00, 0x00,
    0x1F, 0xFF, 0xF8, 0x00, 0x00, 0x00, 0x3F, 0xFF, 0xFC, 0x00, 0x00, 0x00, 0x7F, 0xFF, 0xFE, 0x00,
    0x00, 0x00, 0x7F, 0xFF, 0xFF, 0x00, 0x00, 0x00, 0xFF, 0xFF, 0xFF, 0x00, 0x00, 0x00, 0xFF, 0xFF,
    0xFF, 0x80, 0x00, 0x01, 0xFF, 0xFF, 0xFF, 0x80, 0x00, 0x01, 0xFF, 0xE3, 0xFF, 0x80, 0x00, 0x01,
    0xFF, 0xC1, 0xFF, 0x80, 0x00, 0x01, 0xFF, 0x80, 0xFF, 0x80, 0x00, 0x03, 0xFF, 0x80, 0xFF, 0xC0,
    0x00, 0x03, 0xFF, 0x80, 0xFF, 0x80, 0x00, 0x03, 0xFF, 0x81, 0xFF, 0x80, 0x00, 0x01, 0xFF, 0xC3,
    0xFF, 0x80, 0x00, 0x01, 0xFF, 0xC7, 0xFF, 0x80, 0x00, 0x01, 0xFF, 0xFF, 0xFF, 0x00, 0x00, 0x01,
    0xFF, 0xFF, 0xFF, 0x00, 0x00, 0x00, 0xFF, 0xFF, 0xFE, 0x00, 0x00, 0x00, 0xFF, 0xFF, 0xFE, 0x00,
    0x00, 0x00, 0x7F, 0xFF, 0xFC, 0x00, 0x00, 0x00, 0x7F, 0xFF, 0xF8, 0x00, 0x00, 0x00, 0x3F, 0xFF,
    0xF0, 0x00, 0x00, 0x00, 0x3F, 0xFF, 0xC0, 0x7F, 0xE0, 0x00, 0xFF, 0xFF, 0x80, 0x7F, 0xE0, 0x01,
    0xFF, 0xFF, 0xC0, 0x7F, 0xE0, 0x03, 0xFF, 0xFF, 0xE0, 0x7F, 0xE0, 0x07, 0xFF, 0xFF, 0xE0, 0x7F,
    0xE0, 0x0F, 0xFF, 0xFF, 0xF0, 0xFF, 0xE0, 0x0F, 0xFF, 0xFF, 0xF8, 0xFF, 0xE0, 0x1F, 0xFF, 0xFF,
    0xFD, 0xFF, 0xE0, 0x1F, 0xFF, 0x7F, 0xFF, 0xFF, 0xC0, 0x3F, 0xFE, 0x3F, 0xFF, 0xFF, 0xC0, 0x3F,
    0xFE, 0x1F, 0xFF, 0xFF, 0xC0, 0x3F, 0xFC, 0x0F, 0xFF, 0xFF, 0xC0, 0x3F, 0xFC, 0x07, 0xFF, 0xFF,
    0x80, 0x3F, 0xFE, 0x03, 0xFF, 0xFF, 0x80, 0x3F, 0xFE, 0x01, 0xFF, 0xFF, 0x00, 0x3F, 0xFF, 0x01,
    0xFF, 0xFF, 0x00, 0x1F, 0xFF, 0xFF, 0xFF, 0xFE, 0x00, 0x1F, 0xFF, 0xFF, 0xFF, 0xFE, 0x00, 0x0F,
    0xFF, 0xFF, 0xFF, 0xFF, 0x00, 0x0F, 0xFF, 0xFF, 0xFF, 0xFF, 0x80, 0x07, 0xFF, 0xFF, 0xFF, 0xFF,
    0xC0, 0x03, 0xFF, 0xFF, 0xFF, 0xFF, 0xE0, 0x01, 0xFF, 0xFF, 0xFF, 0xFF, 0xF0, 0x00, 0xFF, 0xFF,
    0xF8, 0xFF, 0xF8, 0x00, 0x3F, 0xFF, 0xE0, 0x7F, 0xFC, 0x00, 0x07, 0xFE, 0x00, 0x00, 0x00, 0x03,
    0xFF, 0xC0, 0x00, 0x03, 0xFF, 0xC0, 0x00, 0x03, 0xFF, 0xC0, 0x00, 0x03, 0xFF, 0xC0, 0x00, 0x01,
    0xFF, 0xC0, 0x00, 0x01, 0xFF, 0xC0, 0x00, 0x01, 0xFF, 0xC0, 0x00, 0x01, 0xFF, 0xC0, 0x00, 0x01,
    0xFF, 0xC0, 0x00, 0x01, 0xFF, 0xC0, 0x00, 0x01, 0xFF, 0xC0, 0x00, 0x01, 0xFF, 0xC0, 0x00, 0x01,
    0xFF, 0xC0, 0x00, 0x01, 0xFF, 0xC0, 0x00, 0x01, 0xFF, 0x80, 0x00, 0x01, 0xFF, 0x80, 0x00, 0x01,
    0xFF, 0x80, 0x00, 0x01, 0xFF, 0x80, 0x00, 0x01, 0xFF, 0x80, 0x00, 0x01, 0xFF, 0x80, 0x00, 0x01,
    0xFF, 0x80, 0x00, 0x01, 0xFF, 0x80, 0x00, 0x00, 0x00, 0x00, 0x00, 0x00, 0x00, 0x00, 0x00, 0x00,
    0x00, 0x00, 0x00, 0x00, 0x00, 0x00, 0x00, 0x00, 0x00, 0x00, 0x00, 0x00, 0x00, 0x00, 0x00, 0x00,
    0x00, 0x00, 0x00, 0x00, 0x00, 0x00, 0x00, 0x00, 0x00, 0x00, 0x00, 0x00, 0x00, 0x00, 0x00, 0x00,
    0x00, 0x00, 0x00, 0x00, 0x00, 0x00, 0x00, 0x00, 0x00, 0x00, 0x00, 0x00, 0x00, 0x00, 0x00, 0x00,
    0x00, 0x00, 0x00, 0x00, 0x00, 0x00, 0x00, 0x00, 0x00, 0x00, 0x00, 0x00, 0x00, 0x00, 0x00, 0x00,
    0x00, 0x00, 0x00, 0x00, 0x00, 0x00, 0x00, 0x00, 0x00, 0x00, 0x00, 0x00, 0x00, 0x00, 0x00, 0x00,
    0x00, 0x00, 0x00, 0x00, 0x00, 0x00, 0x00, 0x00, 0x00, 0x00, 0x00, 0x00, 0x00, 0x00, 0x00, 0x00,
    0x00, 0x00, 0x00, 0x00, 0x0F, 0xFF, 0x00, 0x00, 0x0F, 0xFF, 0x00, 0x00, 0x1F, 0xFE, 0x00, 0x00,
    0x3F, 0xFE, 0x00, 0x00, 0x3F, 0xFC, 0x00, 0x00, 0x3F, 0xFC, 0x00, 0x00, 0x7F, 0xFC, 0x00, 0x00,
    0x7F, 0xF8, 0x00, 0x00, 0xFF, 0xF8, 0x00, 0x00, 0xFF, 0xF8, 0x00, 0x00, 0xFF, 0xF0, 0x00, 0x01,
    0xFF, 0xF0, 0x00, 0x01, 0xFF, 0xF0, 0x00, 0x01, 0xFF, 0xF0, 0x00, 0x03, 0xFF, 0xE0, 0x00, 0x03,
    0xFF, 0xE0, 0x00, 0x03, 0xFF, 0xE0, 0x00, 0x03, 0xFF, 0xE0, 0x00, 0x03, 0xFF, 0xE0, 0x00, 0x07,
    0xFF, 0xC0, 0x00, 0x07, 0xFF, 0xC0, 0x00, 0x07, 0xFF, 0xC0, 0x00, 0x07, 0xFF, 0xC0, 0x00, 0x07,
    0xFF, 0xC0, 0x00, 0x07, 0xFF, 0xC0, 0x00, 0x0F, 0xFF, 0xC0, 0x00, 0x0F, 0xFF, 0xC0, 0x00, 0x0F,
    0xFF, 0x80, 0x00, 0x0F, 0xFF, 0x80, 0x00, 0x0F, 0xFF, 0x80, 0x00, 0x0F, 0xFF, 0x80, 0x00, 0x0F,
    0xFF, 0x80, 0x00, 0x0F, 0xFF, 0x80, 0x00, 0x0F, 0xFF, 0x80, 0x00, 0x0F, 0xFF, 0x80, 0x00, 0x0F,
    0xFF, 0x80, 0x00, 0x0F, 0xFF, 0xC0, 0x00, 0x0F, 0xFF, 0xC0, 0x00, 0x0F, 0xFF, 0xC0, 0x00, 0x07,
    0xFF, 0xC0, 0x00, 0x07, 0xFF, 0xC0, 0x00, 0x07, 0xFF, 0xC0, 0x00, 0x07, 0xFF, 0xC0, 0x00, 0x07,
    0xFF, 0xE0, 0x00, 0x03, 0xFF, 0xE0, 0x00, 0x03, 0xFF, 0xE0, 0x00, 0x03, 0xFF, 0xE0, 0x00, 0x03,
    0xFF, 0xF0, 0x00, 0x01, 0xFF, 0xF0, 0x00, 0x01, 0xFF, 0xF0, 0x00, 0x01, 0xFF, 0xF0, 0x00, 0x00,
    0xFF, 0xF8, 0x00, 0x00, 0xFF, 0xF8, 0x00, 0x00, 0x7F, 0xF8, 0x00, 0x00, 0x7F, 0xFC, 0x00, 0x00,
    0x7F, 0xFC, 0x00, 0x00, 0x3F, 0xFE, 0x00, 0x00, 0x3F, 0xFE, 0x00, 0x00, 0x1F, 0xFE, 0x00, 0x00,
    0x0F, 0xFF, 0x00, 0x00, 0x0F, 0xFF, 0x00, 0x7F, 0xF8, 0x00, 0x00, 0x3F, 0xFC, 0x00, 0x00, 0x3F,
    0xFE, 0x00, 0x00, 0x1F, 0xFE, 0x00, 0x00, 0x1F, 0xFF, 0x00, 0x00, 0x1F, 0xFF, 0x00, 0x00, 0x0F,
    0xFF, 0x00, 0x00, 0x0F, 0xFF, 0x80, 0x00, 0x0F, 0xFF, 0x80, 0x00, 0x07, 0xFF, 0xC0, 0x00, 0x07,
    0xFF, 0xC0, 0x00, 0x07, 0xFF, 0xC0, 0x00, 0x03, 0xFF, 0xC0, 0x00, 0x03, 0xFF, 0xE0, 0x00, 0x03,
    0xFF, 0xE0, 0x00, 0x03, 0xFF, 0xE0, 0x00, 0x01, 0xFF, 0xF0, 0x00, 0x01, 0xFF, 0xF0, 0x00, 0x01,
    0xFF, 0xF0, 0x00, 0x01, 0xFF, 0xF0, 0x00, 0x01, 0xFF, 0xF0, 0x00, 0x01, 0xFF, 0xF8, 0x00, 0x00,
    0xFF, 0xF8, 0x00, 0x00, 0xFF, 0xF8, 0x00, 0x00, 0xFF, 0xF8, 0x00, 0x00, 0xFF, 0xF8, 0x00, 0x00,
    0xFF, 0xF8, 0x00, 0x00, 0xFF, 0xF8, 0x00, 0x00, 0xFF, 0xF8, 0x00, 0x00, 0xFF, 0xF8, 0x00, 0x00,
    0xFF, 0xF8, 0x00, 0x00, 0xFF, 0xF8, 0x00, 0x00, 0xFF, 0xF8, 0x00, 0x00, 0xFF, 0xF8, 0x00, 0x00,
    0xFF, 0xF8, 0x00, 0x00, 0xFF, 0xF8, 0x00, 0x00, 0xFF, 0xF8, 0x00, 0x00, 0xFF, 0xF8, 0x00, 0x00,
    0xFF, 0xF8, 0x00, 0x00, 0xFF, 0xF8, 0x00, 0x00, 0xFF, 0xF8, 0x00, 0x01, 0xFF, 0xF8, 0x00, 0x01,
    0xFF, 0xF0, 0x00, 0x01, 0xFF, 0xF0, 0x00, 0x01, 0xFF, 0xF0, 0x00, 0x01, 0xFF, 0xF0, 0x00, 0x03,
    0xFF, 0xE0, 0x00, 0x03, 0xFF, 0xE0, 0x00, 0x03, 0xFF, 0xE0, 0x00, 0x07, 0xFF, 0xE0, 0x00, 0x07,
    0xFF, 0xC0, 0x00, 0x07, 0xFF, 0xC0, 0x00, 0x0F, 0xFF, 0x80, 0x00, 0x0F, 0xFF, 0x80, 0x00, 0x0F,
    0xFF, 0x80, 0x00, 0x1F, 0xFF, 0x00, 0x00, 0x1F, 0xFF, 0x00, 0x00, 0x1F, 0xFE, 0x00, 0x00, 0x3F,
    0xFE, 0x00, 0x00, 0x3F, 0xFC, 0x00, 0x00, 0x7F, 0xF8, 0x00, 0x00, 0x00, 0x00, 0xFF, 0x00, 0x00,
    0x00, 0x00, 0xFF, 0x00, 0x00, 0x00, 0x00, 0x7F, 0x00, 0x00, 0x00, 0x00, 0x7E, 0x00, 0x00, 0x00,
    0x30, 0x7E, 0x04, 0x00, 0x00, 0x78, 0x7E, 0x1E, 0x00, 0x00, 0x7E, 0x7E, 0x3F, 0x00, 0x00, 0xFF,
    0x7E, 0xFF, 0x00, 0x01, 0xFF, 0xFF, 0xFF, 0x80, 0x01, 0xFF, 0xFF, 0xFF, 0xC0, 0x03, 0xFF, 0xFF,
    0xFF, 0x80, 0x00, 0x7F, 0xFF, 0xFE, 0x00, 0x00, 0x0F, 0xFF, 0xF0, 0x00, 0x00, 0x03, 0xFF, 0xC0,
    0x00, 0x00, 0x0F, 0xFF, 0xF0, 0x00, 0x00, 0x3F, 0xFF, 0xFC, 0x00, 0x00, 0xFF, 0xFF, 0xFF, 0x80,
    0x03, 0xFF, 0xFF, 0xFF, 0xC0, 0x01, 0xFF, 0xFF, 0xFF, 0x80, 0x00, 0xFF, 0x7E, 0xFF, 0x00, 0x00,
    0xFE, 0x7E, 0x3F, 0x00, 0x00, 0x78, 0x7E, 0x1E, 0x00, 0x00, 0x30, 0x7E, 0x0E, 0x00, 0x00, 0x20,
    0x7E, 0x04, 0x00, 0x00, 0x00, 0x7F, 0x00, 0x00, 0x00, 0x00, 0xFF, 0x00, 0x00, 0x00, 0x00, 0xFF,
    0x00, 0x00, 0x00, 0x00, 0x00, 0x00, 0x00, 0x00, 0x00, 0x00, 0x00, 0x00, 0x00, 0x00, 0x00, 0x00,
    0x00, 0x00, 0x00, 0x00, 0x00, 0x00, 0x00, 0x00, 0x00, 0x00, 0x00, 0x00, 0x00, 0x00, 0x00, 0x00,
    0x00, 0x00, 0x00, 0x00, 0x00, 0x00, 0x00, 0x00, 0x00, 0x00, 0x00, 0x00, 0x00, 0x00, 0x00, 0x00,
    0x00, 0x00, 0x00, 0x00, 0x00, 0x00, 0x00, 0x00, 0x00, 0x00, 0x00, 0x00, 0x00, 0x00, 0x00, 0x00,
    0x00, 0x00, 0x00, 0x00, 0x00, 0x00, 0x00, 0x00, 0x00, 0x00, 0x00, 0x00, 0x00, 0x00, 0x00, 0x00,
    0x00, 0x00, 0x00, 0x00, 0x00, 0x00, 0x00, 0x00, 0x00, 0x00, 0x00, 0x00, 0x00, 0x00, 0x00, 0x00,
    0x00, 0x00, 0x00, 0x00, 0x00, 0x00, 0x00, 0x00, 0x00, 0x00, 0x00, 0x00, 0x00, 0x00, 0x00, 0x00,
    0x00, 0x00, 0x3F, 0xF0, 0x00, 0x00, 0x00, 0x00, 0x3F, 0xF0, 0x00, 0x00, 0x00, 0x00, 0x3F, 0xF0,
    0x00, 0x00, 0x00, 0x00, 0x3F, 0xF0, 0x00, 0x00, 0x00, 0x00, 0x3F, 0xF0, 0x00, 0x00, 0x00, 0x00,
    0x3F, 0xF0, 0x00, 0x00, 0x00, 0x00, 0x3F, 0xF0, 0x00, 0x00, 0x00, 0x00, 0x3F, 0xF0, 0x00, 0x00,
    0x00, 0x00, 0x3F, 0xF0, 0x00, 0x00, 0x00, 0x00, 0x3F, 0xF0, 0x00, 0x00, 0x00, 0x00, 0x3F, 0xF0,
    0x00, 0x00, 0x00, 0x00, 0x3F, 0xF0, 0x00, 0x00, 0x03, 0xFF, 0xFF, 0xFF, 0xFF, 0x00, 0x03, 0xFF,
    0xFF, 0xFF, 0xFF, 0x00, 0x03, 0xFF, 0xFF, 0xFF, 0xFF, 0x00, 0x03, 0xFF, 0xFF, 0xFF, 0xFF, 0x00,
    0x03, 0xFF, 0xFF, 0xFF, 0xFF, 0x00, 0x03, 0xFF, 0xFF, 0xFF, 0xFF, 0x00, 0x03, 0xFF, 0xFF, 0xFF,
    0xFF, 0x00, 0x03, 0xFF, 0xFF, 0xFF, 0xFF, 0x00, 0x03, 0xFF, 0xFF, 0xFF, 0xFF, 0x00, 0x03, 0xFF,
    0xFF, 0xFF, 0xFF, 0x00, 0x00, 0x00, 0x3F, 0xF0, 0x00, 0x00, 0x00, 0x00, 0x3F, 0xF0, 0x00, 0x00,
    0x00, 0x00, 0x3F, 0xF0, 0x00, 0x00, 0x00, 0x00, 0x3F, 0xF0, 0x00, 0x00, 0x00, 0x00, 0x3F, 0xF0,
    0x00, 0x00, 0x00, 0x00, 0x3F, 0xF0, 0x00, 0x00, 0x00, 0x00, 0x3F, 0xF0, 0x00, 0x00, 0x00, 0x00,
    0x3F, 0xF0, 0x00, 0x00, 0x00, 0x00, 0x3F, 0xF0, 0x00, 0x00, 0x00, 0x00, 0x3F, 0xF0, 0x00, 0x00,
    0x00, 0x00, 0x3F, 0xF0, 0x00, 0x00, 0x00, 0x00, 0x3F, 0xF0, 0x00, 0x00, 0x00, 0x00, 0x3F, 0xF0,
    0x00, 0x00, 0x00, 0x00, 0x00, 0x00, 0x00, 0x00, 0x00, 0x00, 0x00, 0x00, 0x00, 0x00, 0x03, 0xFF,
    0xE0, 0x00, 0x03, 0xFF, 0xC0, 0x00, 0x03, 0xFF, 0xC0, 0x00, 0x03, 0xFF, 0xC0, 0x00, 0x03, 0xFF,
    0x80, 0x00, 0x03, 0xFF, 0x80, 0x00, 0x03, 0xFF, 0x80, 0x00, 0x07, 0xFF, 0x00, 0x00, 0x07, 0xFF,
    0x00, 0x00, 0x07, 0xFF, 0x00, 0x00, 0x07, 0xFE, 0x00, 0x00, 0x07, 0xFE, 0x00, 0x00, 0x07, 0xFE,
    0x00, 0x00, 0x07, 0xFE, 0x00, 0x00, 0x07, 0xFC, 0x00, 0x00, 0x0F, 0xFC, 0x00, 0x00, 0x0F, 0xFC,
    0x00, 0x00, 0x0F, 0xF8, 0x00, 0x00, 0x0F, 0xF8, 0x00, 0x00, 0x0F, 0xF8, 0x00, 0x00, 0x0F, 0xF0,
    0x00, 0x00, 0x0F, 0xF0, 0x00, 0x00, 0x0F, 0xFF, 0xFF, 0xE0, 0x0F, 0xFF, 0xFF, 0xE0, 0x0F, 0xFF,
    0xFF, 0xE0, 0x0F, 0xFF, 0xFF, 0xE0, 0x0F, 0xFF, 0xFF, 0xE0, 0x0F, 0xFF, 0xFF, 0xE0, 0x0F, 0xFF,
    0xFF, 0xE0, 0x0F, 0xFF, 0xFF, 0xE0, 0x0F, 0xFF, 0xFF, 0xE0, 0x0F, 0xFF, 0xFF, 0xE0, 0x00, 0x00,
    0x00, 0x00, 0x00, 0x00, 0x00, 0x00, 0x00, 0x00, 0x00, 0x00, 0x00, 0x00, 0x00, 0x00, 0x00, 0x00,
    0x00, 0x00, 0x00, 0x00, 0x00, 0x00, 0x00, 0x00, 0x00, 0x00, 0x00, 0x00, 0x00, 0x00, 0x00, 0x00,
    0x00, 0x00, 0x00, 0x00, 0x00, 0x00, 0x00, 0x00, 0x00, 0x00, 0x00, 0x00, 0x00, 0x00, 0x00, 0x00,
    0x00, 0x00, 0x00, 0x00, 0x00, 0x00, 0x00, 0x3E, 0x00, 0x00, 0x00, 0xFF, 0x80, 0x00, 0x01, 0xFF,
    0xC0, 0x00, 0x03, 0xFF, 0xC0, 0x00, 0x03, 0xFF, 0xE0, 0x00, 0x03, 0xFF, 0xE0, 0x00, 0x03, 0xFF,
    0xE0, 0x00, 0x03, 0xFF, 0xE0, 0x00, 0x03, 0xFF, 0xE0, 0x00, 0x03, 0xFF, 0xC0, 0x00, 0x01, 0xFF,
    0xC0, 0x00, 0x00, 0xFF, 0x80, 0x00, 0x00, 0x3E, 0x00, 0x00, 0x00, 0x00, 0xFF, 0xE0, 0x00, 0x00,
    0xFF, 0xE0, 0x00, 0x01, 0xFF, 0xC0, 0x00, 0x01, 0xFF, 0xC0, 0x00, 0x01, 0xFF, 0xC0, 0x00, 0x01,
    0xFF, 0xC0, 0x00, 0x03, 0xFF, 0x80, 0x00, 0x03, 0xFF, 0x80, 0x00, 0x03, 0xFF, 0x80, 0x00, 0x07,
    0xFF, 0x00, 0x00, 0x07, 0xFF, 0x00, 0x00, 0x07, 0xFF, 0x00, 0x00, 0x07, 0xFF, 0x00, 0x00, 0x0F,
    0xFE, 0x00, 0x00, 0x0F, 0xFE, 0x00, 0x00, 0x0F, 0xFE, 0x00, 0x00, 0x0F, 0xFE, 0x00, 0x00, 0x1F,
    0xFC, 0x00, 0x00, 0x1F, 0xFC, 0x00, 0x00, 0x1F, 0xFC, 0x00, 0x00, 0x1F, 0xFC, 0x00, 0x00, 0x3F,
    0xF8, 0x00, 0x00, 0x3F, 0xF8, 0x00, 0x00, 0x3F, 0xF8, 0x00, 0x00, 0x7F, 0xF0, 0x00, 0x00, 0x7F,
    0xF0, 0x00, 0x00, 0x7F, 0xF0, 0x00, 0x00, 0x7F, 0xF0, 0x00, 0x00, 0xFF, 0xE0, 0x00, 0x00, 0xFF,
    0xE0, 0x00, 0x00, 0xFF, 0xE0, 0x00, 0x00, 0xFF, 0xE0, 0x00, 0x01, 0xFF, 0xC0, 0x00, 0x01, 0xFF,
    0xC0, 0x00, 0x01, 0xFF, 0xC0, 0x00, 0x01, 0xFF, 0xC0, 0x00, 0x03, 0xFF, 0x80, 0x00, 0x03, 0xFF,
    0x80, 0x00, 0x03, 0xFF, 0x80, 0x00, 0x03, 0xFF, 0x80, 0x00, 0x07, 0xFF, 0x00, 0x00, 0x07, 0xFF,
    0x00, 0x00, 0x07, 0xFF, 0x00, 0x00, 0x0F, 0xFE, 0x00, 0x00, 0x0F, 0xFE, 0x00, 0x00, 0x0F, 0xFE,
    0x00, 0x00, 0x0F, 0xFE, 0x00, 0x00, 0x1F, 0xFC, 0x00, 0x00, 0x1F, 0xFC, 0x00, 0x00, 0x1F, 0xFC,
    0x00, 0x00, 0x1F, 0xFC, 0x00, 0x00, 0x3F, 0xF8, 0x00, 0x00, 0x3F, 0xF8, 0x00, 0x00, 0x3F, 0xF8,
    0x00, 0x00, 0x3F, 0xF8, 0x00, 0x00, 0x7F, 0xF0, 0x00, 0x00, 0x7F, 0xF0, 0x00, 0x00, 0x7F, 0xF0,
    0x00, 0x00, 0xFF, 0xE0, 0x00, 0x00, 0x00, 0x00, 0x01, 0x00, 0x00, 0x00, 0x00, 0x00, 0xFF, 0xFE,
    0x00, 0x00, 0x00, 0x03, 0xFF, 0xFF, 0x80, 0x00, 0x00, 0x0F, 0xFF, 0xFF, 0xE0, 0x00, 0x00, 0x1F,
    0xFF, 0xFF, 0xF0, 0x00, 0x00, 0x7F, 0xFF, 0xFF, 0xFC, 0x00, 0x00, 0xFF, 0xFF, 0xFF, 0xFE, 0x00,
    0x00, 0xFF, 0xFF, 0xFF, 0xFE, 0x00, 0x01, 0xFF, 0xFF, 0xFF, 0xFF, 0x00, 0x03, 0xFF, 0xFF, 0xFF,
    0xFF, 0x80, 0x03, 0xFF, 0xFF, 0xFF, 0xFF, 0x80, 0x07, 0xFF, 0xFF, 0xFF, 0xFF, 0xC0, 0x07, 0xFF,
    0xF0, 0x1F, 0xFF, 0xC0, 0x0F, 0xFF, 0xE0, 0x0F, 0xFF, 0xE0, 0x0F, 0xFF, 0xC0, 0x07, 0xFF, 0xE0,
    0x0F, 0xFF, 0xC0, 0x07, 0xFF, 0xE0, 0x1F, 0xFF, 0x80, 0x03, 0xFF, 0xF0, 0x1F, 0xFF, 0x80, 0x03,
    0xFF, 0xF0, 0x1F, 0xFF, 0x80, 0x03, 0xFF, 0xF0, 0x1F, 0xFF, 0x00, 0x01, 0xFF, 0xF0, 0x1F, 0xFF,
    0x00, 0x01, 0xFF, 0xF0, 0x3F, 0xFF, 0x00, 0x01, 0xFF, 0xF0, 0x3F, 0xFF, 0x00, 0x01, 0xFF, 0xF8,
    0x3F, 0xFF, 0x00, 0x01, 0xFF, 0xF8, 0x3F, 0xFF, 0x00, 0x01, 0xFF, 0xF8, 0x3F, 0xFF, 0x00, 0x01,
    0xFF, 0xF8, 0x3F, 0xFF, 0x00, 0x01, 0xFF, 0xF8, 0x3F, 0xFF, 0x00, 0x01, 0xFF, 0xF8, 0x3F, 0xFF,
    0x00, 0x01, 0xFF, 0xF8, 0x3F, 0xFF, 0x00, 0x01, 0xFF, 0xF0, 0x1F, 0xFF, 0x00, 0x01, 0xFF, 0xF0,
    0x1F, 0xFF, 0x00, 0x01, 0xFF, 0xF0, 0x1F, 0xFF, 0x00, 0x03, 0xFF, 0xF0, 0x1F, 0xFF, 0x80, 0x03,
    0xFF, 0xF0, 0x1F, 0xFF, 0x80, 0x03, 0xFF, 0xF0, 0x1F, 0xFF, 0xC0, 0x07, 0xFF, 0xE0, 0x0F, 0xFF,
    0xC0, 0x07, 0xFF, 0xE0, 0x0F, 0xFF, 0xE0, 0x0F, 0xFF, 0xE0, 0x07, 0xFF, 0xF0, 0x1F, 0xFF, 0xC0,
    0x07, 0xFF, 0xFF, 0xFF, 0xFF, 0xC0, 0x03, 0xFF, 0xFF, 0xFF, 0xFF, 0x80, 0x03, 0xFF, 0xFF, 0xFF,
    0xFF, 0x80, 0x01, 0xFF, 0xFF, 0xFF, 0xFF, 0x00, 0x00, 0xFF, 0xFF, 0xFF, 0xFE, 0x00, 0x00, 0xFF,
    0xFF, 0xFF, 0xFE, 0x00, 0x00, 0x7F, 0xFF, 0xFF, 0xFC, 0x00, 0x00, 0x1F, 0xFF, 0xFF, 0xF0, 0x00,
    0x00, 0x0F, 0xFF, 0xFF, 0xE0, 0x00, 0x00, 0x03, 0xFF, 0xFF, 0x80, 0x00, 0x00, 0x00, 0xFF, 0xFE,
    0x00, 0x00, 0x00, 0x00, 0x03, 0x00, 0x00, 0x00, 0x00, 0x07, 0xFF, 0xE0, 0x00, 0x0F, 0xFF, 0xE0,
    0x00, 0x3F, 0xFF, 0xE0, 0x00, 0x7F, 0xFF, 0xE0, 0x01, 0xFF, 0xFF, 0xE0, 0x03, 0xFF, 0xFF, 0xE0,
    0x07, 0xFF, 0xFF, 0xE0, 0x1F, 0xFF, 0xFF, 0xE0, 0x1F, 0xFF, 0xFF, 0xE0, 0x1F, 0xFF, 0xFF, 0xE0,
    0x1F, 0xFF, 0xFF, 0xE0, 0x1F, 0xFF, 0xFF, 0xE0, 0x1F, 0xF3, 0xFF, 0xE0, 0x1F, 0xE3, 0xFF, 0xE0,
    0x1F, 0x83, 0xFF, 0xE0, 0x1F, 0x03, 0xFF, 0xE0, 0x1C, 0x03, 0xFF, 0xE0, 0x18, 0x03, 0xFF, 0xE0,
    0x10, 0x03, 0xFF, 0xE0, 0x00, 0x03, 0xFF, 0xE0, 0x00, 0x03, 0xFF, 0xE0, 0x00, 0x03, 0xFF, 0xE0,
    0x00, 0x03, 0xFF, 0xE0, 0x00, 0x03, 0xFF, 0xE0, 0x00, 0x03, 0xFF, 0xE0, 0x00, 0x03, 0xFF, 0xE0,
    0x00, 0x03, 0xFF, 0xE0, 0x00, 0x03, 0xFF, 0xE0, 0x00, 0x03, 0xFF, 0xE0, 0x00, 0x03, 0xFF, 0xE0,
    0x00, 0x03, 0xFF, 0xE0, 0x00, 0x03, 0xFF, 0xE0, 0x00, 0x03, 0xFF, 0xE0, 0x00, 0x03, 0xFF, 0xE0,
    0x00, 0x03, 0xFF, 0xE0, 0x00, 0x03, 0xFF, 0xE0, 0x00, 0x03, 0xFF, 0xE0, 0x00, 0x03, 0xFF, 0xE0,
    0x00, 0x03, 0xFF, 0xE0, 0x00, 0x03, 0xFF, 0xE0, 0x00, 0x03, 0xFF, 0xE0, 0x00, 0x03, 0xFF, 0xE0,
    0x00, 0x03, 0xFF, 0xE0, 0x00, 0x03, 0xFF, 0xE0, 0x00, 0x03, 0xFF, 0xE0, 0x00, 0x03, 0xFF, 0xE0,
    0x00, 0x03, 0xFF, 0xE0, 0x00, 0x03, 0xFF, 0xE0, 0x00, 0x03, 0xFF, 0xE0, 0x00, 0x00, 0x08, 0x00,
    0x00, 0x00, 0x00, 0x07, 0xFF, 0xF0, 0x00, 0x00, 0x00, 0x1F, 0xFF, 0xFE, 0x00, 0x00, 0x00, 0x7F,
    0xFF, 0xFF, 0x80, 0x00, 0x00, 0xFF, 0xFF, 0xFF, 0xC0, 0x00, 0x01, 0xFF, 0xFF, 0xFF, 0xE0, 0x00,
    0x03, 0xFF, 0xFF, 0xFF, 0xF0, 0x00, 0x07, 0xFF, 0xFF, 0xFF, 0xF8, 0x00, 0x0F, 0xFF, 0xFF, 0xFF,
    0xFC, 0x00, 0x0F, 0xFF, 0xFF, 0xFF, 0xFC, 0x00, 0x1F, 0xFF, 0xE3, 0xFF, 0xFE, 0x00, 0x1F, 0xFF,
    0x80, 0x7F, 0xFE, 0x00, 0x1F, 0xFF, 0x00, 0x3F, 0xFE, 0x00, 0x3F, 0xFE, 0x00, 0x3F, 0xFE, 0x00,
    0x3F, 0xFE, 0x00, 0x1F, 0xFE, 0x00, 0x3F, 0xFE, 0x00, 0x1F, 0xFF, 0x00, 0x3F, 0xFE, 0x00, 0x1F,
    0xFE, 0x00, 0x00, 0x00, 0x00, 0x1F, 0xFE, 0x00, 0x00, 0x00, 0x00, 0x3F, 0xFE, 0x00, 0x00, 0x00,
    0x00, 0x3F, 0xFE, 0x00, 0x00, 0x00, 0x00, 0x3F, 0xFE, 0x00, 0x00, 0x00, 0x00, 0x7F, 0xFC, 0x00,
    0x00, 0x00, 0x00, 0xFF, 0xFC, 0x00, 0x00, 0x00, 0x01, 0xFF, 0xF8, 0x00, 0x00, 0x00, 0x03, 0xFF,
    0xF0, 0x00, 0x00, 0x00, 0x07, 0xFF, 0xF0, 0x00, 0x00, 0x00, 0x1F, 0xFF, 0xE0, 0x00, 0x00, 0x00,
    0x3F, 0xFF, 0xC0, 0x00, 0x00, 0x00, 0x7F, 0xFF, 0x80, 0x00, 0x00, 0x00, 0xFF, 0xFF, 0x00, 0x00,
    0x00, 0x01, 0xFF, 0xFE, 0x00, 0x00, 0x00, 0x03, 0xFF, 0xFC, 0x00, 0x00, 0x00, 0x0F, 0xFF, 0xF8,
    0x00, 0x00, 0x00, 0x1F, 0xFF, 0xF0, 0x00, 0x00, 0x00, 0x3F, 0xFF, 0xE0, 0x00, 0x00, 0x00, 0x7F,
    0xFF, 0x80, 0x00, 0x00, 0x00, 0xFF, 0xFF, 0x00, 0x00, 0x00, 0x01, 0xFF, 0xFE, 0x00, 0x00, 0x00,
    0x07, 0xFF, 0xFC, 0x00, 0x00, 0x00, 0x0F, 0xFF, 0xFF, 0xFF, 0xFF, 0x00, 0x1F, 0xFF, 0xFF, 0xFF,
    0xFF, 0x00, 0x1F, 0xFF, 0xFF, 0xFF, 0xFF, 0x00, 0x1F, 0xFF, 0xFF, 0xFF, 0xFF, 0x00, 0x1F, 0xFF,
    0xFF, 0xFF, 0xFF, 0x00, 0x1F, 0xFF, 0xFF, 0xFF, 0xFF, 0x00, 0x1F, 0xFF, 0xFF, 0xFF, 0xFF, 0x00,
    0x1F, 0xFF, 0xFF, 0xFF, 0xFF, 0x00, 0x1F, 0xFF, 0xFF, 0xFF, 0xFF, 0x00, 0x1F, 0xFF, 0xFF, 0xFF,
    0xFF, 0x00, 0x1F, 0xFF, 0xFF, 0xFF, 0xFF, 0x00, 0x00, 0x00, 0x02, 0x00, 0x00, 0x00, 0x00, 0x01,
    0xFF, 0xF8, 0x00, 0x00, 0x00, 0x0F, 0xFF, 0xFF, 0x00, 0x00, 0x00, 0x3F, 0xFF, 0xFF, 0xC0, 0x00,
    0x00, 0x7F, 0xFF, 0xFF, 0xE0, 0x00, 0x00, 0xFF, 0xFF, 0xFF, 0xF0, 0x00, 0x01, 0xFF, 0xFF, 0xFF,
    0xF8, 0x00, 0x03, 0xFF, 0xFF, 0xFF, 0xFC, 0x00, 0x07, 0xFF, 0xFF, 0xFF, 0xFC, 0x00, 0x07, 0xFF,
    0xFF, 0xFF, 0xFE, 0x00, 0x0F, 0xFF, 0xF9, 0xFF, 0xFE, 0x00, 0x0F, 0xFF, 0xC0, 0x3F, 0xFF, 0x00,
    0x0F, 0xFF, 0x80, 0x1F, 0xFF, 0x00, 0x1F, 0xFF, 0x00, 0x1F, 0xFF, 0x00, 0x1F, 0xFF, 0x00, 0x1F,
    0xFF, 0x00, 0x1F, 0xFF, 0x00, 0x0F, 0xFF, 0x00, 0x00, 0x00, 0x00, 0x1F, 0xFF, 0x00, 0x00, 0x00,
    0x00, 0x1F, 0xFF, 0x00, 0x00, 0x00, 0x00, 0x1F, 0xFF, 0x00, 0x00, 0x00, 0x00, 0x3F, 0xFE, 0x00,
    0x00, 0x00, 0x00, 0xFF, 0xFC, 0x00, 0x00, 0x00, 0xFF, 0xFF, 0xFC, 0x00, 0x00, 0x00, 0xFF, 0xFF,
    0xF0, 0x00, 0x00, 0x00, 0xFF, 0xFF, 0xE0, 0x00, 0x00, 0x00, 0xFF, 0xFF, 0x80, 0x00, 0x00, 0x00,
    0xFF, 0xFF, 0x00, 0x00, 0x00, 0x00, 0xFF, 0xFF, 0xE0, 0x00, 0x00, 0x00, 0xFF, 0xFF, 0xF8, 0x00,
    0x00, 0x00, 0xFF, 0xFF, 0xFE, 0x00, 0x00, 0x00, 0xFF, 0xFF, 0xFF, 0x00, 0x00, 0x00, 0x00, 0xFF,
    0xFF, 0x00, 0x00, 0x00, 0x00, 0x3F, 0xFF, 0x80, 0x00, 0x00, 0x00, 0x1F, 0xFF, 0x80, 0x00, 0x00,
    0x00, 0x0F, 0xFF, 0xC0, 0x00, 0x00, 0x00, 0x0F, 0xFF, 0xC0, 0x3F, 0xFF, 0x00, 0x0F, 0xFF, 0xC0,
    0x1F, 0xFF, 0x00, 0x0F, 0xFF, 0xC0, 0x1F, 0xFF, 0x80, 0x1F, 0xFF, 0xC0, 0x1F, 0xFF, 0xC0, 0x3F,
    0xFF, 0xC0, 0x1F, 0xFF, 0xFF, 0xFF, 0xFF, 0x80, 0x0F, 0xFF, 0xFF, 0xFF, 0xFF, 0x80, 0x0F, 0xFF,
    0xFF, 0xFF, 0xFF, 0x80, 0x07, 0xFF, 0xFF, 0xFF, 0xFF, 0x00, 0x07, 0xFF, 0xFF, 0xFF, 0xFE, 0x00,
    0x03, 0xFF, 0xFF, 0xFF, 0xFE, 0x00, 0x01, 0xFF, 0xFF, 0xFF, 0xF8, 0x00, 0x00, 0xFF, 0xFF, 0xFF,
    0xF0, 0x00, 0x00, 0x3F, 0xFF, 0xFF, 0xE0, 0x00, 0x00, 0x0F, 0xFF, 0xFF, 0x80, 0x00, 0x00, 0x03,
    0xFF, 0xFC, 0x00, 0x00, 0x00, 0x00, 0x06, 0x00, 0x00, 0x00, 0x00, 0x00, 0x03, 0xFF, 0xFE, 0x00,
    0x00, 0x00, 0x07, 0xFF, 0xFE, 0x00, 0x00, 0x00, 0x0F, 0xFF, 0xFE, 0x00, 0x00, 0x00, 0x0F, 0xFF,
    0xFE, 0x00, 0x00, 0x00, 0x1F, 0xFF, 0xFE, 0x00, 0x00, 0x00, 0x1F, 0xFF, 0xFE, 0x00, 0x00, 0x00,
    0x3F, 0xFF, 0xFE, 0x00, 0x00, 0x00, 0x7F, 0xFF, 0xFE, 0x00, 0x00, 0x00, 0x7F, 0xFF, 0xFE, 0x00,
    0x00, 0x00, 0xFF, 0xFF, 0xFE, 0x00, 0x00, 0x00, 0xFF, 0xFF, 0xFE, 0x00, 0x00, 0x01, 0xFF, 0xFF,
    0xFE, 0x00, 0x00, 0x03, 0xFF, 0xFF, 0xFE, 0x00, 0x00, 0x03, 0xFF, 0xFF, 0xFE, 0x00, 0x00, 0x07,
    0xFF, 0xFF, 0xFE, 0x00, 0x00, 0x0F, 0xFF, 0xBF, 0xFE, 0x00, 0x00, 0x0F, 0xFF, 0xBF, 0xFE, 0x00,
    0x00, 0x1F, 0xFF, 0x3F, 0xFE, 0x00, 0x00, 0x1F, 0xFE, 0x3F, 0xFE, 0x00, 0x00, 0x3F, 0xFE, 0x3F,
    0xFE, 0x00, 0x00, 0x7F, 0xFC, 0x3F, 0xFE, 0x00, 0x00, 0x7F, 0xF8, 0x3F, 0xFE, 0x00, 0x00, 0xFF,
    0xF8, 0x3F, 0xFE, 0x00, 0x01, 0xFF, 0xF0, 0x3F, 0xFE, 0x00, 0x01, 0xFF, 0xF0, 0x3F, 0xFE, 0x00,
    0x03, 0xFF, 0xE0, 0x3F, 0xFE, 0x00, 0x03, 0xFF, 0xC0, 0x3F, 0xFE, 0x00, 0x07, 0xFF, 0xC0, 0x3F,
    0xFE, 0x00, 0x0F, 0xFF, 0x80, 0x3F, 0xFE, 0x00, 0x0F, 0xFF, 0x80, 0x3F, 0xFE, 0x00, 0x1F, 0xFF,
    0x00, 0x3F, 0xFE, 0x00, 0x1F, 0xFF, 0xFF, 0xFF, 0xFF, 0xF0, 0x1F, 0xFF, 0xFF, 0xFF, 0xFF, 0xF0,
    0x1F, 0xFF, 0xFF, 0xFF, 0xFF, 0xF0, 0x1F, 0xFF, 0xFF, 0xFF, 0xFF, 0xF0, 0x1F, 0xFF, 0xFF, 0xFF,
    0xFF, 0xF0, 0x1F, 0xFF, 0xFF, 0xFF, 0xFF, 0xF0, 0x1F, 0xFF, 0xFF, 0xFF, 0xFF, 0xF0, 0x1F, 0xFF,
    0xFF, 0xFF, 0xFF, 0xF0, 0x1F, 0xFF, 0xFF, 0xFF, 0xFF, 0xF0, 0x1F, 0xFF, 0xFF, 0xFF, 0xFF, 0xF0,
    0x00, 0x00, 0x00, 0x3F, 0xFE, 0x00, 0x00, 0x00, 0x00, 0x3F, 0xFE, 0x00, 0x00, 0x00, 0x00, 0x3F,
    0xFE, 0x00, 0x00, 0x00, 0x00, 0x3F, 0xFE, 0x00, 0x00, 0x00, 0x00, 0x3F, 0xFE, 0x00, 0x00, 0x00,
    0x00, 0x3F, 0xFE, 0x00, 0x00, 0x00, 0x00, 0x3F, 0xFE, 0x00, 0x00, 0x00, 0x00, 0x3F, 0xFE, 0x00,
    0x07, 0xFF, 0xFF, 0xFF, 0xF8, 0x00, 0x07, 0xFF, 0xFF, 0xFF, 0xF8, 0x00, 0x07, 0xFF, 0xFF, 0xFF,
    0xF8, 0x00, 0x07, 0xFF, 0xFF, 0xFF, 0xF8, 0x00, 0x07, 0xFF, 0xFF, 0xFF, 0xF8, 0x00, 0x07, 0xFF,
    0xFF, 0xFF, 0xF8, 0x00, 0x07, 0xFF, 0xFF, 0xFF, 0xF8, 0x00, 0x07, 0xFF, 0xFF, 0xFF, 0xF8, 0x00,
    0x07, 0xFF, 0xFF, 0xFF, 0xF8, 0x00, 0x0F, 0xFF, 0xFF, 0xFF, 0xF8, 0x00, 0x0F, 0xFF, 0xFF, 0xFF,
    0xF8, 0x00, 0x0F, 0xFF, 0x00, 0x00, 0x00, 0x00, 0x0F, 0xFF, 0x00, 0x00, 0x00, 0x00, 0x0F, 0xFF,
    0x00, 0x00, 0x00, 0x00, 0x0F, 0xFF, 0x00, 0x00, 0x00, 0x00, 0x0F, 0xFE, 0x00, 0x00, 0x00, 0x00,
    0x0F, 0xFE, 0x03, 0xFC, 0x00, 0x00, 0x0F, 0xFE, 0x1F, 0xFF, 0x00, 0x00, 0x0F, 0xFE, 0x7F, 0xFF,
    0xC0, 0x00, 0x0F, 0xFE, 0xFF, 0xFF, 0xE0, 0x00, 0x0F, 0xFE, 0xFF, 0xFF, 0xF0, 0x00, 0x0F, 0xFF,
    0xFF, 0xFF, 0xF8, 0x00, 0x0F, 0xFF, 0xFF, 0xFF, 0xFC, 0x00, 0x1F, 0xFF, 0xFF, 0xFF, 0xFC, 0x00,
    0x1F, 0xFF, 0xFF, 0xFF, 0xFE, 0x00, 0x1F, 0xFF, 0xC0, 0xFF, 0xFE, 0x00, 0x1F, 0xFF, 0x80, 0x7F,
    0xFF, 0x00, 0x00, 0xFF, 0x00, 0x3F, 0xFF, 0x00, 0x00, 0x0E, 0x00, 0x1F, 0xFF, 0x00, 0x00, 0x00,
    0x00, 0x1F, 0xFF, 0x00, 0x00, 0x00, 0x00, 0x0F, 0xFF, 0x00, 0x00, 0x00, 0x00, 0x0F, 0xFF, 0x00,
    0x00, 0x00, 0x00, 0x0F, 0xFF, 0x00, 0x00, 0x00, 0x00, 0x0F, 0xFF, 0x00, 0x3F, 0xFE, 0x00, 0x0F,
    0xFF, 0x00, 0x3F, 0xFE, 0x00, 0x1F, 0xFF, 0x00, 0x3F, 0xFE, 0x00, 0x1F, 0xFF, 0x00, 0x3F, 0xFF,
    0x00, 0x3F, 0xFF, 0x00, 0x1F, 0xFF, 0x80, 0x7F, 0xFE, 0x00, 0x1F, 0xFF, 0xF1, 0xFF, 0xFE, 0x00,
    0x0F, 0xFF, 0xFF, 0xFF, 0xFC, 0x00, 0x0F, 0xFF, 0xFF, 0xFF, 0xFC, 0x00, 0x07, 0xFF, 0xFF, 0xFF,
    0xF8, 0x00, 0x03, 0xFF, 0xFF, 0xFF, 0xF0, 0x00, 0x01, 0xFF, 0xFF, 0xFF, 0xE0, 0x00, 0x00, 0xFF,
    0xFF, 0xFF, 0xC0, 0x00, 0x00, 0x7F, 0xFF, 0xFF, 0x80, 0x00, 0x00, 0x1F, 0xFF, 0xFE, 0x00, 0x00,
    0x00, 0x03, 0xFF, 0xF0, 0x00, 0x00, 0x00, 0x00, 0x0C, 0x00, 0x00, 0x00, 0x00, 0x00, 0x01, 0x00,
    0x00, 0x00, 0x00, 0x00, 0x7F, 0xFC, 0x00, 0x00, 0x00, 0x03, 0xFF, 0xFF, 0x00, 0x00, 0x00, 0x0F,
    0xFF, 0xFF, 0xC0, 0x00, 0x00, 0x1F, 0xFF, 0xFF, 0xE0, 0x00, 0x00, 0x3F, 0xFF, 0xFF, 0xF8, 0x00,
    0x00, 0x7F, 0xFF, 0xFF, 0xFC, 0x00, 0x00, 0xFF, 0xFF, 0xFF, 0xFC, 0x00, 0x01, 0xFF, 0xFF, 0xFF,
    0xFE, 0x00, 0x03, 0xFF, 0xFF, 0xFF, 0xFF, 0x00, 0x03, 0xFF, 0xFF, 0xFF, 0xFF, 0x00, 0x07, 0xFF,
    0xFF, 0xFF, 0xFF, 0x80, 0x07, 0xFF, 0xE0, 0x1F, 0xFF, 0x80, 0x0F, 0xFF, 0xC0, 0x0F, 0xFF, 0x80,
    0x0F, 0xFF, 0xC0, 0x0F, 0xFF, 0xC0, 0x0F, 0xFF, 0x80, 0x07, 0xFF, 0xC0, 0x1F, 0xFF, 0x80, 0x00,
    0x00, 0x00, 0x1F, 0xFF, 0x00, 0x00, 0x00, 0x00, 0x1F, 0xFF, 0x00, 0xFF, 0x00, 0x00, 0x1F, 0xFF,
    0x07, 0xFF, 0xC0, 0x00, 0x1F, 0xFF, 0x1F, 0xFF, 0xF0, 0x00, 0x3F, 0xFE, 0x3F, 0xFF, 0xF8, 0x00,
    0x3F, 0xFE, 0x7F, 0xFF, 0xFC, 0x00, 0x3F, 0xFE, 0xFF, 0xFF, 0xFE, 0x00, 0x3F, 0xFE, 0xFF, 0xFF,
    0xFF, 0x00, 0x3F, 0xFF, 0xFF, 0xFF, 0xFF, 0x80, 0x3F, 0xFF, 0xFF, 0xFF, 0xFF, 0x80, 0x3F, 0xFF,
    0xF0, 0x3F, 0xFF, 0x80, 0x3F, 0xFF, 0xE0, 0x1F, 0xFF, 0xC0, 0x3F, 0xFF, 0xC0, 0x0F, 0xFF, 0xC0,
    0x3F, 0xFF, 0x80, 0x07, 0xFF, 0xC0, 0x1F, 0xFF, 0x80, 0x07, 0xFF, 0xC0, 0x1F, 0xFF, 0x00, 0x03,
    0xFF, 0xC0, 0x1F, 0xFF, 0x00, 0x03, 0xFF, 0xC0, 0x1F, 0xFF, 0x00, 0x03, 0xFF, 0xC0, 0x1F, 0xFF,
    0x00, 0x07, 0xFF, 0xC0, 0x0F, 0xFF, 0x80, 0x07, 0xFF, 0xC0, 0x0F, 0xFF, 0x80, 0x07, 0xFF, 0xC0,
    0x0F, 0xFF, 0xC0, 0x0F, 0xFF, 0xC0, 0x07, 0xFF, 0xE0, 0x1F, 0xFF, 0x80, 0x07, 0xFF, 0xFC, 0xFF,
    0xFF, 0x80, 0x03, 0xFF, 0xFF, 0xFF, 0xFF, 0x00, 0x03, 0xFF, 0xFF, 0xFF, 0xFF, 0x00, 0x01, 0xFF,
    0xFF, 0xFF, 0xFE, 0x00, 0x00, 0xFF, 0xFF, 0xFF, 0xFC, 0x00, 0x00, 0x7F, 0xFF, 0xFF, 0xF8, 0x00,
    0x00, 0x3F, 0xFF, 0xFF, 0xF0, 0x00, 0x00, 0x0F, 0xFF, 0xFF, 0xE0, 0x00, 0x00, 0x07, 0xFF, 0xFF,
    0x80, 0x00, 0x00, 0x00, 0xFF, 0xFC, 0x00, 0x00, 0x00, 0x00, 0x03, 0x00, 0x00, 0x00, 0x3F, 0xFF,
    0xFF, 0xFF, 0xF8, 0x3F, 0xFF, 0xFF, 0xFF, 0xF8, 0x3F, 0xFF, 0xFF, 0xFF, 0xF8, 0x3F, 0xFF, 0xFF,
    0xFF, 0xF8, 0x3F, 0xFF, 0xFF, 0xFF, 0xF8, 0x3F, 0xFF, 0xFF, 0xFF, 0xF8, 0x3F, 0xFF, 0xFF, 0xFF,
    0xF8, 0x3F, 0xFF, 0xFF, 0xFF, 0xF8, 0x3F, 0xFF, 0xFF, 0xFF, 0xF8, 0x3F, 0xFF, 0xFF, 0xFF, 0xF8,
    0x3F, 0xFF, 0xFF, 0xFF, 0xF8, 0x00, 0x00, 0x00, 0xFF, 0xF8, 0x00, 0x00, 0x01, 0xFF, 0xF8, 0x00,
    0x00, 0x01, 0xFF, 0xF0, 0x00, 0x00, 0x03, 0xFF, 0xF0, 0x00, 0x00, 0x03, 0xFF, 0xE0, 0x00, 0x00,
    0x07, 0xFF, 0xE0, 0x00, 0x00, 0x07, 0xFF, 0xC0, 0x00, 0x00, 0x0F, 0xFF, 0xC0, 0x00, 0x00, 0x0F,
    0xFF, 0x80, 0x00, 0x00, 0x1F, 0xFF, 0x80, 0x00, 0x00, 0x1F, 0xFF, 0x00, 0x00, 0x00, 0x3F, 0xFF,
    0x00, 0x00, 0x00, 0x3F, 0xFE, 0x00, 0x00, 0x00, 0x7F, 0xFE, 0x00, 0x00, 0x00, 0x7F, 0xFC, 0x00,
    0x00, 0x00, 0xFF, 0xFC, 0x00, 0x00, 0x00, 0xFF, 0xF8, 0x00, 0x00, 0x01, 0xFF, 0xF8, 0x00, 0x00,
    0x01, 0xFF, 0xF0, 0x00, 0x00, 0x03, 0xFF, 0xF0, 0x00, 0x00, 0x03, 0xFF, 0xE0, 0x00, 0x00, 0x07,
    0xFF, 0xE0, 0x00, 0x00, 0x07, 0xFF, 0xC0, 0x00, 0x00, 0x0F, 0xFF, 0xC0, 0x00, 0x00, 0x0F, 0xFF,
    0x80, 0x00, 0x00, 0x1F, 0xFF, 0x80, 0x00, 0x00, 0x1F, 0xFF, 0x00, 0x00, 0x00, 0x3F, 0xFF, 0x00,
    0x00, 0x00, 0x3F, 0xFE, 0x00, 0x00, 0x00, 0x7F, 0xFE, 0x00, 0x00, 0x00, 0x7F, 0xFC, 0x00, 0x00,
    0x00, 0xFF, 0xFC, 0x00, 0x00, 0x00, 0xFF, 0xF8, 0x00, 0x00, 0x01, 0xFF, 0xF8, 0x00, 0x00, 0x01,
    0xFF, 0xF0, 0x00, 0x00, 0x03, 0xFF, 0xF0, 0x00, 0x00, 0x03, 0xFF, 0xE0, 0x00, 0x00, 0x07, 0xFF,
    0xE0, 0x00, 0x00, 0x00, 0x00, 0x02, 0x00, 0x00, 0x00, 0x00, 0x01, 0xFF, 0xFC, 0x00, 0x00, 0x00,
    0x0F, 0xFF, 0xFF, 0x00, 0x00, 0x00, 0x3F, 0xFF, 0xFF, 0xC0, 0x00, 0x00, 0x7F, 0xFF, 0xFF, 0xF0,
    0x00, 0x00, 0xFF, 0xFF, 0xFF, 0xF8, 0x00, 0x01, 0xFF, 0xFF, 0xFF, 0xFC, 0x00, 0x03, 0xFF, 0xFF,
    0xFF, 0xFE, 0x00, 0x07, 0xFF, 0xFF, 0xFF, 0xFE, 0x00, 0x07, 0xFF, 0xFF, 0xFF, 0xFF, 0x00, 0x0F,
    0xFF, 0xF8, 0xFF, 0xFF, 0x00, 0x0F, 0xFF, 0xE0, 0x3F, 0xFF, 0x80, 0x0F, 0xFF, 0xC0, 0x1F, 0xFF,
    0x80, 0x0F, 0xFF, 0x80, 0x0F, 0xFF, 0x80, 0x0F, 0xFF, 0x80, 0x0F, 0xFF, 0x80, 0x0F, 0xFF, 0x80,
    0x0F, 0xFF, 0x80, 0x0F, 0xFF, 0x80, 0x0F, 0xFF, 0x80, 0x07, 0xFF, 0x80, 0x0F, 0xFF, 0x00, 0x07,
    0xFF, 0xC0, 0x1F, 0xFF, 0x00, 0x07, 0xFF, 0xC0, 0x3F, 0xFE, 0x00, 0x03, 0xFF, 0xF0, 0x7F, 0xFE,
    0x00, 0x01, 0xFF, 0xFF, 0xFF, 0xFC, 0x00, 0x00, 0xFF, 0xFF, 0xFF, 0xF8, 0x00, 0x00, 0x7F, 0xFF,
    0xFF, 0xE0, 0x00, 0x00, 0x0F, 0xFF, 0xFF, 0x80, 0x00, 0x00, 0x0F, 0xFF, 0xFF, 0x80, 0x00, 0x00,
    0x7F, 0xFF, 0xFF, 0xF0, 0x00, 0x00, 0xFF, 0xFF, 0xFF, 0xF8, 0x00, 0x03, 0xFF, 0xFF, 0xFF, 0xFE,
    0x00, 0x07, 0xFF, 0xFF, 0xFF, 0xFF, 0x00, 0x0F, 0xFF, 0xF0, 0x7F, 0xFF, 0x00, 0x0F, 0xFF, 0xC0,
    0x1F, 0xFF, 0x80, 0x1F, 0xFF, 0x80, 0x0F, 0xFF, 0xC0, 0x1F, 0xFF, 0x00, 0x0F, 0xFF, 0xC0, 0x3F,
    0xFF, 0x00, 0x07, 0xFF, 0xC0, 0x3F, 0xFF, 0x00, 0x07, 0xFF, 0xC0, 0x3F, 0xFF, 0x00, 0x07, 0xFF,
    0xE0, 0x3F, 0xFF, 0x00, 0x0F, 0xFF, 0xE0, 0x3F, 0xFF, 0x80, 0x0F, 0xFF, 0xC0, 0x1F, 0xFF, 0xC0,
    0x1F, 0xFF, 0xC0, 0x1F, 0xFF, 0xE0, 0x3F, 0xFF, 0xC0, 0x1F, 0xFF, 0xFF, 0xFF, 0xFF, 0x80, 0x0F,
    0xFF, 0xFF, 0xFF, 0xFF, 0x80, 0x07, 0xFF, 0xFF, 0xFF, 0xFF, 0x00, 0x07, 0xFF, 0xFF, 0xFF, 0xFE,
    0x00, 0x01, 0xFF, 0xFF, 0xFF, 0xFC, 0x00, 0x00, 0xFF, 0xFF, 0xFF, 0xF8, 0x00, 0x00, 0x7F, 0xFF,
    0xFF, 0xE0, 0x00, 0x00, 0x1F, 0xFF, 0xFF, 0x80, 0x00, 0x00, 0x03, 0xFF, 0xFC, 0x00, 0x00, 0x00,
    0x00, 0x06, 0x00, 0x00, 0x00, 0x00, 0x00, 0x04, 0x00, 0x00, 0x00, 0x00, 0x01, 0xFF, 0xF0, 0x00,
    0x00, 0x00, 0x0F, 0xFF, 0xFE, 0x00, 0x00, 0x00, 0x3F, 0xFF, 0xFF, 0x80, 0x00, 0x00, 0x7F, 0xFF,
    0xFF, 0xC0, 0x00, 0x00, 0xFF, 0xFF, 0xFF, 0xE0, 0x00, 0x01, 0xFF, 0xFF, 0xFF, 0xF0, 0x00, 0x03,
    0xFF, 0xFF, 0xFF, 0xF8, 0x00, 0x07, 0xFF, 0xFF, 0xFF, 0xFC, 0x00, 0x0F, 0xFF, 0xFF, 0xFF, 0xFE,
    0x00, 0x0F, 0xFF, 0xF1, 0xFF, 0xFE, 0x00, 0x1F, 0xFF, 0xC0, 0x7F, 0xFF, 0x00, 0x1F, 0xFF, 0x80,
    0x3F, 0xFF, 0x00, 0x1F, 0xFF, 0x00, 0x1F, 0xFF, 0x80, 0x1F, 0xFE, 0x00, 0x0F, 0xFF, 0x80, 0x3F,
    0xFE, 0x00, 0x0F, 0xFF, 0x80, 0x3F, 0xFE, 0x00, 0x0F, 0xFF, 0x80, 0x3F, 0xFE, 0x00, 0x0F, 0xFF,
    0xC0, 0x3F, 0xFE, 0x00, 0x0F, 0xFF, 0xC0, 0x3F, 0xFE, 0x00, 0x0F, 0xFF, 0xC0, 0x3F, 0xFE, 0x00,
    0x0F, 0xFF, 0xC0, 0x3F, 0xFF, 0x00, 0x1F, 0xFF, 0xC0, 0x1F, 0xFF, 0x00, 0x1F, 0xFF, 0xC0, 0x1F,
    0xFF, 0x80, 0x3F, 0xFF, 0xC0, 0x1F, 0xFF, 0xE0, 0xFF, 0xFF, 0xC0, 0x0F, 0xFF, 0xFF, 0xFF, 0xFF,
    0xC0, 0x0F, 0xFF, 0xFF, 0xFF, 0xFF, 0xC0, 0x07, 0xFF, 0xFF, 0xFF, 0xFF, 0xC0, 0x07, 0xFF, 0xFF,
    0xF7, 0xFF, 0xC0, 0x03, 0xFF, 0xFF, 0xF7, 0xFF, 0xC0, 0x01, 0xFF, 0xFF, 0xE7, 0xFF, 0xC0, 0x00,
    0xFF, 0xFF, 0x87, 0xFF, 0xC0, 0x00, 0x3F, 0xFF, 0x07, 0xFF, 0xC0, 0x00, 0x07, 0xF8, 0x07, 0xFF,
    0x80, 0x00, 0x00, 0x00, 0x0F, 0xFF, 0x80, 0x00, 0x00, 0x00, 0x0F, 0xFF, 0x80, 0x1F, 0xFF, 0x00,
    0x1F, 0xFF, 0x80, 0x1F, 0xFF, 0x00, 0x1F, 0xFF, 0x00, 0x1F, 0xFF, 0x80, 0x3F, 0xFF, 0x00, 0x0F,
    0xFF, 0xE0, 0xFF, 0xFE, 0x00, 0x0F, 0xFF, 0xFF, 0xFF, 0xFE, 0x00, 0x0F, 0xFF, 0xFF, 0xFF, 0xFC,
    0x00, 0x07, 0xFF, 0xFF, 0xFF, 0xFC, 0x00, 0x03, 0xFF, 0xFF, 0xFF, 0xF8, 0x00, 0x03, 0xFF, 0xFF,
    0xFF, 0xF0, 0x00, 0x01, 0xFF, 0xFF, 0xFF, 0xE0, 0x00, 0x00, 0xFF, 0xFF, 0xFF, 0xC0, 0x00, 0x00,
    0x3F, 0xFF, 0xFF, 0x80, 0x00, 0x00, 0x1F, 0xFF, 0xFE, 0x00, 0x00, 0x00, 0x07, 0xFF, 0xF8, 0x00,
    0x00, 0x00, 0x00, 0x7F, 0xC0, 0x00, 0x00, 0x00, 0x3E, 0x00, 0x00, 0x00, 0xFF, 0x80, 0x00, 0x01,
    0xFF, 0xC0, 0x00, 0x03, 0xFF, 0xC0, 0x00, 0x03, 0xFF, 0xE0, 0x00, 0x03, 0xFF, 0xE0, 0x00, 0x03,
    0xFF, 0xE0, 0x00, 0x03, 0xFF, 0xE0, 0x00, 0x03, 0xFF, 0xE0, 0x00, 0x03, 0xFF, 0xC0, 0x00, 0x01,
    0xFF, 0xC0, 0x00, 0x00, 0xFF, 0x80, 0x00, 0x00, 0x3E, 0x00, 0x00, 0x00, 0x00, 0x00, 0x00, 0x00,
    0x00, 0x00, 0x00, 0x00, 0x00, 0x00, 0x00, 0x00, 0x00, 0x00, 0x00, 0x00, 0x00, 0x00, 0x00, 0x00,
    0x00, 0x00, 0x00, 0x00, 0x00, 0x00, 0x00, 0x00, 0x00, 0x00, 0x00, 0x00, 0x00, 0x00, 0x00, 0x00,
    0x3E, 0x00, 0x00, 0x00, 0xFF, 0x80, 0x00, 0x01, 0xFF, 0xC0, 0x00, 0x03, 0xFF, 0xC0, 0x00, 0x03,
    0xFF, 0xE0, 0x00, 0x03, 0xFF, 0xE0, 0x00, 0x03, 0xFF, 0xE0, 0x00, 0x03, 0xFF, 0xE0, 0x00, 0x03,
    0xFF, 0xE0, 0x00, 0x03, 0xFF, 0xC0, 0x00, 0x01, 0xFF, 0xC0, 0x00, 0x00, 0xFF, 0x80, 0x00, 0x00,
    0x3E, 0x00, 0x00, 0x00, 0x3E, 0x00, 0x00, 0x00, 0xFF, 0x80, 0x00, 0x01, 0xFF, 0xC0, 0x00, 0x01,
    0xFF, 0xE0, 0x00, 0x03, 0xFF, 0xE0, 0x00, 0x03, 0xFF, 0xE0, 0x00, 0x03, 0xFF, 0xE0, 0x00, 0x03,
    0xFF, 0xE0, 0x00, 0x03, 0xFF, 0xE0, 0x00, 0x01, 0xFF, 0xE0, 0x00, 0x01, 0xFF, 0xC0, 0x00, 0x00,
    0xFF, 0x80, 0x00, 0x00, 0x3E, 0x00, 0x00, 0x00, 0x00, 0x00, 0x00, 0x00, 0x00, 0x00, 0x00, 0x00,
    0x00, 0x00, 0x00, 0x00, 0x00, 0x00, 0x00, 0x00, 0x00, 0x00, 0x00, 0x00, 0x00, 0x00, 0x00, 0x00,
    0x00, 0x00, 0x00, 0x00, 0x00, 0x00, 0x00, 0x00, 0x00, 0x00, 0x00, 0x00, 0x00, 0x00, 0x00, 0x00,
    0x00, 0x00, 0x00, 0x00, 0x00, 0x00, 0x00, 0x03, 0xFF, 0xE0, 0x00, 0x03, 0xFF, 0xC0, 0x00, 0x03,
    0xFF, 0xC0, 0x00, 0x03, 0xFF, 0xC0, 0x00, 0x03, 0xFF, 0x80, 0x00, 0x03, 0xFF, 0x80, 0x00, 0x03,
    0xFF, 0x80, 0x00, 0x07, 0xFF, 0x00, 0x00, 0x07, 0xFF, 0x00, 0x00, 0x07, 0xFF, 0x00, 0x00, 0x07,
    0xFE, 0x00, 0x00, 0x07, 0xFE, 0x00, 0x00, 0x07, 0xFE, 0x00, 0x00, 0x07, 0xFE, 0x00, 0x00, 0x07,
    0xFC, 0x00, 0x00, 0x0F, 0xFC, 0x00, 0x00, 0x0F, 0xFC, 0x00, 0x00, 0x0F, 0xF8, 0x00, 0x00, 0x0F,
    0xF8, 0x00, 0x00, 0x0F, 0xF8, 0x00, 0x00, 0x0F, 0xF0, 0x00, 0x00, 0x0F, 0xF0, 0x00, 0x00, 0x00,
    0x00, 0x00, 0x00, 0x03, 0x00, 0x00, 0x00, 0x00, 0x00, 0x0F, 0x00, 0x00, 0x00, 0x00, 0x00, 0x7F,
    0x00, 0x00, 0x00, 0x00, 0x01, 0xFF, 0x00, 0x00, 0x00, 0x00, 0x0F, 0xFF, 0x00, 0x00, 0x00, 0x00,
    0x3F, 0xFF, 0x00, 0x00, 0x00, 0x01, 0xFF, 0xFF, 0x00, 0x00, 0x00, 0x07, 0xFF, 0xFF, 0x00, 0x00,
    0x00, 0x1F, 0xFF, 0xFF, 0x00, 0x00, 0x00, 0xFF, 0xFF, 0xFF, 0x00, 0x00, 0x03, 0xFF, 0xFF, 0xFF,
    0x00, 0x00, 0x1F, 0xFF, 0xFF, 0xFF, 0x00, 0x00, 0x7F, 0xFF, 0xFF, 0xFC, 0x00, 0x03, 0xFF, 0xFF,
    0xFF, 0xE0, 0x00, 0x07, 0xFF, 0xFF, 0xFF, 0x00, 0x00, 0x07, 0xFF, 0xFF, 0xF8, 0x00, 0x00, 0x07,
    0xFF, 0xFF, 0xC0, 0x00, 0x00, 0x07, 0xFF, 0xFE, 0x00, 0x00, 0x00, 0x07, 0xFF, 0xF8, 0x00, 0x00,
    0x00, 0x07, 0xFF, 0xC0, 0x00, 0x00, 0x00, 0x07, 0xFF, 0xF8, 0x00, 0x00, 0x00, 0x07, 0xFF, 0xFE,
    0x00, 0x00, 0x00, 0x07, 0xFF, 0xFF, 0xC0, 0x00, 0x00, 0x07, 0xFF, 0xFF, 0xF8, 0x00, 0x00, 0x07,
    0xFF, 0xFF, 0xFF, 0x00, 0x00, 0x03, 0xFF, 0xFF, 0xFF, 0xE0, 0x00, 0x00, 0x7F, 0xFF, 0xFF, 0xFC,
    0x00, 0x00, 0x1F, 0xFF, 0xFF, 0xFF, 0x00, 0x00, 0x03, 0xFF, 0xFF, 0xFF, 0x00, 0x00, 0x00, 0xFF,
    0xFF, 0xFF, 0x00, 0x00, 0x00, 0x1F, 0xFF, 0xFF, 0x00, 0x00, 0x00, 0x07, 0xFF, 0xFF, 0x00, 0x00,
    0x00, 0x00, 0xFF, 0xFF, 0x00, 0x00, 0x00, 0x00, 0x3F, 0xFF, 0x00, 0x00, 0x00, 0x00, 0x07, 0xFF,
    0x00, 0x00, 0x00, 0x00, 0x01, 0xFF, 0x00, 0x00, 0x00, 0x00, 0x00, 0x3F, 0x00, 0x00, 0x00, 0x00,
    0x00, 0x0F, 0x00, 0x00, 0x00, 0x00, 0x00, 0x01, 0x00, 0x00, 0x00, 0x00, 0x00, 0x00, 0x00, 0x00,
    0x00, 0x00, 0x00, 0x00, 0x00, 0x03, 0xFF, 0xFF, 0xFF, 0xFF, 0x00, 0x03, 0xFF, 0xFF, 0xFF, 0xFF,
    0x00, 0x03, 0xFF, 0xFF, 0xFF, 0xFF, 0x00, 0x03, 0xFF, 0xFF, 0xFF, 0xFF, 0x00, 0x03, 0xFF, 0xFF,
    0xFF, 0xFF, 0x00, 0x03, 0xFF, 0xFF, 0xFF, 0xFF, 0x00, 0x03, 0xFF, 0xFF, 0xFF, 0xFF, 0x00, 0x03,
    0xFF, 0xFF, 0xFF, 0xFF, 0x00, 0x03, 0xFF, 0xFF, 0xFF, 0xFF, 0x00, 0x03, 0xFF, 0xFF, 0xFF, 0xFF,
    0x00, 0x03, 0xFF, 0xFF, 0xFF, 0xFF, 0x00, 0x00, 0x00, 0x00, 0x00, 0x00, 0x00, 0x00, 0x00, 0x00,
    0x00, 0x00, 0x00, 0x00, 0x00, 0x00, 0x00, 0x00, 0x00, 0x00, 0x00, 0x00, 0x00, 0x00, 0x00, 0x00,
    0x00, 0x00, 0x00, 0x00, 0x00, 0x00, 0x00, 0x00, 0x00, 0x00, 0x00, 0x03, 0xFF, 0xFF, 0xFF, 0xFF,
    0x00, 0x03, 0xFF, 0xFF, 0xFF, 0xFF, 0x00, 0x03, 0xFF, 0xFF, 0xFF, 0xFF, 0x00, 0x03, 0xFF, 0xFF,
    0xFF, 0xFF, 0x00, 0x03, 0xFF, 0xFF, 0xFF, 0xFF, 0x00, 0x03, 0xFF, 0xFF, 0xFF, 0xFF, 0x00, 0x03,
    0xFF, 0xFF, 0xFF, 0xFF, 0x00, 0x03, 0xFF, 0xFF, 0xFF, 0xFF, 0x00, 0x03, 0xFF, 0xFF, 0xFF, 0xFF,
    0x00, 0x03, 0xFF, 0xFF, 0xFF, 0xFF, 0x00, 0x03, 0xFF, 0xFF, 0xFF, 0xFF, 0x00, 0x00, 0x00, 0x00,
    0x00, 0x00, 0x00, 0x00, 0x00, 0x00, 0x00, 0x00, 0x00, 0x00, 0x00, 0x00, 0x00, 0x00, 0x00, 0x00,
    0x00, 0x00, 0x00, 0x00, 0x00, 0x00, 0x00, 0x00, 0x00, 0x00, 0x00, 0x00, 0x00, 0x00, 0x00, 0x00,
    0x00, 0x02, 0x00, 0x00, 0x00, 0x00, 0x00, 0x03, 0xC0, 0x00, 0x00, 0x00, 0x00, 0x03, 0xF0, 0x00,
    0x00, 0x00, 0x00, 0x03, 0xFE, 0x00, 0x00, 0x00, 0x00, 0x03, 0xFF, 0x80, 0x00, 0x00, 0x00, 0x03,
    0xFF, 0xF0, 0x00, 0x00, 0x00, 0x03, 0xFF, 0xFC, 0x00, 0x00, 0x00, 0x03, 0xFF, 0xFF, 0x80, 0x00,
    0x00, 0x03, 0xFF, 0xFF, 0xE0, 0x00, 0x00, 0x03, 0xFF, 0xFF, 0xFC, 0x00, 0x00, 0x03, 0xFF, 0xFF,
    0xFF, 0x00, 0x00, 0x03, 0xFF, 0xFF, 0xFF, 0xE0, 0x00, 0x00, 0xFF, 0xFF, 0xFF, 0xF8, 0x00, 0x00,
    0x1F, 0xFF, 0xFF, 0xFF, 0x00, 0x00, 0x03, 0xFF, 0xFF, 0xFF, 0x80, 0x00, 0x00, 0x7F, 0xFF, 0xFF,
    0x80, 0x00, 0x00, 0x1F, 0xFF, 0xFF, 0x80, 0x00, 0x00, 0x03, 0xFF, 0xFF, 0x80, 0x00, 0x00, 0x00,
    0x7F, 0xFF, 0x80, 0x00, 0x00, 0x00, 0x0F, 0xFF, 0x80, 0x00, 0x00, 0x00, 0x7F, 0xFF, 0x80, 0x00,
    0x00, 0x03, 0xFF, 0xFF, 0x80, 0x00, 0x00, 0x0F, 0xFF, 0xFF, 0x80, 0x00, 0x00, 0x7F, 0xFF, 0xFF,
    0x80, 0x00, 0x03, 0xFF, 0xFF, 0xFF, 0x80, 0x00, 0x1F, 0xFF, 0xFF, 0xFF, 0x00, 0x00, 0xFF, 0xFF,
    0xFF, 0xF8, 0x00, 0x03, 0xFF, 0xFF, 0xFF, 0xE0, 0x00, 0x03, 0xFF, 0xFF, 0xFF, 0x00, 0x00, 0x03,
    0xFF, 0xFF, 0xFC, 0x00, 0x00, 0x03, 0xFF, 0xFF, 0xE0, 0x00, 0x00, 0x03, 0xFF, 0xFF, 0x80, 0x00,
    0x00, 0x03, 0xFF, 0xFC, 0x00, 0x00, 0x00, 0x03, 0xFF, 0xF0, 0x00, 0x00, 0x00, 0x03, 0xFF, 0x80,
    0x00, 0x00, 0x00, 0x03, 0xFE, 0x00, 0x00, 0x00, 0x00, 0x03, 0xF0, 0x00, 0x00, 0x00, 0x00, 0x03,
    0xC0, 0x00, 0x00, 0x00, 0x00, 0x02, 0x00, 0x00, 0x00, 0x00, 0x00, 0x00, 0x00, 0x00, 0x00, 0x00,
    0x00, 0x00, 0x00, 0x00, 0x00, 0x00, 0x00, 0x00, 0x00, 0x10, 0x00, 0x00, 0x00, 0x0F, 0xFF, 0xE0,
    0x00, 0x00, 0x3F, 0xFF, 0xF8, 0x00, 0x00, 0xFF, 0xFF, 0xFE, 0x00, 0x01, 0xFF, 0xFF, 0xFF, 0x00,
    0x03, 0xFF, 0xFF, 0xFF, 0xC0, 0x07, 0xFF, 0xFF, 0xFF, 0xC0, 0x0F, 0xFF, 0xFF, 0xFF, 0xE0, 0x0F,
    0xFF, 0xFF, 0xFF, 0xF0, 0x1F, 0xFF, 0xFF, 0xFF, 0xF0, 0x1F, 0xFF, 0xCF, 0xFF, 0xF0, 0x1F, 0xFF,
    0x03, 0xFF, 0xF0, 0x1F, 0xFE, 0x01, 0xFF, 0xF8, 0x3F, 0xFE, 0x01, 0xFF, 0xF8, 0x3F, 0xFC, 0x01,
    0xFF, 0xF8, 0x00, 0x00, 0x01, 0xFF, 0xF8, 0x00, 0x00, 0x01, 0xFF, 0xF0, 0x00, 0x00, 0x03, 0xFF,
    0xF0, 0x00, 0x00, 0x07, 0xFF, 0xF0, 0x00, 0x00, 0x0F, 0xFF, 0xF0, 0x00, 0x00, 0x1F, 0xFF, 0xE0,
    0x00, 0x00, 0x7F, 0xFF, 0xC0, 0x00, 0x00, 0xFF, 0xFF, 0x80, 0x00, 0x01, 0xFF, 0xFF, 0x00, 0x00,
    0x03, 0xFF, 0xFE, 0x00, 0x00, 0x03, 0xFF, 0xFC, 0x00, 0x00, 0x03, 0xFF, 0xF0, 0x00, 0x00, 0x07,
    0xFF, 0xE0, 0x00, 0x00, 0x07, 0xFF, 0xC0, 0x00, 0x00, 0x07, 0xFF, 0x80, 0x00, 0x00, 0x07, 0xFF,
    0x00, 0x00, 0x00, 0x07, 0xFF, 0x00, 0x00, 0x00, 0x07, 0xFF, 0x00, 0x00, 0x00, 0x07, 0xFF, 0x00,
    0x00, 0x00, 0x07, 0xFF, 0x00, 0x00, 0x00, 0x00, 0x00, 0x00, 0x00, 0x00, 0x00, 0x00, 0x00, 0x00,
    0x00, 0x00, 0x00, 0x00, 0x00, 0x00, 0x01, 0xF8, 0x00, 0x00, 0x00, 0x03, 0xFE, 0x00, 0x00, 0x00,
    0x07, 0xFF, 0x00, 0x00, 0x00, 0x0F, 0xFF, 0x80, 0x00, 0x00, 0x0F, 0xFF, 0x80, 0x00, 0x00, 0x1F,
    0xFF, 0x80, 0x00, 0x00, 0x1F, 0xFF, 0x80, 0x00, 0x00, 0x1F, 0xFF, 0x80, 0x00, 0x00, 0x0F, 0xFF,
    0x80, 0x00, 0x00, 0x0F, 0xFF, 0x80, 0x00, 0x00, 0x07, 0xFF, 0x00, 0x00, 0x00, 0x03, 0xFE, 0x00,
    0x00, 0x00, 0x01, 0xF8, 0x00, 0x00, 0x00, 0x00, 0x00, 0x00, 0x20, 0x00, 0x00, 0x00, 0x00, 0x00,
    0x00, 0x00, 0x7F, 0xFF, 0xF0, 0x00, 0x00, 0x00, 0x00, 0x00, 0x03, 0xFF, 0xFF, 0xFF, 0x00, 0x00,
    0x00, 0x00, 0x00, 0x1F, 0xFF, 0xFF, 0xFF, 0xE0, 0x00, 0x00, 0x00, 0x00, 0x7F, 0xFF, 0xFF, 0xFF,
    0xF8, 0x00, 0x00, 0x00, 0x00, 0xFF, 0xFF, 0xFF, 0xFF, 0xFE, 0x00, 0x00, 0x00, 0x03, 0xFF, 0xFF,
    0xFF, 0xFF, 0xFF, 0x00, 0x00, 0x00, 0x07, 0xFF, 0xFF, 0xFF, 0xFF, 0xFF, 0x80, 0x00, 0x00, 0x0F,
    0xFF, 0xFF, 0xFF, 0xFF, 0xFF, 0xE0, 0x00, 0x00, 0x1F, 0xFF, 0xFF, 0xFF, 0xFF, 0xFF, 0xF0, 0x00,
    0x00, 0x3F, 0xFF, 0xFF, 0x81, 0xFF, 0xFF, 0xF8, 0x00, 0x00, 0x7F, 0xFF, 0xE0, 0x00, 0x07, 0xFF,
    0xF8, 0x00, 0x00, 0xFF, 0xFF, 0x00, 0x00, 0x00, 0xFF, 0xFC, 0x00, 0x00, 0xFF, 0xFC, 0x00, 0x00,
    0x00, 0x7F, 0xFE, 0x00, 0x01, 0xFF, 0xF8, 0x00, 0x00, 0x00, 0x1F, 0xFF, 0x00, 0x03, 0xFF, 0xE0,
    0x00, 0x00, 0x00, 0x0F, 0xFF, 0x00, 0x03, 0xFF, 0xC0, 0x07, 0xF8, 0x00, 0x07, 0xFF, 0x80, 0x07,
    0xFF, 0xC0, 0x3F, 0xFE, 0x1F, 0xE3, 0xFF, 0x80, 0x07, 0xFF, 0x80, 0x7F, 0xFF, 0x9F, 0xE3, 0xFF,
    0xC0, 0x07, 0xFF, 0x00, 0xFF, 0xFF, 0xDF, 0xE1, 0xFF, 0xC0, 0x0F, 0xFF, 0x01, 0xFF, 0xFF, 0xDF,
    0xE0, 0xFF, 0xC0, 0x0F, 0xFE, 0x03, 0xFF, 0xFF, 0xFF, 0xE0, 0xFF, 0xE0, 0x0F, 0xFE, 0x07, 0xFF,
    0xFF, 0xFF, 0xE0, 0xFF, 0xE0, 0x1F, 0xFC, 0x07, 0xFF, 0xFF, 0xFF, 0xE0, 0x7F, 0xE0, 0x1F, 0xFC,
    0x0F, 0xFF, 0xFF, 0xFF, 0xE0, 0x7F, 0xE0, 0x1F, 0xFC, 0x0F, 0xFF, 0xFF, 0xFF, 0xE0, 0x7F, 0xE0,
    0x1F, 0xF8, 0x1F, 0xFE, 0x03, 0xFF, 0xE0, 0x7F, 0xE0, 0x1F, 0xF8, 0x1F, 0xFC, 0x00, 0xFF, 0xE0,
    0x7F, 0xE0, 0x3F, 0xF8, 0x1F, 0xF8, 0x00, 0xFF, 0xE0, 0x7F, 0xF0, 0x3F, 0xF8, 0x1F, 0xF0, 0x00,
    0x7F, 0xE0, 0x7F, 0xF0, 0x3F, 0xF8, 0x1F, 0xF0, 0x00, 0x7F, 0xE0, 0x7F, 0xF0, 0x3F, 0xF8, 0x1F,
    0xF0, 0x00, 0x3F, 0xE0, 0x7F, 0xF0, 0x3F, 0xF8, 0x1F, 0xF0, 0x00, 0x3F, 0xE0, 0x7F, 0xF0, 0x3F,
    0xF8, 0x1F, 0xF0, 0x00, 0x3F, 0xE0, 0x7F, 0xE0, 0x3F, 0xF8, 0x1F, 0xF0, 0x00, 0x3F, 0xE0, 0x7F,
    0xE0, 0x3F, 0xF8, 0x1F, 0xF0, 0x00, 0x7F, 0xE0, 0x7F, 0xE0, 0x3F, 0xF8, 0x1F, 0xF0, 0x00, 0x7F,
    0xE0, 0x7F, 0xE0, 0x3F, 0xF8, 0x1F, 0xF0, 0x00, 0x7F, 0xE0, 0x7F, 0xE0, 0x1F, 0xF8, 0x1F, 0xF8,
    0x00, 0xFF, 0xE0, 0xFF, 0xC0, 0x1F, 0xF8, 0x1F, 0xFC, 0x01, 0xFF, 0xE0, 0xFF, 0xC0, 0x1F, 0xFC,
    0x0F, 0xFF, 0x03, 0xFF, 0xE3, 0xFF, 0xC0, 0x1F, 0xFC, 0x0F, 0xFF, 0xFF, 0xFF, 0xFF, 0xFF, 0x80,
    0x1F, 0xFC, 0x07, 0xFF, 0xFF, 0xFF, 0xFF, 0xFF, 0x80, 0x1F, 0xFE, 0x07, 0xFF, 0xFF, 0xFF, 0xFF,
    0xFF, 0x00, 0x0F, 0xFE, 0x03, 0xFF, 0xFF, 0xEF, 0xFF, 0xFE, 0x00, 0x0F, 0xFF, 0x01, 0xFF, 0xFF,
    0xEF, 0xFF, 0xFC, 0x00, 0x0F, 0xFF, 0x00, 0xFF, 0xFF, 0xC7, 0xFF, 0xF8, 0x00, 0x07, 0xFF, 0x80,
    0x3F, 0xFF, 0x03, 0xFF, 0xE0, 0x00, 0x07, 0xFF, 0xC0, 0x07, 0xF8, 0x00, 0xFF, 0x00, 0x00, 0x03,
    0xFF, 0xE0, 0x00, 0x00, 0x00, 0x00, 0x00, 0x00, 0x03, 0xFF, 0xF0, 0x00, 0x00, 0x00, 0x00, 0x00,
    0x00, 0x01, 0xFF, 0xF8, 0x00, 0x00, 0x00, 0x00, 0x00, 0x00, 0x01, 0xFF, 0xFE, 0x00, 0x00, 0x00,
    0x40, 0x00, 0x00, 0x00, 0xFF, 0xFF, 0xC0, 0x00, 0x03, 0xC0, 0x00, 0x00, 0x00, 0x7F, 0xFF, 0xFC,
    0x00, 0x3F, 0xC0, 0x00, 0x00, 0x00, 0x3F, 0xFF, 0xFF, 0xFF, 0xFF, 0xC0, 0x00, 0x00, 0x00, 0x1F,
    0xFF, 0xFF, 0xFF, 0xFF, 0xE0, 0x00, 0x00, 0x00, 0x0F, 0xFF, 0xFF, 0xFF, 0xFF, 0xE0, 0x00, 0x00,
    0x00, 0x07, 0xFF, 0xFF, 0xFF, 0xFF, 0xF0, 0x00, 0x00, 0x00, 0x01, 0xFF, 0xFF, 0xFF, 0xFF, 0xF0,
    0x00, 0x00, 0x00, 0x00, 0xFF, 0xFF, 0xFF, 0xFF, 0xF8, 0x00, 0x00, 0x00, 0x00, 0x3F, 0xFF, 0xFF,
    0xFF, 0xF0, 0x00, 0x00, 0x00, 0x00, 0x07, 0xFF, 0xFF, 0xFF, 0x80, 0x00, 0x00, 0x00, 0x00, 0x00,
    0xFF, 0xFF, 0xFC, 0x00, 0x00, 0x00, 0x00, 0x00, 0x00, 0x07, 0xFF, 0x80, 0x00, 0x00, 0x00, 0x00,
    0x00, 0x7F, 0xFF, 0xE0, 0x00, 0x00, 0x00, 0x00, 0x7F, 0xFF, 0xE0, 0x00, 0x00, 0x00, 0x00, 0xFF,
    0xFF, 0xF0, 0x00, 0x00, 0x00, 0x00, 0xFF, 0xFF, 0xF0, 0x00, 0x00, 0x00, 0x00, 0xFF, 0xFF, 0xF0,
    0x00, 0x00, 0x00, 0x01, 0xFF, 0xFF, 0xF8, 0x00, 0x00, 0x00, 0x01, 0xFF, 0xFF, 0xF8, 0x00, 0x00,
    0x00, 0x01, 0xFF, 0xFF, 0xF8, 0x00, 0x00, 0x00, 0x03, 0xFF, 0xFF, 0xFC, 0x00, 0x00, 0x00, 0x03,
    0xFF, 0xFF, 0xFC, 0x00, 0x00, 0x00, 0x03, 0xFF, 0xFF, 0xFC, 0x00, 0x00, 0x00, 0x07, 0xFF, 0xFF,
    0xFE, 0x00, 0x00, 0x00, 0x07, 0xFF, 0xFF, 0xFE, 0x00, 0x00, 0x00, 0x07, 0xFF, 0xBF, 0xFE, 0x00,
    0x00, 0x00, 0x0F, 0xFF, 0x9F, 0xFF, 0x00, 0x00, 0x00, 0x0F, 0xFF, 0x9F, 0xFF, 0x00, 0x00, 0x00,
    0x0F, 0xFF, 0x9F, 0xFF, 0x00, 0x00, 0x00, 0x1F, 0xFF, 0x1F, 0xFF, 0x80, 0x00, 0x00, 0x1F, 0xFF,
    0x1F, 0xFF, 0x80, 0x00, 0x00, 0x1F, 0xFF, 0x0F, 0xFF, 0x80, 0x00, 0x00, 0x1F, 0xFF, 0x0F, 0xFF,
    0xC0, 0x00, 0x00, 0x3F, 0xFF, 0x0F, 0xFF, 0xC0, 0x00, 0x00, 0x3F, 0xFE, 0x0F, 0xFF, 0xC0, 0x00,
    0x00, 0x3F, 0xFE, 0x07, 0xFF, 0xE0, 0x00, 0x00, 0x7F, 0xFE, 0x07, 0xFF, 0xE0, 0x00, 0x00, 0x7F,
    0xFE, 0x07, 0xFF, 0xE0, 0x00, 0x00, 0x7F, 0xFC, 0x03, 0xFF, 0xF0, 0x00, 0x00, 0xFF, 0xFC, 0x03,
    0xFF, 0xF0, 0x00, 0x00, 0xFF, 0xFC, 0x03, 0xFF, 0xF0, 0x00, 0x00, 0xFF, 0xFC, 0x03, 0xFF, 0xF8,
    0x00, 0x01, 0xFF, 0xFF, 0xFF, 0xFF, 0xF8, 0x00, 0x01, 0xFF, 0xFF, 0xFF, 0xFF, 0xF8, 0x00, 0x01,
    0xFF, 0xFF, 0xFF, 0xFF, 0xFC, 0x00, 0x03, 0xFF, 0xFF, 0xFF, 0xFF, 0xFC, 0x00, 0x03, 0xFF, 0xFF,
    0xFF, 0xFF, 0xFC, 0x00, 0x03, 0xFF, 0xFF, 0xFF, 0xFF, 0xFE, 0x00, 0x07, 0xFF, 0xFF, 0xFF, 0xFF,
    0xFE, 0x00, 0x07, 0xFF, 0xFF, 0xFF, 0xFF, 0xFE, 0x00, 0x07, 0xFF, 0xFF, 0xFF, 0xFF, 0xFF, 0x00,
    0x0F, 0xFF, 0xFF, 0xFF, 0xFF, 0xFF, 0x00, 0x0F, 0xFF, 0xC0, 0x00, 0x3F, 0xFF, 0x00, 0x0F, 0xFF,
    0xC0, 0x00, 0x3F, 0xFF, 0x80, 0x0F, 0xFF, 0xC0, 0x00, 0x3F, 0xFF, 0x80, 0x1F, 0xFF, 0xC0, 0x00,
    0x1F, 0xFF, 0x80, 0x1F, 0xFF, 0x80, 0x00, 0x1F, 0xFF, 0xC0, 0x1F, 0xFF, 0x80, 0x00, 0x1F, 0xFF,
    0xC0, 0x3F, 0xFF, 0x80, 0x00, 0x1F, 0xFF, 0xC0, 0x3F, 0xFF, 0x00, 0x00, 0x0F, 0xFF, 0xC0, 0x7F,
    0xFF, 0x00, 0x00, 0x0F, 0xFF, 0xE0, 0x1F, 0xFF, 0xFF, 0xFC, 0x00, 0x00, 0x1F, 0xFF, 0xFF, 0xFF,
    0x80, 0x00, 0x1F, 0xFF, 0xFF, 0xFF, 0xE0, 0x00, 0x1F, 0xFF, 0xFF, 0xFF, 0xF8, 0x00, 0x1F, 0xFF,
    0xFF, 0xFF, 0xFC, 0x00, 0x1F, 0xFF, 0xFF, 0xFF, 0xFE, 0x00, 0x1F, 0xFF, 0xFF, 0xFF, 0xFE, 0x00,
    0x1F, 0xFF, 0xFF, 0xFF, 0xFF, 0x00, 0x1F, 0xFF, 0xFF, 0xFF, 0xFF, 0x00, 0x1F, 0xFF, 0xFF, 0xFF,
    0xFF, 0x00, 0x1F, 0xFF, 0x00, 0x7F, 0xFF, 0x80, 0x1F, 0xFF, 0x00, 0x3F, 0xFF, 0x80, 0x1F, 0xFF,
    0x00, 0x1F, 0xFF, 0x80, 0x1F, 0xFF, 0x00, 0x1F, 0xFF, 0x80, 0x1F, 0xFF, 0x00, 0x1F, 0xFF, 0x00,
    0x1F, 0xFF, 0x00, 0x1F, 0xFF, 0x00, 0x1F, 0xFF, 0x00, 0x1F, 0xFF, 0x00, 0x1F, 0xFF, 0x00, 0x1F,
    0xFE, 0x00, 0x1F, 0xFF, 0x00, 0x3F, 0xFE, 0x00, 0x1F, 0xFF, 0x00, 0xFF, 0xFC, 0x00, 0x1F, 0xFF,
    0xFF, 0xFF, 0xF8, 0x00, 0x1F, 0xFF, 0xFF, 0xFF, 0xF0, 0x00, 0x1F, 0xFF, 0xFF, 0xFF, 0xC0, 0x00,
    0x1F, 0xFF, 0xFF, 0xFE, 0x00, 0x00, 0x1F, 0xFF, 0xFF, 0xFF, 0xF0, 0x00, 0x1F, 0xFF, 0xFF, 0xFF,
    0xFC, 0x00, 0x1F, 0xFF, 0xFF, 0xFF, 0xFE, 0x00, 0x1F, 0xFF, 0xFF, 0xFF, 0xFF, 0x00, 0x1F, 0xFF,
    0x00, 0x7F, 0xFF, 0x80, 0x1F, 0xFF, 0x00, 0x1F, 0xFF, 0x80, 0x1F, 0xFF, 0x00, 0x0F, 0xFF, 0xC0,
    0x1F, 0xFF, 0x00, 0x07, 0xFF, 0xC0, 0x1F, 0xFF, 0x00, 0x07, 0xFF, 0xC0, 0x1F, 0xFF, 0x00, 0x07,
    0xFF, 0xC0, 0x1F, 0xFF, 0x00, 0x07, 0xFF, 0xE0, 0x1F, 0xFF, 0x00, 0x0F, 0xFF, 0xE0, 0x1F, 0xFF,
    0x00, 0x1F, 0xFF, 0xC0, 0x1F, 0xFF, 0x00, 0x3F, 0xFF, 0xC0, 0x1F, 0xFF, 0xFF, 0xFF, 0xFF, 0xC0,
    0x1F, 0xFF, 0xFF, 0xFF, 0xFF, 0xC0, 0x1F, 0xFF, 0xFF, 0xFF, 0xFF, 0x80, 0x1F, 0xFF, 0xFF, 0xFF,
    0xFF, 0x80, 0x1F, 0xFF, 0xFF, 0xFF, 0xFF, 0x00, 0x1F, 0xFF, 0xFF, 0xFF, 0xFF, 0x00, 0x1F, 0xFF,
    0xFF, 0xFF, 0xFE, 0x00, 0x1F, 0xFF, 0xFF, 0xFF, 0xFC, 0x00, 0x1F, 0xFF, 0xFF, 0xFF, 0xF0, 0x00,
    0x1F, 0xFF, 0xFF, 0xFF, 0xC0, 0x00, 0x1F, 0xFF, 0xFF, 0xFE, 0x00, 0x00, 0x00, 0x00, 0x00, 0x40,
    0x00, 0x00, 0x00, 0x00, 0x00, 0x3F, 0xFF, 0x80, 0x00, 0x00, 0x00, 0x01, 0xFF, 0xFF, 0xF0, 0x00,
    0x00, 0x00, 0x07, 0xFF, 0xFF, 0xFC, 0x00, 0x00, 0x00, 0x0F, 0xFF, 0xFF, 0xFE, 0x00, 0x00, 0x00,
    0x1F, 0xFF, 0xFF, 0xFF, 0x80, 0x00, 0x00, 0x7F, 0xFF, 0xFF, 0xFF, 0xC0, 0x00, 0x00, 0xFF, 0xFF,
    0xFF, 0xFF, 0xE0, 0x00, 0x00, 0xFF, 0xFF, 0xFF, 0xFF, 0xE0, 0x00, 0x01, 0xFF, 0xFF, 0xFF, 0xFF,
    0xF0, 0x00, 0x03, 0xFF, 0xFF, 0xFF, 0xFF, 0xF8, 0x00, 0x03, 0xFF, 0xFF, 0xFF, 0xFF, 0xF8, 0x00,
    0x07, 0xFF, 0xF8, 0x03, 0xFF, 0xFC, 0x00, 0x0F, 0xFF, 0xF0, 0x00, 0xFF, 0xFC, 0x00, 0x0F, 0xFF,
    0xE0, 0x00, 0xFF, 0xFC, 0x00, 0x0F, 0xFF, 0xC0, 0x00, 0x7F, 0xFE, 0x00, 0x1F, 0xFF, 0x80, 0x00,
    0x7F, 0xFE, 0x00, 0x1F, 0xFF, 0x80, 0x00, 0x3F, 0xFE, 0x00, 0x1F, 0xFF, 0x80, 0x00, 0x3F, 0xFE,
    0x00, 0x1F, 0xFF, 0x00, 0x00, 0x00, 0x00, 0x00, 0x1F, 0xFF, 0x00, 0x00, 0x00, 0x00, 0x00, 0x3F,
    0xFF, 0x00, 0x00, 0x00, 0x00, 0x00, 0x3F, 0xFF, 0x00, 0x00, 0x00, 0x00, 0x00, 0x3F, 0xFF, 0x00,
    0x00, 0x00, 0x00, 0x00, 0x3F, 0xFF, 0x00, 0x00, 0x00, 0x00, 0x00, 0x3F, 0xFF, 0x00, 0x00, 0x00,
    0x00, 0x00, 0x3F, 0xFF, 0x00, 0x00, 0x00, 0x00, 0x00, 0x3F, 0xFF, 0x00, 0x00, 0x00, 0x00, 0x00,
    0x3F, 0xFF, 0x00, 0x00, 0x00, 0x00, 0x00, 0x3F, 0xFF, 0x00, 0x00, 0x00, 0x00, 0x00, 0x1F, 0xFF,
    0x00, 0x00, 0x00, 0x00, 0x00, 0x1F, 0xFF, 0x00, 0x00, 0x00, 0x00, 0x00, 0x1F, 0xFF, 0x80, 0x00,
    0x3F, 0xFE, 0x00, 0x1F, 0xFF, 0x80, 0x00, 0x3F, 0xFE, 0x00, 0x1F, 0xFF, 0x80, 0x00, 0x7F, 0xFE,
    0x00, 0x0F, 0xFF, 0xC0, 0x00, 0x7F, 0xFE, 0x00, 0x0F, 0xFF, 0xE0, 0x00, 0xFF, 0xFC, 0x00, 0x0F,
    0xFF, 0xF0, 0x01, 0xFF, 0xFC, 0x00, 0x07, 0xFF, 0xF8, 0x03, 0xFF, 0xFC, 0x00, 0x07, 0xFF, 0xFF,
    0xFF, 0xFF, 0xF8, 0x00, 0x03, 0xFF, 0xFF, 0xFF, 0xFF, 0xF8, 0x00, 0x01, 0xFF, 0xFF, 0xFF, 0xFF,
    0xF0, 0x00, 0x01, 0xFF, 0xFF, 0xFF, 0xFF, 0xE0, 0x00, 0x00, 0xFF, 0xFF, 0xFF, 0xFF, 0xC0, 0x00,
    0x00, 0x7F, 0xFF, 0xFF, 0xFF, 0x80, 0x00, 0x00, 0x3F, 0xFF, 0xFF, 0xFF, 0x00, 0x00, 0x00, 0x0F,
    0xFF, 0xFF, 0xFE, 0x00, 0x00, 0x00, 0x07, 0xFF, 0xFF, 0xF8, 0x00, 0x00, 0x00, 0x01, 0xFF, 0xFF,
    0xE0, 0x00, 0x00, 0x00, 0x00, 0x3F, 0xFF, 0x80, 0x00, 0x00, 0x00, 0x00, 0x00, 0xC0, 0x00, 0x00,
    0x00, 0x1F, 0xFF, 0xFF, 0xE0, 0x00, 0x00, 0x1F, 0xFF, 0xFF, 0xFE, 0x00, 0x00, 0x1F, 0xFF, 0xFF,
    0xFF, 0x80, 0x00, 0x1F, 0xFF, 0xFF, 0xFF, 0xE0, 0x00, 0x1F, 0xFF, 0xFF, 0xFF, 0xF8, 0x00, 0x1F,
    0xFF, 0xFF, 0xFF, 0xFC, 0x00, 0x1F, 0xFF, 0xFF, 0xFF, 0xFE, 0x00, 0x1F, 0xFF, 0xFF, 0xFF, 0xFF,
    0x00, 0x1F, 0xFF, 0xFF, 0xFF, 0xFF, 0x80, 0x1F, 0xFF, 0xFF, 0xFF, 0xFF, 0x80, 0x1F, 0xFF, 0xFF,
    0xFF, 0xFF, 0xC0, 0x1F, 0xFF, 0x00, 0x7F, 0xFF, 0xE0, 0x1F, 0xFF, 0x00, 0x0F, 0xFF, 0xE0, 0x1F,
    0xFF, 0x00, 0x07, 0xFF, 0xE0, 0x1F, 0xFF, 0x00, 0x03, 0xFF, 0xF0, 0x1F, 0xFF, 0x00, 0x01, 0xFF,
    0xF0, 0x1F, 0xFF, 0x00, 0x01, 0xFF, 0xF0, 0x1F, 0xFF, 0x00, 0x01, 0xFF, 0xF8, 0x1F, 0xFF, 0x00,
    0x00, 0xFF, 0xF8, 0x1F, 0xFF, 0x00, 0x00, 0xFF, 0xF8, 0x1F, 0xFF, 0x00, 0x00, 0xFF, 0xF8, 0x1F,
    0xFF, 0x00, 0x00, 0xFF, 0xF8, 0x1F, 0xFF, 0x00, 0x00, 0xFF, 0xF8, 0x1F, 0xFF, 0x00, 0x00, 0xFF,
    0xF8, 0x1F, 0xFF, 0x00, 0x00, 0xFF, 0xF8, 0x1F, 0xFF, 0x00, 0x00, 0xFF, 0xF8, 0x1F, 0xFF, 0x00,
    0x00, 0xFF, 0xF8, 0x1F, 0xFF, 0x00, 0x00, 0xFF, 0xF8, 0x1F, 0xFF, 0x00, 0x00, 0xFF, 0xF8, 0x1F,
    0xFF, 0x00, 0x00, 0xFF, 0xF8, 0x1F, 0xFF, 0x00, 0x00, 0xFF, 0xF8, 0x1F, 0xFF, 0x00, 0x01, 0xFF,
    0xF8, 0x1F, 0xFF, 0x00, 0x01, 0xFF, 0xF0, 0x1F, 0xFF, 0x00, 0x01, 0xFF, 0xF0, 0x1F, 0xFF, 0x00,
    0x03, 0xFF, 0xF0, 0x1F, 0xFF, 0x00, 0x07, 0xFF, 0xE0, 0x1F, 0xFF, 0x00, 0x0F, 0xFF, 0xE0, 0x1F,
    0xFF, 0x00, 0x7F, 0xFF, 0xE0, 0x1F, 0xFF, 0xFF, 0xFF, 0xFF, 0xC0, 0x1F, 0xFF, 0xFF, 0xFF, 0xFF,
    0x80, 0x1F, 0xFF, 0xFF, 0xFF, 0xFF, 0x80, 0x1F, 0xFF, 0xFF, 0xFF, 0xFF, 0x00, 0x1F, 0xFF, 0xFF,
    0xFF, 0xFE, 0x00, 0x1F, 0xFF, 0xFF, 0xFF, 0xFC, 0x00, 0x1F, 0xFF, 0xFF, 0xFF, 0xF8, 0x00, 0x1F,
    0xFF, 0xFF, 0xFF, 0xE0, 0x00, 0x1F, 0xFF, 0xFF, 0xFF, 0xC0, 0x00, 0x1F, 0xFF, 0xFF, 0xFE, 0x00,
    0x00, 0x1F, 0xFF, 0xFF, 0xE0, 0x00, 0x00, 0x1F, 0xFF, 0xFF, 0xFF, 0xFC, 0x1F, 0xFF, 0xFF, 0xFF,
    0xFC, 0x1F, 0xFF, 0xFF, 0xFF, 0xFC, 0x1F, 0xFF, 0xFF, 0xFF, 0xFC, 0x1F, 0xFF, 0xFF, 0xFF, 0xFC,
    0x1F, 0xFF, 0xFF, 0xFF, 0xFC, 0x1F, 0xFF, 0xFF, 0xFF, 0xFC, 0x1F, 0xFF, 0xFF, 0xFF, 0xFC, 0x1F,
    0xFF, 0xFF, 0xFF, 0xFC, 0x1F, 0xFF, 0xFF, 0xFF, 0xFC, 0x1F, 0xFF, 0xFF, 0xFF, 0xFC, 0x1F, 0xFF,
    0x00, 0x00, 0x00, 0x1F, 0xFF, 0x00, 0x00, 0x00, 0x1F, 0xFF, 0x00, 0x00, 0x00, 0x1F, 0xFF, 0x00,
    0x00, 0x00, 0x1F, 0xFF, 0x00, 0x00, 0x00, 0x1F, 0xFF, 0x00, 0x00, 0x00, 0x1F, 0xFF, 0x00, 0x00,
    0x00, 0x1F, 0xFF, 0x00, 0x00, 0x00, 0x1F, 0xFF, 0xFF, 0xFF, 0xF0, 0x1F, 0xFF, 0xFF, 0xFF, 0xF0,
    0x1F, 0xFF, 0xFF, 0xFF, 0xF0, 0x1F, 0xFF, 0xFF, 0xFF, 0xF0, 0x1F, 0xFF, 0xFF, 0xFF, 0xF0, 0x1F,
    0xFF, 0xFF, 0xFF, 0xF0, 0x1F, 0xFF, 0xFF, 0xFF, 0xF0, 0x1F, 0xFF, 0xFF, 0xFF, 0xF0, 0x1F, 0xFF,
    0xFF, 0xFF, 0xF0, 0x1F, 0xFF, 0xFF, 0xFF, 0xF0, 0x1F, 0xFF, 0x00, 0x00, 0x00, 0x1F, 0xFF, 0x00,
    0x00, 0x00, 0x1F, 0xFF, 0x00, 0x00, 0x00, 0x1F, 0xFF, 0x00, 0x00, 0x00, 0x1F, 0xFF, 0x00, 0x00,
    0x00, 0x1F, 0xFF, 0x00, 0x00, 0x00, 0x1F, 0xFF, 0x00, 0x00, 0x00, 0x1F, 0xFF, 0x00, 0x00, 0x00,
    0x1F, 0xFF, 0x00, 0x00, 0x00, 0x1F, 0xFF, 0xFF, 0xFF, 0xFC, 0x1F, 0xFF, 0xFF, 0xFF, 0xFC, 0x1F,
    0xFF, 0xFF, 0xFF, 0xFC, 0x1F, 0xFF, 0xFF, 0xFF, 0xFC, 0x1F, 0xFF, 0xFF, 0xFF, 0xFC, 0x1F, 0xFF,
    0xFF, 0xFF, 0xFC, 0x1F, 0xFF, 0xFF, 0xFF, 0xFC, 0x1F, 0xFF, 0xFF, 0xFF, 0xFC, 0x1F, 0xFF, 0xFF,
    0xFF, 0xFC, 0x1F, 0xFF, 0xFF, 0xFF, 0xFC, 0x1F, 0xFF, 0xFF, 0xFF, 0xFC, 0x1F, 0xFF, 0xFF, 0xFF,
    0xF8, 0x1F, 0xFF, 0xFF, 0xFF, 0xF8, 0x1F, 0xFF, 0xFF, 0xFF, 0xF8, 0x1F, 0xFF, 0xFF, 0xFF, 0xF8,
    0x1F, 0xFF, 0xFF, 0xFF, 0xF8, 0x1F, 0xFF, 0xFF, 0xFF, 0xF8, 0x1F, 0xFF, 0xFF, 0xFF, 0xF8, 0x1F,
    0xFF, 0xFF, 0xFF, 0xF8, 0x1F, 0xFF, 0xFF, 0xFF, 0xF8, 0x1F, 0xFF, 0xFF, 0xFF, 0xF8, 0x1F, 0xFF,
    0xFF, 0xFF, 0xF8, 0x1F, 0xFF, 0x00, 0x00, 0x00, 0x1F, 0xFF, 0x00, 0x00, 0x00, 0x1F, 0xFF, 0x00,
    0x00, 0x00, 0x1F, 0xFF, 0x00, 0x00, 0x00, 0x1F, 0xFF, 0x00, 0x00, 0x00, 0x1F, 0xFF, 0x00, 0x00,
    0x00, 0x1F, 0xFF, 0x00, 0x00, 0x00, 0x1F, 0xFF, 0x00, 0x00, 0x00, 0x1F, 0xFF, 0x00, 0x00, 0x00,
    0x1F, 0xFF, 0x00, 0x00, 0x00, 0x1F, 0xFF, 0x00, 0x00, 0x00, 0x1F, 0xFF, 0xFF, 0xFF, 0xE0, 0x1F,
    0xFF, 0xFF, 0xFF, 0xE0, 0x1F, 0xFF, 0xFF, 0xFF, 0xE0, 0x1F, 0xFF, 0xFF, 0xFF, 0xE0, 0x1F, 0xFF,
    0xFF, 0xFF, 0xE0, 0x1F, 0xFF, 0xFF, 0xFF, 0xE0, 0x1F, 0xFF, 0xFF, 0xFF, 0xE0, 0x1F, 0xFF, 0xFF,
    0xFF, 0xE0, 0x1F, 0xFF, 0xFF, 0xFF, 0xE0, 0x1F, 0xFF, 0xFF, 0xFF, 0xE0, 0x1F, 0xFF, 0x00, 0x00,
    0x00, 0x1F, 0xFF, 0x00, 0x00, 0x00, 0x1F, 0xFF, 0x00, 0x00, 0x00, 0x1F, 0xFF, 0x00, 0x00, 0x00,
    0x1F, 0xFF, 0x00, 0x00, 0x00, 0x1F, 0xFF, 0x00, 0x00, 0x00, 0x1F, 0xFF, 0x00, 0x00, 0x00, 0x1F,
    0xFF, 0x00, 0x00, 0x00, 0x1F, 0xFF, 0x00, 0x00, 0x00, 0x1F, 0xFF, 0x00, 0x00, 0x00, 0x1F, 0xFF,
    0x00, 0x00, 0x00, 0x1F, 0xFF, 0x00, 0x00, 0x00, 0x1F, 0xFF, 0x00, 0x00, 0x00, 0x1F, 0xFF, 0x00,
    0x00, 0x00, 0x1F, 0xFF, 0x00, 0x00, 0x00, 0x1F, 0xFF, 0x00, 0x00, 0x00, 0x1F, 0xFF, 0x00, 0x00,
    0x00, 0x00, 0x00, 0x00, 0x40, 0x00, 0x00, 0x00, 0x00, 0x00, 0x1F, 0xFF, 0x80, 0x00, 0x00, 0x00,
    0x00, 0xFF, 0xFF, 0xF0, 0x00, 0x00, 0x00, 0x03, 0xFF, 0xFF, 0xFC, 0x00, 0x00, 0x00, 0x0F, 0xFF,
    0xFF, 0xFE, 0x00, 0x00, 0x00, 0x1F, 0xFF, 0xFF, 0xFF, 0x80, 0x00, 0x00, 0x3F, 0xFF, 0xFF, 0xFF,
    0xC0, 0x00, 0x00, 0x7F, 0xFF, 0xFF, 0xFF, 0xE0, 0x00, 0x00, 0xFF, 0xFF, 0xFF, 0xFF, 0xF0, 0x00,
    0x01, 0xFF, 0xFF, 0xFF, 0xFF, 0xF0, 0x00, 0x03, 0xFF, 0xFF, 0xFF, 0xFF, 0xF8, 0x00, 0x03, 0xFF,
    0xFF, 0xFF, 0xFF, 0xF8, 0x00, 0x07, 0xFF, 0xF8, 0x03, 0xFF, 0xFC, 0x00, 0x07, 0xFF, 0xF0, 0x00,
    0xFF, 0xFC, 0x00, 0x0F, 0xFF, 0xE0, 0x00, 0x7F, 0xFC, 0x00, 0x0F, 0xFF, 0xC0, 0x00, 0x7F, 0xFE,
    0x00, 0x1F, 0xFF, 0xC0, 0x00, 0x3F, 0xFE, 0x00, 0x1F, 0xFF, 0x80, 0x00, 0x00, 0x00, 0x00, 0x1F,
    0xFF, 0x80, 0x00, 0x00, 0x00, 0x00, 0x1F, 0xFF, 0x00, 0x00, 0x00, 0x00, 0x00, 0x1F, 0xFF, 0x00,
    0x00, 0x00, 0x00, 0x00, 0x3F, 0xFF, 0x00, 0x00, 0x00, 0x00, 0x00, 0x3F, 0xFF, 0x00, 0x3F, 0xFF,
    0xFE, 0x00, 0x3F, 0xFF, 0x00, 0x3F, 0xFF, 0xFE, 0x00, 0x3F, 0xFF, 0x00, 0x3F, 0xFF, 0xFE, 0x00,
    0x3F, 0xFF, 0x00, 0x3F, 0xFF, 0xFE, 0x00, 0x3F, 0xFF, 0x00, 0x3F, 0xFF, 0xFE, 0x00, 0x3F, 0xFF,
    0x00, 0x3F, 0xFF, 0xFE, 0x00, 0x3F, 0xFF, 0x00, 0x3F, 0xFF, 0xFE, 0x00, 0x3F, 0xFF, 0x00, 0x3F,
    0xFF, 0xFE, 0x00, 0x1F, 0xFF, 0x00, 0x3F, 0xFF, 0xFE, 0x00, 0x1F, 0xFF, 0x00, 0x3F, 0xFF, 0xFE,
    0x00, 0x1F, 0xFF, 0x80, 0x00, 0x1F, 0xFE, 0x00, 0x1F, 0xFF, 0x80, 0x00, 0x1F, 0xFE, 0x00, 0x1F,
    0xFF, 0x80, 0x00, 0x3F, 0xFE, 0x00, 0x0F, 0xFF, 0xC0, 0x00, 0x3F, 0xFE, 0x00, 0x0F, 0xFF, 0xE0,
    0x00, 0x7F, 0xFC, 0x00, 0x07, 0xFF, 0xF0, 0x00, 0xFF, 0xFC, 0x00, 0x07, 0xFF, 0xF8, 0x01, 0xFF,
    0xFC, 0x00, 0x03, 0xFF, 0xFF, 0xFF, 0xFF, 0xF8, 0x00, 0x03, 0xFF, 0xFF, 0xFF, 0xFF, 0xF8, 0x00,
    0x01, 0xFF, 0xFF, 0xFF, 0xFF, 0xF0, 0x00, 0x00, 0xFF, 0xFF, 0xFF, 0xFF, 0xE0, 0x00, 0x00, 0xFF,
    0xFF, 0xFF, 0xFF, 0xE0, 0x00, 0x00, 0x7F, 0xFF, 0xFF, 0xFF, 0xC0, 0x00, 0x00, 0x1F, 0xFF, 0xFF,
    0xFF, 0x80, 0x00, 0x00, 0x0F, 0xFF, 0xFF, 0xFE, 0x00, 0x00, 0x00, 0x07, 0xFF, 0xFF, 0xFC, 0x00,
    0x00, 0x00, 0x01, 0xFF, 0xFF, 0xF0, 0x00, 0x00, 0x00, 0x00, 0x3F, 0xFF, 0x80, 0x00, 0x00, 0x00,
    0x00, 0x00, 0x60, 0x00, 0x00, 0x00, 0x1F, 0xFF, 0x00, 0x00, 0x7F, 0xFC, 0x00, 0x1F, 0xFF, 0x00,
    0x00, 0x7F, 0xFC, 0x00, 0x1F, 0xFF, 0x00, 0x00, 0x7F, 0xFC, 0x00, 0x1F, 0xFF, 0x00, 0x00, 0x7F,
    0xFC, 0x00, 0x1F, 0xFF, 0x00, 0x00, 0x7F, 0xFC, 0x00, 0x1F, 0xFF, 0x00, 0x00, 0x7F, 0xFC, 0x00,
    0x1F, 0xFF, 0x00, 0x00, 0x7F, 0xFC, 0x00, 0x1F, 0xFF, 0x00, 0x00, 0x7F, 0xFC, 0x00, 0x1F, 0xFF,
    0x00, 0x00, 0x7F, 0xFC, 0x00, 0x1F, 0xFF, 0x00, 0x00, 0x7F, 0xFC, 0x00, 0x1F, 0xFF, 0x00, 0x00,
    0x7F, 0xFC, 0x00, 0x1F, 0xFF, 0x00, 0x00, 0x7F, 0xFC, 0x00, 0x1F, 0xFF, 0x00, 0x00, 0x7F, 0xFC,
    0x00, 0x1F, 0xFF, 0x00, 0x00, 0x7F, 0xFC, 0x00, 0x1F, 0xFF, 0x00, 0x00, 0x7F, 0xFC, 0x00, 0x1F,
    0xFF, 0x00, 0x00, 0x7F, 0xFC, 0x00, 0x1F, 0xFF, 0x00, 0x00, 0x7F, 0xFC, 0x00, 0x1F, 0xFF, 0x00,
    0x00, 0x7F, 0xFC, 0x00, 0x1F, 0xFF, 0x00, 0x00, 0x7F, 0xFC, 0x00, 0x1F, 0xFF, 0xFF, 0xFF, 0xFF,
    0xFC, 0x00, 0x1F, 0xFF, 0xFF, 0xFF, 0xFF, 0xFC, 0x00, 0x1F, 0xFF, 0xFF, 0xFF, 0xFF, 0xFC, 0x00,
    0x1F, 0xFF, 0xFF, 0xFF, 0xFF, 0xFC, 0x00, 0x1F, 0xFF, 0xFF, 0xFF, 0xFF, 0xFC, 0x00, 0x1F, 0xFF,
    0xFF, 0xFF, 0xFF, 0xFC, 0x00, 0x1F, 0xFF, 0xFF, 0xFF, 0xFF, 0xFC, 0x00, 0x1F, 0xFF, 0xFF, 0xFF,
    0xFF, 0xFC, 0x00, 0x1F, 0xFF, 0xFF, 0xFF, 0xFF, 0xFC, 0x00, 0x1F, 0xFF, 0xFF, 0xFF, 0xFF, 0xFC,
    0x00, 0x1F, 0xFF, 0xFF, 0xFF, 0xFF, 0xFC, 0x00, 0x1F, 0xFF, 0x00, 0x00, 0x7F, 0xFC, 0x00, 0x1F,
    0xFF, 0x00, 0x00, 0x7F, 0xFC, 0x00, 0x1F, 0xFF, 0x00, 0x00, 0x7F, 0xFC, 0x00, 0x1F, 0xFF, 0x00,
    0x00, 0x7F, 0xFC, 0x00, 0x1F, 0xFF, 0x00, 0x00, 0x7F, 0xFC, 0x00, 0x1F, 0xFF, 0x00, 0x00, 0x7F,
    0xFC, 0x00, 0x1F, 0xFF, 0x00, 0x00, 0x7F, 0xFC, 0x00, 0x1F, 0xFF, 0x00, 0x00, 0x7F, 0xFC, 0x00,
    0x1F, 0xFF, 0x00, 0x00, 0x7F, 0xFC, 0x00, 0x1F, 0xFF, 0x00, 0x00, 0x7F, 0xFC, 0x00, 0x1F, 0xFF,
    0x00, 0x00, 0x7F, 0xFC, 0x00, 0x1F, 0xFF, 0x00, 0x00, 0x7F, 0xFC, 0x00, 0x1F, 0xFF, 0x00, 0x00,
    0x7F, 0xFC, 0x00, 0x1F, 0xFF, 0x00, 0x00, 0x7F, 0xFC, 0x00, 0x1F, 0xFF, 0x00, 0x00, 0x7F, 0xFC,
    0x00, 0x1F, 0xFF, 0x00, 0x00, 0x7F, 0xFC, 0x00, 0x1F, 0xFF, 0x00, 0x00, 0x7F, 0xFC, 0x00, 0x1F,
    0xFF, 0x00, 0x00, 0x7F, 0xFC, 0x00, 0x1F, 0xFF, 0x00, 0x00, 0x7F, 0xFC, 0x00, 0x1F, 0xFF, 0x00,
    0x1F, 0xFF, 0x00, 0x1F, 0xFF, 0x00, 0x1F, 0xFF, 0x00, 0x1F, 0xFF, 0x00, 0x1F, 0xFF, 0x00, 0x1F,
    0xFF, 0x00, 0x1F, 0xFF, 0x00, 0x1F, 0xFF, 0x00, 0x1F, 0xFF, 0x00, 0x1F, 0xFF, 0x00, 0x1F, 0xFF,
    0x00, 0x1F, 0xFF, 0x00, 0x1F, 0xFF, 0x00, 0x1F, 0xFF, 0x00, 0x1F, 0xFF, 0x00, 0x1F, 0xFF, 0x00,
    0x1F, 0xFF, 0x00, 0x1F, 0xFF, 0x00, 0x1F, 0xFF, 0x00, 0x1F, 0xFF, 0x00, 0x1F, 0xFF, 0x00, 0x1F,
    0xFF, 0x00, 0x1F, 0xFF, 0x00, 0x1F, 0xFF, 0x00, 0x1F, 0xFF, 0x00, 0x1F, 0xFF, 0x00, 0x1F, 0xFF,
    0x00, 0x1F, 0xFF, 0x00, 0x1F, 0xFF, 0x00, 0x1F, 0xFF, 0x00, 0x1F, 0xFF, 0x00, 0x1F, 0xFF, 0x00,
    0x1F, 0xFF, 0x00, 0x1F, 0xFF, 0x00, 0x1F, 0xFF, 0x00, 0x1F, 0xFF, 0x00, 0x1F, 0xFF, 0x00, 0x1F,
    0xFF, 0x00, 0x1F, 0xFF, 0x00, 0x1F, 0xFF, 0x00, 0x1F, 0xFF, 0x00, 0x1F, 0xFF, 0x00, 0x1F, 0xFF,
    0x00, 0x1F, 0xFF, 0x00, 0x1F, 0xFF, 0x00, 0x1F, 0xFF, 0x00, 0x1F, 0xFF, 0x00, 0x1F, 0xFF, 0x00,
    0x00, 0x00, 0x01, 0xFF, 0xF0, 0x00, 0x00, 0x01, 0xFF, 0xF0, 0x00, 0x00, 0x01, 0xFF, 0xF0, 0x00,
    0x00, 0x01, 0xFF, 0xF0, 0x00, 0x00, 0x01, 0xFF, 0xF0, 0x00, 0x00, 0x01, 0xFF, 0xF0, 0x00, 0x00,
    0x01, 0xFF, 0xF0, 0x00, 0x00, 0x01, 0xFF, 0xF0, 0x00, 0x00, 0x01, 0xFF, 0xF0, 0x00, 0x00, 0x01,
    0xFF, 0xF0, 0x00, 0x00, 0x01, 0xFF, 0xF0, 0x00, 0x00, 0x01, 0xFF, 0xF0, 0x00, 0x00, 0x01, 0xFF,
    0xF0, 0x00, 0x00, 0x01, 0xFF, 0xF0, 0x00, 0x00, 0x01, 0xFF, 0xF0, 0x00, 0x00, 0x01, 0xFF, 0xF0,
    0x00, 0x00, 0x01, 0xFF, 0xF0, 0x00, 0x00, 0x01, 0xFF, 0xF0, 0x00, 0x00, 0x01, 0xFF, 0xF0, 0x00,
    0x00, 0x01, 0xFF, 0xF0, 0x00, 0x00, 0x01, 0xFF, 0xF0, 0x00, 0x00, 0x01, 0xFF, 0xF0, 0x00, 0x00,
    0x01, 0xFF, 0xF0, 0x00, 0x00, 0x01, 0xFF, 0xF0, 0x00, 0x00, 0x01, 0xFF, 0xF0, 0x00, 0x00, 0x01,
    0xFF, 0xF0, 0x00, 0x00, 0x01, 0xFF, 0xF0, 0x00, 0x00, 0x01, 0xFF, 0xF0, 0x00, 0x00, 0x01, 0xFF,
    0xF0, 0x00, 0x00, 0x01, 0xFF, 0xF0, 0x00, 0x00, 0x01, 0xFF, 0xF0, 0x7F, 0xFC, 0x01, 0xFF, 0xF0,
    0x7F, 0xFC, 0x01, 0xFF, 0xF0, 0x7F, 0xFC, 0x01, 0xFF, 0xF0, 0x7F, 0xFC, 0x01, 0xFF, 0xF0, 0x7F,
    0xFC, 0x01, 0xFF, 0xF0, 0x7F, 0xFE, 0x01, 0xFF, 0xF0, 0x3F, 0xFE, 0x01, 0xFF, 0xF0, 0x3F, 0xFF,
    0x03, 0xFF, 0xF0, 0x3F, 0xFF, 0xCF, 0xFF, 0xE0, 0x3F, 0xFF, 0xFF, 0xFF, 0xE0, 0x1F, 0xFF, 0xFF,
    0xFF, 0xE0, 0x1F, 0xFF, 0xFF, 0xFF, 0xC0, 0x0F, 0xFF, 0xFF, 0xFF, 0x80, 0x07, 0xFF, 0xFF, 0xFF,
    0x80, 0x03, 0xFF, 0xFF, 0xFF, 0x00, 0x01, 0xFF, 0xFF, 0xFC, 0x00, 0x00, 0x7F, 0xFF, 0xF8, 0x00,
    0x00, 0x1F, 0xFF, 0xC0, 0x00, 0x00, 0x00, 0x30, 0x00, 0x00, 0x1F, 0xFF, 0x00, 0x00, 0xFF, 0xFF,
    0x00, 0x1F, 0xFF, 0x00, 0x01, 0xFF, 0xFE, 0x00, 0x1F, 0xFF, 0x00, 0x03, 0xFF, 0xFC, 0x00, 0x1F,
    0xFF, 0x00, 0x03, 0xFF, 0xF8, 0x00, 0x1F, 0xFF, 0x00, 0x07, 0xFF, 0xF0, 0x00, 0x1F, 0xFF, 0x00,
    0x0F, 0xFF, 0xE0, 0x00, 0x1F, 0xFF, 0x00, 0x1F, 0xFF, 0xE0, 0x00, 0x1F, 0xFF, 0x00, 0x1F, 0xFF,
    0xC0, 0x00, 0x1F, 0xFF, 0x00, 0x3F, 0xFF, 0x80, 0x00, 0x1F, 0xFF, 0x00, 0x7F, 0xFF, 0x00, 0x00,
    0x1F, 0xFF, 0x00, 0xFF, 0xFE, 0x00, 0x00, 0x1F, 0xFF, 0x00, 0xFF, 0xFE, 0x00, 0x00, 0x1F, 0xFF,
    0x01, 0xFF, 0xFC, 0x00, 0x00, 0x1F, 0xFF, 0x03, 0xFF, 0xF8, 0x00, 0x00, 0x1F, 0xFF, 0x07, 0xFF,
    0xF0, 0x00, 0x00, 0x1F, 0xFF, 0x07, 0xFF, 0xF0, 0x00, 0x00, 0x1F, 0xFF, 0x0F, 0xFF, 0xE0, 0x00,
    0x00, 0x1F, 0xFF, 0x1F, 0xFF, 0xC0, 0x00, 0x00, 0x1F, 0xFF, 0x1F, 0xFF, 0x80, 0x00, 0x00, 0x1F,
    0xFF, 0x3F, 0xFF, 0x00, 0x00, 0x00, 0x1F, 0xFF, 0x7F, 0xFF, 0x00, 0x00, 0x00, 0x1F, 0xFF, 0x7F,
    0xFE, 0x00, 0x00, 0x00, 0x1F, 0xFF, 0xFF, 0xFF, 0x00, 0x00, 0x00, 0x1F, 0xFF, 0xFF, 0xFF, 0x00,
    0x00, 0x00, 0x1F, 0xFF, 0xFF, 0xFF, 0x80, 0x00, 0x00, 0x1F, 0xFF, 0xFF, 0xFF, 0xC0, 0x00, 0x00,
    0x1F, 0xFF, 0xFF, 0xFF, 0xC0, 0x00, 0x00, 0x1F, 0xFF, 0xFF, 0xFF, 0xE0, 0x00, 0x00, 0x1F, 0xFF,
    0xFF, 0xFF, 0xF0, 0x00, 0x00, 0x1F, 0xFF, 0xFF, 0xFF, 0xF0, 0x00, 0x00, 0x1F, 0xFF, 0xFF, 0xFF,
    0xF8, 0x00, 0x00, 0x1F, 0xFF, 0xF9, 0xFF, 0xF8, 0x00, 0x00, 0x1F, 0xFF, 0xF0, 0xFF, 0xFC, 0x00,
    0x00, 0x1F, 0xFF, 0xE0, 0xFF, 0xFE, 0x00, 0x00, 0x1F, 0xFF, 0xC0, 0x7F, 0xFE, 0x00, 0x00, 0x1F,
    0xFF, 0x80, 0x7F, 0xFF, 0x00, 0x00, 0x1F, 0xFF, 0x00, 0x3F, 0xFF, 0x80, 0x00, 0x1F, 0xFF, 0x00,
    0x3F, 0xFF, 0x80, 0x00, 0x1F, 0xFF, 0x00, 0x1F, 0xFF, 0xC0, 0x00, 0x1F, 0xFF, 0x00, 0x0F, 0xFF,
    0xE0, 0x00, 0x1F, 0xFF, 0x00, 0x0F, 0xFF, 0xE0, 0x00, 0x1F, 0xFF, 0x00, 0x07, 0xFF, 0xF0, 0x00,
    0x1F, 0xFF, 0x00, 0x07, 0xFF, 0xF0, 0x00, 0x1F, 0xFF, 0x00, 0x03, 0xFF, 0xF8, 0x00, 0x1F, 0xFF,
    0x00, 0x01, 0xFF, 0xFC, 0x00, 0x1F, 0xFF, 0x00, 0x01, 0xFF, 0xFC, 0x00, 0x1F, 0xFF, 0x00, 0x00,
    0xFF, 0xFE, 0x00, 0x1F, 0xFF, 0x00, 0x00, 0xFF, 0xFF, 0x00, 0x1F, 0xFF, 0x00, 0x00, 0x7F, 0xFF,
    0x80, 0x1F, 0xFF, 0x00, 0x00, 0x00, 0x1F, 0xFF, 0x00, 0x00, 0x00, 0x1F, 0xFF, 0x00, 0x00, 0x00,
    0x1F, 0xFF, 0x00, 0x00, 0x00, 0x1F, 0xFF, 0x00, 0x00, 0x00, 0x1F, 0xFF, 0x00, 0x00, 0x00, 0x1F,
    0xFF, 0x00, 0x00, 0x00, 0x1F, 0xFF, 0x00, 0x00, 0x00, 0x1F, 0xFF, 0x00, 0x00, 0x00, 0x1F, 0xFF,
    0x00, 0x00, 0x00, 0x1F, 0xFF, 0x00, 0x00, 0x00, 0x1F, 0xFF, 0x00, 0x00, 0x00, 0x1F, 0xFF, 0x00,
    0x00, 0x00, 0x1F, 0xFF, 0x00, 0x00, 0x00, 0x1F, 0xFF, 0x00, 0x00, 0x00, 0x1F, 0xFF, 0x00, 0x00,
    0x00, 0x1F, 0xFF, 0x00, 0x00, 0x00, 0x1F, 0xFF, 0x00, 0x00, 0x00, 0x1F, 0xFF, 0x00, 0x00, 0x00,
    0x1F, 0xFF, 0x00, 0x00, 0x00, 0x1F, 0xFF, 0x00, 0x00, 0x00, 0x1F, 0xFF, 0x00, 0x00, 0x00, 0x1F,
    0xFF, 0x00, 0x00, 0x00, 0x1F, 0xFF, 0x00, 0x00, 0x00, 0x1F, 0xFF, 0x00, 0x00, 0x00, 0x1F, 0xFF,
    0x00, 0x00, 0x00, 0x1F, 0xFF, 0x00, 0x00, 0x00, 0x1F, 0xFF, 0x00, 0x00, 0x00, 0x1F, 0xFF, 0x00,
    0x00, 0x00, 0x1F, 0xFF, 0x00, 0x00, 0x00, 0x1F, 0xFF, 0x00, 0x00, 0x00, 0x1F, 0xFF, 0x00, 0x00,
    0x00, 0x1F, 0xFF, 0x00, 0x00, 0x00, 0x1F, 0xFF, 0x00, 0x00, 0x00, 0x1F, 0xFF, 0x00, 0x00, 0x00,
    0x1F, 0xFF, 0x00, 0x00, 0x00, 0x1F, 0xFF, 0x00, 0x00, 0x00, 0x1F, 0xFF, 0x00, 0x00, 0x00, 0x1F,
    0xFF, 0xFF, 0xFF, 0xF0, 0x1F, 0xFF, 0xFF, 0xFF, 0xF0, 0x1F, 0xFF, 0xFF, 0xFF, 0xF0, 0x1F, 0xFF,
    0xFF, 0xFF, 0xF0, 0x1F, 0xFF, 0xFF, 0xFF, 0xF0, 0x1F, 0xFF, 0xFF, 0xFF, 0xF0, 0x1F, 0xFF, 0xFF,
    0xFF, 0xF0, 0x1F, 0xFF, 0xFF, 0xFF, 0xF0, 0x1F, 0xFF, 0xFF, 0xFF, 0xF0, 0x1F, 0xFF, 0xFF, 0xFF,
    0xF0, 0x1F, 0xFF, 0xFF, 0xFF, 0xF0, 0x1F, 0xFF, 0xFF, 0x00, 0x01, 0xFF, 0xFF, 0xF0, 0x1F, 0xFF,
    0xFF, 0x00, 0x01, 0xFF, 0xFF, 0xF0, 0x1F, 0xFF, 0xFF, 0x00, 0x01, 0xFF, 0xFF, 0xF0, 0x1F, 0xFF,
    0xFF, 0x80, 0x03, 0xFF, 0xFF, 0xF0, 0x1F, 0xFF, 0xFF, 0x80, 0x03, 0xFF, 0xFF, 0xF0, 0x1F, 0xFF,
    0xFF, 0x80, 0x03, 0xFF, 0xFF, 0xF0, 0x1F, 0xFF, 0xFF, 0x80, 0x03, 0xFF, 0xFF, 0xF0, 0x1F, 0xFF,
    0xFF, 0xC0, 0x07, 0xFF, 0xFF, 0xF0, 0x1F, 0xFF, 0xFF, 0xC0, 0x07, 0xFF, 0xFF, 0xF0, 0x1F, 0xFF,
    0xFF, 0xC0, 0x07, 0xFF, 0xFF, 0xF0, 0x1F, 0xFF, 0xFF, 0xE0, 0x0F, 0xFF, 0xFF, 0xF0, 0x1F, 0xFF,
    0xFF, 0xE0, 0x0F, 0xFF, 0xFF, 0xF0, 0x1F, 0xFF, 0xFF, 0xE0, 0x0F, 0xFF, 0xFF, 0xF0, 0x1F, 0xFF,
    0xFF, 0xE0, 0x0F, 0xFF, 0xFF, 0xF0, 0x1F, 0xFF, 0xFF, 0xF0, 0x1F, 0xFF, 0xFF, 0xF0, 0x1F, 0xFF,
    0x7F, 0xF0, 0x1F, 0xFD, 0xFF, 0xF0, 0x1F, 0xFF, 0x7F, 0xF0, 0x1F, 0xFD, 0xFF, 0xF0, 0x1F, 0xFF,
    0x7F, 0xF8, 0x1F, 0xFD, 0xFF, 0xF0, 0x1F, 0xFF, 0x7F, 0xF8, 0x3F, 0xFD, 0xFF, 0xF0, 0x1F, 0xFF,
    0x3F, 0xF8, 0x3F, 0xF9, 0xFF, 0xF0, 0x1F, 0xFF, 0x3F, 0xF8, 0x3F, 0xF9, 0xFF, 0xF0, 0x1F, 0xFF,
    0x3F, 0xF8, 0x3F, 0xF9, 0xFF, 0xF0, 0x1F, 0xFF, 0x3F, 0xFC, 0x3F, 0xF9, 0xFF, 0xF0, 0x1F, 0xFF,
    0x1F, 0xFC, 0x7F, 0xF1, 0xFF, 0xF0, 0x1F, 0xFF, 0x1F, 0xFC, 0x7F, 0xF1, 0xFF, 0xF0, 0x1F, 0xFF,
    0x1F, 0xFC, 0x7F, 0xF1, 0xFF, 0xF0, 0x1F, 0xFF, 0x1F, 0xFC, 0x7F, 0xF1, 0xFF, 0xF0, 0x1F, 0xFF,
    0x0F, 0xFE, 0x7F, 0xE1, 0xFF, 0xF0, 0x1F, 0xFF, 0x0F, 0xFE, 0xFF, 0xE1, 0xFF, 0xF0, 0x1F, 0xFF,
    0x0F, 0xFE, 0xFF, 0xE1, 0xFF, 0xF0, 0x1F, 0xFF, 0x07, 0xFE, 0xFF, 0xC1, 0xFF, 0xF0, 0x1F, 0xFF,
    0x07, 0xFE, 0xFF, 0xC1, 0xFF, 0xF0, 0x1F, 0xFF, 0x07, 0xFE, 0xFF, 0xC1, 0xFF, 0xF0, 0x1F, 0xFF,
    0x07, 0xFF, 0xFF, 0xC1, 0xFF, 0xF0, 0x1F, 0xFF, 0x03, 0xFF, 0xFF, 0x81, 0xFF, 0xF0, 0x1F, 0xFF,
    0x03, 0xFF, 0xFF, 0x81, 0xFF, 0xF0, 0x1F, 0xFF, 0x03, 0xFF, 0xFF, 0x81, 0xFF, 0xF0, 0x1F, 0xFF,
    0x01, 0xFF, 0xFF, 0x01, 0xFF, 0xF0, 0x1F, 0xFF, 0x01, 0xFF, 0xFF, 0x01, 0xFF, 0xF0, 0x1F, 0xFF,
    0x01, 0xFF, 0xFF, 0x01, 0xFF, 0xF0, 0x1F, 0xFF, 0x00, 0xFF, 0xFF, 0x01, 0xFF, 0xF0, 0x1F, 0xFF,
    0x00, 0xFF, 0xFE, 0x01, 0xFF, 0xF0, 0x1F, 0xFF, 0x00, 0xFF, 0xFE, 0x01, 0xFF, 0xF0, 0x1F, 0xFF,
    0x00, 0x7F, 0xFE, 0x01, 0xFF, 0xF0, 0x1F, 0xFF, 0x00, 0x7F, 0xFC, 0x01, 0xFF, 0xF0, 0x1F, 0xFF,
    0x00, 0x7F, 0xFC, 0x01, 0xFF, 0xF0, 0x1F, 0xFF, 0x00, 0x7F, 0xFC, 0x01, 0xFF, 0xF0, 0x1F, 0xFF,
    0x00, 0x3F, 0xF8, 0x01, 0xFF, 0xF0, 0x1F, 0xFF, 0x00, 0x3F, 0xF8, 0x01, 0xFF, 0xF0, 0x1F, 0xFF,
    0xC0, 0x00, 0x3F, 0xFF, 0x00, 0x1F, 0xFF, 0xC0, 0x00, 0x3F, 0xFF, 0x00, 0x1F, 0xFF, 0xE0, 0x00,
    0x3F, 0xFF, 0x00, 0x1F, 0xFF, 0xE0, 0x00, 0x3F, 0xFF, 0x00, 0x1F, 0xFF, 0xF0, 0x00, 0x3F, 0xFF,
    0x00, 0x1F, 0xFF, 0xF8, 0x00, 0x3F, 0xFF, 0x00, 0x1F, 0xFF, 0xF8, 0x00, 0x3F, 0xFF, 0x00, 0x1F,
    0xFF, 0xFC, 0x00, 0x3F, 0xFF, 0x00, 0x1F, 0xFF, 0xFC, 0x00, 0x3F, 0xFF, 0x00, 0x1F, 0xFF, 0xFE,
    0x00, 0x3F, 0xFF, 0x00, 0x1F, 0xFF, 0xFF, 0x00, 0x3F, 0xFF, 0x00, 0x1F, 0xFF, 0xFF, 0x00, 0x3F,
    0xFF, 0x00, 0x1F, 0xFF, 0xFF, 0x80, 0x3F, 0xFF, 0x00, 0x1F, 0xFF, 0xFF, 0x80, 0x3F, 0xFF, 0x00,
    0x1F, 0xFF, 0xFF, 0xC0, 0x3F, 0xFF, 0x00, 0x1F, 0xFF, 0xFF, 0xC0, 0x3F, 0xFF, 0x00, 0x1F, 0xFF,
    0xFF, 0xE0, 0x3F, 0xFF, 0x00, 0x1F, 0xFF, 0xFF, 0xF0, 0x3F, 0xFF, 0x00, 0x1F, 0xFF, 0xFF, 0xF0,
    0x3F, 0xFF, 0x00, 0x1F, 0xFF, 0x7F, 0xF8, 0x3F, 0xFF, 0x00, 0x1F, 0xFF, 0x7F, 0xF8, 0x3F, 0xFF,
    0x00, 0x1F, 0xFF, 0x3F, 0xFC, 0x3F, 0xFF, 0x00, 0x1F, 0xFF, 0x3F, 0xFE, 0x3F, 0xFF, 0x00, 0x1F,
    0xFF, 0x1F, 0xFE, 0x3F, 0xFF, 0x00, 0x1F, 0xFF, 0x1F, 0xFF, 0x1F, 0xFF, 0x00, 0x1F, 0xFF, 0x0F,
    0xFF, 0x1F, 0xFF, 0x00, 0x1F, 0xFF, 0x0F, 0xFF, 0x9F, 0xFF, 0x00, 0x1F, 0xFF, 0x07, 0xFF, 0x9F,
    0xFF, 0x00, 0x1F, 0xFF, 0x07, 0xFF, 0x9F, 0xFF, 0x00, 0x1F, 0xFF, 0x03, 0xFF, 0xDF, 0xFF, 0x00,
    0x1F, 0xFF, 0x03, 0xFF, 0xDF, 0xFF, 0x00, 0x1F, 0xFF, 0x81, 0xFF, 0xFF, 0xFF, 0x00, 0x1F, 0xFF,
    0x80, 0xFF, 0xFF, 0xFF, 0x00, 0x1F, 0xFF, 0x80, 0xFF, 0xFF, 0xFF, 0x00, 0x1F, 0xFF, 0x80, 0x7F,
    0xFF, 0xFF, 0x00, 0x1F, 0xFF, 0x80, 0x7F, 0xFF, 0xFF, 0x00, 0x1F, 0xFF, 0x80, 0x3F, 0xFF, 0xFF,
    0x00, 0x1F, 0xFF, 0x80, 0x1F, 0xFF, 0xFF, 0x00, 0x1F, 0xFF, 0x80, 0x1F, 0xFF, 0xFF, 0x00, 0x1F,
    0xFF, 0x80, 0x0F, 0xFF, 0xFF, 0x00, 0x1F, 0xFF, 0x80, 0x0F, 0xFF, 0xFF, 0x00, 0x1F, 0xFF, 0x80,
    0x07, 0xFF, 0xFF, 0x00, 0x1F, 0xFF, 0x80, 0x03, 0xFF, 0xFF, 0x00, 0x1F, 0xFF, 0x80, 0x03, 0xFF,
    0xFF, 0x00, 0x1F, 0xFF, 0x80, 0x01, 0xFF, 0xFF, 0x00, 0x1F, 0xFF, 0x80, 0x01, 0xFF, 0xFF, 0x00,
    0x1F, 0xFF, 0x80, 0x00, 0xFF, 0xFF, 0x00, 0x1F, 0xFF, 0x80, 0x00, 0x7F, 0xFF, 0x00, 0x1F, 0xFF,
    0x80, 0x00, 0x7F, 0xFF, 0x00, 0x00, 0x00, 0x00, 0x40, 0x00, 0x00, 0x00, 0x00, 0x00, 0x3F, 0xFF,
    0x80, 0x00, 0x00, 0x00, 0x00, 0xFF, 0xFF, 0xF0, 0x00, 0x00, 0x00, 0x07, 0xFF, 0xFF, 0xFC, 0x00,
    0x00, 0x00, 0x0F, 0xFF, 0xFF, 0xFE, 0x00, 0x00, 0x00, 0x1F, 0xFF, 0xFF, 0xFF, 0x80, 0x00, 0x00,
    0x7F, 0xFF, 0xFF, 0xFF, 0xC0, 0x00, 0x00, 0xFF, 0xFF, 0xFF, 0xFF, 0xE0, 0x00, 0x00, 0xFF, 0xFF,
    0xFF, 0xFF, 0xF0, 0x00, 0x01, 0xFF, 0xFF, 0xFF, 0xFF, 0xF0, 0x00, 0x03, 0xFF, 0xFF, 0xFF, 0xFF,
    0xF8, 0x00, 0x03, 0xFF, 0xFF, 0xFF, 0xFF, 0xFC, 0x00, 0x07, 0xFF, 0xF8, 0x03, 0xFF, 0xFC, 0x00,
    0x0F, 0xFF, 0xF0, 0x00, 0xFF, 0xFE, 0x00, 0x0F, 0xFF, 0xE0, 0x00, 0xFF, 0xFE, 0x00, 0x0F, 0xFF,
    0xC0, 0x00, 0x7F, 0xFE, 0x00, 0x1F, 0xFF, 0x80, 0x00, 0x3F, 0xFF, 0x00, 0x1F, 0xFF, 0x80, 0x00,
    0x3F, 0xFF, 0x00, 0x1F, 0xFF, 0x80, 0x00, 0x1F, 0xFF, 0x00, 0x1F, 0xFF, 0x00, 0x00, 0x1F, 0xFF,
    0x00, 0x1F, 0xFF, 0x00, 0x00, 0x1F, 0xFF, 0x80, 0x3F, 0xFF, 0x00, 0x00, 0x1F, 0xFF, 0x80, 0x3F,
    0xFF, 0x00, 0x00, 0x1F, 0xFF, 0x80, 0x3F, 0xFF, 0x00, 0x00, 0x1F, 0xFF, 0x80, 0x3F, 0xFF, 0x00,
    0x00, 0x1F, 0xFF, 0x80, 0x3F, 0xFF, 0x00, 0x00, 0x0F, 0xFF, 0x80, 0x3F, 0xFF, 0x00, 0x00, 0x1F,
    0xFF, 0x80, 0x3F, 0xFF, 0x00, 0x00, 0x1F, 0xFF, 0x80, 0x3F, 0xFF, 0x00, 0x00, 0x1F, 0xFF, 0x80,
    0x3F, 0xFF, 0x00, 0x00, 0x1F, 0xFF, 0x80, 0x1F, 0xFF, 0x00, 0x00, 0x1F, 0xFF, 0x80, 0x1F, 0xFF,
    0x00, 0x00, 0x1F, 0xFF, 0x00, 0x1F, 0xFF, 0x80, 0x00, 0x1F, 0xFF, 0x00, 0x1F, 0xFF, 0x80, 0x00,
    0x3F, 0xFF, 0x00, 0x1F, 0xFF, 0x80, 0x00, 0x3F, 0xFF, 0x00, 0x0F, 0xFF, 0xC0, 0x00, 0x7F, 0xFE,
    0x00, 0x0F, 0xFF, 0xE0, 0x00, 0x7F, 0xFE, 0x00, 0x0F, 0xFF, 0xF0, 0x00, 0xFF, 0xFE, 0x00, 0x07,
    0xFF, 0xF8, 0x03, 0xFF, 0xFC, 0x00, 0x03, 0xFF, 0xFF, 0xFF, 0xFF, 0xFC, 0x00, 0x03, 0xFF, 0xFF,
    0xFF, 0xFF, 0xF8, 0x00, 0x01, 0xFF, 0xFF, 0xFF, 0xFF, 0xF0, 0x00, 0x00, 0xFF, 0xFF, 0xFF, 0xFF,
    0xF0, 0x00, 0x00, 0xFF, 0xFF, 0xFF, 0xFF, 0xE0, 0x00, 0x00, 0x7F, 0xFF, 0xFF, 0xFF, 0xC0, 0x00,
    0x00, 0x1F, 0xFF, 0xFF, 0xFF, 0x80, 0x00, 0x00, 0x0F, 0xFF, 0xFF, 0xFE, 0x00, 0x00, 0x00, 0x07,
    0xFF, 0xFF, 0xFC, 0x00, 0x00, 0x00, 0x01, 0xFF, 0xFF, 0xF0, 0x00, 0x00, 0x00, 0x00, 0x3F, 0xFF,
    0x80, 0x00, 0x00, 0x00, 0x00, 0x00, 0xC0, 0x00, 0x00, 0x00, 0x1F, 0xFF, 0xFF, 0xF8, 0x00, 0x00,
    0x1F, 0xFF, 0xFF, 0xFF, 0x00, 0x00, 0x1F, 0xFF, 0xFF, 0xFF, 0xC0, 0x00, 0x1F, 0xFF, 0xFF, 0xFF,
    0xE0, 0x00, 0x1F, 0xFF, 0xFF, 0xFF, 0xF8, 0x00, 0x1F, 0xFF, 0xFF, 0xFF, 0xFC, 0x00, 0x1F, 0xFF,
    0xFF, 0xFF, 0xFC, 0x00, 0x1F, 0xFF, 0xFF, 0xFF, 0xFE, 0x00, 0x1F, 0xFF, 0xFF, 0xFF, 0xFF, 0x00,
    0x1F, 0xFF, 0xFF, 0xFF, 0xFF, 0x00, 0x1F, 0xFF, 0xFF, 0xFF, 0xFF, 0x80, 0x1F, 0xFF, 0x00, 0xFF,
    0xFF, 0x80, 0x1F, 0xFF, 0x00, 0x3F, 0xFF, 0x80, 0x1F, 0xFF, 0x00, 0x1F, 0xFF, 0x80, 0x1F, 0xFF,
    0x00, 0x1F, 0xFF, 0x80, 0x1F, 0xFF, 0x00, 0x0F, 0xFF, 0xC0, 0x1F, 0xFF, 0x00, 0x0F, 0xFF, 0xC0,
    0x1F, 0xFF, 0x00, 0x0F, 0xFF, 0xC0, 0x1F, 0xFF, 0x00, 0x0F, 0xFF, 0xC0, 0x1F, 0xFF, 0x00, 0x0F,
    0xFF, 0xC0, 0x1F, 0xFF, 0x00, 0x1F, 0xFF, 0x80, 0x1F, 0xFF, 0x00, 0x1F, 0xFF, 0x80, 0x1F, 0xFF,
    0x00, 0x3F, 0xFF, 0x80, 0x1F, 0xFF, 0x00, 0xFF, 0xFF, 0x80, 0x1F, 0xFF, 0xFF, 0xFF, 0xFF, 0x00,
    0x1F, 0xFF, 0xFF, 0xFF, 0xFF, 0x00, 0x1F, 0xFF, 0xFF, 0xFF, 0xFE, 0x00, 0x1F, 0xFF, 0xFF, 0xFF,
    0xFC, 0x00, 0x1F, 0xFF, 0xFF, 0xFF, 0xF8, 0x00, 0x1F, 0xFF, 0xFF, 0xFF, 0xF0, 0x00, 0x1F, 0xFF,
    0xFF, 0xFF, 0xE0, 0x00, 0x1F, 0xFF, 0xFF, 0xFF, 0x80, 0x00, 0x1F, 0xFF, 0xFF, 0xFE, 0x00, 0x00,
    0x1F, 0xFF, 0xFF, 0xE0, 0x00, 0x00, 0x1F, 0xFF, 0x00, 0x00, 0x00, 0x00, 0x1F, 0xFF, 0x00, 0x00,
    0x00, 0x00, 0x1F, 0xFF, 0x00, 0x00, 0x00, 0x00, 0x1F, 0xFF, 0x00, 0x00, 0x00, 0x00, 0x1F, 0xFF,
    0x00, 0x00, 0x00, 0x00, 0x1F, 0xFF, 0x00, 0x00, 0x00, 0x00, 0x1F, 0xFF, 0x00, 0x00, 0x00, 0x00,
    0x1F, 0xFF, 0x00, 0x00, 0x00, 0x00, 0x1F, 0xFF, 0x00, 0x00, 0x00, 0x00, 0x1F, 0xFF, 0x00, 0x00,
    0x00, 0x00, 0x1F, 0xFF, 0x00, 0x00, 0x00, 0x00, 0x1F, 0xFF, 0x00, 0x00, 0x00, 0x00, 0x1F, 0xFF,
    0x00, 0x00, 0x00, 0x00, 0x1F, 0xFF, 0x00, 0x00, 0x00, 0x00, 0x1F, 0xFF, 0x00, 0x00, 0x00, 0x00,
    0x00, 0x00, 0x00, 0x40, 0x00, 0x00, 0x00, 0x00, 0x00, 0x3F, 0xFF, 0x80, 0x00, 0x00, 0x00, 0x00,
    0xFF, 0xFF, 0xF0, 0x00, 0x00, 0x00, 0x07, 0xFF, 0xFF, 0xFC, 0x00, 0x00, 0x00, 0x0F, 0xFF, 0xFF,
    0xFE, 0x00, 0x00, 0x00, 0x1F, 0xFF, 0xFF, 0xFF, 0x80, 0x00, 0x00, 0x7F, 0xFF, 0xFF, 0xFF, 0xC0,
    0x00, 0x00, 0xFF, 0xFF, 0xFF, 0xFF, 0xE0, 0x00, 0x00, 0xFF, 0xFF, 0xFF, 0xFF, 0xF0, 0x00, 0x01,
    0xFF, 0xFF, 0xFF, 0xFF, 0xF0, 0x00, 0x03, 0xFF, 0xFF, 0xFF, 0xFF, 0xF8, 0x00, 0x03, 0xFF, 0xFF,
    0xFF, 0xFF, 0xFC, 0x00, 0x07, 0xFF, 0xF8, 0x03, 0xFF, 0xFC, 0x00, 0x0F, 0xFF, 0xF0, 0x00, 0xFF,
    0xFE, 0x00, 0x0F, 0xFF, 0xE0, 0x00, 0xFF, 0xFE, 0x00, 0x0F, 0xFF, 0xC0, 0x00, 0x7F, 0xFE, 0x00,
    0x1F, 0xFF, 0x80, 0x00, 0x3F, 0xFF, 0x00, 0x1F, 0xFF, 0x80, 0x00, 0x3F, 0xFF, 0x00, 0x1F, 0xFF,
    0x80, 0x00, 0x1F, 0xFF, 0x00, 0x1F, 0xFF, 0x00, 0x00, 0x1F, 0xFF, 0x00, 0x1F, 0xFF, 0x00, 0x00,
    0x1F, 0xFF, 0x80, 0x3F, 0xFF, 0x00, 0x00, 0x1F, 0xFF, 0x80, 0x3F, 0xFF, 0x00, 0x00, 0x1F, 0xFF,
    0x80, 0x3F, 0xFF, 0x00, 0x00, 0x1F, 0xFF, 0x80, 0x3F, 0xFF, 0x00, 0x00, 0x1F, 0xFF, 0x80, 0x3F,
    0xFF, 0x00, 0x00, 0x0F, 0xFF, 0x80, 0x3F, 0xFF, 0x00, 0x00, 0x1F, 0xFF, 0x80, 0x3F, 0xFF, 0x00,
    0x00, 0x1F, 0xFF, 0x80, 0x3F, 0xFF, 0x00, 0x00, 0x1F, 0xFF, 0x80, 0x3F, 0xFF, 0x00, 0x00, 0x1F,
    0xFF, 0x80, 0x1F, 0xFF, 0x00, 0x00, 0x1F, 0xFF, 0x80, 0x1F, 0xFF, 0x00, 0x00, 0x1F, 0xFF, 0x00,
    0x1F, 0xFF, 0x83, 0xFF, 0x1F, 0xFF, 0x00, 0x1F, 0xFF, 0x81, 0xFF, 0xBF, 0xFF, 0x00, 0x1F, 0xFF,
    0x81, 0xFF, 0xFF, 0xFF, 0x00, 0x0F, 0xFF, 0xC0, 0xFF, 0xFF, 0xFE, 0x00, 0x0F, 0xFF, 0xE0, 0x7F,
    0xFF, 0xFE, 0x00, 0x0F, 0xFF, 0xF0, 0x3F, 0xFF, 0xFE, 0x00, 0x07, 0xFF, 0xF8, 0x3F, 0xFF, 0xFC,
    0x00, 0x03, 0xFF, 0xFF, 0xFF, 0xFF, 0xFC, 0x00, 0x03, 0xFF, 0xFF, 0xFF, 0xFF, 0xF8, 0x00, 0x01,
    0xFF, 0xFF, 0xFF, 0xFF, 0xF8, 0x00, 0x00, 0xFF, 0xFF, 0xFF, 0xFF, 0xF0, 0x00, 0x00, 0xFF, 0xFF,
    0xFF, 0xFF, 0xE0, 0x00, 0x00, 0x7F, 0xFF, 0xFF, 0xFF, 0xC0, 0x00, 0x00, 0x1F, 0xFF, 0xFF, 0xFF,
    0xE0, 0x00, 0x00, 0x0F, 0xFF, 0xFF, 0xFF, 0xF0, 0x00, 0x00, 0x07, 0xFF, 0xFF, 0xFF, 0xF8, 0x00,
    0x00, 0x01, 0xFF, 0xFF, 0xFF, 0xFC, 0x00, 0x00, 0x00, 0x3F, 0xFF, 0x9F, 0xFC, 0x00, 0x00, 0x00,
    0x00, 0xC0, 0x0F, 0xFE, 0x00, 0x00, 0x00, 0x00, 0x00, 0x0F, 0xFF, 0x00, 0x00, 0x00, 0x00, 0x00,
    0x07, 0xFF, 0xC0, 0x00, 0x00, 0x00, 0x00, 0x00, 0x00, 0x00, 0x1F, 0xFF, 0xFF, 0xF8, 0x00, 0x00,
    0x1F, 0xFF, 0xFF, 0xFF, 0x00, 0x00, 0x1F, 0xFF, 0xFF, 0xFF, 0xC0, 0x00, 0x1F, 0xFF, 0xFF, 0xFF,
    0xF0, 0x00, 0x1F, 0xFF, 0xFF, 0xFF, 0xF8, 0x00, 0x1F, 0xFF, 0xFF, 0xFF, 0xFC, 0x00, 0x1F, 0xFF,
    0xFF, 0xFF, 0xFE, 0x00, 0x1F, 0xFF, 0xFF, 0xFF, 0xFE, 0x00, 0x1F, 0xFF, 0xFF, 0xFF, 0xFF, 0x00,
    0x1F, 0xFF, 0xFF, 0xFF, 0xFF, 0x00, 0x1F, 0xFF, 0xFF, 0xFF, 0xFF, 0x80, 0x1F, 0xFF, 0x00, 0xFF,
    0xFF, 0x80, 0x1F, 0xFF, 0x00, 0x3F, 0xFF, 0x80, 0x1F, 0xFF, 0x00, 0x1F, 0xFF, 0x80, 0x1F, 0xFF,
    0x00, 0x0F, 0xFF, 0xC0, 0x1F, 0xFF, 0x00, 0x0F, 0xFF, 0xC0, 0x1F, 0xFF, 0x00, 0x0F, 0xFF, 0xC0,
    0x1F, 0xFF, 0x00, 0x0F, 0xFF, 0xC0, 0x1F, 0xFF, 0x00, 0x0F, 0xFF, 0xC0, 0x1F, 0xFF, 0x00, 0x0F,
    0xFF, 0x80, 0x1F, 0xFF, 0x00, 0x1F, 0xFF, 0x80, 0x1F, 0xFF, 0x00, 0x3F, 0xFF, 0x80, 0x1F, 0xFF,
    0x00, 0xFF, 0xFF, 0x80, 0x1F, 0xFF, 0xFF, 0xFF, 0xFF, 0x00, 0x1F, 0xFF, 0xFF, 0xFF, 0xFF, 0x00,
    0x1F, 0xFF, 0xFF, 0xFF, 0xFE, 0x00, 0x1F, 0xFF, 0xFF, 0xFF, 0xFE, 0x00, 0x1F, 0xFF, 0xFF, 0xFF,
    0xFC, 0x00, 0x1F, 0xFF, 0xFF, 0xFF, 0xF8, 0x00, 0x1F, 0xFF, 0xFF, 0xFF, 0xF0, 0x00, 0x1F, 0xFF,
    0xFF, 0xFF, 0xC0, 0x00, 0x1F, 0xFF, 0xFF, 0xFF, 0xC0, 0x00, 0x1F, 0xFF, 0xFF, 0xFF, 0xC0, 0x00,
    0x1F, 0xFF, 0x07, 0xFF, 0xE0, 0x00, 0x1F, 0xFF, 0x03, 0xFF, 0xE0, 0x00, 0x1F, 0xFF, 0x03, 0xFF,
    0xF0, 0x00, 0x1F, 0xFF, 0x01, 0xFF, 0xF8, 0x00, 0x1F, 0xFF, 0x01, 0xFF, 0xF8, 0x00, 0x1F, 0xFF,
    0x00, 0xFF, 0xFC, 0x00, 0x1F, 0xFF, 0x00, 0xFF, 0xFC, 0x00, 0x1F, 0xFF, 0x00, 0x7F, 0xFE, 0x00,
    0x1F, 0xFF, 0x00, 0x7F, 0xFE, 0x00, 0x1F, 0xFF, 0x00, 0x3F, 0xFF, 0x00, 0x1F, 0xFF, 0x00, 0x3F,
    0xFF, 0x00, 0x1F, 0xFF, 0x00, 0x1F, 0xFF, 0x80, 0x1F, 0xFF, 0x00, 0x1F, 0xFF, 0x80, 0x1F, 0xFF,
    0x00, 0x0F, 0xFF, 0xC0, 0x1F, 0xFF, 0x00, 0x0F, 0xFF, 0xC0, 0x1F, 0xFF, 0x00, 0x07, 0xFF, 0xE0,
    0x00, 0x00, 0x02, 0x00, 0x00, 0x00, 0x00, 0x01, 0xFF, 0xFC, 0x00, 0x00, 0x00, 0x0F, 0xFF, 0xFF,
    0x80, 0x00, 0x00, 0x3F, 0xFF, 0xFF, 0xC0, 0x00, 0x00, 0x7F, 0xFF, 0xFF, 0xF0, 0x00, 0x00, 0xFF,
    0xFF, 0xFF, 0xF8, 0x00, 0x01, 0xFF, 0xFF, 0xFF, 0xFC, 0x00, 0x03, 0xFF, 0xFF, 0xFF, 0xFE, 0x00,
    0x07, 0xFF, 0xFF, 0xFF, 0xFE, 0x00, 0x07, 0xFF, 0xFF, 0xFF, 0xFF, 0x00, 0x0F, 0xFF, 0xFF, 0xFF,
    0xFF, 0x00, 0x0F, 0xFF, 0xFF, 0xFF, 0xFF, 0x80, 0x1F, 0xFF, 0xC0, 0x1F, 0xFF, 0x80, 0x1F, 0xFF,
    0x80, 0x0F, 0xFF, 0x80, 0x1F, 0xFF, 0x80, 0x0F, 0xFF, 0x80, 0x1F, 0xFF, 0x80, 0x07, 0xFF, 0x80,
    0x1F, 0xFF, 0x80, 0x07, 0xFF, 0x80, 0x1F, 0xFF, 0xC0, 0x00, 0x00, 0x00, 0x1F, 0xFF, 0xE0, 0x00,
    0x00, 0x00, 0x1F, 0xFF, 0xFC, 0x00, 0x00, 0x00, 0x0F, 0xFF, 0xFF, 0xC0, 0x00, 0x00, 0x0F, 0xFF,
    0xFF, 0xFC, 0x00, 0x00, 0x07, 0xFF, 0xFF, 0xFF, 0x80, 0x00, 0x07, 0xFF, 0xFF, 0xFF, 0xE0, 0x00,
    0x03, 0xFF, 0xFF, 0xFF, 0xF8, 0x00, 0x01, 0xFF, 0xFF, 0xFF, 0xFC, 0x00, 0x00, 0x7F, 0xFF, 0xFF,
    0xFE, 0x00, 0x00, 0x3F, 0xFF, 0xFF, 0xFF, 0x00, 0x00, 0x07, 0xFF, 0xFF, 0xFF, 0x00, 0x00, 0x00,
    0xFF, 0xFF, 0xFF, 0x80, 0x00, 0x00, 0x07, 0xFF, 0xFF, 0x80, 0x00, 0x00, 0x00, 0x7F, 0xFF, 0xC0,
    0x00, 0x00, 0x00, 0x1F, 0xFF, 0xC0, 0x3F, 0xFC, 0x00, 0x0F, 0xFF, 0xC0, 0x3F, 0xFC, 0x00, 0x07,
    0xFF, 0xC0, 0x3F, 0xFE, 0x00, 0x07, 0xFF, 0xC0, 0x3F, 0xFE, 0x00, 0x07, 0xFF, 0xC0, 0x3F, 0xFF,
    0x00, 0x0F, 0xFF, 0xC0, 0x1F, 0xFF, 0xC0, 0x1F, 0xFF, 0xC0, 0x1F, 0xFF, 0xFF, 0xFF, 0xFF, 0xC0,
    0x1F, 0xFF, 0xFF, 0xFF, 0xFF, 0x80, 0x0F, 0xFF, 0xFF, 0xFF, 0xFF, 0x80, 0x0F, 0xFF, 0xFF, 0xFF,
    0xFF, 0x00, 0x07, 0xFF, 0xFF, 0xFF, 0xFF, 0x00, 0x03, 0xFF, 0xFF, 0xFF, 0xFE, 0x00, 0x01, 0xFF,
    0xFF, 0xFF, 0xFC, 0x00, 0x00, 0xFF, 0xFF, 0xFF, 0xF8, 0x00, 0x00, 0x7F, 0xFF, 0xFF, 0xF0, 0x00,
    0x00, 0x1F, 0xFF, 0xFF, 0xC0, 0x00, 0x00, 0x03, 0xFF, 0xFE, 0x00, 0x00, 0x00, 0x00, 0x07, 0x00,
    0x00, 0x00, 0x3F, 0xFF, 0xFF, 0xFF, 0xFF, 0xF0, 0x3F, 0xFF, 0xFF, 0xFF, 0xFF, 0xF0, 0x3F, 0xFF,
    0xFF, 0xFF, 0xFF, 0xF0, 0x3F, 0xFF, 0xFF, 0xFF, 0xFF, 0xF0, 0x3F, 0xFF, 0xFF, 0xFF, 0xFF, 0xF0,
    0x3F, 0xFF, 0xFF, 0xFF, 0xFF, 0xF0, 0x3F, 0xFF, 0xFF, 0xFF, 0xFF, 0xF0, 0x3F, 0xFF, 0xFF, 0xFF,
    0xFF, 0xF0, 0x3F, 0xFF, 0xFF, 0xFF, 0xFF, 0xF0, 0x3F, 0xFF, 0xFF, 0xFF, 0xFF, 0xF0, 0x3F, 0xFF,
    0xFF, 0xFF, 0xFF, 0xF0, 0x00, 0x00, 0xFF, 0xF8, 0x00, 0x00, 0x00, 0x00, 0xFF, 0xF8, 0x00, 0x00,
    0x00, 0x00, 0xFF, 0xF8, 0x00, 0x00, 0x00, 0x00, 0xFF, 0xF8, 0x00, 0x00, 0x00, 0x00, 0xFF, 0xF8,
    0x00, 0x00, 0x00, 0x00, 0xFF, 0xF8, 0x00, 0x00, 0x00, 0x00, 0xFF, 0xF8, 0x00, 0x00, 0x00, 0x00,
    0xFF, 0xF8, 0x00, 0x00, 0x00, 0x00, 0xFF, 0xF8, 0x00, 0x00, 0x00, 0x00, 0xFF, 0xF8, 0x00, 0x00,
    0x00, 0x00, 0xFF, 0xF8, 0x00, 0x00, 0x00, 0x00, 0xFF, 0xF8, 0x00, 0x00, 0x00, 0x00, 0xFF, 0xF8,
    0x00, 0x00, 0x00, 0x00, 0xFF, 0xF8, 0x00, 0x00, 0x00, 0x00, 0xFF, 0xF8, 0x00, 0x00, 0x00, 0x00,
    0xFF, 0xF8, 0x00, 0x00, 0x00, 0x00, 0xFF, 0xF8, 0x00, 0x00, 0x00, 0x00, 0xFF, 0xF8, 0x00, 0x00,
    0x00, 0x00, 0xFF, 0xF8, 0x00, 0x00, 0x00, 0x00, 0xFF, 0xF8, 0x00, 0x00, 0x00, 0x00, 0xFF, 0xF8,
    0x00, 0x00, 0x00, 0x00, 0xFF, 0xF8, 0x00, 0x00, 0x00, 0x00, 0xFF, 0xF8, 0x00, 0x00, 0x00, 0x00,
    0xFF, 0xF8, 0x00, 0x00, 0x00, 0x00, 0xFF, 0xF8, 0x00, 0x00, 0x00, 0x00, 0xFF, 0xF8, 0x00, 0x00,
    0x00, 0x00, 0xFF, 0xF8, 0x00, 0x00, 0x00, 0x00, 0xFF, 0xF8, 0x00, 0x00, 0x00, 0x00, 0xFF, 0xF8,
    0x00, 0x00, 0x00, 0x00, 0xFF, 0xF8, 0x00, 0x00, 0x00, 0x00, 0xFF, 0xF8, 0x00, 0x00, 0x00, 0x00,
    0xFF, 0xF8, 0x00, 0x00, 0x00, 0x00, 0xFF, 0xF8, 0x00, 0x00, 0x00, 0x00, 0xFF, 0xF8, 0x00, 0x00,
    0x00, 0x00, 0xFF, 0xF8, 0x00, 0x00, 0x00, 0x00, 0xFF, 0xF8, 0x00, 0x00, 0x00, 0x00, 0xFF, 0xF8,
    0x00, 0x00, 0x00, 0x00, 0xFF, 0xF8, 0x00, 0x00, 0x1F, 0xFF, 0x00, 0x00, 0xFF, 0xF8, 0x1F, 0xFF,
    0x00, 0x00, 0xFF, 0xF8, 0x1F, 0xFF, 0x00, 0x00, 0xFF, 0xF8, 0x1F, 0xFF, 0x00, 0x00, 0xFF, 0xF8,
    0x1F, 0xFF, 0x00, 0x00, 0xFF, 0xF8, 0x1F, 0xFF, 0x00, 0x00, 0xFF, 0xF8, 0x1F, 0xFF, 0x00, 0x00,
    0xFF, 0xF8, 0x1F, 0xFF, 0x00, 0x00, 0xFF, 0xF8, 0x1F, 0xFF, 0x00, 0x00, 0xFF, 0xF8, 0x1F, 0xFF,
    0x00, 0x00, 0xFF, 0xF8, 0x1F, 0xFF, 0x00, 0x00, 0xFF, 0xF8, 0x1F, 0xFF, 0x00, 0x00, 0xFF, 0xF8,
    0x1F, 0xFF, 0x00, 0x00, 0xFF, 0xF8, 0x1F, 0xFF, 0x00, 0x00, 0xFF, 0xF8, 0x1F, 0xFF, 0x00, 0x00,
    0xFF, 0xF8, 0x1F, 0xFF, 0x00, 0x00, 0xFF, 0xF8, 0x1F, 0xFF, 0x00, 0x00, 0xFF, 0xF8, 0x1F, 0xFF,
    0x00, 0x00, 0xFF, 0xF8, 0x1F, 0xFF, 0x00, 0x00, 0xFF, 0xF8, 0x1F, 0xFF, 0x00, 0x00, 0xFF, 0xF8,
    0x1F, 0xFF, 0x00, 0x00, 0xFF, 0xF8, 0x1F, 0xFF, 0x00, 0x00, 0xFF, 0xF8, 0x1F, 0xFF, 0x00, 0x00,
    0xFF, 0xF8, 0x1F, 0xFF, 0x00, 0x00, 0xFF, 0xF8, 0x1F, 0xFF, 0x00, 0x00, 0xFF, 0xF8, 0x1F, 0xFF,
    0x00, 0x00, 0xFF, 0xF8, 0x1F, 0xFF, 0x00, 0x00, 0xFF, 0xF8, 0x1F, 0xFF, 0x00, 0x00, 0xFF, 0xF8,
    0x1F, 0xFF, 0x00, 0x00, 0xFF, 0xF8, 0x1F, 0xFF, 0x00, 0x00, 0xFF, 0xF8, 0x1F, 0xFF, 0x00, 0x00,
    0xFF, 0xF8, 0x1F, 0xFF, 0x00, 0x01, 0xFF, 0xF8, 0x1F, 0xFF, 0x00, 0x01, 0xFF, 0xF8, 0x1F, 0xFF,
    0x80, 0x01, 0xFF, 0xF0, 0x1F, 0xFF, 0x80, 0x01, 0xFF, 0xF0, 0x1F, 0xFF, 0xC0, 0x03, 0xFF, 0xF0,
    0x0F, 0xFF, 0xE0, 0x07, 0xFF, 0xF0, 0x0F, 0xFF, 0xF0, 0x0F, 0xFF, 0xF0, 0x0F, 0xFF, 0xFF, 0xFF,
    0xFF, 0xE0, 0x07, 0xFF, 0xFF, 0xFF, 0xFF, 0xE0, 0x07, 0xFF, 0xFF, 0xFF, 0xFF, 0xC0, 0x03, 0xFF,
    0xFF, 0xFF, 0xFF, 0xC0, 0x01, 0xFF, 0xFF, 0xFF, 0xFF, 0x80, 0x00, 0xFF, 0xFF, 0xFF, 0xFF, 0x00,
    0x00, 0x7F, 0xFF, 0xFF, 0xFE, 0x00, 0x00, 0x3F, 0xFF, 0xFF, 0xFC, 0x00, 0x00, 0x1F, 0xFF, 0xFF,
    0xF0, 0x00, 0x00, 0x07, 0xFF, 0xFF, 0xC0, 0x00, 0x00, 0x00, 0xFF, 0xFE, 0x00, 0x00, 0x00, 0x00,
    0x01, 0x80, 0x00, 0x00, 0x7F, 0xFF, 0x00, 0x00, 0x0F, 0xFF, 0xE0, 0x3F, 0xFF, 0x80, 0x00, 0x0F,
    0xFF, 0xE0, 0x3F, 0xFF, 0x80, 0x00, 0x0F, 0xFF, 0xC0, 0x1F, 0xFF, 0x80, 0x00, 0x1F, 0xFF, 0xC0,
    0x1F, 0xFF, 0xC0, 0x00, 0x1F, 0xFF, 0xC0, 0x1F, 0xFF, 0xC0, 0x00, 0x1F, 0xFF, 0x80, 0x0F, 0xFF,
    0xC0, 0x00, 0x1F, 0xFF, 0x80, 0x0F, 0xFF, 0xC0, 0x00, 0x3F, 0xFF, 0x80, 0x0F, 0xFF, 0xE0, 0x00,
    0x3F, 0xFF, 0x00, 0x07, 0xFF, 0xE0, 0x00, 0x3F, 0xFF, 0x00, 0x07, 0xFF, 0xE0, 0x00, 0x7F, 0xFF,
    0x00, 0x07, 0xFF, 0xF0, 0x00, 0x7F, 0xFE, 0x00, 0x03, 0xFF, 0xF0, 0x00, 0x7F, 0xFE, 0x00, 0x03,
    0xFF, 0xF0, 0x00, 0x7F, 0xFE, 0x00, 0x03, 0xFF, 0xF0, 0x00, 0xFF, 0xFC, 0x00, 0x01, 0xFF, 0xF8,
    0x00, 0xFF, 0xFC, 0x00, 0x01, 0xFF, 0xF8, 0x00, 0xFF, 0xFC, 0x00, 0x01, 0xFF, 0xF8, 0x00, 0xFF,
    0xF8, 0x00, 0x00, 0xFF, 0xFC, 0x01, 0xFF, 0xF8, 0x00, 0x00, 0xFF, 0xFC, 0x01, 0xFF, 0xF8, 0x00,
    0x00, 0xFF, 0xFC, 0x01, 0xFF, 0xF0, 0x00, 0x00, 0x7F, 0xFE, 0x03, 0xFF, 0xF0, 0x00, 0x00, 0x7F,
    0xFE, 0x03, 0xFF, 0xF0, 0x00, 0x00, 0x7F, 0xFE, 0x03, 0xFF, 0xF0, 0x00, 0x00, 0x3F, 0xFE, 0x03,
    0xFF, 0xE0, 0x00, 0x00, 0x3F, 0xFF, 0x07, 0xFF, 0xE0, 0x00, 0x00, 0x3F, 0xFF, 0x07, 0xFF, 0xE0,
    0x00, 0x00, 0x1F, 0xFF, 0x07, 0xFF, 0xC0, 0x00, 0x00, 0x1F, 0xFF, 0x07, 0xFF, 0xC0, 0x00, 0x00,
    0x1F, 0xFF, 0x8F, 0xFF, 0xC0, 0x00, 0x00, 0x0F, 0xFF, 0x8F, 0xFF, 0x80, 0x00, 0x00, 0x0F, 0xFF,
    0x8F, 0xFF, 0x80, 0x00, 0x00, 0x0F, 0xFF, 0x8F, 0xFF, 0x80, 0x00, 0x00, 0x0F, 0xFF, 0xDF, 0xFF,
    0x00, 0x00, 0x00, 0x07, 0xFF, 0xDF, 0xFF, 0x00, 0x00, 0x00, 0x07, 0xFF, 0xDF, 0xFF, 0x00, 0x00,
    0x00, 0x07, 0xFF, 0xDF, 0xFE, 0x00, 0x00, 0x00, 0x03, 0xFF, 0xFF, 0xFE, 0x00, 0x00, 0x00, 0x03,
    0xFF, 0xFF, 0xFE, 0x00, 0x00, 0x00, 0x03, 0xFF, 0xFF, 0xFC, 0x00, 0x00, 0x00, 0x01, 0xFF, 0xFF,
    0xFC, 0x00, 0x00, 0x00, 0x01, 0xFF, 0xFF, 0xFC, 0x00, 0x00, 0x00, 0x01, 0xFF, 0xFF, 0xF8, 0x00,
    0x00, 0x00, 0x00, 0xFF, 0xFF, 0xF8, 0x00, 0x00, 0x00, 0x00, 0xFF, 0xFF, 0xF8, 0x00, 0x00, 0x00,
    0x00, 0xFF, 0xFF, 0xF8, 0x00, 0x00, 0x00, 0x00, 0x7F, 0xFF, 0xF0, 0x00, 0x00, 0x00, 0x00, 0x7F,
    0xFF, 0xF0, 0x00, 0x00, 0x00, 0x00, 0x7F, 0xFF, 0xF0, 0x00, 0x00, 0x7F, 0xFF, 0x00, 0x07, 0xFF,
    0xC0, 0x01, 0xFF, 0xFC, 0x3F, 0xFF, 0x00, 0x07, 0xFF, 0xE0, 0x01, 0xFF, 0xFC, 0x3F, 0xFF, 0x80,
    0x07, 0xFF, 0xE0, 0x01, 0xFF, 0xF8, 0x3F, 0xFF, 0x80, 0x0F, 0xFF, 0xE0, 0x01, 0xFF, 0xF8, 0x1F,
    0xFF, 0x80, 0x0F, 0xFF, 0xE0, 0x03, 0xFF, 0xF8, 0x1F, 0xFF, 0x80, 0x0F, 0xFF, 0xE0, 0x03, 0xFF,
    0xF8, 0x1F, 0xFF, 0x80, 0x0F, 0xFF, 0xF0, 0x03, 0xFF, 0xF0, 0x1F, 0xFF, 0xC0, 0x0F, 0xFF, 0xF0,
    0x03, 0xFF, 0xF0, 0x0F, 0xFF, 0xC0, 0x1F, 0xFF, 0xF0, 0x03, 0xFF, 0xF0, 0x0F, 0xFF, 0xC0, 0x1F,
    0xFF, 0xF0, 0x07, 0xFF, 0xE0, 0x0F, 0xFF, 0xC0, 0x1F, 0xFF, 0xF8, 0x07, 0xFF, 0xE0, 0x0F, 0xFF,
    0xC0, 0x1F, 0xFF, 0xF8, 0x07, 0xFF, 0xE0, 0x07, 0xFF, 0xE0, 0x3F, 0xFF, 0xF8, 0x07, 0xFF, 0xE0,
    0x07, 0xFF, 0xE0, 0x3F, 0xFF, 0xF8, 0x07, 0xFF, 0xC0, 0x07, 0xFF, 0xE0, 0x3F, 0xFF, 0xF8, 0x0F,
    0xFF, 0xC0, 0x03, 0xFF, 0xE0, 0x3F, 0xFF, 0xFC, 0x0F, 0xFF, 0xC0, 0x03, 0xFF, 0xE0, 0x7F, 0xFF,
    0xFC, 0x0F, 0xFF, 0xC0, 0x03, 0xFF, 0xF0, 0x7F, 0xFF, 0xFC, 0x0F, 0xFF, 0x80, 0x03, 0xFF, 0xF0,
    0x7F, 0xFF, 0xFC, 0x0F, 0xFF, 0x80, 0x01, 0xFF, 0xF0, 0x7F, 0xEF, 0xFE, 0x1F, 0xFF, 0x80, 0x01,
    0xFF, 0xF0, 0x7F, 0xEF, 0xFE, 0x1F, 0xFF, 0x80, 0x01, 0xFF, 0xF0, 0xFF, 0xEF, 0xFE, 0x1F, 0xFF,
    0x00, 0x01, 0xFF, 0xF8, 0xFF, 0xEF, 0xFE, 0x1F, 0xFF, 0x00, 0x00, 0xFF, 0xF8, 0xFF, 0xE7, 0xFE,
    0x1F, 0xFF, 0x00, 0x00, 0xFF, 0xF8, 0xFF, 0xE7, 0xFF, 0x1F, 0xFF, 0x00, 0x00, 0xFF, 0xF8, 0xFF,
    0xC7, 0xFF, 0x3F, 0xFE, 0x00, 0x00, 0xFF, 0xF8, 0xFF, 0xC7, 0xFF, 0x3F, 0xFE, 0x00, 0x00, 0x7F,
    0xF9, 0xFF, 0xC7, 0xFF, 0x3F, 0xFE, 0x00, 0x00, 0x7F, 0xF9, 0xFF, 0xC3, 0xFF, 0x3F, 0xFE, 0x00,
    0x00, 0x7F, 0xFD, 0xFF, 0xC3, 0xFF, 0x3F, 0xFC, 0x00, 0x00, 0x7F, 0xFD, 0xFF, 0x83, 0xFF, 0x3F,
    0xFC, 0x00, 0x00, 0x3F, 0xFD, 0xFF, 0x83, 0xFF, 0xBF, 0xFC, 0x00, 0x00, 0x3F, 0xFD, 0xFF, 0x83,
    0xFF, 0xFF, 0xFC, 0x00, 0x00, 0x3F, 0xFF, 0xFF, 0x81, 0xFF, 0xFF, 0xF8, 0x00, 0x00, 0x3F, 0xFF,
    0xFF, 0x01, 0xFF, 0xFF, 0xF8, 0x00, 0x00, 0x1F, 0xFF, 0xFF, 0x01, 0xFF, 0xFF, 0xF8, 0x00, 0x00,
    0x1F, 0xFF, 0xFF, 0x01, 0xFF, 0xFF, 0xF0, 0x00, 0x00, 0x1F, 0xFF, 0xFF, 0x00, 0xFF, 0xFF, 0xF0,
    0x00, 0x00, 0x1F, 0xFF, 0xFE, 0x00, 0xFF, 0xFF, 0xF0, 0x00, 0x00, 0x0F, 0xFF, 0xFE, 0x00, 0xFF,
    0xFF, 0xF0, 0x00, 0x00, 0x0F, 0xFF, 0xFE, 0x00, 0xFF, 0xFF, 0xE0, 0x00, 0x00, 0x0F, 0xFF, 0xFE,
    0x00, 0x7F, 0xFF, 0xE0, 0x00, 0x00, 0x07, 0xFF, 0xFE, 0x00, 0x7F, 0xFF, 0xE0, 0x00, 0x00, 0x07,
    0xFF, 0xFC, 0x00, 0x7F, 0xFF, 0xE0, 0x00, 0x00, 0x07, 0xFF, 0xFC, 0x00, 0x7F, 0xFF, 0xC0, 0x00,
    0x00, 0x07, 0xFF, 0xFC, 0x00, 0x3F, 0xFF, 0xC0, 0x00, 0x00, 0x03, 0xFF, 0xFC, 0x00, 0x3F, 0xFF,
    0xC0, 0x00, 0x00, 0x03, 0xFF, 0xF8, 0x00, 0x3F, 0xFF, 0xC0, 0x00, 0x00, 0x03, 0xFF, 0xF8, 0x00,
    0x3F, 0xFF, 0x80, 0x00, 0x1F, 0xFF, 0xE0, 0x00, 0x7F, 0xFF, 0x80, 0x0F, 0xFF, 0xE0, 0x00, 0x7F,
    0xFF, 0x00, 0x07, 0xFF, 0xF0, 0x00, 0xFF, 0xFE, 0x00, 0x03, 0xFF, 0xF8, 0x00, 0xFF, 0xFC, 0x00,
    0x03, 0xFF, 0xF8, 0x01, 0xFF, 0xFC, 0x00, 0x01, 0xFF, 0xFC, 0x03, 0xFF, 0xF8, 0x00, 0x00, 0xFF,
    0xFC, 0x03, 0xFF, 0xF0, 0x00, 0x00, 0xFF, 0xFE, 0x07, 0xFF, 0xF0, 0x00, 0x00, 0x7F, 0xFE, 0x07,
    0xFF, 0xE0, 0x00, 0x00, 0x7F, 0xFF, 0x0F, 0xFF, 0xE0, 0x00, 0x00, 0x3F, 0xFF, 0x0F, 0xFF, 0xC0,
    0x00, 0x00, 0x1F, 0xFF, 0x9F, 0xFF, 0x80, 0x00, 0x00, 0x1F, 0xFF, 0x9F, 0xFF, 0x80, 0x00, 0x00,
    0x0F, 0xFF, 0xFF, 0xFF, 0x00, 0x00, 0x00, 0x07, 0xFF, 0xFF, 0xFE, 0x00, 0x00, 0x00, 0x07, 0xFF,
    0xFF, 0xFE, 0x00, 0x00, 0x00, 0x03, 0xFF, 0xFF, 0xFC, 0x00, 0x00, 0x00, 0x01, 0xFF, 0xFF, 0xF8,
    0x00, 0x00, 0x00, 0x01, 0xFF, 0xFF, 0xF8, 0x00, 0x00, 0x00, 0x00, 0xFF, 0xFF, 0xF0, 0x00, 0x00,
    0x00, 0x00, 0xFF, 0xFF, 0xF0, 0x00, 0x00, 0x00, 0x00, 0x7F, 0xFF, 0xE0, 0x00, 0x00, 0x00, 0x00,
    0x3F, 0xFF, 0xC0, 0x00, 0x00, 0x00, 0x00, 0x3F, 0xFF, 0xC0, 0x00, 0x00, 0x00, 0x00, 0x3F, 0xFF,
    0xC0, 0x00, 0x00, 0x00, 0x00, 0x3F, 0xFF, 0xE0, 0x00, 0x00, 0x00, 0x00, 0x7F, 0xFF, 0xE0, 0x00,
    0x00, 0x00, 0x00, 0xFF, 0xFF, 0xF0, 0x00, 0x00, 0x00, 0x00, 0xFF, 0xFF, 0xF8, 0x00, 0x00, 0x00,
    0x01, 0xFF, 0xFF, 0xF8, 0x00, 0x00, 0x00, 0x03, 0xFF, 0xFF, 0xFC, 0x00, 0x00, 0x00, 0x03, 0xFF,
    0xFF, 0xFE, 0x00, 0x00, 0x00, 0x07, 0xFF, 0xFF, 0xFE, 0x00, 0x00, 0x00, 0x0F, 0xFF, 0xFF, 0xFF,
    0x00, 0x00, 0x00, 0x0F, 0xFF, 0xFF, 0xFF, 0x80, 0x00, 0x00, 0x1F, 0xFF, 0x9F, 0xFF, 0x80, 0x00,
    0x00, 0x3F, 0xFF, 0x9F, 0xFF, 0xC0, 0x00, 0x00, 0x7F, 0xFF, 0x0F, 0xFF, 0xE0, 0x00, 0x00, 0x7F,
    0xFE, 0x0F, 0xFF, 0xE0, 0x00, 0x00, 0xFF, 0xFE, 0x07, 0xFF, 0xF0, 0x00, 0x01, 0xFF, 0xFC, 0x03,
    0xFF, 0xF8, 0x00, 0x01, 0xFF, 0xFC, 0x03, 0xFF, 0xF8, 0x00, 0x03, 0xFF, 0xF8, 0x01, 0xFF, 0xFC,
    0x00, 0x07, 0xFF, 0xF0, 0x01, 0xFF, 0xFE, 0x00, 0x07, 0xFF, 0xF0, 0x00, 0xFF, 0xFE, 0x00, 0x0F,
    0xFF, 0xE0, 0x00, 0x7F, 0xFF, 0x00, 0x1F, 0xFF, 0xC0, 0x00, 0x7F, 0xFF, 0x80, 0x1F, 0xFF, 0xC0,
    0x00, 0x3F, 0xFF, 0x80, 0x7F, 0xFF, 0x80, 0x00, 0x1F, 0xFF, 0xC0, 0x7F, 0xFF, 0x80, 0x00, 0x3F,
    0xFF, 0xC0, 0x3F, 0xFF, 0x80, 0x00, 0x3F, 0xFF, 0x80, 0x1F, 0xFF, 0xC0, 0x00, 0x7F, 0xFF, 0x00,
    0x1F, 0xFF, 0xC0, 0x00, 0x7F, 0xFF, 0x00, 0x0F, 0xFF, 0xE0, 0x00, 0xFF, 0xFE, 0x00, 0x07, 0xFF,
    0xE0, 0x00, 0xFF, 0xFE, 0x00, 0x07, 0xFF, 0xF0, 0x00, 0xFF, 0xFC, 0x00, 0x03, 0xFF, 0xF0, 0x01,
    0xFF, 0xFC, 0x00, 0x03, 0xFF, 0xF8, 0x01, 0xFF, 0xF8, 0x00, 0x01, 0xFF, 0xF8, 0x03, 0xFF, 0xF8,
    0x00, 0x01, 0xFF, 0xFC, 0x03, 0xFF, 0xF0, 0x00, 0x00, 0xFF, 0xFC, 0x07, 0xFF, 0xE0, 0x00, 0x00,
    0xFF, 0xFE, 0x07, 0xFF, 0xE0, 0x00, 0x00, 0x7F, 0xFE, 0x07, 0xFF, 0xC0, 0x00, 0x00, 0x3F, 0xFF,
    0x0F, 0xFF, 0xC0, 0x00, 0x00, 0x3F, 0xFF, 0x0F, 0xFF, 0x80, 0x00, 0x00, 0x1F, 0xFF, 0x1F, 0xFF,
    0x80, 0x00, 0x00, 0x1F, 0xFF, 0x9F, 0xFF, 0x00, 0x00, 0x00, 0x0F, 0xFF, 0x9F, 0xFF, 0x00, 0x00,
    0x00, 0x0F, 0xFF, 0xFF, 0xFE, 0x00, 0x00, 0x00, 0x07, 0xFF, 0xFF, 0xFE, 0x00, 0x00, 0x00, 0x07,
    0xFF, 0xFF, 0xFC, 0x00, 0x00, 0x00, 0x03, 0xFF, 0xFF, 0xFC, 0x00, 0x00, 0x00, 0x01, 0xFF, 0xFF,
    0xF8, 0x00, 0x00, 0x00, 0x01, 0xFF, 0xFF, 0xF0, 0x00, 0x00, 0x00, 0x00, 0xFF, 0xFF, 0xF0, 0x00,
    0x00, 0x00, 0x00, 0xFF, 0xFF, 0xE0, 0x00, 0x00, 0x00, 0x00, 0x7F, 0xFF, 0xE0, 0x00, 0x00, 0x00,
    0x00, 0x7F, 0xFF, 0xC0, 0x00, 0x00, 0x00, 0x00, 0x3F, 0xFF, 0xC0, 0x00, 0x00, 0x00, 0x00, 0x3F,
    0xFF, 0x80, 0x00, 0x00, 0x00, 0x00, 0x1F, 0xFF, 0x80, 0x00, 0x00, 0x00, 0x00, 0x1F, 0xFF, 0x00,
    0x00, 0x00, 0x00, 0x00, 0x1F, 0xFF, 0x00, 0x00, 0x00, 0x00, 0x00, 0x1F, 0xFF, 0x00, 0x00, 0x00,
    0x00, 0x00, 0x1F, 0xFF, 0x00, 0x00, 0x00, 0x00, 0x00, 0x1F, 0xFF, 0x00, 0x00, 0x00, 0x00, 0x00,
    0x1F, 0xFF, 0x00, 0x00, 0x00, 0x00, 0x00, 0x1F, 0xFF, 0x00, 0x00, 0x00, 0x00, 0x00, 0x1F, 0xFF,
    0x00, 0x00, 0x00, 0x00, 0x00, 0x1F, 0xFF, 0x00, 0x00, 0x00, 0x00, 0x00, 0x1F, 0xFF, 0x00, 0x00,
    0x00, 0x00, 0x00, 0x1F, 0xFF, 0x00, 0x00, 0x00, 0x00, 0x00, 0x1F, 0xFF, 0x00, 0x00, 0x00, 0x00,
    0x00, 0x1F, 0xFF, 0x00, 0x00, 0x00, 0x00, 0x00, 0x1F, 0xFF, 0x00, 0x00, 0x00, 0x00, 0x00, 0x1F,
    0xFF, 0x00, 0x00, 0x00, 0x00, 0x00, 0x1F, 0xFF, 0x00, 0x00, 0x00, 0x00, 0x00, 0x1F, 0xFF, 0x00,
    0x00, 0x00, 0x1F, 0xFF, 0xFF, 0xFF, 0xFF, 0xE0, 0x1F, 0xFF, 0xFF, 0xFF, 0xFF, 0xE0, 0x1F, 0xFF,
    0xFF, 0xFF, 0xFF, 0xE0, 0x1F, 0xFF, 0xFF, 0xFF, 0xFF, 0xE0, 0x1F, 0xFF, 0xFF, 0xFF, 0xFF, 0xE0,
    0x1F, 0xFF, 0xFF, 0xFF, 0xFF, 0xE0, 0x1F, 0xFF, 0xFF, 0xFF, 0xFF, 0xE0, 0x1F, 0xFF, 0xFF, 0xFF,
    0xFF, 0xE0, 0x1F, 0xFF, 0xFF, 0xFF, 0xFF, 0xC0, 0x1F, 0xFF, 0xFF, 0xFF, 0xFF, 0x80, 0x1F, 0xFF,
    0xFF, 0xFF, 0xFF, 0x00, 0x00, 0x00, 0x00, 0x3F, 0xFF, 0x00, 0x00, 0x00, 0x00, 0x7F, 0xFE, 0x00,
    0x00, 0x00, 0x00, 0xFF, 0xFC, 0x00, 0x00, 0x00, 0x00, 0xFF, 0xF8, 0x00, 0x00, 0x00, 0x01, 0xFF,
    0xF8, 0x00, 0x00, 0x00, 0x03, 0xFF, 0xF0, 0x00, 0x00, 0x00, 0x07, 0xFF, 0xE0, 0x00, 0x00, 0x00,
    0x0F, 0xFF, 0xC0, 0x00, 0x00, 0x00, 0x0F, 0xFF, 0xC0, 0x00, 0x00, 0x00, 0x1F, 0xFF, 0x80, 0x00,
    0x00, 0x00, 0x3F, 0xFF, 0x00, 0x00, 0x00, 0x00, 0x7F, 0xFE, 0x00, 0x00, 0x00, 0x00, 0x7F, 0xFE,
    0x00, 0x00, 0x00, 0x00, 0xFF, 0xFC, 0x00, 0x00, 0x00, 0x01, 0xFF, 0xF8, 0x00, 0x00, 0x00, 0x03,
    0xFF, 0xF0, 0x00, 0x00, 0x00, 0x03, 0xFF, 0xF0, 0x00, 0x00, 0x00, 0x07, 0xFF, 0xE0, 0x00, 0x00,
    0x00, 0x0F, 0xFF, 0xC0, 0x00, 0x00, 0x00, 0x1F, 0xFF, 0x80, 0x00, 0x00, 0x00, 0x1F, 0xFF, 0x80,
    0x00, 0x00, 0x00, 0x3F, 0xFF, 0x00, 0x00, 0x00, 0x00, 0x7F, 0xFE, 0x00, 0x00, 0x00, 0x00, 0xFF,
    0xFC, 0x00, 0x00, 0x00, 0x00, 0xFF, 0xF8, 0x00, 0x00, 0x00, 0x01, 0xFF, 0xF0, 0x00, 0x00, 0x00,
    0x03, 0xFF, 0xF0, 0x00, 0x00, 0x00, 0x07, 0xFF, 0xFF, 0xFF, 0xFF, 0xC0, 0x07, 0xFF, 0xFF, 0xFF,
    0xFF, 0xC0, 0x0F, 0xFF, 0xFF, 0xFF, 0xFF, 0xC0, 0x1F, 0xFF, 0xFF, 0xFF, 0xFF, 0xC0, 0x1F, 0xFF,
    0xFF, 0xFF, 0xFF, 0xC0, 0x1F, 0xFF, 0xFF, 0xFF, 0xFF, 0xC0, 0x1F, 0xFF, 0xFF, 0xFF, 0xFF, 0xC0,
    0x1F, 0xFF, 0xFF, 0xFF, 0xFF, 0xC0, 0x1F, 0xFF, 0xFF, 0xFF, 0xFF, 0xC0, 0x1F, 0xFF, 0xFF, 0xFF,
    0xFF, 0xC0, 0x1F, 0xFF, 0xFF, 0xFF, 0xFF, 0xC0, 0x07, 0xFF, 0xFE, 0x00, 0x07, 0xFF, 0xFE, 0x00,
    0x07, 0xFF, 0xFE, 0x00, 0x07, 0xFF, 0xFE, 0x00, 0x07, 0xFF, 0xFE, 0x00, 0x07, 0xFF, 0xFE, 0x00,
    0x07, 0xFF, 0xFE, 0x00, 0x07, 0xFF, 0xFE, 0x00, 0x07, 0xFF, 0xFE, 0x00, 0x07, 0xFF, 0xFE, 0x00,
    0x07, 0xFF, 0x80, 0x00, 0x07, 0xFF, 0x80, 0x00, 0x07, 0xFF, 0x80, 0x00, 0x07, 0xFF, 0x80, 0x00,
    0x07, 0xFF, 0x80, 0x00, 0x07, 0xFF, 0x80, 0x00, 0x07, 0xFF, 0x80, 0x00, 0x07, 0xFF, 0x80, 0x00,
    0x07, 0xFF, 0x80, 0x00, 0x07, 0xFF, 0x80, 0x00, 0x07, 0xFF, 0x80, 0x00, 0x07, 0xFF, 0x80, 0x00,
    0x07, 0xFF, 0x80, 0x00, 0x07, 0xFF, 0x80, 0x00, 0x07, 0xFF, 0x80, 0x00, 0x07, 0xFF, 0x80, 0x00,
    0x07, 0xFF, 0x80, 0x00, 0x07, 0xFF, 0x80, 0x00, 0x07, 0xFF, 0x80, 0x00, 0x07, 0xFF, 0x80, 0x00,
    0x07, 0xFF, 0x80, 0x00, 0x07, 0xFF, 0x80, 0x00, 0x07, 0xFF, 0x80, 0x00, 0x07, 0xFF, 0x80, 0x00,
    0x07, 0xFF, 0x80, 0x00, 0x07, 0xFF, 0x80, 0x00, 0x07, 0xFF, 0x80, 0x00, 0x07, 0xFF, 0x80, 0x00,
    0x07, 0xFF, 0x80, 0x00, 0x07, 0xFF, 0x80, 0x00, 0x07, 0xFF, 0x80, 0x00, 0x07, 0xFF, 0x80, 0x00,
    0x07, 0xFF, 0x80, 0x00, 0x07, 0xFF, 0x80, 0x00, 0x07, 0xFF, 0x80, 0x00, 0x07, 0xFF, 0x80, 0x00,
    0x07, 0xFF, 0x80, 0x00, 0x07, 0xFF, 0x80, 0x00, 0x07, 0xFF, 0x80, 0x00, 0x07, 0xFF, 0x80, 0x00,
    0x07, 0xFF, 0x80, 0x00, 0x07, 0xFF, 0xFE, 0x00, 0x07, 0xFF, 0xFE, 0x00, 0x07, 0xFF, 0xFE, 0x00,
    0x07, 0xFF, 0xFE, 0x00, 0x07, 0xFF, 0xFE, 0x00, 0x07, 0xFF, 0xFE, 0x00, 0x07, 0xFF, 0xFE, 0x00,
    0x07, 0xFF, 0xFE, 0x00, 0x07, 0xFF, 0xFE, 0x00, 0x07, 0xFF, 0xFE, 0x00, 0xFF, 0xE0, 0x00, 0x00,
    0x7F, 0xF0, 0x00, 0x00, 0x7F, 0xF0, 0x00, 0x00, 0x7F, 0xF0, 0x00, 0x00, 0x7F, 0xF0, 0x00, 0x00,
    0x3F, 0xF8, 0x00, 0x00, 0x3F, 0xF8, 0x00, 0x00, 0x3F, 0xF8, 0x00, 0x00, 0x1F, 0xF8, 0x00, 0x00,
    0x1F, 0xFC, 0x00, 0x00, 0x1F, 0xFC, 0x00, 0x00, 0x1F, 0xFC, 0x00, 0x00, 0x0F, 0xFE, 0x00, 0x00,
    0x0F, 0xFE, 0x00, 0x00, 0x0F, 0xFE, 0x00, 0x00, 0x0F, 0xFE, 0x00, 0x00, 0x07, 0xFF, 0x00, 0x00,
    0x07, 0xFF, 0x00, 0x00, 0x07, 0xFF, 0x00, 0x00, 0x07, 0xFF, 0x00, 0x00, 0x03, 0xFF, 0x80, 0x00,
    0x03, 0xFF, 0x80, 0x00, 0x03, 0xFF, 0x80, 0x00, 0x03, 0xFF, 0x80, 0x00, 0x01, 0xFF, 0xC0, 0x00,
    0x01, 0xFF, 0xC0, 0x00, 0x01, 0xFF, 0xC0, 0x00, 0x00, 0xFF, 0xC0, 0x00, 0x00, 0xFF, 0xE0, 0x00,
    0x00, 0xFF, 0xE0, 0x00, 0x00, 0xFF, 0xE0, 0x00, 0x00, 0x7F, 0xF0, 0x00, 0x00, 0x7F, 0xF0, 0x00,
    0x00, 0x7F, 0xF0, 0x00, 0x00, 0x7F, 0xF0, 0x00, 0x00, 0x3F, 0xF8, 0x00, 0x00, 0x3F, 0xF8, 0x00,
    0x00, 0x3F, 0xF8, 0x00, 0x00, 0x3F, 0xF8, 0x00, 0x00, 0x1F, 0xFC, 0x00, 0x00, 0x1F, 0xFC, 0x00,
    0x00, 0x1F, 0xFC, 0x00, 0x00, 0x0F, 0xFC, 0x00, 0x00, 0x0F, 0xFE, 0x00, 0x00, 0x0F, 0xFE, 0x00,
    0x00, 0x0F, 0xFE, 0x00, 0x00, 0x07, 0xFF, 0x00, 0x00, 0x07, 0xFF, 0x00, 0x00, 0x07, 0xFF, 0x00,
    0x00, 0x07, 0xFF, 0x00, 0x00, 0x03, 0xFF, 0x80, 0x00, 0x03, 0xFF, 0x80, 0x00, 0x03, 0xFF, 0x80,
    0x00, 0x03, 0xFF, 0x80, 0x00, 0x01, 0xFF, 0xC0, 0x00, 0x01, 0xFF, 0xC0, 0x00, 0x01, 0xFF, 0xC0,
    0x00, 0x01, 0xFF, 0xC0, 0x00, 0x00, 0xFF, 0xE0, 0x1F, 0xFF, 0xF8, 0x00, 0x1F, 0xFF, 0xF8, 0x00,
    0x1F, 0xFF, 0xF8, 0x00, 0x1F, 0xFF, 0xF8, 0x00, 0x1F, 0xFF, 0xF8, 0x00, 0x1F, 0xFF, 0xF8, 0x00,
    0x1F, 0xFF, 0xF8, 0x00, 0x1F, 0xFF, 0xF8, 0x00, 0x1F, 0xFF, 0xF8, 0x00, 0x1F, 0xFF, 0xF8, 0x00,
    0x00, 0xFF, 0xF8, 0x00, 0x00, 0xFF, 0xF8, 0x00, 0x00, 0xFF, 0xF8, 0x00, 0x00, 0xFF, 0xF8, 0x00,
    0x00, 0xFF, 0xF8, 0x00, 0x00, 0xFF, 0xF8, 0x00, 0x00, 0xFF, 0xF8, 0x00, 0x00, 0xFF, 0xF8, 0x00,
    0x00, 0xFF, 0xF8, 0x00, 0x00, 0xFF, 0xF8, 0x00, 0x00, 0xFF, 0xF8, 0x00, 0x00, 0xFF, 0xF8, 0x00,
    0x00, 0xFF, 0xF8, 0x00, 0x00, 0xFF, 0xF8, 0x00, 0x00, 0xFF, 0xF8, 0x00, 0x00, 0xFF, 0xF8, 0x00,
    0x00, 0xFF, 0xF8, 0x00, 0x00, 0xFF, 0xF8, 0x00, 0x00, 0xFF, 0xF8, 0x00, 0x00, 0xFF, 0xF8, 0x00,
    0x00, 0xFF, 0xF8, 0x00, 0x00, 0xFF, 0xF8, 0x00, 0x00, 0xFF, 0xF8, 0x00, 0x00, 0xFF, 0xF8, 0x00,
    0x00, 0xFF, 0xF8, 0x00, 0x00, 0xFF, 0xF8, 0x00, 0x00, 0xFF, 0xF8, 0x00, 0x00, 0xFF, 0xF8, 0x00,
    0x00, 0xFF, 0xF8, 0x00, 0x00, 0xFF, 0xF8, 0x00, 0x00, 0xFF, 0xF8, 0x00, 0x00, 0xFF, 0xF8, 0x00,
    0x00, 0xFF, 0xF8, 0x00, 0x00, 0xFF, 0xF8, 0x00, 0x00, 0xFF, 0xF8, 0x00, 0x00, 0xFF, 0xF8, 0x00,
    0x00, 0xFF, 0xF8, 0x00, 0x00, 0xFF, 0xF8, 0x00, 0x00, 0xFF, 0xF8, 0x00, 0x00, 0xFF, 0xF8, 0x00,
    0x00, 0xFF, 0xF8, 0x00, 0x1F, 0xFF, 0xF8, 0x00, 0x1F, 0xFF, 0xF8, 0x00, 0x1F, 0xFF, 0xF8, 0x00,
    0x1F, 0xFF, 0xF8, 0x00, 0x1F, 0xFF, 0xF8, 0x00, 0x1F, 0xFF, 0xF8, 0x00, 0x1F, 0xFF, 0xF8, 0x00,
    0x1F, 0xFF, 0xF8, 0x00, 0x1F, 0xFF, 0xF8, 0x00, 0x1F, 0xFF, 0xF8, 0x00, 0x00, 0x0F, 0xF8, 0x00,
    0x00, 0x00, 0x1F, 0xFC, 0x00, 0x00, 0x00, 0x1F, 0xFC, 0x00, 0x00, 0x00, 0x1F, 0xFC, 0x00, 0x00,
    0x00, 0x3F, 0xFE, 0x00, 0x00, 0x00, 0x3F, 0xFE, 0x00, 0x00, 0x00, 0x7F, 0xFF, 0x00, 0x00, 0x00,
    0x7F, 0xFF, 0x00, 0x00, 0x00, 0xFF, 0xFF, 0x80, 0x00, 0x00, 0xFF, 0x7F, 0x80, 0x00, 0x01, 0xFF,
    0x7F, 0xC0, 0x00, 0x01, 0xFE, 0x3F, 0xC0, 0x00, 0x03, 0xFE, 0x3F, 0xE0, 0x00, 0x03, 0xFC, 0x1F,
    0xE0, 0x00, 0x07, 0xFC, 0x1F, 0xF0, 0x00, 0x07, 0xF8, 0x0F, 0xF0, 0x00, 0x0F, 0xF8, 0x0F, 0xF8,
    0x00, 0x0F, 0xF8, 0x0F, 0xF8, 0x00, 0x1F, 0xF0, 0x07, 0xF8, 0x00, 0x1F, 0xF0, 0x07, 0xFC, 0x00,
    0x1F, 0xE0, 0x03, 0xFC, 0x00, 0x3F, 0xE0, 0x03, 0xFE, 0x00, 0x00, 0x00, 0x00, 0x00, 0x00, 0x00,
    0x00, 0x00, 0x00, 0x00, 0x00, 0x00, 0x00, 0x00, 0x00, 0x00, 0x00, 0x00, 0x00, 0x00, 0x00, 0x00,
    0x00, 0x00, 0x00, 0x00, 0x00, 0x00, 0x00, 0x00, 0x00, 0x00, 0x00, 0x00, 0x00, 0x00, 0x00, 0x00,
    0x00, 0x00, 0x00, 0x00, 0x00, 0x00, 0x00, 0x00, 0x00, 0x00, 0x00, 0x00, 0x00, 0x00, 0x00, 0x00,
    0x00, 0x00, 0x00, 0x00, 0x00, 0x00, 0x00, 0x00, 0x00, 0x00, 0x00, 0x00, 0x00, 0x00, 0x00, 0x00,
    0x00, 0x00, 0x00, 0x00, 0x00, 0x00, 0x00, 0x00, 0x00, 0x00, 0x00, 0x00, 0x00, 0x00, 0x00, 0x00,
    0x00, 0x00, 0x00, 0x00, 0x00, 0x00, 0x00, 0x00, 0x00, 0x00, 0x00, 0x00, 0x00, 0x00, 0x00, 0x00,
    0x00, 0x00, 0x00, 0x00, 0x00, 0x00, 0x00, 0x00, 0x00, 0x00, 0x00, 0x00, 0x00, 0x00, 0x00, 0x00,
    0x00, 0x00, 0x00, 0x00, 0x00, 0x00, 0x00, 0x00, 0x00, 0x00, 0x00, 0x00, 0x00, 0x00, 0x00, 0x00,
    0x00, 0xFF, 0xFF, 0xFF, 0xFF, 0x80, 0xFF, 0xFF, 0xFF, 0xFF, 0x80, 0xFF, 0xFF, 0xFF, 0xFF, 0x80,
    0xFF, 0xFF, 0xFF, 0xFF, 0x80, 0xFF, 0xFF, 0xFF, 0xFF, 0x80, 0xFF, 0xFF, 0xFF, 0xFF, 0x80, 0xFF,
    0xFF, 0xFF, 0xFF, 0x80, 0xFF, 0xFF, 0xFF, 0xFF, 0x80, 0xFF, 0xFF, 0xFF, 0xFF, 0x80, 0xFF, 0xFF,
    0xFF, 0xFF, 0x80, 0x07, 0xFF, 0x80, 0x00, 0x03, 0xFF, 0x80, 0x00, 0x01, 0xFF, 0xC0, 0x00, 0x00,
    0xFF, 0xC0, 0x00, 0x00, 0xFF, 0xC0, 0x00, 0x00, 0x7F, 0xE0, 0x00, 0x00, 0x3F, 0xE0, 0x00, 0x00,
    0x3F, 0xF0, 0x00, 0x00, 0x1F, 0xF0, 0x00, 0x00, 0x0F, 0xF0, 0x00, 0x00, 0x0F, 0xF8, 0x00, 0x00,
    0x00, 0x00, 0x00, 0x00, 0x00, 0x00, 0x00, 0x00, 0x00, 0x00, 0x00, 0x00, 0x00, 0x00, 0x00, 0x00,
    0x00, 0x00, 0x00, 0x00, 0x00, 0x00, 0x00, 0x00, 0x00, 0x00, 0x00, 0x00, 0x00, 0x00, 0x00, 0x00,
    0x00, 0x00, 0x00, 0x00, 0x00, 0x00, 0x00, 0x00, 0x00, 0x00, 0x00, 0x00, 0x00, 0x00, 0x00, 0x00,
    0x00, 0x00, 0x00, 0x00, 0x00, 0x00, 0x00, 0x00, 0x00, 0x00, 0x00, 0x00, 0x00, 0x00, 0x00, 0x00,
    0x00, 0x00, 0x00, 0x00, 0x00, 0x00, 0x00, 0x00, 0x00, 0x00, 0x00, 0x00, 0x00, 0x00, 0x00, 0x00,
    0x00, 0x00, 0x00, 0x00, 0x00, 0x00, 0x00, 0x00, 0x00, 0x00, 0x00, 0x00, 0x00, 0x00, 0x00, 0x00,
    0x00, 0x00, 0x00, 0x00, 0x00, 0x00, 0x00, 0x00, 0x00, 0x00, 0x00, 0x00, 0x00, 0x00, 0x00, 0x00,
    0x00, 0x00, 0x00, 0x00, 0x00, 0x00, 0x00, 0x00, 0x00, 0x00, 0x00, 0x00, 0x00, 0x00, 0x00, 0x00,
    0x00, 0x00, 0x00, 0x00, 0x00, 0x00, 0x00, 0x00, 0x00, 0x00, 0x00, 0x00, 0x00, 0x00, 0x00, 0x00,
    0x00, 0x00, 0x00, 0x00, 0x00, 0x00, 0x00, 0x00, 0x00, 0x00, 0x00, 0x00, 0x00, 0x00, 0x00, 0x00,
    0x00, 0x00, 0x00, 0x00, 0x03, 0xFF, 0x80, 0x00, 0x00, 0x1F, 0xFF, 0xF0, 0x00, 0x00, 0x7F, 0xFF,
    0xFC, 0x00, 0x01, 0xFF, 0xFF, 0xFF, 0x00, 0x03, 0xFF, 0xFF, 0xFF, 0x80, 0x07, 0xFF, 0xFF, 0xFF,
    0xC0, 0x0F, 0xFF, 0xFF, 0xFF, 0xC0, 0x0F, 0xFF, 0xFF, 0xFF, 0xE0, 0x1F, 0xFF, 0xFF, 0xFF, 0xE0,
    0x1F, 0xFF, 0x83, 0xFF, 0xF0, 0x1F, 0xFE, 0x01, 0xFF, 0xF0, 0x03, 0xFE, 0x01, 0xFF, 0xF0, 0x00,
    0x00, 0x01, 0xFF, 0xF0, 0x00, 0x00, 0x01, 0xFF, 0xF0, 0x00, 0x00, 0x07, 0xFF, 0xF0, 0x00, 0x03,
    0xFF, 0xFF, 0xF0, 0x00, 0x7F, 0xFF, 0xFF, 0xF0, 0x01, 0xFF, 0xFF, 0xFF, 0xF0, 0x07, 0xFF, 0xFF,
    0xFF, 0xF0, 0x0F, 0xFF, 0xFF, 0xFF, 0xF0, 0x1F, 0xFF, 0xFF, 0xFF, 0xF0, 0x1F, 0xFF, 0xFF, 0xFF,
    0xF0, 0x3F, 0xFF, 0xE1, 0xFF, 0xF0, 0x3F, 0xFE, 0x01, 0xFF, 0xF0, 0x3F, 0xFC, 0x01, 0xFF, 0xF0,
    0x3F, 0xFC, 0x01, 0xFF, 0xF0, 0x3F, 0xFC, 0x01, 0xFF, 0xF0, 0x3F, 0xFC, 0x03, 0xFF, 0xF0, 0x3F,
    0xFE, 0x07, 0xFF, 0xF0, 0x3F, 0xFF, 0xFF, 0xFF, 0xF0, 0x3F, 0xFF, 0xFF, 0xFF, 0xF0, 0x3F, 0xFF,
    0xFF, 0xFF, 0xF0, 0x1F, 0xFF, 0xFE, 0xFF, 0xF0, 0x1F, 0xFF, 0xFE, 0xFF, 0xF0, 0x0F, 0xFF, 0xFC,
    0xFF, 0xF0, 0x03, 0xFF, 0xF8, 0xFF, 0xF0, 0x00, 0xFF, 0xE0, 0xFF, 0xF0, 0x00, 0x0C, 0x00, 0x00,
    0x00, 0x1F, 0xFF, 0x00, 0x00, 0x00, 0x00, 0x1F, 0xFF, 0x00, 0x00, 0x00, 0x00, 0x1F, 0xFF, 0x00,
    0x00, 0x00, 0x00, 0x1F, 0xFF, 0x00, 0x00, 0x00, 0x00, 0x1F, 0xFF, 0x00, 0x00, 0x00, 0x00, 0x1F,
    0xFF, 0x00, 0x00, 0x00, 0x00, 0x1F, 0xFF, 0x00, 0x00, 0x00, 0x00, 0x1F, 0xFF, 0x00, 0x00, 0x00,
    0x00, 0x1F, 0xFF, 0x00, 0x00, 0x00, 0x00, 0x1F, 0xFF, 0x00, 0x00, 0x00, 0x00, 0x1F, 0xFF, 0x00,
    0x00, 0x00, 0x00, 0x1F, 0xFF, 0x00, 0x00, 0x00, 0x00, 0x1F, 0xFF, 0x01, 0xFC, 0x00, 0x00, 0x1F,
    0xFF, 0x07, 0xFF, 0x80, 0x00, 0x1F, 0xFF, 0x1F, 0xFF, 0xC0, 0x00, 0x1F, 0xFF, 0x3F, 0xFF, 0xE0,
    0x00, 0x1F, 0xFF, 0x3F, 0xFF, 0xF0, 0x00, 0x1F, 0xFF, 0x7F, 0xFF, 0xF8, 0x00, 0x1F, 0xFF, 0xFF,
    0xFF, 0xFC, 0x00, 0x1F, 0xFF, 0xFF, 0xFF, 0xFC, 0x00, 0x1F, 0xFF, 0xFF, 0xFF, 0xFE, 0x00, 0x1F,
    0xFF, 0xFF, 0xFF, 0xFE, 0x00, 0x1F, 0xFF, 0xE0, 0xFF, 0xFF, 0x00, 0x1F, 0xFF, 0xC0, 0x7F, 0xFF,
    0x00, 0x1F, 0xFF, 0x80, 0x3F, 0xFF, 0x00, 0x1F, 0xFF, 0x80, 0x3F, 0xFF, 0x00, 0x1F, 0xFF, 0x00,
    0x1F, 0xFF, 0x00, 0x1F, 0xFF, 0x00, 0x1F, 0xFF, 0x00, 0x1F, 0xFF, 0x00, 0x1F, 0xFF, 0x80, 0x1F,
    0xFF, 0x00, 0x1F, 0xFF, 0x80, 0x1F, 0xFF, 0x00, 0x1F, 0xFF, 0x80, 0x1F, 0xFF, 0x00, 0x1F, 0xFF,
    0x80, 0x1F, 0xFF, 0x00, 0x1F, 0xFF, 0x80, 0x1F, 0xFF, 0x00, 0x1F, 0xFF, 0x80, 0x1F, 0xFF, 0x00,
    0x1F, 0xFF, 0x00, 0x1F, 0xFF, 0x80, 0x1F, 0xFF, 0x00, 0x1F, 0xFF, 0x80, 0x3F, 0xFF, 0x00, 0x1F,
    0xFF, 0xC0, 0x3F, 0xFF, 0x00, 0x1F, 0xFF, 0xC0, 0x7F, 0xFF, 0x00, 0x1F, 0xFF, 0xF1, 0xFF, 0xFE,
    0x00, 0x1F, 0xFF, 0xFF, 0xFF, 0xFE, 0x00, 0x1F, 0xFF, 0xFF, 0xFF, 0xFE, 0x00, 0x1F, 0xFF, 0xFF,
    0xFF, 0xFC, 0x00, 0x1F, 0xFF, 0x7F, 0xFF, 0xF8, 0x00, 0x1F, 0xFF, 0x7F, 0xFF, 0xF8, 0x00, 0x1F,
    0xFF, 0x3F, 0xFF, 0xF0, 0x00, 0x1F, 0xFF, 0x1F, 0xFF, 0xE0, 0x00, 0x1F, 0xFF, 0x0F, 0xFF, 0x80,
    0x00, 0x1F, 0xFF, 0x07, 0xFE, 0x00, 0x00, 0x00, 0x00, 0x00, 0x20, 0x00, 0x00, 0x00, 0x00, 0xFF,
    0xC0, 0x00, 0x00, 0x0F, 0xFF, 0xF8, 0x00, 0x00, 0x3F, 0xFF, 0xFE, 0x00, 0x00, 0x7F, 0xFF, 0xFF,
    0x00, 0x00, 0xFF, 0xFF, 0xFF, 0x80, 0x01, 0xFF, 0xFF, 0xFF, 0xC0, 0x03, 0xFF, 0xFF, 0xFF, 0xE0,
    0x07, 0xFF, 0xFF, 0xFF, 0xF0, 0x0F, 0xFF, 0xFF, 0xFF, 0xF0, 0x0F, 0xFF, 0xFF, 0xFF, 0xF8, 0x1F,
    0xFF, 0xC1, 0xFF, 0xF8, 0x1F, 0xFF, 0x80, 0xFF, 0xF8, 0x1F, 0xFF, 0x00, 0x7F, 0xFC, 0x1F, 0xFF,
    0x00, 0x7F, 0xFC, 0x3F, 0xFF, 0x00, 0x3F, 0xC0, 0x3F, 0xFE, 0x00, 0x30, 0x00, 0x3F, 0xFE, 0x00,
    0x00, 0x00, 0x3F, 0xFE, 0x00, 0x00, 0x00, 0x3F, 0xFE, 0x00, 0x00, 0x00, 0x3F, 0xFE, 0x00, 0x00,
    0x00, 0x3F, 0xFE, 0x00, 0x00, 0x00, 0x3F, 0xFE, 0x00, 0x00, 0x00, 0x3F, 0xFF, 0x00, 0x3E, 0x00,
    0x3F, 0xFF, 0x00, 0x3F, 0xFC, 0x1F, 0xFF, 0x00, 0x7F, 0xFC, 0x1F, 0xFF, 0x80, 0x7F, 0xFC, 0x1F,
    0xFF, 0xC0, 0xFF, 0xF8, 0x0F, 0xFF, 0xE3, 0xFF, 0xF8, 0x0F, 0xFF, 0xFF, 0xFF, 0xF8, 0x07, 0xFF,
    0xFF, 0xFF, 0xF0, 0x07, 0xFF, 0xFF, 0xFF, 0xF0, 0x03, 0xFF, 0xFF, 0xFF, 0xE0, 0x01, 0xFF, 0xFF,
    0xFF, 0xC0, 0x00, 0xFF, 0xFF, 0xFF, 0x80, 0x00, 0x3F, 0xFF, 0xFF, 0x00, 0x00, 0x1F, 0xFF, 0xFC,
    0x00, 0x00, 0x03, 0xFF, 0xF0, 0x00, 0x00, 0x00, 0x0C, 0x00, 0x00, 0x00, 0x00, 0x00, 0x3F, 0xFE,
    0x00, 0x00, 0x00, 0x00, 0x3F, 0xFE, 0x00, 0x00, 0x00, 0x00, 0x3F, 0xFE, 0x00, 0x00, 0x00, 0x00,
    0x3F, 0xFE, 0x00, 0x00, 0x00, 0x00, 0x3F, 0xFE, 0x00, 0x00, 0x00, 0x00, 0x3F, 0xFE, 0x00, 0x00,
    0x00, 0x00, 0x3F, 0xFE, 0x00, 0x00, 0x00, 0x00, 0x3F, 0xFE, 0x00, 0x00, 0x00, 0x00, 0x3F, 0xFE,
    0x00, 0x00, 0x00, 0x00, 0x3F, 0xFE, 0x00, 0x00, 0x00, 0x00, 0x3F, 0xFE, 0x00, 0x00, 0x00, 0x00,
    0x3F, 0xFE, 0x00, 0x00, 0x07, 0xF0, 0x3F, 0xFE, 0x00, 0x00, 0x3F, 0xFC, 0x3F, 0xFE, 0x00, 0x00,
    0xFF, 0xFE, 0x3F, 0xFE, 0x00, 0x01, 0xFF, 0xFF, 0x3F, 0xFE, 0x00, 0x03, 0xFF, 0xFF, 0xBF, 0xFE,
    0x00, 0x03, 0xFF, 0xFF, 0xFF, 0xFE, 0x00, 0x07, 0xFF, 0xFF, 0xFF, 0xFE, 0x00, 0x0F, 0xFF, 0xFF,
    0xFF, 0xFE, 0x00, 0x0F, 0xFF, 0xFF, 0xFF, 0xFE, 0x00, 0x1F, 0xFF, 0xFF, 0xFF, 0xFE, 0x00, 0x1F,
    0xFF, 0xC1, 0xFF, 0xFE, 0x00, 0x1F, 0xFF, 0x80, 0x7F, 0xFE, 0x00, 0x1F, 0xFF, 0x80, 0x7F, 0xFE,
    0x00, 0x3F, 0xFF, 0x00, 0x3F, 0xFE, 0x00, 0x3F, 0xFF, 0x00, 0x3F, 0xFE, 0x00, 0x3F, 0xFF, 0x00,
    0x3F, 0xFE, 0x00, 0x3F, 0xFE, 0x00, 0x1F, 0xFE, 0x00, 0x3F, 0xFE, 0x00, 0x1F, 0xFE, 0x00, 0x3F,
    0xFE, 0x00, 0x1F, 0xFE, 0x00, 0x3F, 0xFE, 0x00, 0x1F, 0xFE, 0x00, 0x3F, 0xFE, 0x00, 0x1F, 0xFE,
    0x00, 0x3F, 0xFF, 0x00, 0x3F, 0xFE, 0x00, 0x3F, 0xFF, 0x00, 0x3F, 0xFE, 0x00, 0x3F, 0xFF, 0x00,
    0x3F, 0xFE, 0x00, 0x3F, 0xFF, 0x00, 0x3F, 0xFE, 0x00, 0x1F, 0xFF, 0x80, 0x7F, 0xFE, 0x00, 0x1F,
    0xFF, 0xC0, 0xFF, 0xFE, 0x00, 0x1F, 0xFF, 0xF3, 0xFF, 0xFE, 0x00, 0x0F, 0xFF, 0xFF, 0xFF, 0xFE,
    0x00, 0x0F, 0xFF, 0xFF, 0xFF, 0xFE, 0x00, 0x07, 0xFF, 0xFF, 0xFF, 0xFE, 0x00, 0x07, 0xFF, 0xFF,
    0xFF, 0xFE, 0x00, 0x03, 0xFF, 0xFF, 0xFF, 0xFE, 0x00, 0x01, 0xFF, 0xFF, 0xBF, 0xFE, 0x00, 0x00,
    0xFF, 0xFF, 0x3F, 0xFE, 0x00, 0x00, 0x7F, 0xFE, 0x3F, 0xFE, 0x00, 0x00, 0x1F, 0xF8, 0x3F, 0xFE,
    0x00, 0x00, 0x01, 0x80, 0x00, 0x00, 0x00, 0x00, 0x01, 0xFF, 0x80, 0x00, 0x00, 0x0F, 0xFF, 0xF0,
    0x00, 0x00, 0x3F, 0xFF, 0xFC, 0x00, 0x00, 0x7F, 0xFF, 0xFF, 0x00, 0x00, 0xFF, 0xFF, 0xFF, 0x80,
    0x01, 0xFF, 0xFF, 0xFF, 0xC0, 0x03, 0xFF, 0xFF, 0xFF, 0xC0, 0x07, 0xFF, 0xFF, 0xFF, 0xE0, 0x0F,
    0xFF, 0xFF, 0xFF, 0xF0, 0x0F, 0xFF, 0xC1, 0xFF, 0xF0, 0x1F, 0xFF, 0x80, 0xFF, 0xF8, 0x1F, 0xFF,
    0x00, 0x7F, 0xF8, 0x1F, 0xFE, 0x00, 0x7F, 0xF8, 0x1F, 0xFE, 0x00, 0x3F, 0xFC, 0x3F, 0xFE, 0x00,
    0x3F, 0xFC, 0x3F, 0xFF, 0xFF, 0xFF, 0xFC, 0x3F, 0xFF, 0xFF, 0xFF, 0xFC, 0x3F, 0xFF, 0xFF, 0xFF,
    0xFC, 0x3F, 0xFF, 0xFF, 0xFF, 0xFC, 0x3F, 0xFF, 0xFF, 0xFF, 0xFC, 0x3F, 0xFF, 0xFF, 0xFF, 0xFC,
    0x3F, 0xFF, 0xFF, 0xFF, 0xFC, 0x3F, 0xFE, 0x00, 0x00, 0x00, 0x3F, 0xFE, 0x00, 0x00, 0x00, 0x1F,
    0xFE, 0x00, 0x00, 0x00, 0x1F, 0xFE, 0x00, 0x20, 0x00, 0x1F, 0xFF, 0x00, 0x3F, 0xC0, 0x0F, 0xFF,
    0x80, 0xFF, 0xFC, 0x0F, 0xFF, 0xFF, 0xFF, 0xF8, 0x07, 0xFF, 0xFF, 0xFF, 0xF8, 0x07, 0xFF, 0xFF,
    0xFF, 0xF0, 0x03, 0xFF, 0xFF, 0xFF, 0xE0, 0x01, 0xFF, 0xFF, 0xFF, 0xE0, 0x00, 0xFF, 0xFF, 0xFF,
    0xC0, 0x00, 0x7F, 0xFF, 0xFF, 0x00, 0x00, 0x1F, 0xFF, 0xFC, 0x00, 0x00, 0x07, 0xFF, 0xF0, 0x00,
    0x00, 0x00, 0x08, 0x00, 0x00, 0x00, 0x00, 0xFE, 0x00, 0x00, 0x07, 0xFF, 0xF0, 0x00, 0x1F, 0xFF,
    0xE0, 0x00, 0x3F, 0xFF, 0xE0, 0x00, 0x7F, 0xFF, 0xE0, 0x00, 0xFF, 0xFF, 0xE0, 0x00, 0xFF, 0xFF,
    0xC0, 0x01, 0xFF, 0xFF, 0xC0, 0x01, 0xFF, 0xFF, 0xC0, 0x01, 0xFF, 0xFF, 0xC0, 0x03, 0xFF, 0xF0,
    0x00, 0x03, 0xFF, 0xE0, 0x00, 0x03, 0xFF, 0xE0, 0x00, 0x03, 0xFF, 0xE0, 0x00, 0x7F, 0xFF, 0xFF,
    0xC0, 0x7F, 0xFF, 0xFF, 0xC0, 0x7F, 0xFF, 0xFF, 0xC0, 0x7F, 0xFF, 0xFF, 0xC0, 0x7F, 0xFF, 0xFF,
    0xC0, 0x7F, 0xFF, 0xFF, 0xC0, 0x7F, 0xFF, 0xFF, 0xC0, 0x7F, 0xFF, 0xFF, 0xC0, 0x7F, 0xFF, 0xFF,
    0xC0, 0x7F, 0xFF, 0xFF, 0xC0, 0x03, 0xFF, 0xE0, 0x00, 0x03, 0xFF, 0xE0, 0x00, 0x03, 0xFF, 0xE0,
    0x00, 0x03, 0xFF, 0xE0, 0x00, 0x03, 0xFF, 0xE0, 0x00, 0x03, 0xFF, 0xE0, 0x00, 0x03, 0xFF, 0xE0,
    0x00, 0x03, 0xFF, 0xE0, 0x00, 0x03, 0xFF, 0xE0, 0x00, 0x03, 0xFF, 0xE0, 0x00, 0x03, 0xFF, 0xE0,
    0x00, 0x03, 0xFF, 0xE0, 0x00, 0x03, 0xFF, 0xE0, 0x00, 0x03, 0xFF, 0xE0, 0x00, 0x03, 0xFF, 0xE0,
    0x00, 0x03, 0xFF, 0xE0, 0x00, 0x03, 0xFF, 0xE0, 0x00, 0x03, 0xFF, 0xE0, 0x00, 0x03, 0xFF, 0xE0,
    0x00, 0x03, 0xFF, 0xE0, 0x00, 0x03, 0xFF, 0xE0, 0x00, 0x03, 0xFF, 0xE0, 0x00, 0x03, 0xFF, 0xE0,
    0x00, 0x03, 0xFF, 0xE0, 0x00, 0x03, 0xFF, 0xE0, 0x00, 0x03, 0xFF, 0xE0, 0x00, 0x03, 0xFF, 0xE0,
    0x00, 0x00, 0x07, 0xF0, 0x1F, 0xFE, 0x00, 0x00, 0x3F, 0xFC, 0x1F, 0xFE, 0x00, 0x00, 0xFF, 0xFE,
    0x1F, 0xFE, 0x00, 0x01, 0xFF, 0xFF, 0x1F, 0xFE, 0x00, 0x03, 0xFF, 0xFF, 0x9F, 0xFE, 0x00, 0x03,
    0xFF, 0xFF, 0xDF, 0xFE, 0x00, 0x07, 0xFF, 0xFF, 0xDF, 0xFE, 0x00, 0x0F, 0xFF, 0xFF, 0xFF, 0xFE,
    0x00, 0x0F, 0xFF, 0xFF, 0xFF, 0xFE, 0x00, 0x1F, 0xFF, 0xFF, 0xFF, 0xFE, 0x00, 0x1F, 0xFF, 0xC1,
    0xFF, 0xFE, 0x00, 0x1F, 0xFF, 0x80, 0x7F, 0xFE, 0x00, 0x1F, 0xFF, 0x80, 0x7F, 0xFE, 0x00, 0x3F,
    0xFF, 0x00, 0x3F, 0xFE, 0x00, 0x3F, 0xFF, 0x00, 0x3F, 0xFE, 0x00, 0x3F, 0xFF, 0x00, 0x3F, 0xFE,
    0x00, 0x3F, 0xFE, 0x00, 0x1F, 0xFE, 0x00, 0x3F, 0xFE, 0x00, 0x1F, 0xFE, 0x00, 0x3F, 0xFE, 0x00,
    0x1F, 0xFE, 0x00, 0x3F, 0xFE, 0x00, 0x1F, 0xFE, 0x00, 0x3F, 0xFE, 0x00, 0x1F, 0xFE, 0x00, 0x3F,
    0xFF, 0x00, 0x3F, 0xFE, 0x00, 0x3F, 0xFF, 0x00, 0x3F, 0xFE, 0x00, 0x3F, 0xFF, 0x00, 0x3F, 0xFE,
    0x00, 0x3F, 0xFF, 0x80, 0x7F, 0xFE, 0x00, 0x1F, 0xFF, 0x80, 0x7F, 0xFE, 0x00, 0x1F, 0xFF, 0xC0,
    0xFF, 0xFE, 0x00, 0x1F, 0xFF, 0xFF, 0xFF, 0xFE, 0x00, 0x0F, 0xFF, 0xFF, 0xFF, 0xFE, 0x00, 0x0F,
    0xFF, 0xFF, 0xFF, 0xFE, 0x00, 0x07, 0xFF, 0xFF, 0xFF, 0xFE, 0x00, 0x07, 0xFF, 0xFF, 0xDF, 0xFE,
    0x00, 0x03, 0xFF, 0xFF, 0x9F, 0xFE, 0x00, 0x01, 0xFF, 0xFF, 0x1F, 0xFE, 0x00, 0x00, 0xFF, 0xFE,
    0x1F, 0xFE, 0x00, 0x00, 0x3F, 0xFC, 0x1F, 0xFE, 0x00, 0x00, 0x0F, 0xF0, 0x1F, 0xFE, 0x00, 0x00,
    0x00, 0x00, 0x1F, 0xFE, 0x00, 0x00, 0x00, 0x00, 0x3F, 0xFE, 0x00, 0x00, 0x02, 0x00, 0x3F, 0xFE,
    0x00, 0x03, 0xFE, 0x00, 0x7F, 0xFE, 0x00, 0x1F, 0xFF, 0x80, 0xFF, 0xFC, 0x00, 0x0F, 0xFF, 0xFF,
    0xFF, 0xFC, 0x00, 0x0F, 0xFF, 0xFF, 0xFF, 0xF8, 0x00, 0x0F, 0xFF, 0xFF, 0xFF, 0xF8, 0x00, 0x07,
    0xFF, 0xFF, 0xFF, 0xF0, 0x00, 0x03, 0xFF, 0xFF, 0xFF, 0xE0, 0x00, 0x01, 0xFF, 0xFF, 0xFF, 0x80,
    0x00, 0x00, 0x7F, 0xFF, 0xFF, 0x00, 0x00, 0x00, 0x1F, 0xFF, 0xFC, 0x00, 0x00, 0x00, 0x01, 0xFF,
    0xC0, 0x00, 0x00, 0x1F, 0xFF, 0x00, 0x00, 0x00, 0x00, 0x1F, 0xFF, 0x00, 0x00, 0x00, 0x00, 0x1F,
    0xFF, 0x00, 0x00, 0x00, 0x00, 0x1F, 0xFF, 0x00, 0x00, 0x00, 0x00, 0x1F, 0xFF, 0x00, 0x00, 0x00,
    0x00, 0x1F, 0xFF, 0x00, 0x00, 0x00, 0x00, 0x1F, 0xFF, 0x00, 0x00, 0x00, 0x00, 0x1F, 0xFF, 0x00,
    0x00, 0x00, 0x00, 0x1F, 0xFF, 0x00, 0x00, 0x00, 0x00, 0x1F, 0xFF, 0x00, 0x00, 0x00, 0x00, 0x1F,
    0xFF, 0x00, 0x00, 0x00, 0x00, 0x1F, 0xFF, 0x00, 0x00, 0x00, 0x00, 0x1F, 0xFF, 0x01, 0xFE, 0x00,
    0x00, 0x1F, 0xFF, 0x07, 0xFF, 0x80, 0x00, 0x1F, 0xFF, 0x0F, 0xFF, 0xE0, 0x00, 0x1F, 0xFF, 0x1F,
    0xFF, 0xF0, 0x00, 0x1F, 0xFF, 0x3F, 0xFF, 0xF8, 0x00, 0x1F, 0xFF, 0x7F, 0xFF, 0xF8, 0x00, 0x1F,
    0xFF, 0x7F, 0xFF, 0xFC, 0x00, 0x1F, 0xFF, 0xFF, 0xFF, 0xFC, 0x00, 0x1F, 0xFF, 0xFF, 0xFF, 0xFE,
    0x00, 0x1F, 0xFF, 0xFF, 0xFF, 0xFE, 0x00, 0x1F, 0xFF, 0xFF, 0xFF, 0xFE, 0x00, 0x1F, 0xFF, 0xE0,
    0xFF, 0xFE, 0x00, 0x1F, 0xFF, 0xC0, 0x7F, 0xFF, 0x00, 0x1F, 0xFF, 0x80, 0x3F, 0xFF, 0x00, 0x1F,
    0xFF, 0x80, 0x3F, 0xFF, 0x00, 0x1F, 0xFF, 0x00, 0x1F, 0xFF, 0x00, 0x1F, 0xFF, 0x00, 0x1F, 0xFF,
    0x00, 0x1F, 0xFF, 0x00, 0x1F, 0xFF, 0x00, 0x1F, 0xFF, 0x00, 0x1F, 0xFF, 0x00, 0x1F, 0xFF, 0x00,
    0x1F, 0xFF, 0x00, 0x1F, 0xFF, 0x00, 0x1F, 0xFF, 0x00, 0x1F, 0xFF, 0x00, 0x1F, 0xFF, 0x00, 0x1F,
    0xFF, 0x00, 0x1F, 0xFF, 0x00, 0x1F, 0xFF, 0x00, 0x1F, 0xFF, 0x00, 0x1F, 0xFF, 0x00, 0x1F, 0xFF,
    0x00, 0x1F, 0xFF, 0x00, 0x1F, 0xFF, 0x00, 0x1F, 0xFF, 0x00, 0x1F, 0xFF, 0x00, 0x1F, 0xFF, 0x00,
    0x1F, 0xFF, 0x00, 0x1F, 0xFF, 0x00, 0x1F, 0xFF, 0x00, 0x1F, 0xFF, 0x00, 0x1F, 0xFF, 0x00, 0x1F,
    0xFF, 0x00, 0x1F, 0xFF, 0x00, 0x1F, 0xFF, 0x00, 0x1F, 0xFF, 0x00, 0x1F, 0xFF, 0x00, 0x1F, 0xFF,
    0x00, 0x1F, 0xFF, 0x00, 0x1F, 0xFF, 0x00, 0x1F, 0xFF, 0x00, 0x1F, 0xFF, 0x00, 0x1F, 0xFF, 0x00,
    0x1F, 0xFF, 0x00, 0x1F, 0xFF, 0x00, 0x1F, 0xFF, 0x00, 0x01, 0xF0, 0x00, 0x07, 0xFC, 0x00, 0x07,
    0xFE, 0x00, 0x0F, 0xFF, 0x00, 0x0F, 0xFF, 0x00, 0x1F, 0xFF, 0x00, 0x1F, 0xFF, 0x00, 0x0F, 0xFF,
    0x00, 0x0F, 0xFF, 0x00, 0x07, 0xFE, 0x00, 0x07, 0xFC, 0x00, 0x01, 0xF0, 0x00, 0x00, 0x00, 0x00,
    0x00, 0x00, 0x00, 0x00, 0x00, 0x00, 0x1F, 0xFF, 0x00, 0x1F, 0xFF, 0x00, 0x1F, 0xFF, 0x00, 0x1F,
    0xFF, 0x00, 0x1F, 0xFF, 0x00, 0x1F, 0xFF, 0x00, 0x1F, 0xFF, 0x00, 0x1F, 0xFF, 0x00, 0x1F, 0xFF,
    0x00, 0x1F, 0xFF, 0x00, 0x1F, 0xFF, 0x00, 0x1F, 0xFF, 0x00, 0x1F, 0xFF, 0x00, 0x1F, 0xFF, 0x00,
    0x1F, 0xFF, 0x00, 0x1F, 0xFF, 0x00, 0x1F, 0xFF, 0x00, 0x1F, 0xFF, 0x00, 0x1F, 0xFF, 0x00, 0x1F,
    0xFF, 0x00, 0x1F, 0xFF, 0x00, 0x1F, 0xFF, 0x00, 0x1F, 0xFF, 0x00, 0x1F, 0xFF, 0x00, 0x1F, 0xFF,
    0x00, 0x1F, 0xFF, 0x00, 0x1F, 0xFF, 0x00, 0x1F, 0xFF, 0x00, 0x1F, 0xFF, 0x00, 0x1F, 0xFF, 0x00,
    0x1F, 0xFF, 0x00, 0x1F, 0xFF, 0x00, 0x1F, 0xFF, 0x00, 0x1F, 0xFF, 0x00, 0x1F, 0xFF, 0x00, 0x1F,
    0xFF, 0x00, 0x1F, 0xFF, 0x00, 0x00, 0x7C, 0x00, 0x00, 0xFF, 0x00, 0x01, 0xFF, 0x80, 0x03, 0xFF,
    0xC0, 0x03, 0xFF, 0xC0, 0x07, 0xFF, 0xC0, 0x07, 0xFF, 0xC0, 0x03, 0xFF, 0xC0, 0x03, 0xFF, 0xC0,
    0x01, 0xFF, 0x80, 0x00, 0xFF, 0x00, 0x00, 0x7C, 0x00, 0x00, 0x00, 0x00, 0x00, 0x00, 0x00, 0x00,
    0x00, 0x00, 0x07, 0xFF, 0xC0, 0x07, 0xFF, 0xC0, 0x07, 0xFF, 0xC0, 0x07, 0xFF, 0xC0, 0x07, 0xFF,
    0xC0, 0x07, 0xFF, 0xC0, 0x07, 0xFF, 0xC0, 0x07, 0xFF, 0xC0, 0x07, 0xFF, 0xC0, 0x07, 0xFF, 0xC0,
    0x07, 0xFF, 0xC0, 0x07, 0xFF, 0xC0, 0x07, 0xFF, 0xC0, 0x07, 0xFF, 0xC0, 0x07, 0xFF, 0xC0, 0x07,
    0xFF, 0xC0, 0x07, 0xFF, 0xC0, 0x07, 0xFF, 0xC0, 0x07, 0xFF, 0xC0, 0x07, 0xFF, 0xC0, 0x07, 0xFF,
    0xC0, 0x07, 0xFF, 0xC0, 0x07, 0xFF, 0xC0, 0x07, 0xFF, 0xC0, 0x07, 0xFF, 0xC0, 0x07, 0xFF, 0xC0,
    0x07, 0xFF, 0xC0, 0x07, 0xFF, 0xC0, 0x07, 0xFF, 0xC0, 0x07, 0xFF, 0xC0, 0x07, 0xFF, 0xC0, 0x07,
    0xFF, 0xC0, 0x07, 0xFF, 0xC0, 0x07, 0xFF, 0xC0, 0x07, 0xFF, 0xC0, 0x07, 0xFF, 0xC0, 0x07, 0xFF,
    0xC0, 0x07, 0xFF, 0xC0, 0x07, 0xFF, 0xC0, 0x07, 0xFF, 0xC0, 0x0F, 0xFF, 0xC0, 0xFF, 0xFF, 0xC0,
    0xFF, 0xFF, 0xC0, 0xFF, 0xFF, 0xC0, 0xFF, 0xFF, 0x80, 0xFF, 0xFF, 0x80, 0xFF, 0xFF, 0x00, 0xFF,
    0xFE, 0x00, 0xFF, 0xFC, 0x00, 0xFF, 0xF0, 0x00, 0xFF, 0x00, 0x00, 0x1F, 0xFF, 0x00, 0x00, 0x00,
    0x00, 0x1F, 0xFF, 0x00, 0x00, 0x00, 0x00, 0x1F, 0xFF, 0x00, 0x00, 0x00, 0x00, 0x1F, 0xFF, 0x00,
    0x00, 0x00, 0x00, 0x1F, 0xFF, 0x00, 0x00, 0x00, 0x00, 0x1F, 0xFF, 0x00, 0x00, 0x00, 0x00, 0x1F,
    0xFF, 0x00, 0x00, 0x00, 0x00, 0x1F, 0xFF, 0x00, 0x00, 0x00, 0x00, 0x1F, 0xFF, 0x00, 0x00, 0x00,
    0x00, 0x1F, 0xFF, 0x00, 0x00, 0x00, 0x00, 0x1F, 0xFF, 0x00, 0x00, 0x00, 0x00, 0x1F, 0xFF, 0x00,
    0x00, 0x00, 0x00, 0x1F, 0xFF, 0x00, 0x7F, 0xFF, 0x00, 0x1F, 0xFF, 0x00, 0xFF, 0xFE, 0x00, 0x1F,
    0xFF, 0x00, 0xFF, 0xFC, 0x00, 0x1F, 0xFF, 0x01, 0xFF, 0xF8, 0x00, 0x1F, 0xFF, 0x03, 0xFF, 0xF8,
    0x00, 0x1F, 0xFF, 0x03, 0xFF, 0xF0, 0x00, 0x1F, 0xFF, 0x07, 0xFF, 0xE0, 0x00, 0x1F, 0xFF, 0x0F,
    0xFF, 0xC0, 0x00, 0x1F, 0xFF, 0x0F, 0xFF, 0xC0, 0x00, 0x1F, 0xFF, 0x1F, 0xFF, 0x80, 0x00, 0x1F,
    0xFF, 0x3F, 0xFF, 0x00, 0x00, 0x1F, 0xFF, 0x3F, 0xFE, 0x00, 0x00, 0x1F, 0xFF, 0x7F, 0xFE, 0x00,
    0x00, 0x1F, 0xFF, 0xFF, 0xFC, 0x00, 0x00, 0x1F, 0xFF, 0xFF, 0xF8, 0x00, 0x00, 0x1F, 0xFF, 0xFF,
    0xF0, 0x00, 0x00, 0x1F, 0xFF, 0xFF, 0xF0, 0x00, 0x00, 0x1F, 0xFF, 0xFF, 0xF0, 0x00, 0x00, 0x1F,
    0xFF, 0xFF, 0xF8, 0x00, 0x00, 0x1F, 0xFF, 0xFF, 0xFC, 0x00, 0x00, 0x1F, 0xFF, 0xFF, 0xFC, 0x00,
    0x00, 0x1F, 0xFF, 0xFF, 0xFE, 0x00, 0x00, 0x1F, 0xFF, 0xFF, 0xFE, 0x00, 0x00, 0x1F, 0xFF, 0xFF,
    0xFF, 0x00, 0x00, 0x1F, 0xFF, 0xFF, 0xFF, 0x80, 0x00, 0x1F, 0xFF, 0x9F, 0xFF, 0x80, 0x00, 0x1F,
    0xFF, 0x0F, 0xFF, 0xC0, 0x00, 0x1F, 0xFF, 0x0F, 0xFF, 0xC0, 0x00, 0x1F, 0xFF, 0x07, 0xFF, 0xE0,
    0x00, 0x1F, 0xFF, 0x07, 0xFF, 0xF0, 0x00, 0x1F, 0xFF, 0x03, 0xFF, 0xF0, 0x00, 0x1F, 0xFF, 0x03,
    0xFF, 0xF8, 0x00, 0x1F, 0xFF, 0x01, 0xFF, 0xFC, 0x00, 0x1F, 0xFF, 0x00, 0xFF, 0xFC, 0x00, 0x1F,
    0xFF, 0x00, 0xFF, 0xFE, 0x00, 0x1F, 0xFF, 0x00, 0x7F, 0xFE, 0x00, 0x1F, 0xFF, 0x00, 0x7F, 0xFF,
    0x00, 0x1F, 0xFF, 0x00, 0x1F, 0xFF, 0x00, 0x1F, 0xFF, 0x00, 0x1F, 0xFF, 0x00, 0x1F, 0xFF, 0x00,
    0x1F, 0xFF, 0x00, 0x1F, 0xFF, 0x00, 0x1F, 0xFF, 0x00, 0x1F, 0xFF, 0x00, 0x1F, 0xFF, 0x00, 0x1F,
    0xFF, 0x00, 0x1F, 0xFF, 0x00, 0x1F, 0xFF, 0x00, 0x1F, 0xFF, 0x00, 0x1F, 0xFF, 0x00, 0x1F, 0xFF,
    0x00, 0x1F, 0xFF, 0x00, 0x1F, 0xFF, 0x00, 0x1F, 0xFF, 0x00, 0x1F, 0xFF, 0x00, 0x1F, 0xFF, 0x00,
    0x1F, 0xFF, 0x00, 0x1F, 0xFF, 0x00, 0x1F, 0xFF, 0x00, 0x1F, 0xFF, 0x00, 0x1F, 0xFF, 0x00, 0x1F,
    0xFF, 0x00, 0x1F, 0xFF, 0x00, 0x1F, 0xFF, 0x00, 0x1F, 0xFF, 0x00, 0x1F, 0xFF, 0x00, 0x1F, 0xFF,
    0x00, 0x1F, 0xFF, 0x00, 0x1F, 0xFF, 0x00, 0x1F, 0xFF, 0x00, 0x1F, 0xFF, 0x00, 0x1F, 0xFF, 0x00,
    0x1F, 0xFF, 0x00, 0x1F, 0xFF, 0x00, 0x1F, 0xFF, 0x00, 0x1F, 0xFF, 0x00, 0x1F, 0xFF, 0x00, 0x1F,
    0xFF, 0x00, 0x1F, 0xFF, 0x00, 0x1F, 0xFF, 0x00, 0x1F, 0xFF, 0x00, 0x1F, 0xFF, 0x00, 0x1F, 0xFF,
    0x00, 0x1F, 0xFF, 0x00, 0x1F, 0xFE, 0x01, 0xF8, 0x00, 0x0F, 0xE0, 0x00, 0x1F, 0xFE, 0x07, 0xFE,
    0x00, 0x7F, 0xF8, 0x00, 0x1F, 0xFE, 0x1F, 0xFF, 0x00, 0xFF, 0xFE, 0x00, 0x1F, 0xFE, 0x3F, 0xFF,
    0x81, 0xFF, 0xFF, 0x00, 0x1F, 0xFF, 0x7F, 0xFF, 0xC3, 0xFF, 0xFF, 0x80, 0x1F, 0xFF, 0x7F, 0xFF,
    0xC7, 0xFF, 0xFF, 0x80, 0x1F, 0xFF, 0xFF, 0xFF, 0xEF, 0xFF, 0xFF, 0xC0, 0x1F, 0xFF, 0xFF, 0xFF,
    0xEF, 0xFF, 0xFF, 0xC0, 0x1F, 0xFF, 0xFF, 0xFF, 0xFF, 0xFF, 0xFF, 0xE0, 0x1F, 0xFF, 0xFF, 0xFF,
    0xFF, 0xFF, 0xFF, 0xE0, 0x1F, 0xFF, 0xE3, 0xFF, 0xFF, 0x1F, 0xFF, 0xE0, 0x1F, 0xFF, 0xC0, 0xFF,
    0xFE, 0x07, 0xFF, 0xE0, 0x1F, 0xFF, 0x80, 0xFF, 0xFC, 0x07, 0xFF, 0xE0, 0x1F, 0xFF, 0x00, 0x7F,
    0xFC, 0x03, 0xFF, 0xE0, 0x1F, 0xFF, 0x00, 0x7F, 0xF8, 0x03, 0xFF, 0xE0, 0x1F, 0xFF, 0x00, 0x7F,
    0xF8, 0x03, 0xFF, 0xE0, 0x1F, 0xFF, 0x00, 0x7F, 0xF8, 0x03, 0xFF, 0xE0, 0x1F, 0xFF, 0x00, 0x7F,
    0xF8, 0x03, 0xFF, 0xE0, 0x1F, 0xFF, 0x00, 0x7F, 0xF8, 0x03, 0xFF, 0xE0, 0x1F, 0xFF, 0x00, 0x7F,
    0xF8, 0x03, 0xFF, 0xE0, 0x1F, 0xFF, 0x00, 0x7F, 0xF8, 0x03, 0xFF, 0xE0, 0x1F, 0xFF, 0x00, 0x7F,
    0xF8, 0x03, 0xFF, 0xE0, 0x1F, 0xFF, 0x00, 0x7F, 0xF8, 0x03, 0xFF, 0xE0, 0x1F, 0xFF, 0x00, 0x7F,
    0xF8, 0x03, 0xFF, 0xE0, 0x1F, 0xFF, 0x00, 0x7F, 0xF8, 0x03, 0xFF, 0xE0, 0x1F, 0xFF, 0x00, 0x7F,
    0xF8, 0x03, 0xFF, 0xE0, 0x1F, 0xFF, 0x00, 0x7F, 0xF8, 0x03, 0xFF, 0xE0, 0x1F, 0xFF, 0x00, 0x7F,
    0xF8, 0x03, 0xFF, 0xE0, 0x1F, 0xFF, 0x00, 0x7F, 0xF8, 0x03, 0xFF, 0xE0, 0x1F, 0xFF, 0x00, 0x7F,
    0xF8, 0x03, 0xFF, 0xE0, 0x1F, 0xFF, 0x00, 0x7F, 0xF8, 0x03, 0xFF, 0xE0, 0x1F, 0xFF, 0x00, 0x7F,
    0xF8, 0x03, 0xFF, 0xE0, 0x1F, 0xFF, 0x00, 0x7F, 0xF8, 0x03, 0xFF, 0xE0, 0x1F, 0xFF, 0x00, 0x7F,
    0xF8, 0x03, 0xFF, 0xE0, 0x1F, 0xFF, 0x00, 0x7F, 0xF8, 0x03, 0xFF, 0xE0, 0x1F, 0xFF, 0x00, 0x7F,
    0xF8, 0x03, 0xFF, 0xE0, 0x1F, 0xFF, 0x00, 0x7F, 0xF8, 0x03, 0xFF, 0xE0, 0x1F, 0xFE, 0x01, 0xFE,
    0x00, 0x00, 0x1F, 0xFE, 0x07, 0xFF, 0x80, 0x00, 0x1F, 0xFF, 0x0F, 0xFF, 0xE0, 0x00, 0x1F, 0xFF,
    0x1F, 0xFF, 0xF0, 0x00, 0x1F, 0xFF, 0x3F, 0xFF, 0xF8, 0x00, 0x1F, 0xFF, 0x7F, 0xFF, 0xF8, 0x00,
    0x1F, 0xFF, 0x7F, 0xFF, 0xFC, 0x00, 0x1F, 0xFF, 0xFF, 0xFF, 0xFC, 0x00, 0x1F, 0xFF, 0xFF, 0xFF,
    0xFE, 0x00, 0x1F, 0xFF, 0xFF, 0xFF, 0xFE, 0x00, 0x1F, 0xFF, 0xFF, 0xFF, 0xFE, 0x00, 0x1F, 0xFF,
    0xE0, 0xFF, 0xFE, 0x00, 0x1F, 0xFF, 0xC0, 0x7F, 0xFF, 0x00, 0x1F, 0xFF, 0x80, 0x3F, 0xFF, 0x00,
    0x1F, 0xFF, 0x80, 0x3F, 0xFF, 0x00, 0x1F, 0xFF, 0x00, 0x1F, 0xFF, 0x00, 0x1F, 0xFF, 0x00, 0x1F,
    0xFF, 0x00, 0x1F, 0xFF, 0x00, 0x1F, 0xFF, 0x00, 0x1F, 0xFF, 0x00, 0x1F, 0xFF, 0x00, 0x1F, 0xFF,
    0x00, 0x1F, 0xFF, 0x00, 0x1F, 0xFF, 0x00, 0x1F, 0xFF, 0x00, 0x1F, 0xFF, 0x00, 0x1F, 0xFF, 0x00,
    0x1F, 0xFF, 0x00, 0x1F, 0xFF, 0x00, 0x1F, 0xFF, 0x00, 0x1F, 0xFF, 0x00, 0x1F, 0xFF, 0x00, 0x1F,
    0xFF, 0x00, 0x1F, 0xFF, 0x00, 0x1F, 0xFF, 0x00, 0x1F, 0xFF, 0x00, 0x1F, 0xFF, 0x00, 0x1F, 0xFF,
    0x00, 0x1F, 0xFF, 0x00, 0x1F, 0xFF, 0x00, 0x1F, 0xFF, 0x00, 0x1F, 0xFF, 0x00, 0x1F, 0xFF, 0x00,
    0x1F, 0xFF, 0x00, 0x1F, 0xFF, 0x00, 0x1F, 0xFF, 0x00, 0x1F, 0xFF, 0x00, 0x1F, 0xFF, 0x00, 0x1F,
    0xFF, 0x00, 0x1F, 0xFF, 0x00, 0x1F, 0xFF, 0x00, 0x1F, 0xFF, 0x00, 0x1F, 0xFF, 0x00, 0x1F, 0xFF,
    0x00, 0x1F, 0xFF, 0x00, 0x1F, 0xFF, 0x00, 0x1F, 0xFF, 0x00, 0x00, 0x00, 0xFF, 0xC0, 0x00, 0x00,
    0x00, 0x0F, 0xFF, 0xF8, 0x00, 0x00, 0x00, 0x3F, 0xFF, 0xFE, 0x00, 0x00, 0x00, 0x7F, 0xFF, 0xFF,
    0x00, 0x00, 0x00, 0xFF, 0xFF, 0xFF, 0xC0, 0x00, 0x01, 0xFF, 0xFF, 0xFF, 0xE0, 0x00, 0x03, 0xFF,
    0xFF, 0xFF, 0xE0, 0x00, 0x07, 0xFF, 0xFF, 0xFF, 0xF0, 0x00, 0x0F, 0xFF, 0xFF, 0xFF, 0xF8, 0x00,
    0x0F, 0xFF, 0xFF, 0xFF, 0xF8, 0x00, 0x1F, 0xFF, 0xC1, 0xFF, 0xFC, 0x00, 0x1F, 0xFF, 0x80, 0xFF,
    0xFC, 0x00, 0x1F, 0xFF, 0x00, 0x7F, 0xFC, 0x00, 0x1F, 0xFF, 0x00, 0x7F, 0xFE, 0x00, 0x3F, 0xFF,
    0x00, 0x3F, 0xFE, 0x00, 0x3F, 0xFE, 0x00, 0x3F, 0xFE, 0x00, 0x3F, 0xFE, 0x00, 0x3F, 0xFE, 0x00,
    0x3F, 0xFE, 0x00, 0x3F, 0xFE, 0x00, 0x3F, 0xFE, 0x00, 0x3F, 0xFE, 0x00, 0x3F, 0xFE, 0x00, 0x3F,
    0xFE, 0x00, 0x3F, 0xFE, 0x00, 0x3F, 0xFE, 0x00, 0x3F, 0xFE, 0x00, 0x3F, 0xFE, 0x00, 0x3F, 0xFF,
    0x00, 0x3F, 0xFE, 0x00, 0x3F, 0xFF, 0x00, 0x7F, 0xFE, 0x00, 0x1F, 0xFF, 0x00, 0x7F, 0xFE, 0x00,
    0x1F, 0xFF, 0x80, 0xFF, 0xFC, 0x00, 0x1F, 0xFF, 0xC0, 0xFF, 0xFC, 0x00, 0x0F, 0xFF, 0xE3, 0xFF,
    0xFC, 0x00, 0x0F, 0xFF, 0xFF, 0xFF, 0xF8, 0x00, 0x07, 0xFF, 0xFF, 0xFF, 0xF8, 0x00, 0x07, 0xFF,
    0xFF, 0xFF, 0xF0, 0x00, 0x03, 0xFF, 0xFF, 0xFF, 0xE0, 0x00, 0x01, 0xFF, 0xFF, 0xFF, 0xC0, 0x00,
    0x00, 0xFF, 0xFF, 0xFF, 0x80, 0x00, 0x00, 0x3F, 0xFF, 0xFF, 0x00, 0x00, 0x00, 0x1F, 0xFF, 0xFC,
    0x00, 0x00, 0x00, 0x03, 0xFF, 0xE0, 0x00, 0x00, 0x00, 0x00, 0x08, 0x00, 0x00, 0x00, 0x1F, 0xFF,
    0x01, 0xFC, 0x00, 0x00, 0x1F, 0xFF, 0x07, 0xFF, 0x80, 0x00, 0x1F, 0xFF, 0x1F, 0xFF, 0xC0, 0x00,
    0x1F, 0xFF, 0x3F, 0xFF, 0xE0, 0x00, 0x1F, 0xFF, 0x7F, 0xFF, 0xF0, 0x00, 0x1F, 0xFF, 0x7F, 0xFF,
    0xF8, 0x00, 0x1F, 0xFF, 0xFF, 0xFF, 0xFC, 0x00, 0x1F, 0xFF, 0xFF, 0xFF, 0xFC, 0x00, 0x1F, 0xFF,
    0xFF, 0xFF, 0xFE, 0x00, 0x1F, 0xFF, 0xFF, 0xFF, 0xFE, 0x00, 0x1F, 0xFF, 0xE0, 0xFF, 0xFF, 0x00,
    0x1F, 0xFF, 0xC0, 0x7F, 0xFF, 0x00, 0x1F, 0xFF, 0x80, 0x3F, 0xFF, 0x00, 0x1F, 0xFF, 0x80, 0x3F,
    0xFF, 0x00, 0x1F, 0xFF, 0x00, 0x1F, 0xFF, 0x00, 0x1F, 0xFF, 0x00, 0x1F, 0xFF, 0x00, 0x1F, 0xFF,
    0x00, 0x1F, 0xFF, 0x80, 0x1F, 0xFF, 0x00, 0x1F, 0xFF, 0x80, 0x1F, 0xFF, 0x00, 0x1F, 0xFF, 0x80,
    0x1F, 0xFF, 0x00, 0x1F, 0xFF, 0x80, 0x1F, 0xFF, 0x00, 0x1F, 0xFF, 0x80, 0x1F, 0xFF, 0x00, 0x1F,
    0xFF, 0x80, 0x1F, 0xFF, 0x00, 0x1F, 0xFF, 0x00, 0x1F, 0xFF, 0x80, 0x1F, 0xFF, 0x00, 0x1F, 0xFF,
    0x80, 0x3F, 0xFF, 0x00, 0x1F, 0xFF, 0xC0, 0x3F, 0xFF, 0x00, 0x1F, 0xFF, 0xC0, 0x7F, 0xFF, 0x00,
    0x1F, 0xFF, 0xF1, 0xFF, 0xFE, 0x00, 0x1F, 0xFF, 0xFF, 0xFF, 0xFE, 0x00, 0x1F, 0xFF, 0xFF, 0xFF,
    0xFE, 0x00, 0x1F, 0xFF, 0xFF, 0xFF, 0xFC, 0x00, 0x1F, 0xFF, 0x7F, 0xFF, 0xF8, 0x00, 0x1F, 0xFF,
    0x7F, 0xFF, 0xF8, 0x00, 0x1F, 0xFF, 0x3F, 0xFF, 0xF0, 0x00, 0x1F, 0xFF, 0x1F, 0xFF, 0xE0, 0x00,
    0x1F, 0xFF, 0x0F, 0xFF, 0x80, 0x00, 0x1F, 0xFF, 0x07, 0xFE, 0x00, 0x00, 0x1F, 0xFF, 0x00, 0x20,
    0x00, 0x00, 0x1F, 0xFF, 0x00, 0x00, 0x00, 0x00, 0x1F, 0xFF, 0x00, 0x00, 0x00, 0x00, 0x1F, 0xFF,
    0x00, 0x00, 0x00, 0x00, 0x1F, 0xFF, 0x00, 0x00, 0x00, 0x00, 0x1F, 0xFF, 0x00, 0x00, 0x00, 0x00,
    0x1F, 0xFF, 0x00, 0x00, 0x00, 0x00, 0x1F, 0xFF, 0x00, 0x00, 0x00, 0x00, 0x1F, 0xFF, 0x00, 0x00,
    0x00, 0x00, 0x1F, 0xFF, 0x00, 0x00, 0x00, 0x00, 0x1F, 0xFF, 0x00, 0x00, 0x00, 0x00, 0x1F, 0xFF,
    0x00, 0x00, 0x00, 0x00, 0x1F, 0xFF, 0x00, 0x00, 0x00, 0x00, 0x1F, 0xFF, 0x00, 0x00, 0x00, 0x00,
    0x00, 0x07, 0xF0, 0x3F, 0xFE, 0x00, 0x00, 0x3F, 0xFC, 0x3F, 0xFE, 0x00, 0x00, 0xFF, 0xFE, 0x3F,
    0xFE, 0x00, 0x01, 0xFF, 0xFF, 0x3F, 0xFE, 0x00, 0x03, 0xFF, 0xFF, 0xBF, 0xFE, 0x00, 0x03, 0xFF,
    0xFF, 0xFF, 0xFE, 0x00, 0x07, 0xFF, 0xFF, 0xFF, 0xFE, 0x00, 0x0F, 0xFF, 0xFF, 0xFF, 0xFE, 0x00,
    0x0F, 0xFF, 0xFF, 0xFF, 0xFE, 0x00, 0x1F, 0xFF, 0xFF, 0xFF, 0xFE, 0x00, 0x1F, 0xFF, 0xC1, 0xFF,
    0xFE, 0x00, 0x1F, 0xFF, 0x80, 0x7F, 0xFE, 0x00, 0x1F, 0xFF, 0x80, 0x7F, 0xFE, 0x00, 0x3F, 0xFF,
    0x00, 0x3F, 0xFE, 0x00, 0x3F, 0xFF, 0x00, 0x3F, 0xFE, 0x00, 0x3F, 0xFF, 0x00, 0x3F, 0xFE, 0x00,
    0x3F, 0xFE, 0x00, 0x1F, 0xFE, 0x00, 0x3F, 0xFE, 0x00, 0x1F, 0xFE, 0x00, 0x3F, 0xFE, 0x00, 0x1F,
    0xFE, 0x00, 0x3F, 0xFE, 0x00, 0x1F, 0xFE, 0x00, 0x3F, 0xFE, 0x00, 0x1F, 0xFE, 0x00, 0x3F, 0xFF,
    0x00, 0x3F, 0xFE, 0x00, 0x3F, 0xFF, 0x00, 0x3F, 0xFE, 0x00, 0x3F, 0xFF, 0x00, 0x3F, 0xFE, 0x00,
    0x3F, 0xFF, 0x00, 0x3F, 0xFE, 0x00, 0x1F, 0xFF, 0x80, 0x7F, 0xFE, 0x00, 0x1F, 0xFF, 0xC0, 0xFF,
    0xFE, 0x00, 0x1F, 0xFF, 0xF3, 0xFF, 0xFE, 0x00, 0x0F, 0xFF, 0xFF, 0xFF, 0xFE, 0x00, 0x0F, 0xFF,
    0xFF, 0xFF, 0xFE, 0x00, 0x07, 0xFF, 0xFF, 0xFF, 0xFE, 0x00, 0x07, 0xFF, 0xFF, 0xFF, 0xFE, 0x00,
    0x03, 0xFF, 0xFF, 0xFF, 0xFE, 0x00, 0x01, 0xFF, 0xFF, 0xBF, 0xFE, 0x00, 0x00, 0xFF, 0xFF, 0x3F,
    0xFE, 0x00, 0x00, 0x7F, 0xFE, 0x3F, 0xFE, 0x00, 0x00, 0x1F, 0xF8, 0x3F, 0xFE, 0x00, 0x00, 0x01,
    0x80, 0x3F, 0xFE, 0x00, 0x00, 0x00, 0x00, 0x3F, 0xFE, 0x00, 0x00, 0x00, 0x00, 0x3F, 0xFE, 0x00,
    0x00, 0x00, 0x00, 0x3F, 0xFE, 0x00, 0x00, 0x00, 0x00, 0x3F, 0xFE, 0x00, 0x00, 0x00, 0x00, 0x3F,
    0xFE, 0x00, 0x00, 0x00, 0x00, 0x3F, 0xFE, 0x00, 0x00, 0x00, 0x00, 0x3F, 0xFE, 0x00, 0x00, 0x00,
    0x00, 0x3F, 0xFE, 0x00, 0x00, 0x00, 0x00, 0x3F, 0xFE, 0x00, 0x00, 0x00, 0x00, 0x3F, 0xFE, 0x00,
    0x00, 0x00, 0x00, 0x3F, 0xFE, 0x00, 0x00, 0x00, 0x00, 0x3F, 0xFE, 0x00, 0x00, 0x00, 0x00, 0x3F,
    0xFE, 0x00, 0x1F, 0xFF, 0x03, 0xF0, 0x1F, 0xFF, 0x0F, 0xF0, 0x1F, 0xFF, 0x1F, 0xF0, 0x1F, 0xFF,
    0x3F, 0xF0, 0x1F, 0xFF, 0x7F, 0xF0, 0x1F, 0xFF, 0x7F, 0xF0, 0x1F, 0xFF, 0xFF, 0xF0, 0x1F, 0xFF,
    0xFF, 0xF0, 0x1F, 0xFF, 0xFF, 0xF0, 0x1F, 0xFF, 0xFF, 0xF0, 0x1F, 0xFF, 0xFF, 0xF0, 0x1F, 0xFF,
    0xF0, 0x10, 0x1F, 0xFF, 0xE0, 0x00, 0x1F, 0xFF, 0xC0, 0x00, 0x1F, 0xFF, 0x80, 0x00, 0x1F, 0xFF,
    0x80, 0x00, 0x1F, 0xFF, 0x00, 0x00, 0x1F, 0xFF, 0x00, 0x00, 0x1F, 0xFF, 0x00, 0x00, 0x1F, 0xFF,
    0x00, 0x00, 0x1F, 0xFF, 0x00, 0x00, 0x1F, 0xFF, 0x00, 0x00, 0x1F, 0xFF, 0x00, 0x00, 0x1F, 0xFF,
    0x00, 0x00, 0x1F, 0xFF, 0x00, 0x00, 0x1F, 0xFF, 0x00, 0x00, 0x1F, 0xFF, 0x00, 0x00, 0x1F, 0xFF,
    0x00, 0x00, 0x1F, 0xFF, 0x00, 0x00, 0x1F, 0xFF, 0x00, 0x00, 0x1F, 0xFF, 0x00, 0x00, 0x1F, 0xFF,
    0x00, 0x00, 0x1F, 0xFF, 0x00, 0x00, 0x1F, 0xFF, 0x00, 0x00, 0x1F, 0xFF, 0x00, 0x00, 0x1F, 0xFF,
    0x00, 0x00, 0x1F, 0xFF, 0x00, 0x00, 0x00, 0x07, 0xFF, 0x80, 0x00, 0x00, 0x3F, 0xFF, 0xF0, 0x00,
    0x00, 0xFF, 0xFF, 0xFC, 0x00, 0x03, 0xFF, 0xFF, 0xFF, 0x00, 0x07, 0xFF, 0xFF, 0xFF, 0x80, 0x0F,
    0xFF, 0xFF, 0xFF, 0xC0, 0x0F, 0xFF, 0xFF, 0xFF, 0xC0, 0x1F, 0xFF, 0xFF, 0xFF, 0xE0, 0x1F, 0xFF,
    0xFF, 0xFF, 0xE0, 0x1F, 0xFF, 0x83, 0xFF, 0xF0, 0x1F, 0xFF, 0x00, 0xFF, 0xF0, 0x1F, 0xFE, 0x00,
    0xFE, 0x00, 0x1F, 0xFF, 0x00, 0x00, 0x00, 0x1F, 0xFF, 0x80, 0x00, 0x00, 0x1F, 0xFF, 0xFC, 0x00,
    0x00, 0x1F, 0xFF, 0xFF, 0xF0, 0x00, 0x0F, 0xFF, 0xFF, 0xFE, 0x00, 0x0F, 0xFF, 0xFF, 0xFF, 0x80,
    0x07, 0xFF, 0xFF, 0xFF, 0xC0, 0x03, 0xFF, 0xFF, 0xFF, 0xE0, 0x00, 0xFF, 0xFF, 0xFF, 0xF0, 0x00,
    0x3F, 0xFF, 0xFF, 0xF0, 0x00, 0x03, 0xFF, 0xFF, 0xF8, 0x00, 0x00, 0x1F, 0xFF, 0xF8, 0x00, 0x1C,
    0x01, 0xFF, 0xF8, 0x0F, 0xFC, 0x00, 0xFF, 0xF8, 0x3F, 0xFE, 0x00, 0xFF, 0xF8, 0x3F, 0xFF, 0x01,
    0xFF, 0xF8, 0x3F, 0xFF, 0xFF, 0xFF, 0xF8, 0x1F, 0xFF, 0xFF, 0xFF, 0xF0, 0x1F, 0xFF, 0xFF, 0xFF,
    0xF0, 0x0F, 0xFF, 0xFF, 0xFF, 0xE0, 0x07, 0xFF, 0xFF, 0xFF, 0xC0, 0x03, 0xFF, 0xFF, 0xFF, 0x80,
    0x01, 0xFF, 0xFF, 0xFE, 0x00, 0x00, 0x7F, 0xFF, 0xFC, 0x00, 0x00, 0x0F, 0xFF, 0xE0, 0x00, 0x00,
    0x00, 0x30, 0x00, 0x00, 0x07, 0xFF, 0xC0, 0x00, 0x07, 0xFF, 0xC0, 0x00, 0x07, 0xFF, 0xC0, 0x00,
    0x07, 0xFF, 0xC0, 0x00, 0x07, 0xFF, 0xC0, 0x00, 0x07, 0xFF, 0xC0, 0x00, 0x07, 0xFF, 0xC0, 0x00,
    0x07, 0xFF, 0xC0, 0x00, 0x07, 0xFF, 0xC0, 0x00, 0x7F, 0xFF, 0xFF, 0x00, 0x7F, 0xFF, 0xFF, 0x00,
    0x7F, 0xFF, 0xFF, 0x00, 0x7F, 0xFF, 0xFF, 0x00, 0x7F, 0xFF, 0xFF, 0x00, 0x7F, 0xFF, 0xFF, 0x00,
    0x7F, 0xFF, 0xFF, 0x00, 0x7F, 0xFF, 0xFF, 0x00, 0x7F, 0xFF, 0xFF, 0x00, 0x7F, 0xFF, 0xFF, 0x00,
    0x07, 0xFF, 0xC0, 0x00, 0x07, 0xFF, 0xC0, 0x00, 0x07, 0xFF, 0xC0, 0x00, 0x07, 0xFF, 0xC0, 0x00,
    0x07, 0xFF, 0xC0, 0x00, 0x07, 0xFF, 0xC0, 0x00, 0x07, 0xFF, 0xC0, 0x00, 0x07, 0xFF, 0xC0, 0x00,
    0x07, 0xFF, 0xC0, 0x00, 0x07, 0xFF, 0xC0, 0x00, 0x07, 0xFF, 0xC0, 0x00, 0x07, 0xFF, 0xC0, 0x00,
    0x07, 0xFF, 0xC0, 0x00, 0x07, 0xFF, 0xC0, 0x00, 0x07, 0xFF, 0xC0, 0x00, 0x07, 0xFF, 0xC0, 0x00,
    0x07, 0xFF, 0xC0, 0x00, 0x07, 0xFF, 0xE1, 0x00, 0x07, 0xFF, 0xFF, 0x00, 0x07, 0xFF, 0xFF, 0x00,
    0x03, 0xFF, 0xFF, 0x00, 0x03, 0xFF, 0xFF, 0x00, 0x01, 0xFF, 0xFF, 0x80, 0x01, 0xFF, 0xFF, 0x80,
    0x00, 0xFF, 0xFF, 0x80, 0x00, 0x7F, 0xFF, 0x80, 0x00, 0x1F, 0xFF, 0x80, 0x00, 0x00, 0xC0, 0x00,
    0x1F, 0xFF, 0x00, 0x1F, 0xFF, 0x00, 0x1F, 0xFF, 0x00, 0x1F, 0xFF, 0x00, 0x1F, 0xFF, 0x00, 0x1F,
    0xFF, 0x00, 0x1F, 0xFF, 0x00, 0x1F, 0xFF, 0x00, 0x1F, 0xFF, 0x00, 0x1F, 0xFF, 0x00, 0x1F, 0xFF,
    0x00, 0x1F, 0xFF, 0x00, 0x1F, 0xFF, 0x00, 0x1F, 0xFF, 0x00, 0x1F, 0xFF, 0x00, 0x1F, 0xFF, 0x00,
    0x1F, 0xFF, 0x00, 0x1F, 0xFF, 0x00, 0x1F, 0xFF, 0x00, 0x1F, 0xFF, 0x00, 0x1F, 0xFF, 0x00, 0x1F,
    0xFF, 0x00, 0x1F, 0xFF, 0x00, 0x1F, 0xFF, 0x00, 0x1F, 0xFF, 0x00, 0x1F, 0xFF, 0x00, 0x1F, 0xFF,
    0x00, 0x1F, 0xFF, 0x00, 0x1F, 0xFF, 0x00, 0x1F, 0xFF, 0x00, 0x1F, 0xFF, 0x00, 0x1F, 0xFF, 0x00,
    0x1F, 0xFF, 0x00, 0x1F, 0xFF, 0x00, 0x1F, 0xFF, 0x00, 0x1F, 0xFF, 0x00, 0x1F, 0xFF, 0x00, 0x1F,
    0xFF, 0x00, 0x1F, 0xFF, 0x00, 0x1F, 0xFF, 0x00, 0x1F, 0xFF, 0x00, 0x1F, 0xFF, 0x00, 0x1F, 0xFF,
    0x00, 0x3F, 0xFF, 0x00, 0x1F, 0xFF, 0x80, 0x3F, 0xFF, 0x00, 0x1F, 0xFF, 0x80, 0x3F, 0xFF, 0x00,
    0x1F, 0xFF, 0x80, 0x3F, 0xFF, 0x00, 0x1F, 0xFF, 0xC0, 0x7F, 0xFF, 0x00, 0x1F, 0xFF, 0xFF, 0xFF,
    0xFF, 0x00, 0x0F, 0xFF, 0xFF, 0xFF, 0xFF, 0x00, 0x0F, 0xFF, 0xFF, 0xFF, 0xFF, 0x00, 0x0F, 0xFF,
    0xFF, 0xFF, 0xFF, 0x00, 0x07, 0xFF, 0xFF, 0xDF, 0xFF, 0x00, 0x07, 0xFF, 0xFF, 0xDF, 0xFF, 0x00,
    0x03, 0xFF, 0xFF, 0x9F, 0xFF, 0x00, 0x01, 0xFF, 0xFF, 0x9F, 0xFF, 0x00, 0x00, 0xFF, 0xFF, 0x1F,
    0xFF, 0x00, 0x00, 0x7F, 0xFE, 0x1F, 0xFF, 0x00, 0x00, 0x1F, 0xF8, 0x1F, 0xFF, 0x00, 0x00, 0x01,
    0x00, 0x00, 0x00, 0x00, 0xFF, 0xFC, 0x00, 0x0F, 0xFF, 0x80, 0x7F, 0xFC, 0x00, 0x1F, 0xFF, 0x80,
    0x7F, 0xFE, 0x00, 0x1F, 0xFF, 0x00, 0x3F, 0xFE, 0x00, 0x1F, 0xFF, 0x00, 0x3F, 0xFE, 0x00, 0x1F,
    0xFF, 0x00, 0x3F, 0xFF, 0x00, 0x3F, 0xFE, 0x00, 0x1F, 0xFF, 0x00, 0x3F, 0xFE, 0x00, 0x1F, 0xFF,
    0x00, 0x3F, 0xFE, 0x00, 0x1F, 0xFF, 0x00, 0x3F, 0xFC, 0x00, 0x0F, 0xFF, 0x80, 0x7F, 0xFC, 0x00,
    0x0F, 0xFF, 0x80, 0x7F, 0xFC, 0x00, 0x0F, 0xFF, 0x80, 0x7F, 0xF8, 0x00, 0x07, 0xFF, 0x80, 0x7F,
    0xF8, 0x00, 0x07, 0xFF, 0xC0, 0xFF, 0xF8, 0x00, 0x07, 0xFF, 0xC0, 0xFF, 0xF0, 0x00, 0x03, 0xFF,
    0xC0, 0xFF, 0xF0, 0x00, 0x03, 0xFF, 0xE1, 0xFF, 0xF0, 0x00, 0x03, 0xFF, 0xE1, 0xFF, 0xE0, 0x00,
    0x01, 0xFF, 0xE1, 0xFF, 0xE0, 0x00, 0x01, 0xFF, 0xE1, 0xFF, 0xE0, 0x00, 0x01, 0xFF, 0xF3, 0xFF,
    0xC0, 0x00, 0x00, 0xFF, 0xF3, 0xFF, 0xC0, 0x00, 0x00, 0xFF, 0xF3, 0xFF, 0x80, 0x00, 0x00, 0x7F,
    0xF3, 0xFF, 0x80, 0x00, 0x00, 0x7F, 0xF3, 0xFF, 0x80, 0x00, 0x00, 0x7F, 0xFF, 0xFF, 0x00, 0x00,
    0x00, 0x3F, 0xFF, 0xFF, 0x00, 0x00, 0x00, 0x3F, 0xFF, 0xFF, 0x00, 0x00, 0x00, 0x3F, 0xFF, 0xFE,
    0x00, 0x00, 0x00, 0x1F, 0xFF, 0xFE, 0x00, 0x00, 0x00, 0x1F, 0xFF, 0xFE, 0x00, 0x00, 0x00, 0x1F,
    0xFF, 0xFC, 0x00, 0x00, 0x00, 0x0F, 0xFF, 0xFC, 0x00, 0x00, 0x00, 0x0F, 0xFF, 0xFC, 0x00, 0x00,
    0x00, 0x0F, 0xFF, 0xF8, 0x00, 0x00, 0x00, 0x07, 0xFF, 0xF8, 0x00, 0x00, 0x00, 0x07, 0xFF, 0xF8,
    0x00, 0x00, 0xFF, 0xFC, 0x01, 0xFF, 0xE0, 0x0F, 0xFF, 0xC0, 0xFF, 0xFC, 0x01, 0xFF, 0xE0, 0x0F,
    0xFF, 0xC0, 0x7F, 0xFC, 0x01, 0xFF, 0xE0, 0x0F, 0xFF, 0x80, 0x7F, 0xFC, 0x01, 0xFF, 0xE0, 0x0F,
    0xFF, 0x80, 0x7F, 0xFC, 0x03, 0xFF, 0xE0, 0x1F, 0xFF, 0x80, 0x7F, 0xFC, 0x03, 0xFF, 0xF0, 0x1F,
    0xFF, 0x00, 0x3F, 0xFE, 0x03, 0xFF, 0xF0, 0x1F, 0xFF, 0x00, 0x3F, 0xFE, 0x03, 0xFF, 0xF0, 0x1F,
    0xFF, 0x00, 0x3F, 0xFE, 0x03, 0xFF, 0xF0, 0x1F, 0xFF, 0x00, 0x1F, 0xFE, 0x07, 0xFF, 0xF0, 0x3F,
    0xFE, 0x00, 0x1F, 0xFE, 0x07, 0xFF, 0xF8, 0x3F, 0xFE, 0x00, 0x1F, 0xFF, 0x07, 0xFF, 0xF8, 0x3F,
    0xFE, 0x00, 0x1F, 0xFF, 0x07, 0xFF, 0xF8, 0x3F, 0xFC, 0x00, 0x0F, 0xFF, 0x07, 0xFF, 0xF8, 0x3F,
    0xFC, 0x00, 0x0F, 0xFF, 0x0F, 0xFF, 0xF8, 0x3F, 0xFC, 0x00, 0x0F, 0xFF, 0x0F, 0xFF, 0xFC, 0x7F,
    0xFC, 0x00, 0x07, 0xFF, 0x0F, 0xFF, 0xFC, 0x7F, 0xF8, 0x00, 0x07, 0xFF, 0x8F, 0xFF, 0xFC, 0x7F,
    0xF8, 0x00, 0x07, 0xFF, 0x9F, 0xF7, 0xFC, 0x7F, 0xF8, 0x00, 0x07, 0xFF, 0x9F, 0xF3, 0xFC, 0x7F,
    0xF0, 0x00, 0x03, 0xFF, 0x9F, 0xF3, 0xFE, 0x7F, 0xF0, 0x00, 0x03, 0xFF, 0x9F, 0xF3, 0xFE, 0xFF,
    0xF0, 0x00, 0x03, 0xFF, 0xDF, 0xF3, 0xFE, 0xFF, 0xF0, 0x00, 0x01, 0xFF, 0xFF, 0xE3, 0xFE, 0xFF,
    0xE0, 0x00, 0x01, 0xFF, 0xFF, 0xE1, 0xFE, 0xFF, 0xE0, 0x00, 0x01, 0xFF, 0xFF, 0xE1, 0xFF, 0xFF,
    0xE0, 0x00, 0x01, 0xFF, 0xFF, 0xE1, 0xFF, 0xFF, 0xC0, 0x00, 0x00, 0xFF, 0xFF, 0xC1, 0xFF, 0xFF,
    0xC0, 0x00, 0x00, 0xFF, 0xFF, 0xC0, 0xFF, 0xFF, 0xC0, 0x00, 0x00, 0xFF, 0xFF, 0xC0, 0xFF, 0xFF,
    0xC0, 0x00, 0x00, 0xFF, 0xFF, 0x80, 0xFF, 0xFF, 0x80, 0x00, 0x00, 0x7F, 0xFF, 0x80, 0x7F, 0xFF,
    0x80, 0x00, 0x00, 0x7F, 0xFF, 0x80, 0x7F, 0xFF, 0x80, 0x00, 0x00, 0x7F, 0xFF, 0x80, 0x7F, 0xFF,
    0x00, 0x00, 0x00, 0x3F, 0xFF, 0x00, 0x7F, 0xFF, 0x00, 0x00, 0x00, 0x3F, 0xFF, 0x00, 0x3F, 0xFF,
    0x00, 0x00, 0x00, 0x3F, 0xFF, 0x00, 0x3F, 0xFF, 0x00, 0x00, 0x7F, 0xFE, 0x00, 0x7F, 0xFE, 0x3F,
    0xFF, 0x00, 0x7F, 0xFC, 0x1F, 0xFF, 0x00, 0xFF, 0xFC, 0x1F, 0xFF, 0x80, 0xFF, 0xF8, 0x0F, 0xFF,
    0x81, 0xFF, 0xF0, 0x0F, 0xFF, 0x81, 0xFF, 0xF0, 0x07, 0xFF, 0xC1, 0xFF, 0xE0, 0x03, 0xFF, 0xC3,
    0xFF, 0xE0, 0x03, 0xFF, 0xE3, 0xFF, 0xC0, 0x01, 0xFF, 0xE7, 0xFF, 0xC0, 0x01, 0xFF, 0xF7, 0xFF,
    0x80, 0x00, 0xFF, 0xFF, 0xFF, 0x00, 0x00, 0xFF, 0xFF, 0xFF, 0x00, 0x00, 0x7F, 0xFF, 0xFE, 0x00,
    0x00, 0x7F, 0xFF, 0xFE, 0x00, 0x00, 0x3F, 0xFF, 0xFC, 0x00, 0x00, 0x1F, 0xFF, 0xFC, 0x00, 0x00,
    0x1F, 0xFF, 0xF8, 0x00, 0x00, 0x1F, 0xFF, 0xF8, 0x00, 0x00, 0x1F, 0xFF, 0xF8, 0x00, 0x00, 0x3F,
    0xFF, 0xFC, 0x00, 0x00, 0x3F, 0xFF, 0xFC, 0x00, 0x00, 0x7F, 0xFF, 0xFE, 0x00, 0x00, 0xFF, 0xFF,
    0xFF, 0x00, 0x00, 0xFF, 0xFF, 0xFF, 0x00, 0x01, 0xFF, 0xEF, 0xFF, 0x80, 0x01, 0xFF, 0xE7, 0xFF,
    0x80, 0x03, 0xFF, 0xE7, 0xFF, 0xC0, 0x03, 0xFF, 0xC3, 0xFF, 0xE0, 0x07, 0xFF, 0xC3, 0xFF, 0xE0,
    0x0F, 0xFF, 0x81, 0xFF, 0xF0, 0x0F, 0xFF, 0x81, 0xFF, 0xF0, 0x1F, 0xFF, 0x00, 0xFF, 0xF8, 0x1F,
    0xFF, 0x00, 0xFF, 0xF8, 0x3F, 0xFE, 0x00, 0x7F, 0xFC, 0x3F, 0xFE, 0x00, 0x7F, 0xFE, 0x7F, 0xFC,
    0x00, 0x3F, 0xFE, 0xFF, 0xFC, 0x00, 0x0F, 0xFF, 0xC0, 0x7F, 0xFC, 0x00, 0x0F, 0xFF, 0x80, 0x7F,
    0xFE, 0x00, 0x1F, 0xFF, 0x80, 0x3F, 0xFE, 0x00, 0x1F, 0xFF, 0x00, 0x3F, 0xFE, 0x00, 0x1F, 0xFF,
    0x00, 0x3F, 0xFE, 0x00, 0x3F, 0xFF, 0x00, 0x1F, 0xFF, 0x00, 0x3F, 0xFE, 0x00, 0x1F, 0xFF, 0x00,
    0x3F, 0xFE, 0x00, 0x1F, 0xFF, 0x00, 0x3F, 0xFC, 0x00, 0x0F, 0xFF, 0x80, 0x7F, 0xFC, 0x00, 0x0F,
    0xFF, 0x80, 0x7F, 0xFC, 0x00, 0x07, 0xFF, 0x80, 0x7F, 0xF8, 0x00, 0x07, 0xFF, 0x80, 0xFF, 0xF8,
    0x00, 0x07, 0xFF, 0xC0, 0xFF, 0xF8, 0x00, 0x03, 0xFF, 0xC0, 0xFF, 0xF0, 0x00, 0x03, 0xFF, 0xC1,
    0xFF, 0xF0, 0x00, 0x03, 0xFF, 0xE1, 0xFF, 0xF0, 0x00, 0x01, 0xFF, 0xE1, 0xFF, 0xE0, 0x00, 0x01,
    0xFF, 0xE1, 0xFF, 0xE0, 0x00, 0x01, 0xFF, 0xE3, 0xFF, 0xC0, 0x00, 0x00, 0xFF, 0xE3, 0xFF, 0xC0,
    0x00, 0x00, 0xFF, 0xF3, 0xFF, 0xC0, 0x00, 0x00, 0xFF, 0xF7, 0xFF, 0x80, 0x00, 0x00, 0x7F, 0xF7,
    0xFF, 0x80, 0x00, 0x00, 0x7F, 0xF7, 0xFF, 0x80, 0x00, 0x00, 0x3F, 0xF7, 0xFF, 0x00, 0x00, 0x00,
    0x3F, 0xFF, 0xFF, 0x00, 0x00, 0x00, 0x3F, 0xFF, 0xFE, 0x00, 0x00, 0x00, 0x1F, 0xFF, 0xFE, 0x00,
    0x00, 0x00, 0x1F, 0xFF, 0xFE, 0x00, 0x00, 0x00, 0x1F, 0xFF, 0xFC, 0x00, 0x00, 0x00, 0x0F, 0xFF,
    0xFC, 0x00, 0x00, 0x00, 0x0F, 0xFF, 0xFC, 0x00, 0x00, 0x00, 0x0F, 0xFF, 0xF8, 0x00, 0x00, 0x00,
    0x07, 0xFF, 0xF8, 0x00, 0x00, 0x00, 0x07, 0xFF, 0xF8, 0x00, 0x00, 0x00, 0x03, 0xFF, 0xF0, 0x00,
    0x00, 0x00, 0x03, 0xFF, 0xF0, 0x00, 0x00, 0x00, 0x03, 0xFF, 0xE0, 0x00, 0x00, 0x00, 0x03, 0xFF,
    0xE0, 0x00, 0x00, 0x02, 0x07, 0xFF, 0xE0, 0x00, 0x00, 0x03, 0xFF, 0xFF, 0xC0, 0x00, 0x00, 0x03,
    0xFF, 0xFF, 0xC0, 0x00, 0x00, 0x07, 0xFF, 0xFF, 0x80, 0x00, 0x00, 0x07, 0xFF, 0xFF, 0x80, 0x00,
    0x00, 0x07, 0xFF, 0xFF, 0x00, 0x00, 0x00, 0x0F, 0xFF, 0xFE, 0x00, 0x00, 0x00, 0x0F, 0xFF, 0xFC,
    0x00, 0x00, 0x00, 0x0F, 0xFF, 0xF8, 0x00, 0x00, 0x00, 0x1F, 0xFF, 0xE0, 0x00, 0x00, 0x00, 0x03,
    0xFF, 0x00, 0x00, 0x00, 0x00, 0x0F, 0xFF, 0xFF, 0xFF, 0xE0, 0x0F, 0xFF, 0xFF, 0xFF, 0xE0, 0x0F,
    0xFF, 0xFF, 0xFF, 0xE0, 0x0F, 0xFF, 0xFF, 0xFF, 0xE0, 0x0F, 0xFF, 0xFF, 0xFF, 0xE0, 0x0F, 0xFF,
    0xFF, 0xFF, 0xE0, 0x0F, 0xFF, 0xFF, 0xFF, 0xE0, 0x0F, 0xFF, 0xFF, 0xFF, 0xE0, 0x0F, 0xFF, 0xFF,
    0xFF, 0xC0, 0x0F, 0xFF, 0xFF, 0xFF, 0x80, 0x00, 0x00, 0x1F, 0xFF, 0x80, 0x00, 0x00, 0x3F, 0xFF,
    0x00, 0x00, 0x00, 0x7F, 0xFE, 0x00, 0x00, 0x00, 0xFF, 0xFC, 0x00, 0x00, 0x00, 0xFF, 0xFC, 0x00,
    0x00, 0x01, 0xFF, 0xF8, 0x00, 0x00, 0x03, 0xFF, 0xF0, 0x00, 0x00, 0x07, 0xFF, 0xF0, 0x00, 0x00,
    0x07, 0xFF, 0xE0, 0x00, 0x00, 0x0F, 0xFF, 0xC0, 0x00, 0x00, 0x1F, 0xFF, 0x80, 0x00, 0x00, 0x3F,
    0xFF, 0x80, 0x00, 0x00, 0x7F, 0xFF, 0x00, 0x00, 0x00, 0x7F, 0xFE, 0x00, 0x00, 0x00, 0xFF, 0xFC,
    0x00, 0x00, 0x01, 0xFF, 0xFC, 0x00, 0x00, 0x03, 0xFF, 0xF8, 0x00, 0x00, 0x03, 0xFF, 0xFF, 0xFF,
    0xE0, 0x07, 0xFF, 0xFF, 0xFF, 0xE0, 0x0F, 0xFF, 0xFF, 0xFF, 0xE0, 0x0F, 0xFF, 0xFF, 0xFF, 0xE0,
    0x0F, 0xFF, 0xFF, 0xFF, 0xE0, 0x0F, 0xFF, 0xFF, 0xFF, 0xE0, 0x0F, 0xFF, 0xFF, 0xFF, 0xE0, 0x0F,
    0xFF, 0xFF, 0xFF, 0xE0, 0x0F, 0xFF, 0xFF, 0xFF, 0xE0, 0x0F, 0xFF, 0xFF, 0xFF, 0xE0, 0x00, 0x00,
    0x01, 0xFE, 0x00, 0x00, 0x00, 0x1F, 0xFE, 0x00, 0x00, 0x00, 0x7F, 0xFE, 0x00, 0x00, 0x01, 0xFF,
    0xFE, 0x00, 0x00, 0x03, 0xFF, 0xFE, 0x00, 0x00, 0x03, 0xFF, 0xFE, 0x00, 0x00, 0x07, 0xFF, 0xFE,
    0x00, 0x00, 0x07, 0xFF, 0xFE, 0x00, 0x00, 0x0F, 0xFF, 0xFE, 0x00, 0x00, 0x0F, 0xFF, 0xFE, 0x00,
    0x00, 0x0F, 0xFF, 0xE0, 0x00, 0x00, 0x0F, 0xFF, 0x80, 0x00, 0x00, 0x0F, 0xFF, 0x00, 0x00, 0x00,
    0x0F, 0xFF, 0x00, 0x00, 0x00, 0x0F, 0xFF, 0x00, 0x00, 0x00, 0x0F, 0xFF, 0x00, 0x00, 0x00, 0x0F,
    0xFF, 0x00, 0x00, 0x00, 0x0F, 0xFF, 0x00, 0x00, 0x00, 0x0F, 0xFF, 0x00, 0x00, 0x00, 0x0F, 0xFF,
    0x00, 0x00, 0x00, 0x1F, 0xFF, 0x00, 0x00, 0x00, 0x1F, 0xFF, 0x00, 0x00, 0x00, 0x1F, 0xFF, 0x00,
    0x00, 0x00, 0x3F, 0xFE, 0x00, 0x00, 0x00, 0xFF, 0xFE, 0x00, 0x00, 0x0F, 0xFF, 0xFE, 0x00, 0x00,
    0x0F, 0xFF, 0xFC, 0x00, 0x00, 0x0F, 0xFF, 0xF8, 0x00, 0x00, 0x0F, 0xFF, 0xF0, 0x00, 0x00, 0x0F,
    0xFF, 0x80, 0x00, 0x00, 0x0F, 0xFE, 0x00, 0x00, 0x00, 0x0F, 0xFF, 0x80, 0x00, 0x00, 0x0F, 0xFF,
    0xE0, 0x00, 0x00, 0x0F, 0xFF, 0xF8, 0x00, 0x00, 0x0F, 0xFF, 0xFC, 0x00, 0x00, 0x0F, 0xFF, 0xFC,
    0x00, 0x00, 0x00, 0xFF, 0xFE, 0x00, 0x00, 0x00, 0x3F, 0xFE, 0x00, 0x00, 0x00, 0x1F, 0xFF, 0x00,
    0x00, 0x00, 0x1F, 0xFF, 0x00, 0x00, 0x00, 0x1F, 0xFF, 0x00, 0x00, 0x00, 0x0F, 0xFF, 0x00, 0x00,
    0x00, 0x0F, 0xFF, 0x00, 0x00, 0x00, 0x0F, 0xFF, 0x00, 0x00, 0x00, 0x0F, 0xFF, 0x00, 0x00, 0x00,
    0x0F, 0xFF, 0x00, 0x00, 0x00, 0x0F, 0xFF, 0x00, 0x00, 0x00, 0x0F, 0xFF, 0x00, 0x00, 0x00, 0x0F,
    0xFF, 0x00, 0x00, 0x00, 0x0F, 0xFF, 0x80, 0x00, 0x00, 0x0F, 0xFF, 0xC0, 0x00, 0x00, 0x0F, 0xFF,
    0xFE, 0x00, 0x00, 0x0F, 0xFF, 0xFE, 0x00, 0x00, 0x07, 0xFF, 0xFE, 0x00, 0x00, 0x07, 0xFF, 0xFE,
    0x00, 0x00, 0x07, 0xFF, 0xFE, 0x00, 0x00, 0x03, 0xFF, 0xFE, 0x00, 0x00, 0x01, 0xFF, 0xFE, 0x00,
    0x00, 0x00, 0xFF, 0xFE, 0x00, 0x00, 0x00, 0x3F, 0xFE, 0x00, 0x00, 0x00, 0x03, 0xFE, 0x00, 0x01,
    0xFF, 0xF0, 0x00, 0x01, 0xFF, 0xF0, 0x00, 0x01, 0xFF, 0xF0, 0x00, 0x01, 0xFF, 0xF0, 0x00, 0x01,
    0xFF, 0xF0, 0x00, 0x01, 0xFF, 0xF0, 0x00, 0x01, 0xFF, 0xF0, 0x00, 0x01, 0xFF, 0xF0, 0x00, 0x01,
    0xFF, 0xF0, 0x00, 0x01, 0xFF, 0xF0, 0x00, 0x01, 0xFF, 0xF0, 0x00, 0x01, 0xFF, 0xF0, 0x00, 0x01,
    0xFF, 0xF0, 0x00, 0x01, 0xFF, 0xF0, 0x00, 0x01, 0xFF, 0xF0, 0x00, 0x01, 0xFF, 0xF0, 0x00, 0x01,
    0xFF, 0xF0, 0x00, 0x01, 0xFF, 0xF0, 0x00, 0x01, 0xFF, 0xF0, 0x00, 0x01, 0xFF, 0xF0, 0x00, 0x01,
    0xFF, 0xF0, 0x00, 0x01, 0xFF, 0xF0, 0x00, 0x01, 0xFF, 0xF0, 0x00, 0x01, 0xFF, 0xF0, 0x00, 0x01,
    0xFF, 0xF0, 0x00, 0x01, 0xFF, 0xF0, 0x00, 0x01, 0xFF, 0xF0, 0x00, 0x01, 0xFF, 0xF0, 0x00, 0x01,
    0xFF, 0xF0, 0x00, 0x01, 0xFF, 0xF0, 0x00, 0x01, 0xFF, 0xF0, 0x00, 0x01, 0xFF, 0xF0, 0x00, 0x01,
    0xFF, 0xF0, 0x00, 0x01, 0xFF, 0xF0, 0x00, 0x01, 0xFF, 0xF0, 0x00, 0x01, 0xFF, 0xF0, 0x00, 0x01,
    0xFF, 0xF0, 0x00, 0x01, 0xFF, 0xF0, 0x00, 0x01, 0xFF, 0xF0, 0x00, 0x01, 0xFF, 0xF0, 0x00, 0x01,
    0xFF, 0xF0, 0x00, 0x01, 0xFF, 0xF0, 0x00, 0x01, 0xFF, 0xF0, 0x00, 0x01, 0xFF, 0xF0, 0x00, 0x01,
    0xFF, 0xF0, 0x00, 0x01, 0xFF, 0xF0, 0x00, 0x01, 0xFF, 0xF0, 0x00, 0x01, 0xFF, 0xF0, 0x00, 0x01,
    0xFF, 0xF0, 0x00, 0x01, 0xFF, 0xF0, 0x00, 0x01, 0xFF, 0xF0, 0x00, 0x01, 0xFF, 0xF0, 0x00, 0x01,
    0xFF, 0xF0, 0x00, 0x01, 0xFF, 0xF0, 0x00, 0x01, 0xFF, 0xF0, 0x00, 0x01, 0xFF, 0xF0, 0x00, 0x01,
    0xFF, 0xF0, 0x00, 0x01, 0xFF, 0xF0, 0x00, 0x01, 0xFF, 0xF0, 0x00, 0x01, 0xFF, 0xF0, 0x00, 0x01,
    0xFF, 0xF0, 0x00, 0x01, 0xFF, 0xF0, 0x00, 0x01, 0xFF, 0xF0, 0x00, 0x01, 0xFF, 0xF0, 0x00, 0x01,
    0xFF, 0xF0, 0x00, 0x01, 0xFF, 0xF0, 0x00, 0x01, 0xFF, 0xF0, 0x00, 0x01, 0xFF, 0xF0, 0x00, 0x01,
    0xFF, 0xF0, 0x00, 0x01, 0xFF, 0xF0, 0x00, 0x01, 0xFF, 0xF0, 0x00, 0x01, 0xFF, 0xF0, 0x00, 0x01,
    0xFF, 0xF0, 0x00, 0x01, 0xFF, 0xF0, 0x00, 0x01, 0xFF, 0xF0, 0x00, 0x01, 0xFF, 0xF0, 0x00, 0x01,
    0xFF, 0xF0, 0x00, 0x01, 0xFF, 0xF0, 0x00, 0x01, 0xFF, 0xF0, 0x00, 0x01, 0xFF, 0xF0, 0x00, 0x1F,
    0xC0, 0x00, 0x00, 0x00, 0x1F, 0xFE, 0x00, 0x00, 0x00, 0x1F, 0xFF, 0x80, 0x00, 0x00, 0x1F, 0xFF,
    0xC0, 0x00, 0x00, 0x1F, 0xFF, 0xE0, 0x00, 0x00, 0x1F, 0xFF, 0xF0, 0x00, 0x00, 0x1F, 0xFF, 0xF0,
    0x00, 0x00, 0x1F, 0xFF, 0xF8, 0x00, 0x00, 0x1F, 0xFF, 0xF8, 0x00, 0x00, 0x1F, 0xFF, 0xF8, 0x00,
    0x00, 0x01, 0xFF, 0xF8, 0x00, 0x00, 0x00, 0xFF, 0xFC, 0x00, 0x00, 0x00, 0x7F, 0xFC, 0x00, 0x00,
    0x00, 0x7F, 0xFC, 0x00, 0x00, 0x00, 0x3F, 0xFC, 0x00, 0x00, 0x00, 0x3F, 0xFC, 0x00, 0x00, 0x00,
    0x3F, 0xFC, 0x00, 0x00, 0x00, 0x3F, 0xFC, 0x00, 0x00, 0x00, 0x3F, 0xFC, 0x00, 0x00, 0x00, 0x3F,
    0xFC, 0x00, 0x00, 0x00, 0x3F, 0xFC, 0x00, 0x00, 0x00, 0x3F, 0xFC, 0x00, 0x00, 0x00, 0x3F, 0xFE,
    0x00, 0x00, 0x00, 0x3F, 0xFE, 0x00, 0x00, 0x00, 0x3F, 0xFF, 0x80, 0x00, 0x00, 0x1F, 0xFF, 0xF8,
    0x00, 0x00, 0x1F, 0xFF, 0xF8, 0x00, 0x00, 0x0F, 0xFF, 0xF8, 0x00, 0x00, 0x03, 0xFF, 0xF8, 0x00,
    0x00, 0x00, 0xFF, 0xF8, 0x00, 0x00, 0x00, 0x3F, 0xF8, 0x00, 0x00, 0x00, 0xFF, 0xF8, 0x00, 0x00,
    0x03, 0xFF, 0xF8, 0x00, 0x00, 0x07, 0xFF, 0xF8, 0x00, 0x00, 0x0F, 0xFF, 0xF8, 0x00, 0x00, 0x1F,
    0xFF, 0xF8, 0x00, 0x00, 0x3F, 0xFF, 0x80, 0x00, 0x00, 0x3F, 0xFE, 0x00, 0x00, 0x00, 0x3F, 0xFE,
    0x00, 0x00, 0x00, 0x3F, 0xFC, 0x00, 0x00, 0x00, 0x3F, 0xFC, 0x00, 0x00, 0x00, 0x3F, 0xFC, 0x00,
    0x00, 0x00, 0x3F, 0xFC, 0x00, 0x00, 0x00, 0x3F, 0xFC, 0x00, 0x00, 0x00, 0x3F, 0xFC, 0x00, 0x00,
    0x00, 0x3F, 0xFC, 0x00, 0x00, 0x00, 0x3F, 0xFC, 0x00, 0x00, 0x00, 0x7F, 0xFC, 0x00, 0x00, 0x00,
    0x7F, 0xFC, 0x00, 0x00, 0x00, 0xFF, 0xFC, 0x00, 0x00, 0x01, 0xFF, 0xF8, 0x00, 0x00, 0x1F, 0xFF,
    0xF8, 0x00, 0x00, 0x1F, 0xFF, 0xF8, 0x00, 0x00, 0x1F, 0xFF, 0xF8, 0x00, 0x00, 0x1F, 0xFF, 0xF0,
    0x00, 0x00, 0x1F, 0xFF, 0xF0, 0x00, 0x00, 0x1F, 0xFF, 0xE0, 0x00, 0x00, 0x1F, 0xFF, 0xC0, 0x00,
    0x00, 0x1F, 0xFF, 0x80, 0x00, 0x00, 0x1F, 0xFE, 0x00, 0x00, 0x00, 0x1F, 0xF0, 0x00, 0x00, 0x00,
    0x00, 0x0F, 0xE0, 0x00, 0x00, 0x00, 0x00, 0x3F, 0xF8, 0x00, 0xFF, 0x80, 0x00, 0x7F, 0xFE, 0x00,
    0xFF, 0x80, 0x00, 0xFF, 0xFF, 0x01, 0xFF, 0x80, 0x01, 0xFF, 0xFF, 0x81, 0xFF, 0x80, 0x01, 0xFF,
    0xFF, 0xC3, 0xFF, 0x80, 0x03, 0xFF, 0xFF, 0xFF, 0xFF, 0x80, 0x03, 0xFF, 0xFF, 0xFF, 0xFF, 0x80,
    0x07, 0xFF, 0xFF, 0xFF, 0xFF, 0x00, 0x07, 0xFF, 0xFF, 0xFF, 0xFF, 0x00, 0x07, 0xFF, 0xFF, 0xFF,
    0xFF, 0x00, 0x07, 0xFF, 0x1F, 0xFF, 0xFE, 0x00, 0x07, 0xFE, 0x07, 0xFF, 0xFE, 0x00, 0x07, 0xFC,
    0x03, 0xFF, 0xFC, 0x00, 0x07, 0xFC, 0x01, 0xFF, 0xF8, 0x00, 0x07, 0xFC, 0x00, 0x7F, 0xF0, 0x00,
    0x00, 0x00, 0x00, 0x1F, 0xC0, 0x00, 0x00, 0x00, 0x00, 0x00, 0x00, 0x00, 0x00, 0x00, 0x00, 0x00,
    0x00, 0x00, 0x00, 0x00, 0x00, 0x00, 0x00, 0x00, 0x00, 0x00, 0x00, 0x00, 0x00, 0x00, 0x00, 0x00,
    0x00, 0x00, 0x00, 0x00, 0x00, 0x00, 0x00, 0x00, 0x00, 0x00, 0x00, 0x00, 0x00, 0x00, 0x00, 0x00,
    0x00, 0x00, 0x00, 0x00, 0x00, 0x00, 0x00, 0x00, 0x00, 0x00, 0x00, 0x00, 0x00, 0x00, 0x00, 0x00,
    0x00, 0x00, 0x00, 0x00, 0x00, 0x00, 0x00, 0x00
};

inline constexpr BitmapFont kFontInterBlack66 = {"inter_black_66", 66U, 64U, 16U, 80U, kFontInterBlack66Glyphs, kFontInterBlack66Bitmap, sizeof(kFontInterBlack66Bitmap)};

inline constexpr Glyph kFontInterBlack36Glyphs[] = {
  {0U, 0U, 0U, 0, 35, 7U},
  {0U, 14U, 26U, 0, 9, 14U},
  {52U, 22U, 26U, 0, 9, 22U},
  {130U, 24U, 26U, 0, 9, 24U},
  {208U, 24U, 33U, 0, 5, 24U},
  {307U, 38U, 26U, 0, 9, 38U},
  {437U, 26U, 26U, 0, 9, 25U},
  {541U, 13U, 26U, 0, 9, 13U},
  {593U, 14U, 33U, 0, 7, 14U},
  {659U, 14U, 33U, 0, 7, 14U},
  {725U, 22U, 26U, 0, 9, 22U},
  {803U, 25U, 20U, 0, 15, 25U},
  {883U, 13U, 12U, 0, 30, 13U},
  {907U, 17U, 14U, 0, 21, 17U},
  {949U, 13U, 7U, 0, 28, 13U},
  {963U, 15U, 32U, 0, 7, 15U},
  {1027U, 26U, 26U, 0, 9, 26U},
  {1131U, 16U, 26U, 0, 9, 16U},
  {1183U, 23U, 26U, 0, 9, 23U},
  {1261U, 24U, 26U, 0, 9, 24U},
  {1339U, 25U, 26U, 0, 9, 25U},
  {1443U, 23U, 26U, 0, 9, 23U},
  {1521U, 24U, 26U, 0, 9, 24U},
  {1599U, 21U, 26U, 0, 9, 21U},
  {1677U, 24U, 26U, 0, 9, 24U},
  {1755U, 24U, 26U, 0, 9, 24U},
  {1833U, 13U, 19U, 0, 16, 13U},
  {1871U, 14U, 26U, 0, 16, 14U},
  {1923U, 25U, 23U, 0, 13, 25U},
  {2015U, 25U, 18U, 0, 17, 25U},
  {2087U, 25U, 23U, 0, 13, 25U},
  {2179U, 22U, 26U, 0, 9, 22U},
  {2257U, 38U, 35U, 0, 9, 38U},
  {2432U, 29U, 26U, 0, 9, 29U},
  {2536U, 24U, 26U, 0, 9, 24U},
  {2614U, 27U, 26U, 0, 9, 27U},
  {2718U, 26U, 26U, 0, 9, 26U},
  {2822U, 22U, 26U, 0, 9, 22U},
  {2900U, 21U, 26U, 0, 9, 21U},
  {2978U, 27U, 26U, 0, 9, 27U},
  {3082U, 27U, 26U, 0, 9, 27U},
  {3186U, 10U, 26U, 0, 9, 10U},
  {3238U, 21U, 26U, 0, 9, 21U},
  {3316U, 27U, 26U, 0, 9, 27U},
  {3420U, 20U, 26U, 0, 9, 20U},
  {3498U, 34U, 26U, 0, 9, 34U},
  {3628U, 28U, 26U, 0, 9, 28U},
  {3732U, 28U, 26U, 0, 9, 28U},
  {3836U, 24U, 26U, 0, 9, 24U},
  {3914U, 28U, 28U, 0, 9, 28U},
  {4026U, 24U, 26U, 0, 9, 24U},
  {4104U, 24U, 26U, 0, 9, 24U},
  {4182U, 25U, 26U, 0, 9, 25U},
  {4286U, 26U, 26U, 0, 9, 26U},
  {4390U, 29U, 26U, 0, 9, 29U},
  {4494U, 39U, 26U, 0, 9, 39U},
  {4624U, 28U, 26U, 0, 9, 28U},
  {4728U, 28U, 26U, 0, 9, 28U},
  {4832U, 25U, 26U, 0, 9, 25U},
  {4936U, 14U, 33U, 0, 7, 14U},
  {5002U, 15U, 32U, 0, 7, 15U},
  {5066U, 14U, 33U, 0, 7, 14U},
  {5132U, 18U, 26U, 0, 9, 18U},
  {5210U, 18U, 6U, 0, 34, 18U},
  {5228U, 14U, 28U, 0, 7, 14U},
  {5284U, 21U, 20U, 0, 15, 21U},
  {5344U, 23U, 26U, 0, 9, 23U},
  {5422U, 22U, 20U, 0, 15, 22U},
  {5482U, 23U, 26U, 0, 9, 23U},
  {5560U, 22U, 20U, 0, 15, 22U},
  {5620U, 16U, 28U, 0, 7, 15U},
  {5676U, 23U, 27U, 0, 15, 23U},
  {5757U, 23U, 26U, 0, 9, 23U},
  {5835U, 11U, 29U, 0, 6, 11U},
  {5893U, 13U, 36U, -2, 6, 11U},
  {5965U, 22U, 26U, 0, 9, 22U},
  {6043U, 11U, 26U, 0, 9, 11U},
  {6095U, 34U, 20U, 0, 15, 34U},
  {6195U, 23U, 20U, 0, 15, 23U},
  {6255U, 23U, 20U, 0, 15, 23U},
  {6315U, 23U, 27U, 0, 15, 23U},
  {6396U, 23U, 27U, 0, 15, 23U},
  {6477U, 16U, 20U, 0, 15, 16U},
  {6517U, 21U, 20U, 0, 15, 21U},
  {6577U, 14U, 25U, 0, 10, 14U},
  {6627U, 23U, 20U, 0, 15, 23U},
  {6687U, 23U, 20U, 0, 15, 23U},
  {6747U, 33U, 20U, -1, 15, 32U},
  {6847U, 22U, 20U, 0, 15, 22U},
  {6907U, 23U, 27U, 0, 15, 23U},
  {6988U, 21U, 20U, 0, 15, 21U},
  {7048U, 18U, 33U, 0, 7, 18U},
  {7147U, 15U, 43U, 0, 0, 15U},
  {7233U, 18U, 33U, 0, 7, 18U},
  {7332U, 25U, 15U, 0, 20, 25U}
};

inline constexpr std::uint8_t kFontInterBlack36Bitmap[] = {
    0x1F, 0xE0, 0x1F, 0xE0, 0x1F, 0xE0, 0x1F, 0xC0, 0x1F, 0xC0, 0x1F, 0xC0, 0x1F, 0xC0, 0x1F, 0xC0,
    0x1F, 0xC0, 0x1F, 0xC0, 0x1F, 0xC0, 0x1F, 0xC0, 0x1F, 0xC0, 0x0F, 0xC0, 0x0F, 0xC0, 0x0F, 0xC0,
    0x0F, 0xC0, 0x0F, 0xC0, 0x00, 0x00, 0x07, 0x80, 0x0F, 0xC0, 0x1F, 0xC0, 0x1F, 0xE0, 0x1F, 0xE0,
    0x0F, 0xC0, 0x07, 0x80, 0x1F, 0xC7, 0xE0, 0x0F, 0xC7, 0xE0, 0x0F, 0xC7, 0xE0, 0x0F, 0xC7, 0xE0,
    0x0F, 0xC7, 0xE0, 0x0F, 0xC7, 0xE0, 0x0F, 0xC7, 0xE0, 0x0F, 0xC7, 0xE0, 0x0F, 0x87, 0xE0, 0x0F,
    0x87, 0xE0, 0x0F, 0x87, 0xC0, 0x0F, 0x87, 0xC0, 0x00, 0x00, 0x00, 0x00, 0x00, 0x00, 0x00, 0x00,
    0x00, 0x00, 0x00, 0x00, 0x00, 0x00, 0x00, 0x00, 0x00, 0x00, 0x00, 0x00, 0x00, 0x00, 0x00, 0x00,
    0x00, 0x00, 0x00, 0x00, 0x00, 0x00, 0x00, 0x00, 0x00, 0x00, 0x00, 0x00, 0x00, 0x00, 0x00, 0x00,
    0x00, 0x00, 0x01, 0xF0, 0xF8, 0x01, 0xF0, 0xF8, 0x03, 0xF0, 0xF8, 0x03, 0xE1, 0xF8, 0x03, 0xE1,
    0xF0, 0x03, 0xE1, 0xF0, 0x3F, 0xFF, 0xFF, 0x3F, 0xFF, 0xFE, 0x3F, 0xFF, 0xFE, 0x3F, 0xFF, 0xFE,
    0x3F, 0xFF, 0xFE, 0x07, 0xC3, 0xE0, 0x07, 0xC3, 0xE0, 0x07, 0xC3, 0xE0, 0x0F, 0xC3, 0xE0, 0x7F,
    0xFF, 0xFC, 0x7F, 0xFF, 0xFC, 0x7F, 0xFF, 0xFC, 0xFF, 0xFF, 0xFC, 0xFF, 0xFF, 0xF8, 0x1F, 0x87,
    0xC0, 0x1F, 0x07, 0xC0, 0x1F, 0x0F, 0x80, 0x1F, 0x0F, 0x80, 0x1F, 0x0F, 0x80, 0x1F, 0x0F, 0x80,
    0x00, 0x18, 0x00, 0x00, 0x18, 0x00, 0x00, 0x18, 0x00, 0x00, 0x18, 0x00, 0x00, 0xFF, 0x80, 0x07,
    0xFF, 0xE0, 0x0F, 0xFF, 0xF0, 0x1F, 0xFF, 0xF8, 0x1F, 0xFF, 0xFC, 0x3F, 0xFF, 0xFC, 0x3F, 0x99,
    0xFC, 0x3F, 0x98, 0xFE, 0x3F, 0xD8, 0x00, 0x3F, 0xF8, 0x00, 0x3F, 0xFF, 0x00, 0x1F, 0xFF, 0xC0,
    0x1F, 0xFF, 0xF0, 0x0F, 0xFF, 0xF8, 0x03, 0xFF, 0xFC, 0x00, 0x3F, 0xFC, 0x00, 0x1B, 0xFE, 0x7F,
    0x19, 0xFE, 0x7F, 0x18, 0xFE, 0x7F, 0x99, 0xFE, 0x3F, 0xFF, 0xFE, 0x3F, 0xFF, 0xFC, 0x1F, 0xFF,
    0xFC, 0x1F, 0xFF, 0xF8, 0x07, 0xFF, 0xF0, 0x01, 0xFF, 0x80, 0x00, 0x18, 0x00, 0x00, 0x18, 0x00,
    0x00, 0x18, 0x00, 0x03, 0xF0, 0x00, 0x7C, 0x00, 0x0F, 0xF8, 0x00, 0x78, 0x00, 0x0F, 0xFC, 0x00,
    0xF0, 0x00, 0x1F, 0xFE, 0x01, 0xE0, 0x00, 0x1F, 0x3E, 0x03, 0xE0, 0x00, 0x1E, 0x3E, 0x03, 0xC0,
    0x00, 0x1E, 0x1E, 0x07, 0x80, 0x00, 0x1E, 0x3E, 0x0F, 0x80, 0x00, 0x1F, 0x3E, 0x0F, 0x00, 0x00,
    0x1F, 0xFE, 0x1E, 0x00, 0x00, 0x0F, 0xFC, 0x3E, 0x00, 0x00, 0x0F, 0xF8, 0x3C, 0x00, 0x00, 0x03,
    0xF0, 0x78, 0x3E, 0x00, 0x00, 0x00, 0xF0, 0x7F, 0x80, 0x00, 0x00, 0xF0, 0xFF, 0xC0, 0x00, 0x01,
    0xE1, 0xFF, 0xC0, 0x00, 0x03, 0xC1, 0xF3, 0xE0, 0x00, 0x07, 0xC1, 0xE3, 0xE0, 0x00, 0x07, 0x81,
    0xE3, 0xE0, 0x00, 0x0F, 0x01, 0xE3, 0xE0, 0x00, 0x1F, 0x01, 0xE3, 0xE0, 0x00, 0x1E, 0x01, 0xF3,
    0xE0, 0x00, 0x3C, 0x01, 0xFF, 0xC0, 0x00, 0x7C, 0x00, 0xFF, 0xC0, 0x00, 0x78, 0x00, 0xFF, 0x80,
    0x00, 0xF0, 0x00, 0x3F, 0x00, 0x00, 0xFC, 0x00, 0x00, 0x03, 0xFF, 0x00, 0x00, 0x07, 0xFF, 0x80,
    0x00, 0x0F, 0xFF, 0xC0, 0x00, 0x0F, 0xFF, 0xC0, 0x00, 0x0F, 0xEF, 0xC0, 0x00, 0x0F, 0x87, 0xC0,
    0x00, 0x0F, 0x87, 0xC0, 0x00, 0x0F, 0xCF, 0xC0, 0x00, 0x0F, 0xDF, 0x80, 0x00, 0x07, 0xFF, 0x80,
    0x00, 0x07, 0xFF, 0x00, 0x00, 0x07, 0xFC, 0x3F, 0x00, 0x0F, 0xFC, 0x3F, 0x00, 0x1F, 0xFE, 0x3F,
    0x00, 0x3F, 0xFF, 0x7E, 0x00, 0x7F, 0xFF, 0xFE, 0x00, 0x7F, 0x3F, 0xFE, 0x00, 0x7F, 0x1F, 0xFE,
    0x00, 0x7F, 0x0F, 0xFC, 0x00, 0x7F, 0x8F, 0xFC, 0x00, 0x3F, 0xFF, 0xF8, 0x00, 0x3F, 0xFF, 0xFC,
    0x00, 0x1F, 0xFF, 0xFE, 0x00, 0x0F, 0xFF, 0xFF, 0x00, 0x03, 0xFC, 0x3F, 0x80, 0x1F, 0xC0, 0x0F,
    0xC0, 0x0F, 0xC0, 0x0F, 0xC0, 0x0F, 0xC0, 0x0F, 0xC0, 0x0F, 0xC0, 0x0F, 0xC0, 0x0F, 0x80, 0x0F,
    0x80, 0x0F, 0x80, 0x0F, 0x80, 0x00, 0x00, 0x00, 0x00, 0x00, 0x00, 0x00, 0x00, 0x00, 0x00, 0x00,
    0x00, 0x00, 0x00, 0x00, 0x00, 0x00, 0x00, 0x00, 0x00, 0x00, 0x00, 0x00, 0x00, 0x00, 0x00, 0x00,
    0x00, 0x03, 0xF8, 0x03, 0xF8, 0x07, 0xF0, 0x07, 0xF0, 0x07, 0xF0, 0x0F, 0xE0, 0x0F, 0xE0, 0x0F,
    0xE0, 0x1F, 0xC0, 0x1F, 0xC0, 0x1F, 0xC0, 0x1F, 0xC0, 0x1F, 0xC0, 0x3F, 0xC0, 0x3F, 0xC0, 0x3F,
    0x80, 0x3F, 0x80, 0x3F, 0x80, 0x3F, 0x80, 0x3F, 0xC0, 0x3F, 0xC0, 0x1F, 0xC0, 0x1F, 0xC0, 0x1F,
    0xC0, 0x1F, 0xC0, 0x1F, 0xE0, 0x0F, 0xE0, 0x0F, 0xE0, 0x0F, 0xF0, 0x07, 0xF0, 0x07, 0xF0, 0x03,
    0xF8, 0x03, 0xF8, 0x7E, 0x00, 0x7F, 0x00, 0x3F, 0x80, 0x3F, 0x80, 0x3F, 0x80, 0x1F, 0xC0, 0x1F,
    0xC0, 0x1F, 0xC0, 0x1F, 0xE0, 0x0F, 0xE0, 0x0F, 0xE0, 0x0F, 0xE0, 0x0F, 0xE0, 0x0F, 0xE0, 0x0F,
    0xF0, 0x0F, 0xF0, 0x0F, 0xF0, 0x0F, 0xF0, 0x0F, 0xF0, 0x0F, 0xF0, 0x0F, 0xF0, 0x0F, 0xE0, 0x0F,
    0xE0, 0x0F, 0xE0, 0x0F, 0xE0, 0x1F, 0xE0, 0x1F, 0xC0, 0x1F, 0xC0, 0x3F, 0x80, 0x3F, 0x80, 0x3F,
    0x80, 0x7F, 0x00, 0x7E, 0x00, 0x00, 0x78, 0x00, 0x00, 0x78, 0x00, 0x04, 0x78, 0x80, 0x07, 0x7B,
    0x80, 0x0F, 0xFF, 0xC0, 0x0F, 0xFF, 0xC0, 0x07, 0xFF, 0x80, 0x01, 0xFE, 0x00, 0x03, 0xFF, 0x00,
    0x0F, 0xFF, 0xC0, 0x0F, 0xFF, 0xC0, 0x07, 0x7B, 0x80, 0x04, 0x79, 0x80, 0x00, 0x78, 0x00, 0x00,
    0x78, 0x00, 0x00, 0x00, 0x00, 0x00, 0x00, 0x00, 0x00, 0x00, 0x00, 0x00, 0x00, 0x00, 0x00, 0x00,
    0x00, 0x00, 0x00, 0x00, 0x00, 0x00, 0x00, 0x00, 0x00, 0x00, 0x00, 0x00, 0x00, 0x00, 0x00, 0x00,
    0x00, 0x00, 0x00, 0x00, 0x3E, 0x00, 0x00, 0x00, 0x3E, 0x00, 0x00, 0x00, 0x3E, 0x00, 0x00, 0x00,
    0x3E, 0x00, 0x00, 0x00, 0x3E, 0x00, 0x00, 0x00, 0x3E, 0x00, 0x00, 0x00, 0x3E, 0x00, 0x00, 0x1F,
    0xFF, 0xFC, 0x00, 0x1F, 0xFF, 0xFC, 0x00, 0x1F, 0xFF, 0xFC, 0x00, 0x1F, 0xFF, 0xFC, 0x00, 0x1F,
    0xFF, 0xFC, 0x00, 0x00, 0x3E, 0x00, 0x00, 0x00, 0x3E, 0x00, 0x00, 0x00, 0x3E, 0x00, 0x00, 0x00,
    0x3E, 0x00, 0x00, 0x00, 0x3E, 0x00, 0x00, 0x00, 0x3E, 0x00, 0x00, 0x00, 0x3E, 0x00, 0x00, 0x00,
    0x00, 0x00, 0x00, 0x1F, 0xC0, 0x1F, 0xC0, 0x1F, 0x80, 0x1F, 0x80, 0x1F, 0x80, 0x1F, 0x80, 0x1F,
    0x00, 0x1F, 0x00, 0x3F, 0x00, 0x3E, 0x00, 0x3E, 0x00, 0x3E, 0x00, 0x3F, 0xFE, 0x00, 0x3F, 0xFE,
    0x00, 0x3F, 0xFE, 0x00, 0x3F, 0xFE, 0x00, 0x3F, 0xFE, 0x00, 0x00, 0x00, 0x00, 0x00, 0x00, 0x00,
    0x00, 0x00, 0x00, 0x00, 0x00, 0x00, 0x00, 0x00, 0x00, 0x00, 0x00, 0x00, 0x00, 0x00, 0x00, 0x00,
    0x00, 0x00, 0x00, 0x00, 0x00, 0x07, 0x80, 0x0F, 0xC0, 0x1F, 0xC0, 0x1F, 0xC0, 0x1F, 0xC0, 0x0F,
    0xC0, 0x07, 0x80, 0x00, 0x7E, 0x00, 0xFC, 0x00, 0xFC, 0x00, 0xFC, 0x00, 0xFC, 0x01, 0xF8, 0x01,
    0xF8, 0x01, 0xF8, 0x01, 0xF0, 0x03, 0xF0, 0x03, 0xF0, 0x03, 0xF0, 0x07, 0xE0, 0x07, 0xE0, 0x07,
    0xE0, 0x07, 0xE0, 0x0F, 0xC0, 0x0F, 0xC0, 0x0F, 0xC0, 0x0F, 0xC0, 0x1F, 0x80, 0x1F, 0x80, 0x1F,
    0x80, 0x3F, 0x00, 0x3F, 0x00, 0x3F, 0x00, 0x3F, 0x00, 0x7E, 0x00, 0x7E, 0x00, 0x7E, 0x00, 0x7E,
    0x00, 0xFC, 0x00, 0x00, 0x7F, 0x80, 0x00, 0x01, 0xFF, 0xE0, 0x00, 0x07, 0xFF, 0xF0, 0x00, 0x0F,
    0xFF, 0xF8, 0x00, 0x1F, 0xFF, 0xFC, 0x00, 0x1F, 0xF3, 0xFE, 0x00, 0x3F, 0xC1, 0xFE, 0x00, 0x3F,
    0xC0, 0xFF, 0x00, 0x3F, 0x80, 0xFF, 0x00, 0x3F, 0x80, 0x7F, 0x00, 0x7F, 0x80, 0x7F, 0x00, 0x7F,
    0x80, 0x7F, 0x00, 0x7F, 0x80, 0x7F, 0x00, 0x7F, 0x80, 0x7F, 0x00, 0x7F, 0x80, 0x7F, 0x00, 0x7F,
    0x80, 0x7F, 0x00, 0x3F, 0x80, 0x7F, 0x00, 0x3F, 0x80, 0xFF, 0x00, 0x3F, 0xC0, 0xFF, 0x00, 0x3F,
    0xC1, 0xFE, 0x00, 0x1F, 0xF3, 0xFE, 0x00, 0x1F, 0xFF, 0xFC, 0x00, 0x0F, 0xFF, 0xF8, 0x00, 0x07,
    0xFF, 0xF0, 0x00, 0x01, 0xFF, 0xE0, 0x00, 0x00, 0x7F, 0x80, 0x00, 0x01, 0xFE, 0x07, 0xFE, 0x0F,
    0xFE, 0x3F, 0xFE, 0x3F, 0xFE, 0x3F, 0xFE, 0x3F, 0xFE, 0x39, 0xFE, 0x31, 0xFE, 0x21, 0xFE, 0x01,
    0xFE, 0x01, 0xFE, 0x01, 0xFE, 0x01, 0xFE, 0x01, 0xFE, 0x01, 0xFE, 0x01, 0xFE, 0x01, 0xFE, 0x01,
    0xFE, 0x01, 0xFE, 0x01, 0xFE, 0x01, 0xFE, 0x01, 0xFE, 0x01, 0xFE, 0x01, 0xFE, 0x01, 0xFE, 0x00,
    0xFE, 0x00, 0x07, 0xFF, 0xC0, 0x0F, 0xFF, 0xE0, 0x1F, 0xFF, 0xF0, 0x3F, 0xFF, 0xF8, 0x3F, 0xC7,
    0xF8, 0x7F, 0x83, 0xF8, 0x7F, 0x03, 0xFC, 0x7F, 0x01, 0xFC, 0x00, 0x03, 0xF8, 0x00, 0x03, 0xF8,
    0x00, 0x07, 0xF8, 0x00, 0x0F, 0xF0, 0x00, 0x1F, 0xE0, 0x00, 0x3F, 0xE0, 0x00, 0x7F, 0xC0, 0x00,
    0xFF, 0x80, 0x03, 0xFE, 0x00, 0x07, 0xFC, 0x00, 0x0F, 0xF8, 0x00, 0x1F, 0xF0, 0x00, 0x3F, 0xFF,
    0xFC, 0x3F, 0xFF, 0xFC, 0x3F, 0xFF, 0xFC, 0x3F, 0xFF, 0xFC, 0x3F, 0xFF, 0xFC, 0x00, 0xFF, 0x00,
    0x03, 0xFF, 0xC0, 0x0F, 0xFF, 0xF0, 0x1F, 0xFF, 0xF8, 0x1F, 0xFF, 0xF8, 0x3F, 0xE7, 0xFC, 0x3F,
    0x81, 0xFC, 0x3F, 0x81, 0xFC, 0x00, 0x01, 0xFC, 0x00, 0x07, 0xF8, 0x00, 0x7F, 0xF0, 0x00, 0x7F,
    0xE0, 0x00, 0x7F, 0xC0, 0x00, 0x7F, 0xF8, 0x00, 0x7F, 0xFC, 0x00, 0x03, 0xFC, 0x00, 0x01, 0xFE,
    0x00, 0x01, 0xFE, 0x7F, 0x81, 0xFE, 0x7F, 0x81, 0xFE, 0x3F, 0xE7, 0xFC, 0x3F, 0xFF, 0xFC, 0x1F,
    0xFF, 0xF8, 0x0F, 0xFF, 0xF0, 0x07, 0xFF, 0xE0, 0x00, 0xFF, 0x00, 0x00, 0x0F, 0xF8, 0x00, 0x00,
    0x1F, 0xF8, 0x00, 0x00, 0x3F, 0xF8, 0x00, 0x00, 0x3F, 0xF8, 0x00, 0x00, 0x7F, 0xF8, 0x00, 0x00,
    0x7F, 0xF8, 0x00, 0x00, 0xFF, 0xF8, 0x00, 0x01, 0xFF, 0xF8, 0x00, 0x01, 0xFF, 0xF8, 0x00, 0x03,
    0xFB, 0xF8, 0x00, 0x07, 0xF3, 0xF8, 0x00, 0x07, 0xF3, 0xF8, 0x00, 0x0F, 0xE3, 0xF8, 0x00, 0x1F,
    0xC3, 0xF8, 0x00, 0x1F, 0xC3, 0xF8, 0x00, 0x3F, 0x83, 0xF8, 0x00, 0x3F, 0x83, 0xF8, 0x00, 0x7F,
    0xFF, 0xFF, 0x00, 0x7F, 0xFF, 0xFF, 0x00, 0x7F, 0xFF, 0xFF, 0x00, 0x7F, 0xFF, 0xFF, 0x00, 0x7F,
    0xFF, 0xFF, 0x00, 0x00, 0x03, 0xF8, 0x00, 0x00, 0x03, 0xF8, 0x00, 0x00, 0x03, 0xF8, 0x00, 0x00,
    0x03, 0xF8, 0x00, 0x1F, 0xFF, 0xF0, 0x1F, 0xFF, 0xF0, 0x1F, 0xFF, 0xF0, 0x1F, 0xFF, 0xF0, 0x3F,
    0xFF, 0xF0, 0x3F, 0x80, 0x00, 0x3F, 0x80, 0x00, 0x3F, 0x00, 0x00, 0x3F, 0x1F, 0x80, 0x3F, 0x7F,
    0xE0, 0x3F, 0x7F, 0xF0, 0x3F, 0xFF, 0xF8, 0x3F, 0xFF, 0xF8, 0x3F, 0xC7, 0xFC, 0x0F, 0x83, 0xFC,
    0x00, 0x01, 0xFC, 0x00, 0x01, 0xFC, 0x00, 0x01, 0xFC, 0x7F, 0x01, 0xFC, 0x7F, 0x83, 0xFC, 0x3F,
    0xC7, 0xF8, 0x3F, 0xFF, 0xF8, 0x1F, 0xFF, 0xF0, 0x0F, 0xFF, 0xE0, 0x07, 0xFF, 0xC0, 0x00, 0xFE,
    0x00, 0x00, 0x7F, 0x00, 0x01, 0xFF, 0xE0, 0x07, 0xFF, 0xF0, 0x0F, 0xFF, 0xF8, 0x0F, 0xFF, 0xFC,
    0x1F, 0xFF, 0xFC, 0x3F, 0xE1, 0xFE, 0x3F, 0xC0, 0x00, 0x3F, 0x8F, 0xC0, 0x3F, 0xBF, 0xF0, 0x7F,
    0x7F, 0xF8, 0x7F, 0x7F, 0xFC, 0x7F, 0xFF, 0xFC, 0x7F, 0xE3, 0xFE, 0x7F, 0xC1, 0xFE, 0x7F, 0x80,
    0xFE, 0x7F, 0x80, 0xFE, 0x3F, 0x80, 0xFE, 0x3F, 0x80, 0xFE, 0x3F, 0xC1, 0xFE, 0x1F, 0xE3, 0xFC,
    0x1F, 0xFF, 0xFC, 0x0F, 0xFF, 0xF8, 0x07, 0xFF, 0xF0, 0x03, 0xFF, 0xE0, 0x00, 0x7F, 0x00, 0x7F,
    0xFF, 0xF0, 0x7F, 0xFF, 0xF0, 0x7F, 0xFF, 0xF0, 0x7F, 0xFF, 0xF0, 0x7F, 0xFF, 0xF0, 0x00, 0x07,
    0xF0, 0x00, 0x0F, 0xF0, 0x00, 0x0F, 0xE0, 0x00, 0x1F, 0xE0, 0x00, 0x1F, 0xC0, 0x00, 0x3F, 0xC0,
    0x00, 0x3F, 0x80, 0x00, 0x7F, 0x80, 0x00, 0x7F, 0x00, 0x00, 0xFF, 0x00, 0x00, 0xFE, 0x00, 0x01,
    0xFE, 0x00, 0x01, 0xFC, 0x00, 0x03, 0xFC, 0x00, 0x03, 0xF8, 0x00, 0x07, 0xF8, 0x00, 0x07, 0xF0,
    0x00, 0x07, 0xF0, 0x00, 0x0F, 0xE0, 0x00, 0x0F, 0xE0, 0x00, 0x1F, 0xC0, 0x00, 0x00, 0xFF, 0x00,
    0x03, 0xFF, 0xE0, 0x0F, 0xFF, 0xF0, 0x1F, 0xFF, 0xF8, 0x1F, 0xFF, 0xFC, 0x3F, 0xE3, 0xFC, 0x3F,
    0x81, 0xFC, 0x3F, 0x81, 0xFC, 0x1F, 0x81, 0xFC, 0x1F, 0xE3, 0xF8, 0x0F, 0xFF, 0xF0, 0x03, 0xFF,
    0xE0, 0x03, 0xFF, 0xC0, 0x0F, 0xFF, 0xF0, 0x1F, 0xFF, 0xFC, 0x3F, 0xC3, 0xFC, 0x3F, 0x81, 0xFE,
    0x7F, 0x80, 0xFE, 0x7F, 0x80, 0xFE, 0x7F, 0x81, 0xFE, 0x3F, 0xE3, 0xFE, 0x3F, 0xFF, 0xFC, 0x1F,
    0xFF, 0xFC, 0x0F, 0xFF, 0xF8, 0x07, 0xFF, 0xE0, 0x00, 0xFF, 0x00, 0x00, 0xFE, 0x00, 0x03, 0xFF,
    0xC0, 0x0F, 0xFF, 0xE0, 0x1F, 0xFF, 0xF0, 0x3F, 0xFF, 0xF8, 0x3F, 0xC7, 0xFC, 0x3F, 0x81, 0xFC,
    0x7F, 0x01, 0xFC, 0x7F, 0x01, 0xFE, 0x7F, 0x01, 0xFE, 0x7F, 0x81, 0xFE, 0x3F, 0xE7, 0xFE, 0x3F,
    0xFF, 0xFE, 0x3F, 0xFF, 0xFE, 0x1F, 0xFE, 0xFE, 0x0F, 0xFC, 0xFE, 0x03, 0xF0, 0xFE, 0x00, 0x01,
    0xFC, 0x3F, 0x81, 0xFC, 0x3F, 0xC3, 0xFC, 0x3F, 0xFF, 0xF8, 0x1F, 0xFF, 0xF8, 0x1F, 0xFF, 0xF0,
    0x0F, 0xFF, 0xE0, 0x03, 0xFF, 0x80, 0x00, 0xFE, 0x00, 0x07, 0x80, 0x0F, 0xC0, 0x1F, 0xC0, 0x1F,
    0xC0, 0x1F, 0xC0, 0x0F, 0xC0, 0x07, 0x80, 0x00, 0x00, 0x00, 0x00, 0x00, 0x00, 0x00, 0x00, 0x00,
    0x00, 0x07, 0x80, 0x0F, 0xC0, 0x1F, 0xC0, 0x1F, 0xC0, 0x1F, 0xC0, 0x0F, 0xC0, 0x07, 0x80, 0x07,
    0x80, 0x0F, 0xC0, 0x1F, 0xC0, 0x1F, 0xE0, 0x1F, 0xC0, 0x0F, 0xC0, 0x07, 0x80, 0x00, 0x00, 0x00,
    0x00, 0x00, 0x00, 0x00, 0x00, 0x00, 0x00, 0x00, 0x00, 0x00, 0x00, 0x1F, 0xC0, 0x1F, 0xC0, 0x1F,
    0x80, 0x1F, 0x80, 0x1F, 0x80, 0x1F, 0x80, 0x1F, 0x00, 0x1F, 0x00, 0x3F, 0x00, 0x3E, 0x00, 0x3E,
    0x00, 0x3E, 0x00, 0x00, 0x00, 0x0C, 0x00, 0x00, 0x00, 0x7C, 0x00, 0x00, 0x01, 0xFC, 0x00, 0x00,
    0x0F, 0xFC, 0x00, 0x00, 0x3F, 0xFC, 0x00, 0x01, 0xFF, 0xFC, 0x00, 0x07, 0xFF, 0xF8, 0x00, 0x1F,
    0xFF, 0xC0, 0x00, 0x1F, 0xFE, 0x00, 0x00, 0x1F, 0xF0, 0x00, 0x00, 0x1F, 0xC0, 0x00, 0x00, 0x1F,
    0xF8, 0x00, 0x00, 0x1F, 0xFF, 0x00, 0x00, 0x1F, 0xFF, 0xE0, 0x00, 0x07, 0xFF, 0xFC, 0x00, 0x00,
    0xFF, 0xFC, 0x00, 0x00, 0x3F, 0xFC, 0x00, 0x00, 0x07, 0xFC, 0x00, 0x00, 0x01, 0xFC, 0x00, 0x00,
    0x00, 0x3C, 0x00, 0x00, 0x00, 0x0C, 0x00, 0x00, 0x00, 0x00, 0x00, 0x00, 0x00, 0x00, 0x00, 0x1F,
    0xFF, 0xFC, 0x00, 0x1F, 0xFF, 0xFC, 0x00, 0x1F, 0xFF, 0xFC, 0x00, 0x1F, 0xFF, 0xFC, 0x00, 0x1F,
    0xFF, 0xFC, 0x00, 0x00, 0x00, 0x00, 0x00, 0x00, 0x00, 0x00, 0x00, 0x00, 0x00, 0x00, 0x00, 0x00,
    0x00, 0x00, 0x00, 0x00, 0x00, 0x00, 0x00, 0x1F, 0xFF, 0xFC, 0x00, 0x1F, 0xFF, 0xFC, 0x00, 0x1F,
    0xFF, 0xFC, 0x00, 0x1F, 0xFF, 0xFC, 0x00, 0x1F, 0xFF, 0xFC, 0x00, 0x00, 0x00, 0x00, 0x00, 0x00,
    0x00, 0x00, 0x00, 0x00, 0x00, 0x00, 0x00, 0x18, 0x00, 0x00, 0x00, 0x1F, 0x00, 0x00, 0x00, 0x1F,
    0xC0, 0x00, 0x00, 0x1F, 0xF8, 0x00, 0x00, 0x1F, 0xFE, 0x00, 0x00, 0x1F, 0xFF, 0xC0, 0x00, 0x0F,
    0xFF, 0xF0, 0x00, 0x01, 0xFF, 0xFC, 0x00, 0x00, 0x3F, 0xFC, 0x00, 0x00, 0x07, 0xFC, 0x00, 0x00,
    0x01, 0xFC, 0x00, 0x00, 0x0F, 0xFC, 0x00, 0x00, 0x7F, 0xFC, 0x00, 0x03, 0xFF, 0xFC, 0x00, 0x1F,
    0xFF, 0xF0, 0x00, 0x1F, 0xFF, 0x80, 0x00, 0x1F, 0xFC, 0x00, 0x00, 0x1F, 0xF0, 0x00, 0x00, 0x1F,
    0x80, 0x00, 0x00, 0x1E, 0x00, 0x00, 0x00, 0x10, 0x00, 0x00, 0x00, 0x00, 0x00, 0x00, 0x00, 0x00,
    0x00, 0x00, 0x00, 0x01, 0xFE, 0x00, 0x0F, 0xFF, 0x80, 0x1F, 0xFF, 0xC0, 0x3F, 0xFF, 0xE0, 0x3F,
    0xFF, 0xF0, 0x3F, 0x9F, 0xF0, 0x7F, 0x07, 0xF0, 0x7F, 0x07, 0xF0, 0x00, 0x0F, 0xF0, 0x00, 0x1F,
    0xE0, 0x00, 0x3F, 0xE0, 0x00, 0x7F, 0xC0, 0x00, 0xFF, 0x80, 0x01, 0xFE, 0x00, 0x01, 0xFC, 0x00,
    0x01, 0xF8, 0x00, 0x01, 0xF8, 0x00, 0x00, 0x00, 0x00, 0x00, 0x00, 0x00, 0x00, 0xF0, 0x00, 0x01,
    0xF8, 0x00, 0x03, 0xFC, 0x00, 0x03, 0xFC, 0x00, 0x03, 0xFC, 0x00, 0x01, 0xF8, 0x00, 0x00, 0xF0,
    0x00, 0x00, 0x03, 0xFF, 0x00, 0x00, 0x00, 0x1F, 0xFF, 0xE0, 0x00, 0x00, 0x7F, 0xFF, 0xF8, 0x00,
    0x01, 0xFF, 0xFF, 0xFE, 0x00, 0x03, 0xFF, 0xFF, 0xFF, 0x00, 0x07, 0xFF, 0x83, 0xFF, 0x80, 0x0F,
    0xF8, 0x00, 0x3F, 0xC0, 0x0F, 0xE0, 0x00, 0x0F, 0xE0, 0x1F, 0xC1, 0xF9, 0xF7, 0xE0, 0x1F, 0x87,
    0xFD, 0xF3, 0xF0, 0x3F, 0x8F, 0xFF, 0xF3, 0xF0, 0x3F, 0x0F, 0xFF, 0xF1, 0xF0, 0x3F, 0x1F, 0xFF,
    0xF1, 0xF8, 0x3E, 0x1F, 0xCF, 0xF1, 0xF8, 0x7E, 0x3F, 0x03, 0xF1, 0xF8, 0x7E, 0x3E, 0x03, 0xF1,
    0xF8, 0x7E, 0x3E, 0x01, 0xF1, 0xF8, 0x7E, 0x3E, 0x01, 0xF1, 0xF8, 0x7E, 0x3E, 0x01, 0xF1, 0xF8,
    0x7E, 0x3E, 0x03, 0xF1, 0xF0, 0x7E, 0x1F, 0x03, 0xF1, 0xF0, 0x3F, 0x1F, 0x87, 0xF3, 0xF0, 0x3F,
    0x1F, 0xFF, 0xFF, 0xE0, 0x3F, 0x0F, 0xFF, 0xFF, 0xE0, 0x3F, 0x87, 0xFE, 0xFF, 0x80, 0x1F, 0xC1,
    0xF8, 0x3E, 0x00, 0x1F, 0xE0, 0x00, 0x00, 0x00, 0x0F, 0xF0, 0x00, 0x00, 0x00, 0x07, 0xFE, 0x00,
    0xE0, 0x00, 0x03, 0xFF, 0xFF, 0xF0, 0x00, 0x01, 0xFF, 0xFF, 0xF0, 0x00, 0x00, 0xFF, 0xFF, 0xF0,
    0x00, 0x00, 0x3F, 0xFF, 0xF8, 0x00, 0x00, 0x07, 0xFF, 0x80, 0x00, 0x00, 0x00, 0x00, 0x00, 0x00,
    0x00, 0x7F, 0xE0, 0x00, 0x00, 0x7F, 0xF0, 0x00, 0x00, 0xFF, 0xF0, 0x00, 0x00, 0xFF, 0xF0, 0x00,
    0x00, 0xFF, 0xF8, 0x00, 0x01, 0xFF, 0xF8, 0x00, 0x01, 0xFF, 0xF8, 0x00, 0x01, 0xFF, 0xFC, 0x00,
    0x01, 0xF9, 0xFC, 0x00, 0x03, 0xF9, 0xFC, 0x00, 0x03, 0xF9, 0xFE, 0x00, 0x03, 0xF9, 0xFE, 0x00,
    0x07, 0xF8, 0xFE, 0x00, 0x07, 0xF0, 0xFF, 0x00, 0x07, 0xF0, 0xFF, 0x00, 0x0F, 0xF0, 0x7F, 0x00,
    0x0F, 0xFF, 0xFF, 0x80, 0x0F, 0xFF, 0xFF, 0x80, 0x1F, 0xFF, 0xFF, 0x80, 0x1F, 0xFF, 0xFF, 0xC0,
    0x1F, 0xFF, 0xFF, 0xC0, 0x3F, 0xC0, 0x3F, 0xC0, 0x3F, 0xC0, 0x1F, 0xE0, 0x3F, 0x80, 0x1F, 0xE0,
    0x7F, 0x80, 0x1F, 0xE0, 0x7F, 0x80, 0x0F, 0xF0, 0x3F, 0xFF, 0x80, 0x3F, 0xFF, 0xE0, 0x3F, 0xFF,
    0xF8, 0x3F, 0xFF, 0xF8, 0x3F, 0xFF, 0xFC, 0x3F, 0x87, 0xFC, 0x3F, 0x83, 0xFC, 0x3F, 0x81, 0xFC,
    0x3F, 0x81, 0xFC, 0x3F, 0x81, 0xFC, 0x3F, 0x83, 0xF8, 0x3F, 0xFF, 0xF0, 0x3F, 0xFF, 0x80, 0x3F,
    0xFF, 0xF0, 0x3F, 0xFF, 0xF8, 0x3F, 0x83, 0xFC, 0x3F, 0x81, 0xFE, 0x3F, 0x80, 0xFE, 0x3F, 0x80,
    0xFE, 0x3F, 0x81, 0xFE, 0x3F, 0x83, 0xFE, 0x3F, 0xFF, 0xFE, 0x3F, 0xFF, 0xFC, 0x3F, 0xFF, 0xF8,
    0x3F, 0xFF, 0xF0, 0x3F, 0xFF, 0xC0, 0x00, 0x3F, 0xC0, 0x00, 0x01, 0xFF, 0xF0, 0x00, 0x03, 0xFF,
    0xFC, 0x00, 0x07, 0xFF, 0xFE, 0x00, 0x0F, 0xFF, 0xFF, 0x00, 0x1F, 0xFF, 0xFF, 0x80, 0x1F, 0xF0,
    0xFF, 0x80, 0x3F, 0xC0, 0x3F, 0x80, 0x3F, 0xC0, 0x3F, 0xC0, 0x3F, 0x80, 0x1F, 0xC0, 0x7F, 0x80,
    0x00, 0x00, 0x7F, 0x80, 0x00, 0x00, 0x7F, 0x80, 0x00, 0x00, 0x7F, 0x80, 0x00, 0x00, 0x7F, 0x80,
    0x00, 0x00, 0x7F, 0x80, 0x00, 0x00, 0x3F, 0x80, 0x1F, 0xC0, 0x3F, 0x80, 0x3F, 0xC0, 0x3F, 0xC0,
    0x3F, 0x80, 0x1F, 0xF0, 0xFF, 0x80, 0x1F, 0xFF, 0xFF, 0x00, 0x0F, 0xFF, 0xFF, 0x00, 0x07, 0xFF,
    0xFE, 0x00, 0x03, 0xFF, 0xFC, 0x00, 0x01, 0xFF, 0xF0, 0x00, 0x00, 0x3F, 0xC0, 0x00, 0x3F, 0xFF,
    0x00, 0x00, 0x3F, 0xFF, 0xE0, 0x00, 0x3F, 0xFF, 0xF0, 0x00, 0x3F, 0xFF, 0xF8, 0x00, 0x3F, 0xFF,
    0xFC, 0x00, 0x3F, 0xFF, 0xFE, 0x00, 0x3F, 0x83, 0xFE, 0x00, 0x3F, 0x80, 0xFF, 0x00, 0x3F, 0x80,
    0x7F, 0x00, 0x3F, 0x80, 0x7F, 0x00, 0x3F, 0x80, 0x7F, 0x80, 0x3F, 0x80, 0x3F, 0x80, 0x3F, 0x80,
    0x3F, 0x80, 0x3F, 0x80, 0x3F, 0x80, 0x3F, 0x80, 0x3F, 0x80, 0x3F, 0x80, 0x7F, 0x80, 0x3F, 0x80,
    0x7F, 0x00, 0x3F, 0x80, 0x7F, 0x00, 0x3F, 0x80, 0xFF, 0x00, 0x3F, 0x83, 0xFE, 0x00, 0x3F, 0xFF,
    0xFE, 0x00, 0x3F, 0xFF, 0xFC, 0x00, 0x3F, 0xFF, 0xF8, 0x00, 0x3F, 0xFF, 0xF0, 0x00, 0x3F, 0xFF,
    0xE0, 0x00, 0x3F, 0xFF, 0x00, 0x00, 0x3F, 0xFF, 0xF8, 0x3F, 0xFF, 0xF8, 0x3F, 0xFF, 0xF8, 0x3F,
    0xFF, 0xF8, 0x3F, 0xFF, 0xF8, 0x3F, 0x80, 0x00, 0x3F, 0x80, 0x00, 0x3F, 0x80, 0x00, 0x3F, 0x80,
    0x00, 0x3F, 0x80, 0x00, 0x3F, 0xFF, 0xF0, 0x3F, 0xFF, 0xF0, 0x3F, 0xFF, 0xF0, 0x3F, 0xFF, 0xF0,
    0x3F, 0xFF, 0xF0, 0x3F, 0x80, 0x00, 0x3F, 0x80, 0x00, 0x3F, 0x80, 0x00, 0x3F, 0x80, 0x00, 0x3F,
    0x80, 0x00, 0x3F, 0x80, 0x00, 0x3F, 0xFF, 0xF8, 0x3F, 0xFF, 0xF8, 0x3F, 0xFF, 0xF8, 0x3F, 0xFF,
    0xF8, 0x3F, 0xFF, 0xF8, 0x3F, 0xFF, 0xF0, 0x3F, 0xFF, 0xF0, 0x3F, 0xFF, 0xF0, 0x3F, 0xFF, 0xF0,
    0x3F, 0xFF, 0xF0, 0x3F, 0x80, 0x00, 0x3F, 0x80, 0x00, 0x3F, 0x80, 0x00, 0x3F, 0x80, 0x00, 0x3F,
    0x80, 0x00, 0x3F, 0x80, 0x00, 0x3F, 0x80, 0x00, 0x3F, 0xFF, 0xE0, 0x3F, 0xFF, 0xE0, 0x3F, 0xFF,
    0xE0, 0x3F, 0xFF, 0xE0, 0x3F, 0xFF, 0xE0, 0x3F, 0x80, 0x00, 0x3F, 0x80, 0x00, 0x3F, 0x80, 0x00,
    0x3F, 0x80, 0x00, 0x3F, 0x80, 0x00, 0x3F, 0x80, 0x00, 0x3F, 0x80, 0x00, 0x3F, 0x80, 0x00, 0x3F,
    0x80, 0x00, 0x00, 0x3F, 0xC0, 0x00, 0x00, 0xFF, 0xF8, 0x00, 0x03, 0xFF, 0xFC, 0x00, 0x07, 0xFF,
    0xFE, 0x00, 0x0F, 0xFF, 0xFF, 0x00, 0x1F, 0xFF, 0xFF, 0x80, 0x1F, 0xF0, 0x7F, 0x80, 0x3F, 0xC0,
    0x3F, 0x80, 0x3F, 0xC0, 0x00, 0x40, 0x3F, 0x80, 0x00, 0x00, 0x7F, 0x80, 0x00, 0x00, 0x7F, 0x83,
    0xFF, 0xC0, 0x7F, 0x83, 0xFF, 0xC0, 0x7F, 0x83, 0xFF, 0xC0, 0x7F, 0x83, 0xFF, 0xC0, 0x7F, 0x83,
    0xFF, 0xC0, 0x3F, 0x80, 0x1F, 0xC0, 0x3F, 0xC0, 0x1F, 0xC0, 0x3F, 0xC0, 0x3F, 0x80, 0x1F, 0xF0,
    0x7F, 0x80, 0x1F, 0xFF, 0xFF, 0x00, 0x0F, 0xFF, 0xFF, 0x00, 0x07, 0xFF, 0xFE, 0x00, 0x03, 0xFF,
    0xFC, 0x00, 0x01, 0xFF, 0xF0, 0x00, 0x00, 0x3F, 0xC0, 0x00, 0x3F, 0x80, 0x3F, 0x80, 0x3F, 0x80,
    0x3F, 0x80, 0x3F, 0x80, 0x3F, 0x80, 0x3F, 0x80, 0x3F, 0x80, 0x3F, 0x80, 0x3F, 0x80, 0x3F, 0x80,
    0x3F, 0x80, 0x3F, 0x80, 0x3F, 0x80, 0x3F, 0x80, 0x3F, 0x80, 0x3F, 0x80, 0x3F, 0x80, 0x3F, 0x80,
    0x3F, 0x80, 0x3F, 0xFF, 0xFF, 0x80, 0x3F, 0xFF, 0xFF, 0x80, 0x3F, 0xFF, 0xFF, 0x80, 0x3F, 0xFF,
    0xFF, 0x80, 0x3F, 0xFF, 0xFF, 0x80, 0x3F, 0x80, 0x3F, 0x80, 0x3F, 0x80, 0x3F, 0x80, 0x3F, 0x80,
    0x3F, 0x80, 0x3F, 0x80, 0x3F, 0x80, 0x3F, 0x80, 0x3F, 0x80, 0x3F, 0x80, 0x3F, 0x80, 0x3F, 0x80,
    0x3F, 0x80, 0x3F, 0x80, 0x3F, 0x80, 0x3F, 0x80, 0x3F, 0x80, 0x3F, 0x80, 0x3F, 0x80, 0x3F, 0x80,
    0x3F, 0x80, 0x3F, 0x80, 0x3F, 0x80, 0x3F, 0x80, 0x3F, 0x80, 0x3F, 0x80, 0x3F, 0x80, 0x3F, 0x80,
    0x3F, 0x80, 0x3F, 0x80, 0x3F, 0x80, 0x3F, 0x80, 0x3F, 0x80, 0x3F, 0x80, 0x3F, 0x80, 0x3F, 0x80,
    0x3F, 0x80, 0x3F, 0x80, 0x3F, 0x80, 0x3F, 0x80, 0x3F, 0x80, 0x3F, 0x80, 0x3F, 0x80, 0x3F, 0x80,
    0x3F, 0x80, 0x3F, 0x80, 0x3F, 0x80, 0x00, 0x07, 0xF0, 0x00, 0x07, 0xF0, 0x00, 0x07, 0xF0, 0x00,
    0x07, 0xF0, 0x00, 0x07, 0xF0, 0x00, 0x07, 0xF0, 0x00, 0x07, 0xF0, 0x00, 0x07, 0xF0, 0x00, 0x07,
    0xF0, 0x00, 0x07, 0xF0, 0x00, 0x07, 0xF0, 0x00, 0x07, 0xF0, 0x00, 0x07, 0xF0, 0x00, 0x07, 0xF0,
    0x00, 0x07, 0xF0, 0x00, 0x07, 0xF0, 0x7F, 0x07, 0xF0, 0x7F, 0x07, 0xF0, 0x7F, 0x07, 0xF0, 0x7F,
    0x0F, 0xF0, 0x7F, 0x9F, 0xE0, 0x7F, 0xFF, 0xE0, 0x3F, 0xFF, 0xC0, 0x1F, 0xFF, 0xC0, 0x0F, 0xFF,
    0x00, 0x03, 0xFC, 0x00, 0x3F, 0x80, 0x7F, 0xC0, 0x3F, 0x80, 0xFF, 0x80, 0x3F, 0x80, 0xFF, 0x00,
    0x3F, 0x81, 0xFE, 0x00, 0x3F, 0x83, 0xFC, 0x00, 0x3F, 0x87, 0xFC, 0x00, 0x3F, 0x87, 0xF8, 0x00,
    0x3F, 0x8F, 0xF0, 0x00, 0x3F, 0x9F, 0xE0, 0x00, 0x3F, 0xBF, 0xC0, 0x00, 0x3F, 0xBF, 0xC0, 0x00,
    0x3F, 0xFF, 0x80, 0x00, 0x3F, 0xFF, 0xC0, 0x00, 0x3F, 0xFF, 0xC0, 0x00, 0x3F, 0xFF, 0xE0, 0x00,
    0x3F, 0xFF, 0xF0, 0x00, 0x3F, 0xEF, 0xF0, 0x00, 0x3F, 0xE7, 0xF8, 0x00, 0x3F, 0xC3, 0xFC, 0x00,
    0x3F, 0x83, 0xFC, 0x00, 0x3F, 0x81, 0xFE, 0x00, 0x3F, 0x81, 0xFF, 0x00, 0x3F, 0x80, 0xFF, 0x00,
    0x3F, 0x80, 0x7F, 0x80, 0x3F, 0x80, 0x7F, 0xC0, 0x3F, 0x80, 0x3F, 0xE0, 0x3F, 0x80, 0x00, 0x3F,
    0x80, 0x00, 0x3F, 0x80, 0x00, 0x3F, 0x80, 0x00, 0x3F, 0x80, 0x00, 0x3F, 0x80, 0x00, 0x3F, 0x80,
    0x00, 0x3F, 0x80, 0x00, 0x3F, 0x80, 0x00, 0x3F, 0x80, 0x00, 0x3F, 0x80, 0x00, 0x3F, 0x80, 0x00,
    0x3F, 0x80, 0x00, 0x3F, 0x80, 0x00, 0x3F, 0x80, 0x00, 0x3F, 0x80, 0x00, 0x3F, 0x80, 0x00, 0x3F,
    0x80, 0x00, 0x3F, 0x80, 0x00, 0x3F, 0x80, 0x00, 0x3F, 0x80, 0x00, 0x3F, 0xFF, 0xE0, 0x3F, 0xFF,
    0xE0, 0x3F, 0xFF, 0xE0, 0x3F, 0xFF, 0xE0, 0x3F, 0xFF, 0xE0, 0x3F, 0xF8, 0x07, 0xFF, 0x80, 0x3F,
    0xF8, 0x07, 0xFF, 0x80, 0x3F, 0xFC, 0x07, 0xFF, 0x80, 0x3F, 0xFC, 0x0F, 0xFF, 0x80, 0x3F, 0xFC,
    0x0F, 0xFF, 0x80, 0x3F, 0xFE, 0x0F, 0xFF, 0x80, 0x3F, 0xFE, 0x0F, 0xFF, 0x80, 0x3F, 0xFE, 0x1F,
    0xBF, 0x80, 0x3F, 0xFE, 0x1F, 0xBF, 0x80, 0x3F, 0xFF, 0x1F, 0xBF, 0x80, 0x3F, 0xBF, 0x1F, 0xBF,
    0x80, 0x3F, 0xBF, 0x3F, 0x3F, 0x80, 0x3F, 0xBF, 0x3F, 0x3F, 0x80, 0x3F, 0xBF, 0x3F, 0x3F, 0x80,
    0x3F, 0x9F, 0xBF, 0x3F, 0x80, 0x3F, 0x9F, 0xBE, 0x3F, 0x80, 0x3F, 0x9F, 0xFE, 0x3F, 0x80, 0x3F,
    0x8F, 0xFE, 0x3F, 0x80, 0x3F, 0x8F, 0xFC, 0x3F, 0x80, 0x3F, 0x8F, 0xFC, 0x3F, 0x80, 0x3F, 0x87,
    0xFC, 0x3F, 0x80, 0x3F, 0x87, 0xFC, 0x3F, 0x80, 0x3F, 0x87, 0xF8, 0x3F, 0x80, 0x3F, 0x83, 0xF8,
    0x3F, 0x80, 0x3F, 0x83, 0xF8, 0x3F, 0x80, 0x3F, 0x83, 0xF0, 0x3F, 0x80, 0x3F, 0xC0, 0x1F, 0xC0,
    0x3F, 0xC0, 0x1F, 0xC0, 0x3F, 0xE0, 0x1F, 0xC0, 0x3F, 0xF0, 0x1F, 0xC0, 0x3F, 0xF0, 0x1F, 0xC0,
    0x3F, 0xF8, 0x1F, 0xC0, 0x3F, 0xF8, 0x1F, 0xC0, 0x3F, 0xFC, 0x1F, 0xC0, 0x3F, 0xFE, 0x1F, 0xC0,
    0x3F, 0xFE, 0x1F, 0xC0, 0x3F, 0xFF, 0x1F, 0xC0, 0x3F, 0xBF, 0x1F, 0xC0, 0x3F, 0xBF, 0x9F, 0xC0,
    0x3F, 0x9F, 0x9F, 0xC0, 0x3F, 0x9F, 0xDF, 0xC0, 0x3F, 0x8F, 0xDF, 0xC0, 0x3F, 0x8F, 0xFF, 0xC0,
    0x3F, 0x87, 0xFF, 0xC0, 0x3F, 0x83, 0xFF, 0xC0, 0x3F, 0x83, 0xFF, 0xC0, 0x3F, 0x81, 0xFF, 0xC0,
    0x3F, 0x80, 0xFF, 0xC0, 0x3F, 0x80, 0xFF, 0xC0, 0x3F, 0x80, 0x7F, 0xC0, 0x3F, 0x80, 0x7F, 0xC0,
    0x3F, 0x80, 0x3F, 0xC0, 0x00, 0x3F, 0xC0, 0x00, 0x01, 0xFF, 0xF0, 0x00, 0x03, 0xFF, 0xFC, 0x00,
    0x07, 0xFF, 0xFE, 0x00, 0x0F, 0xFF, 0xFF, 0x00, 0x1F, 0xFF, 0xFF, 0x80, 0x1F, 0xF0, 0xFF, 0x80,
    0x3F, 0xC0, 0x3F, 0xC0, 0x3F, 0x80, 0x3F, 0xC0, 0x3F, 0x80, 0x1F, 0xC0, 0x7F, 0x80, 0x1F, 0xE0,
    0x7F, 0x80, 0x1F, 0xE0, 0x7F, 0x80, 0x1F, 0xE0, 0x7F, 0x80, 0x1F, 0xE0, 0x7F, 0x80, 0x1F, 0xE0,
    0x7F, 0x80, 0x1F, 0xE0, 0x3F, 0x80, 0x1F, 0xC0, 0x3F, 0x80, 0x3F, 0xC0, 0x3F, 0xC0, 0x3F, 0xC0,
    0x1F, 0xF0, 0xFF, 0x80, 0x1F, 0xFF, 0xFF, 0x80, 0x0F, 0xFF, 0xFF, 0x00, 0x07, 0xFF, 0xFE, 0x00,
    0x03, 0xFF, 0xFC, 0x00, 0x01, 0xFF, 0xF0, 0x00, 0x00, 0x3F, 0xC0, 0x00, 0x3F, 0xFF, 0x80, 0x3F,
    0xFF, 0xE0, 0x3F, 0xFF, 0xF0, 0x3F, 0xFF, 0xF8, 0x3F, 0xFF, 0xFC, 0x3F, 0x87, 0xFC, 0x3F, 0x83,
    0xFC, 0x3F, 0x81, 0xFE, 0x3F, 0x81, 0xFE, 0x3F, 0x81, 0xFE, 0x3F, 0x81, 0xFE, 0x3F, 0x83, 0xFC,
    0x3F, 0x87, 0xFC, 0x3F, 0xFF, 0xFC, 0x3F, 0xFF, 0xF8, 0x3F, 0xFF, 0xF0, 0x3F, 0xFF, 0xE0, 0x3F,
    0xFF, 0x80, 0x3F, 0x80, 0x00, 0x3F, 0x80, 0x00, 0x3F, 0x80, 0x00, 0x3F, 0x80, 0x00, 0x3F, 0x80,
    0x00, 0x3F, 0x80, 0x00, 0x3F, 0x80, 0x00, 0x3F, 0x80, 0x00, 0x00, 0x3F, 0xC0, 0x00, 0x01, 0xFF,
    0xF0, 0x00, 0x03, 0xFF, 0xFC, 0x00, 0x07, 0xFF, 0xFE, 0x00, 0x0F, 0xFF, 0xFF, 0x00, 0x1F, 0xFF,
    0xFF, 0x80, 0x1F, 0xF0, 0xFF, 0x80, 0x3F, 0xC0, 0x3F, 0xC0, 0x3F, 0x80, 0x3F, 0xC0, 0x3F, 0x80,
    0x1F, 0xC0, 0x7F, 0x80, 0x1F, 0xE0, 0x7F, 0x80, 0x1F, 0xE0, 0x7F, 0x80, 0x1F, 0xE0, 0x7F, 0x80,
    0x1F, 0xE0, 0x7F, 0x80, 0x1F, 0xE0, 0x7F, 0x80, 0x1F, 0xE0, 0x3F, 0x8F, 0xDF, 0xC0, 0x3F, 0x87,
    0xFF, 0xC0, 0x3F, 0xC3, 0xFF, 0xC0, 0x1F, 0xF3, 0xFF, 0x80, 0x1F, 0xFF, 0xFF, 0x80, 0x0F, 0xFF,
    0xFF, 0x00, 0x07, 0xFF, 0xFE, 0x00, 0x03, 0xFF, 0xFF, 0x00, 0x01, 0xFF, 0xFF, 0x80, 0x00, 0x3F,
    0xDF, 0x80, 0x00, 0x00, 0x0F, 0xE0, 0x00, 0x00, 0x00, 0x00, 0x3F, 0xFF, 0x80, 0x3F, 0xFF, 0xE0,
    0x3F, 0xFF, 0xF0, 0x3F, 0xFF, 0xF8, 0x3F, 0xFF, 0xFC, 0x3F, 0x87, 0xFC, 0x3F, 0x81, 0xFC, 0x3F,
    0x81, 0xFE, 0x3F, 0x81, 0xFE, 0x3F, 0x81, 0xFE, 0x3F, 0x81, 0xFE, 0x3F, 0x83, 0xFC, 0x3F, 0xFF,
    0xFC, 0x3F, 0xFF, 0xF8, 0x3F, 0xFF, 0xF8, 0x3F, 0xFF, 0xF0, 0x3F, 0xFF, 0xC0, 0x3F, 0x9F, 0xE0,
    0x3F, 0x8F, 0xF0, 0x3F, 0x8F, 0xF0, 0x3F, 0x87, 0xF8, 0x3F, 0x87, 0xF8, 0x3F, 0x83, 0xFC, 0x3F,
    0x81, 0xFC, 0x3F, 0x81, 0xFE, 0x3F, 0x80, 0xFF, 0x00, 0xFF, 0x00, 0x03, 0xFF, 0xE0, 0x0F, 0xFF,
    0xF0, 0x1F, 0xFF, 0xF8, 0x1F, 0xFF, 0xFC, 0x3F, 0xE3, 0xFC, 0x3F, 0x81, 0xFC, 0x3F, 0x80, 0xFE,
    0x3F, 0xC0, 0x00, 0x3F, 0xF0, 0x00, 0x3F, 0xFF, 0x00, 0x3F, 0xFF, 0xE0, 0x1F, 0xFF, 0xF0, 0x0F,
    0xFF, 0xF8, 0x03, 0xFF, 0xFC, 0x00, 0x7F, 0xFE, 0x00, 0x07, 0xFE, 0x7F, 0x01, 0xFE, 0x7F, 0x00,
    0xFE, 0x7F, 0x81, 0xFE, 0x3F, 0xE3, 0xFE, 0x3F, 0xFF, 0xFC, 0x1F, 0xFF, 0xFC, 0x0F, 0xFF, 0xF8,
    0x07, 0xFF, 0xE0, 0x00, 0xFF, 0x80, 0x7F, 0xFF, 0xFF, 0x00, 0x7F, 0xFF, 0xFF, 0x00, 0x7F, 0xFF,
    0xFF, 0x00, 0x7F, 0xFF, 0xFF, 0x00, 0x7F, 0xFF, 0xFF, 0x00, 0x00, 0x7F, 0x00, 0x00, 0x00, 0x7F,
    0x00, 0x00, 0x00, 0x7F, 0x00, 0x00, 0x00, 0x7F, 0x00, 0x00, 0x00, 0x7F, 0x00, 0x00, 0x00, 0x7F,
    0x00, 0x00, 0x00, 0x7F, 0x00, 0x00, 0x00, 0x7F, 0x00, 0x00, 0x00, 0x7F, 0x00, 0x00, 0x00, 0x7F,
    0x00, 0x00, 0x00, 0x7F, 0x00, 0x00, 0x00, 0x7F, 0x00, 0x00, 0x00, 0x7F, 0x00, 0x00, 0x00, 0x7F,
    0x00, 0x00, 0x00, 0x7F, 0x00, 0x00, 0x00, 0x7F, 0x00, 0x00, 0x00, 0x7F, 0x00, 0x00, 0x00, 0x7F,
    0x00, 0x00, 0x00, 0x7F, 0x00, 0x00, 0x00, 0x7F, 0x00, 0x00, 0x00, 0x7F, 0x00, 0x00, 0x3F, 0x80,
    0x7F, 0x00, 0x3F, 0x80, 0x7F, 0x00, 0x3F, 0x80, 0x7F, 0x00, 0x3F, 0x80, 0x7F, 0x00, 0x3F, 0x80,
    0x7F, 0x00, 0x3F, 0x80, 0x7F, 0x00, 0x3F, 0x80, 0x7F, 0x00, 0x3F, 0x80, 0x7F, 0x00, 0x3F, 0x80,
    0x7F, 0x00, 0x3F, 0x80, 0x7F, 0x00, 0x3F, 0x80, 0x7F, 0x00, 0x3F, 0x80, 0x7F, 0x00, 0x3F, 0x80,
    0x7F, 0x00, 0x3F, 0x80, 0x7F, 0x00, 0x3F, 0x80, 0x7F, 0x00, 0x3F, 0x80, 0x7F, 0x00, 0x3F, 0x80,
    0x7F, 0x00, 0x3F, 0x80, 0x7F, 0x00, 0x3F, 0xC0, 0xFF, 0x00, 0x3F, 0xE1, 0xFF, 0x00, 0x1F, 0xFF,
    0xFE, 0x00, 0x1F, 0xFF, 0xFE, 0x00, 0x0F, 0xFF, 0xFC, 0x00, 0x07, 0xFF, 0xF8, 0x00, 0x03, 0xFF,
    0xF0, 0x00, 0x00, 0x7F, 0x80, 0x00, 0x7F, 0x80, 0x0F, 0xF0, 0x7F, 0x80, 0x1F, 0xE0, 0x3F, 0xC0,
    0x1F, 0xE0, 0x3F, 0xC0, 0x1F, 0xE0, 0x3F, 0xC0, 0x1F, 0xC0, 0x1F, 0xE0, 0x3F, 0xC0, 0x1F, 0xE0,
    0x3F, 0xC0, 0x1F, 0xE0, 0x3F, 0x80, 0x0F, 0xE0, 0x7F, 0x80, 0x0F, 0xF0, 0x7F, 0x80, 0x0F, 0xF0,
    0x7F, 0x00, 0x07, 0xF0, 0x7F, 0x00, 0x07, 0xF8, 0xFF, 0x00, 0x07, 0xF8, 0xFE, 0x00, 0x03, 0xF8,
    0xFE, 0x00, 0x03, 0xF8, 0xFE, 0x00, 0x03, 0xFD, 0xFC, 0x00, 0x01, 0xFD, 0xFC, 0x00, 0x01, 0xFD,
    0xFC, 0x00, 0x01, 0xFD, 0xF8, 0x00, 0x00, 0xFF, 0xF8, 0x00, 0x00, 0xFF, 0xF8, 0x00, 0x00, 0xFF,
    0xF0, 0x00, 0x00, 0x7F, 0xF0, 0x00, 0x00, 0x7F, 0xF0, 0x00, 0x00, 0x7F, 0xE0, 0x00, 0x7F, 0x80,
    0xFE, 0x03, 0xFC, 0x7F, 0x80, 0xFE, 0x03, 0xFC, 0x7F, 0x81, 0xFF, 0x03, 0xF8, 0x3F, 0x81, 0xFF,
    0x07, 0xF8, 0x3F, 0xC1, 0xFF, 0x07, 0xF8, 0x3F, 0xC1, 0xFF, 0x07, 0xF8, 0x1F, 0xC3, 0xFF, 0x87,
    0xF0, 0x1F, 0xC3, 0xFF, 0x87, 0xF0, 0x1F, 0xE3, 0xFF, 0x8F, 0xF0, 0x1F, 0xE3, 0xFF, 0x8F, 0xF0,
    0x0F, 0xE3, 0xEF, 0x8F, 0xE0, 0x0F, 0xE7, 0xEF, 0xCF, 0xE0, 0x0F, 0xE7, 0xEF, 0xCF, 0xE0, 0x0F,
    0xE7, 0xEF, 0xDF, 0xE0, 0x07, 0xF7, 0xEF, 0xDF, 0xC0, 0x07, 0xF7, 0xC7, 0xDF, 0xC0, 0x07, 0xFF,
    0xC7, 0xDF, 0xC0, 0x07, 0xFF, 0xC7, 0xFF, 0x80, 0x03, 0xFF, 0xC7, 0xFF, 0x80, 0x03, 0xFF, 0x83,
    0xFF, 0x80, 0x03, 0xFF, 0x83, 0xFF, 0x80, 0x01, 0xFF, 0x83, 0xFF, 0x00, 0x01, 0xFF, 0x83, 0xFF,
    0x00, 0x01, 0xFF, 0x01, 0xFF, 0x00, 0x01, 0xFF, 0x01, 0xFF, 0x00, 0x00, 0xFF, 0x01, 0xFE, 0x00,
    0x3F, 0xC0, 0x3F, 0xC0, 0x1F, 0xE0, 0x7F, 0xC0, 0x1F, 0xF0, 0x7F, 0x80, 0x0F, 0xF0, 0xFF, 0x00,
    0x07, 0xF8, 0xFF, 0x00, 0x07, 0xF9, 0xFE, 0x00, 0x03, 0xFD, 0xFC, 0x00, 0x01, 0xFF, 0xFC, 0x00,
    0x01, 0xFF, 0xF8, 0x00, 0x00, 0xFF, 0xF0, 0x00, 0x00, 0x7F, 0xF0, 0x00, 0x00, 0x7F, 0xE0, 0x00,
    0x00, 0x3F, 0xC0, 0x00, 0x00, 0x3F, 0xE0, 0x00, 0x00, 0x7F, 0xF0, 0x00, 0x00, 0xFF, 0xF0, 0x00,
    0x00, 0xFF, 0xF8, 0x00, 0x01, 0xFF, 0xFC, 0x00, 0x03, 0xFF, 0xFC, 0x00, 0x07, 0xF9, 0xFE, 0x00,
    0x07, 0xF9, 0xFF, 0x00, 0x0F, 0xF0, 0xFF, 0x00, 0x1F, 0xE0, 0x7F, 0x80, 0x1F, 0xE0, 0x7F, 0xC0,
    0x3F, 0xC0, 0x3F, 0xC0, 0x7F, 0x80, 0x1F, 0xF0, 0x7F, 0x80, 0x1F, 0xE0, 0x3F, 0xC0, 0x3F, 0xC0,
    0x3F, 0xC0, 0x3F, 0xC0, 0x1F, 0xE0, 0x7F, 0x80, 0x1F, 0xE0, 0x7F, 0x80, 0x0F, 0xF0, 0xFF, 0x00,
    0x07, 0xF0, 0xFE, 0x00, 0x07, 0xF9, 0xFE, 0x00, 0x03, 0xF9, 0xFC, 0x00, 0x03, 0xFD, 0xFC, 0x00,
    0x01, 0xFF, 0xF8, 0x00, 0x01, 0xFF, 0xF8, 0x00, 0x00, 0xFF, 0xF0, 0x00, 0x00, 0x7F, 0xF0, 0x00,
    0x00, 0x7F, 0xE0, 0x00, 0x00, 0x3F, 0xC0, 0x00, 0x00, 0x3F, 0xC0, 0x00, 0x00, 0x1F, 0xC0, 0x00,
    0x00, 0x1F, 0xC0, 0x00, 0x00, 0x1F, 0xC0, 0x00, 0x00, 0x1F, 0xC0, 0x00, 0x00, 0x1F, 0xC0, 0x00,
    0x00, 0x1F, 0xC0, 0x00, 0x00, 0x1F, 0xC0, 0x00, 0x00, 0x1F, 0xC0, 0x00, 0x00, 0x1F, 0xC0, 0x00,
    0x3F, 0xFF, 0xFE, 0x00, 0x3F, 0xFF, 0xFE, 0x00, 0x3F, 0xFF, 0xFE, 0x00, 0x3F, 0xFF, 0xFE, 0x00,
    0x3F, 0xFF, 0xFE, 0x00, 0x00, 0x03, 0xFC, 0x00, 0x00, 0x03, 0xF8, 0x00, 0x00, 0x07, 0xF0, 0x00,
    0x00, 0x0F, 0xF0, 0x00, 0x00, 0x1F, 0xE0, 0x00, 0x00, 0x3F, 0xC0, 0x00, 0x00, 0x3F, 0xC0, 0x00,
    0x00, 0x7F, 0x80, 0x00, 0x00, 0xFF, 0x00, 0x00, 0x00, 0xFE, 0x00, 0x00, 0x01, 0xFE, 0x00, 0x00,
    0x03, 0xFC, 0x00, 0x00, 0x07, 0xF8, 0x00, 0x00, 0x07, 0xF0, 0x00, 0x00, 0x0F, 0xE0, 0x00, 0x00,
    0x1F, 0xE0, 0x00, 0x00, 0x3F, 0xFF, 0xFE, 0x00, 0x3F, 0xFF, 0xFE, 0x00, 0x3F, 0xFF, 0xFE, 0x00,
    0x3F, 0xFF, 0xFE, 0x00, 0x3F, 0xFF, 0xFE, 0x00, 0x1F, 0xF0, 0x1F, 0xF0, 0x1F, 0xF0, 0x1F, 0xF0,
    0x1F, 0xF0, 0x1F, 0x80, 0x1F, 0x80, 0x1F, 0x80, 0x1F, 0x80, 0x1F, 0x80, 0x1F, 0x80, 0x1F, 0x80,
    0x1F, 0x80, 0x1F, 0x80, 0x1F, 0x80, 0x1F, 0x80, 0x1F, 0x80, 0x1F, 0x80, 0x1F, 0x80, 0x1F, 0x80,
    0x1F, 0x80, 0x1F, 0x80, 0x1F, 0x80, 0x1F, 0x80, 0x1F, 0x80, 0x1F, 0x80, 0x1F, 0x80, 0x1F, 0x80,
    0x1F, 0xF0, 0x1F, 0xF0, 0x1F, 0xF0, 0x1F, 0xF0, 0x1F, 0xF0, 0xFC, 0x00, 0xFC, 0x00, 0x7E, 0x00,
    0x7E, 0x00, 0x7E, 0x00, 0x3F, 0x00, 0x3F, 0x00, 0x3F, 0x00, 0x3F, 0x00, 0x1F, 0x80, 0x1F, 0x80,
    0x1F, 0x80, 0x1F, 0x80, 0x0F, 0xC0, 0x0F, 0xC0, 0x0F, 0xC0, 0x0F, 0xC0, 0x07, 0xE0, 0x07, 0xE0,
    0x07, 0xE0, 0x03, 0xF0, 0x03, 0xF0, 0x03, 0xF0, 0x03, 0xF0, 0x01, 0xF8, 0x01, 0xF8, 0x01, 0xF8,
    0x01, 0xF8, 0x00, 0xFC, 0x00, 0xFC, 0x00, 0xFC, 0x00, 0x7E, 0x7F, 0xE0, 0x7F, 0xE0, 0x7F, 0xE0,
    0x7F, 0xE0, 0x7F, 0xE0, 0x07, 0xE0, 0x07, 0xE0, 0x07, 0xE0, 0x07, 0xE0, 0x07, 0xE0, 0x07, 0xE0,
    0x07, 0xE0, 0x07, 0xE0, 0x07, 0xE0, 0x07, 0xE0, 0x07, 0xE0, 0x07, 0xE0, 0x07, 0xE0, 0x07, 0xE0,
    0x07, 0xE0, 0x07, 0xE0, 0x07, 0xE0, 0x07, 0xE0, 0x07, 0xE0, 0x07, 0xE0, 0x07, 0xE0, 0x07, 0xE0,
    0x07, 0xE0, 0x7F, 0xE0, 0x7F, 0xE0, 0x7F, 0xE0, 0x7F, 0xE0, 0x7F, 0xE0, 0x03, 0xF0, 0x00, 0x03,
    0xF0, 0x00, 0x03, 0xF0, 0x00, 0x07, 0xF8, 0x00, 0x07, 0xF8, 0x00, 0x0F, 0xFC, 0x00, 0x0F, 0x3C,
    0x00, 0x1F, 0x3E, 0x00, 0x1E, 0x1E, 0x00, 0x3E, 0x1F, 0x00, 0x3E, 0x1F, 0x00, 0x7C, 0x0F, 0x80,
    0x00, 0x00, 0x00, 0x00, 0x00, 0x00, 0x00, 0x00, 0x00, 0x00, 0x00, 0x00, 0x00, 0x00, 0x00, 0x00,
    0x00, 0x00, 0x00, 0x00, 0x00, 0x00, 0x00, 0x00, 0x00, 0x00, 0x00, 0x00, 0x00, 0x00, 0x00, 0x00,
    0x00, 0x00, 0x00, 0x00, 0x00, 0x00, 0x00, 0x00, 0x00, 0x00, 0xFF, 0xFF, 0xC0, 0xFF, 0xFF, 0xC0,
    0xFF, 0xFF, 0xC0, 0xFF, 0xFF, 0xC0, 0xFF, 0xFF, 0xC0, 0x00, 0x00, 0x00, 0x1F, 0x80, 0x0F, 0xC0,
    0x07, 0xC0, 0x03, 0xE0, 0x03, 0xE0, 0x00, 0x00, 0x00, 0x00, 0x00, 0x00, 0x00, 0x00, 0x00, 0x00,
    0x00, 0x00, 0x00, 0x00, 0x00, 0x00, 0x00, 0x00, 0x00, 0x00, 0x00, 0x00, 0x00, 0x00, 0x00, 0x00,
    0x00, 0x00, 0x00, 0x00, 0x00, 0x00, 0x00, 0x00, 0x00, 0x00, 0x00, 0x00, 0x00, 0x00, 0x00, 0x00,
    0x00, 0x00, 0x00, 0x00, 0x01, 0xFC, 0x00, 0x07, 0xFF, 0x80, 0x1F, 0xFF, 0xC0, 0x1F, 0xFF, 0xE0,
    0x3F, 0xFF, 0xE0, 0x3F, 0xDF, 0xF0, 0x7F, 0x07, 0xF0, 0x00, 0x0F, 0xF0, 0x00, 0x3F, 0xF0, 0x0F,
    0xFF, 0xF0, 0x3F, 0xFF, 0xF0, 0x3F, 0xFF, 0xF0, 0x7F, 0x87, 0xF0, 0x7F, 0x07, 0xF0, 0x7F, 0x0F,
    0xF0, 0x7F, 0x1F, 0xF0, 0x7F, 0xFF, 0xF0, 0x3F, 0xFF, 0xF0, 0x3F, 0xF7, 0xF0, 0x0F, 0xC7, 0xF0,
    0x3F, 0x80, 0x00, 0x3F, 0x80, 0x00, 0x3F, 0x80, 0x00, 0x3F, 0x80, 0x00, 0x3F, 0x80, 0x00, 0x3F,
    0x80, 0x00, 0x3F, 0x8F, 0x80, 0x3F, 0xBF, 0xE0, 0x3F, 0xBF, 0xF0, 0x3F, 0xFF, 0xF8, 0x3F, 0xFF,
    0xF8, 0x3F, 0xE7, 0xFC, 0x3F, 0xC3, 0xFC, 0x3F, 0x83, 0xFC, 0x3F, 0x81, 0xFC, 0x3F, 0x81, 0xFC,
    0x3F, 0x81, 0xFC, 0x3F, 0x81, 0xFC, 0x3F, 0x83, 0xFC, 0x3F, 0xC3, 0xFC, 0x3F, 0xE7, 0xFC, 0x3F,
    0xFF, 0xF8, 0x3F, 0xFF, 0xF8, 0x3F, 0xFF, 0xF0, 0x3F, 0xBF, 0xE0, 0x3F, 0x8F, 0x80, 0x00, 0xFE,
    0x00, 0x07, 0xFF, 0x80, 0x0F, 0xFF, 0xC0, 0x1F, 0xFF, 0xE0, 0x3F, 0xFF, 0xF0, 0x3F, 0xCF, 0xF0,
    0x3F, 0x87, 0xF0, 0x7F, 0x83, 0xF8, 0x7F, 0x00, 0x00, 0x7F, 0x00, 0x00, 0x7F, 0x00, 0x00, 0x7F,
    0x00, 0x00, 0x7F, 0x83, 0xF8, 0x3F, 0x83, 0xF0, 0x3F, 0xEF, 0xF0, 0x3F, 0xFF, 0xF0, 0x1F, 0xFF,
    0xE0, 0x0F, 0xFF, 0xC0, 0x07, 0xFF, 0x80, 0x00, 0xFE, 0x00, 0x00, 0x03, 0xF8, 0x00, 0x03, 0xF8,
    0x00, 0x03, 0xF8, 0x00, 0x03, 0xF8, 0x00, 0x03, 0xF8, 0x00, 0x03, 0xF8, 0x03, 0xE3, 0xF8, 0x0F,
    0xFB, 0xF8, 0x1F, 0xFF, 0xF8, 0x1F, 0xFF, 0xF8, 0x3F, 0xFF, 0xF8, 0x3F, 0xEF, 0xF8, 0x7F, 0x83,
    0xF8, 0x7F, 0x83, 0xF8, 0x7F, 0x03, 0xF8, 0x7F, 0x01, 0xF8, 0x7F, 0x01, 0xF8, 0x7F, 0x03, 0xF8,
    0x7F, 0x83, 0xF8, 0x7F, 0x83, 0xF8, 0x3F, 0xEF, 0xF8, 0x3F, 0xFF, 0xF8, 0x1F, 0xFF, 0xF8, 0x1F,
    0xFF, 0xF8, 0x0F, 0xFB, 0xF8, 0x03, 0xF3, 0xF8, 0x00, 0xFC, 0x00, 0x07, 0xFF, 0x80, 0x0F, 0xFF,
    0xC0, 0x1F, 0xFF, 0xE0, 0x3F, 0xFF, 0xE0, 0x3F, 0xCF, 0xF0, 0x3F, 0x83, 0xF0, 0x7F, 0x03, 0xF8,
    0x7F, 0xFF, 0xF8, 0x7F, 0xFF, 0xF8, 0x7F, 0xFF, 0xF8, 0x7F, 0xFF, 0xF8, 0x7F, 0x00, 0x00, 0x3F,
    0x02, 0x00, 0x3F, 0xCF, 0xF8, 0x3F, 0xFF, 0xF0, 0x1F, 0xFF, 0xE0, 0x0F, 0xFF, 0xE0, 0x07, 0xFF,
    0x80, 0x01, 0xFE, 0x00, 0x01, 0xFE, 0x07, 0xFE, 0x0F, 0xFE, 0x0F, 0xFC, 0x0F, 0xFC, 0x1F, 0xE0,
    0x1F, 0xE0, 0xFF, 0xFC, 0xFF, 0xFC, 0xFF, 0xFC, 0xFF, 0xFC, 0xFF, 0xFC, 0x1F, 0xE0, 0x1F, 0xE0,
    0x1F, 0xE0, 0x1F, 0xE0, 0x1F, 0xE0, 0x1F, 0xE0, 0x1F, 0xE0, 0x1F, 0xE0, 0x1F, 0xE0, 0x1F, 0xE0,
    0x1F, 0xE0, 0x1F, 0xE0, 0x1F, 0xE0, 0x1F, 0xE0, 0x1F, 0xE0, 0x00, 0x00, 0x03, 0xE1, 0xFC, 0x0F,
    0xF9, 0xFC, 0x1F, 0xFD, 0xFC, 0x1F, 0xFD, 0xFC, 0x3F, 0xFF, 0xFC, 0x3F, 0xEF, 0xFC, 0x7F, 0x83,
    0xFC, 0x7F, 0x83, 0xFC, 0x7F, 0x03, 0xFC, 0x7F, 0x01, 0xFC, 0x7F, 0x01, 0xFC, 0x7F, 0x03, 0xFC,
    0x7F, 0x83, 0xFC, 0x7F, 0x83, 0xFC, 0x3F, 0xEF, 0xFC, 0x3F, 0xFF, 0xFC, 0x3F, 0xFF, 0xFC, 0x1F,
    0xFD, 0xFC, 0x0F, 0xF9, 0xFC, 0x03, 0xF1, 0xF8, 0x00, 0x03, 0xF8, 0x3F, 0x87, 0xF8, 0x3F, 0xFF,
    0xF8, 0x1F, 0xFF, 0xF0, 0x1F, 0xFF, 0xE0, 0x07, 0xFF, 0xC0, 0x01, 0xFE, 0x00, 0x3F, 0x80, 0x00,
    0x3F, 0x80, 0x00, 0x3F, 0x80, 0x00, 0x3F, 0x80, 0x00, 0x3F, 0x80, 0x00, 0x3F, 0x80, 0x00, 0x3F,
    0x8F, 0x80, 0x3F, 0xBF, 0xE0, 0x3F, 0xBF, 0xF0, 0x3F, 0xFF, 0xF8, 0x3F, 0xFF, 0xF8, 0x3F, 0xE7,
    0xF8, 0x3F, 0x83, 0xFC, 0x3F, 0x83, 0xFC, 0x3F, 0x81, 0xFC, 0x3F, 0x81, 0xFC, 0x3F, 0x81, 0xFC,
    0x3F, 0x81, 0xFC, 0x3F, 0x81, 0xFC, 0x3F, 0x81, 0xFC, 0x3F, 0x81, 0xFC, 0x3F, 0x81, 0xFC, 0x3F,
    0x81, 0xFC, 0x3F, 0x81, 0xFC, 0x3F, 0x81, 0xFC, 0x3F, 0x81, 0xFC, 0x0E, 0x00, 0x3F, 0x00, 0x3F,
    0x80, 0x3F, 0x80, 0x3F, 0x80, 0x3F, 0x00, 0x1E, 0x00, 0x00, 0x00, 0x00, 0x00, 0x3F, 0x80, 0x3F,
    0x80, 0x3F, 0x80, 0x3F, 0x80, 0x3F, 0x80, 0x3F, 0x80, 0x3F, 0x80, 0x3F, 0x80, 0x3F, 0x80, 0x3F,
    0x80, 0x3F, 0x80, 0x3F, 0x80, 0x3F, 0x80, 0x3F, 0x80, 0x3F, 0x80, 0x3F, 0x80, 0x3F, 0x80, 0x3F,
    0x80, 0x3F, 0x80, 0x3F, 0x80, 0x07, 0x00, 0x1F, 0x80, 0x1F, 0xC0, 0x1F, 0xC0, 0x1F, 0xC0, 0x1F,
    0x80, 0x0F, 0x00, 0x00, 0x00, 0x00, 0x00, 0x1F, 0xC0, 0x1F, 0xC0, 0x1F, 0xC0, 0x1F, 0xC0, 0x1F,
    0xC0, 0x1F, 0xC0, 0x1F, 0xC0, 0x1F, 0xC0, 0x1F, 0xC0, 0x1F, 0xC0, 0x1F, 0xC0, 0x1F, 0xC0, 0x1F,
    0xC0, 0x1F, 0xC0, 0x1F, 0xC0, 0x1F, 0xC0, 0x1F, 0xC0, 0x1F, 0xC0, 0x1F, 0xC0, 0x1F, 0xC0, 0x1F,
    0xC0, 0x3F, 0xC0, 0xFF, 0xC0, 0xFF, 0x80, 0xFF, 0x80, 0xFF, 0x00, 0xF8, 0x00, 0x3F, 0x80, 0x00,
    0x3F, 0x80, 0x00, 0x3F, 0x80, 0x00, 0x3F, 0x80, 0x00, 0x3F, 0x80, 0x00, 0x3F, 0x80, 0x00, 0x3F,
    0x83, 0xFC, 0x3F, 0x87, 0xF8, 0x3F, 0x8F, 0xF0, 0x3F, 0x9F, 0xE0, 0x3F, 0x9F, 0xC0, 0x3F, 0xBF,
    0xC0, 0x3F, 0xFF, 0x80, 0x3F, 0xFF, 0x00, 0x3F, 0xFE, 0x00, 0x3F, 0xFE, 0x00, 0x3F, 0xFF, 0x00,
    0x3F, 0xFF, 0x80, 0x3F, 0xFF, 0x80, 0x3F, 0xFF, 0xC0, 0x3F, 0x9F, 0xE0, 0x3F, 0x9F, 0xE0, 0x3F,
    0x8F, 0xF0, 0x3F, 0x8F, 0xF0, 0x3F, 0x87, 0xF8, 0x3F, 0x83, 0xFC, 0x3F, 0x80, 0x3F, 0x80, 0x3F,
    0x80, 0x3F, 0x80, 0x3F, 0x80, 0x3F, 0x80, 0x3F, 0x80, 0x3F, 0x80, 0x3F, 0x80, 0x3F, 0x80, 0x3F,
    0x80, 0x3F, 0x80, 0x3F, 0x80, 0x3F, 0x80, 0x3F, 0x80, 0x3F, 0x80, 0x3F, 0x80, 0x3F, 0x80, 0x3F,
    0x80, 0x3F, 0x80, 0x3F, 0x80, 0x3F, 0x80, 0x3F, 0x80, 0x3F, 0x80, 0x3F, 0x80, 0x3F, 0x80, 0x3F,
    0x0F, 0x81, 0xF0, 0x00, 0x3F, 0x3F, 0xC7, 0xFC, 0x00, 0x3F, 0x7F, 0xEF, 0xFE, 0x00, 0x3F, 0xFF,
    0xEF, 0xFF, 0x00, 0x3F, 0xFF, 0xFF, 0xFF, 0x00, 0x3F, 0xFF, 0xFF, 0xFF, 0x00, 0x3F, 0x87, 0xF8,
    0x7F, 0x00, 0x3F, 0x83, 0xF0, 0x7F, 0x00, 0x3F, 0x83, 0xF0, 0x7F, 0x00, 0x3F, 0x83, 0xF0, 0x7F,
    0x00, 0x3F, 0x83, 0xF0, 0x7F, 0x00, 0x3F, 0x83, 0xF0, 0x7F, 0x00, 0x3F, 0x83, 0xF0, 0x7F, 0x00,
    0x3F, 0x83, 0xF0, 0x7F, 0x00, 0x3F, 0x83, 0xF0, 0x7F, 0x00, 0x3F, 0x83, 0xF0, 0x7F, 0x00, 0x3F,
    0x83, 0xF0, 0x7F, 0x00, 0x3F, 0x83, 0xF0, 0x7F, 0x00, 0x3F, 0x83, 0xF0, 0x7F, 0x00, 0x3F, 0x83,
    0xF0, 0x7F, 0x00, 0x3F, 0x0F, 0x80, 0x3F, 0x3F, 0xE0, 0x3F, 0x3F, 0xF0, 0x3F, 0xFF, 0xF8, 0x3F,
    0xFF, 0xF8, 0x3F, 0xE7, 0xF8, 0x3F, 0x83, 0xFC, 0x3F, 0x83, 0xFC, 0x3F, 0x81, 0xFC, 0x3F, 0x81,
    0xFC, 0x3F, 0x81, 0xFC, 0x3F, 0x81, 0xFC, 0x3F, 0x81, 0xFC, 0x3F, 0x81, 0xFC, 0x3F, 0x81, 0xFC,
    0x3F, 0x81, 0xFC, 0x3F, 0x81, 0xFC, 0x3F, 0x81, 0xFC, 0x3F, 0x81, 0xFC, 0x3F, 0x81, 0xFC, 0x00,
    0xFE, 0x00, 0x07, 0xFF, 0x80, 0x0F, 0xFF, 0xC0, 0x1F, 0xFF, 0xE0, 0x3F, 0xFF, 0xF0, 0x3F, 0xCF,
    0xF8, 0x3F, 0x87, 0xF8, 0x7F, 0x83, 0xF8, 0x7F, 0x03, 0xF8, 0x7F, 0x03, 0xF8, 0x7F, 0x03, 0xF8,
    0x7F, 0x03, 0xF8, 0x7F, 0x83, 0xF8, 0x3F, 0x87, 0xF8, 0x3F, 0xCF, 0xF8, 0x3F, 0xFF, 0xF0, 0x1F,
    0xFF, 0xE0, 0x0F, 0xFF, 0xC0, 0x07, 0xFF, 0x80, 0x00, 0xFE, 0x00, 0x3F, 0x8F, 0x80, 0x3F, 0xBF,
    0xE0, 0x3F, 0xBF, 0xF0, 0x3F, 0xFF, 0xF8, 0x3F, 0xFF, 0xF8, 0x3F, 0xE7, 0xFC, 0x3F, 0xC3, 0xFC,
    0x3F, 0x83, 0xFC, 0x3F, 0x81, 0xFC, 0x3F, 0x81, 0xFC, 0x3F, 0x81, 0xFC, 0x3F, 0x81, 0xFC, 0x3F,
    0x83, 0xFC, 0x3F, 0xC3, 0xFC, 0x3F, 0xE7, 0xFC, 0x3F, 0xFF, 0xF8, 0x3F, 0xFF, 0xF8, 0x3F, 0xFF,
    0xF0, 0x3F, 0xBF, 0xE0, 0x3F, 0x8F, 0x80, 0x3F, 0x80, 0x00, 0x3F, 0x80, 0x00, 0x3F, 0x80, 0x00,
    0x3F, 0x80, 0x00, 0x3F, 0x80, 0x00, 0x3F, 0x80, 0x00, 0x3F, 0x80, 0x00, 0x03, 0xE3, 0xF8, 0x0F,
    0xFB, 0xF8, 0x1F, 0xFF, 0xF8, 0x1F, 0xFF, 0xF8, 0x3F, 0xFF, 0xF8, 0x3F, 0xEF, 0xF8, 0x7F, 0x83,
    0xF8, 0x7F, 0x83, 0xF8, 0x7F, 0x03, 0xF8, 0x7F, 0x01, 0xF8, 0x7F, 0x01, 0xF8, 0x7F, 0x03, 0xF8,
    0x7F, 0x83, 0xF8, 0x7F, 0x83, 0xF8, 0x3F, 0xEF, 0xF8, 0x3F, 0xFF, 0xF8, 0x1F, 0xFF, 0xF8, 0x1F,
    0xFF, 0xF8, 0x0F, 0xFB, 0xF8, 0x03, 0xE3, 0xF8, 0x00, 0x03, 0xF8, 0x00, 0x03, 0xF8, 0x00, 0x03,
    0xF8, 0x00, 0x03, 0xF8, 0x00, 0x03, 0xF8, 0x00, 0x03, 0xF8, 0x00, 0x03, 0xF8, 0x3F, 0x9E, 0x3F,
    0xBE, 0x3F, 0xFE, 0x3F, 0xFE, 0x3F, 0xFE, 0x3F, 0xFE, 0x3F, 0xE2, 0x3F, 0x80, 0x3F, 0x80, 0x3F,
    0x80, 0x3F, 0x80, 0x3F, 0x80, 0x3F, 0x80, 0x3F, 0x80, 0x3F, 0x80, 0x3F, 0x80, 0x3F, 0x80, 0x3F,
    0x80, 0x3F, 0x80, 0x3F, 0x80, 0x03, 0xFC, 0x00, 0x0F, 0xFF, 0x80, 0x1F, 0xFF, 0xC0, 0x3F, 0xFF,
    0xE0, 0x3F, 0xFF, 0xE0, 0x7F, 0xDF, 0xE0, 0x7F, 0x07, 0xD0, 0x3F, 0x80, 0x00, 0x3F, 0xFC, 0x00,
    0x1F, 0xFF, 0xC0, 0x0F, 0xFF, 0xE0, 0x01, 0xFF, 0xF0, 0x00, 0x0F, 0xF0, 0x7F, 0x07, 0xF0, 0x7F,
    0x8F, 0xF0, 0x3F, 0xFF, 0xF0, 0x3F, 0xFF, 0xE0, 0x1F, 0xFF, 0xE0, 0x0F, 0xFF, 0x80, 0x01, 0xFE,
    0x00, 0x1F, 0xC0, 0x1F, 0xC0, 0x1F, 0xC0, 0x1F, 0xC0, 0x1F, 0xC0, 0xFF, 0xF8, 0xFF, 0xF8, 0xFF,
    0xF8, 0xFF, 0xF8, 0xFF, 0xF8, 0x1F, 0xC0, 0x1F, 0xC0, 0x1F, 0xC0, 0x1F, 0xC0, 0x1F, 0xC0, 0x1F,
    0xC0, 0x1F, 0xC0, 0x1F, 0xC0, 0x1F, 0xC0, 0x1F, 0xE8, 0x1F, 0xF8, 0x1F, 0xF8, 0x0F, 0xF8, 0x0F,
    0xFC, 0x03, 0xFC, 0x3F, 0x81, 0xFC, 0x3F, 0x81, 0xFC, 0x3F, 0x81, 0xFC, 0x3F, 0x81, 0xFC, 0x3F,
    0x81, 0xFC, 0x3F, 0x81, 0xFC, 0x3F, 0x81, 0xFC, 0x3F, 0x81, 0xFC, 0x3F, 0x81, 0xFC, 0x3F, 0x81,
    0xFC, 0x3F, 0x81, 0xFC, 0x3F, 0x83, 0xFC, 0x3F, 0x83, 0xFC, 0x3F, 0x83, 0xFC, 0x3F, 0xE7, 0xFC,
    0x3F, 0xFF, 0xFC, 0x1F, 0xFF, 0xFC, 0x1F, 0xFD, 0xFC, 0x0F, 0xF9, 0xFC, 0x03, 0xE1, 0xFC, 0xFF,
    0x01, 0xFE, 0x7F, 0x01, 0xFC, 0x7F, 0x01, 0xFC, 0x7F, 0x83, 0xF8, 0x3F, 0x83, 0xF8, 0x3F, 0x83,
    0xF8, 0x3F, 0x87, 0xF0, 0x1F, 0xC7, 0xF0, 0x1F, 0xC7, 0xF0, 0x0F, 0xC7, 0xE0, 0x0F, 0xEF, 0xE0,
    0x0F, 0xEF, 0xE0, 0x07, 0xEF, 0xC0, 0x07, 0xEF, 0xC0, 0x07, 0xEF, 0x80, 0x03, 0xFF, 0x80, 0x03,
    0xFF, 0x80, 0x03, 0xFF, 0x00, 0x01, 0xFF, 0x00, 0x01, 0xFF, 0x00, 0xFE, 0x07, 0xE0, 0xFF, 0x00,
    0xFF, 0x0F, 0xE0, 0xFE, 0x00, 0x7F, 0x0F, 0xE0, 0xFE, 0x00, 0x7F, 0x0F, 0xF1, 0xFE, 0x00, 0x7F,
    0x0F, 0xF1, 0xFC, 0x00, 0x3F, 0x0F, 0xF1, 0xFC, 0x00, 0x3F, 0x1F, 0xF1, 0xFC, 0x00, 0x3F, 0x9F,
    0xF1, 0xF8, 0x00, 0x3F, 0x9F, 0xF9, 0xF8, 0x00, 0x1F, 0x9F, 0xFB, 0xF8, 0x00, 0x1F, 0xBE, 0xFB,
    0xF8, 0x00, 0x1F, 0xBE, 0xFB, 0xF0, 0x00, 0x1F, 0xFE, 0xFB, 0xF0, 0x00, 0x0F, 0xFE, 0x7F, 0xF0,
    0x00, 0x0F, 0xFC, 0x7F, 0xE0, 0x00, 0x0F, 0xFC, 0x7F, 0xE0, 0x00, 0x07, 0xFC, 0x3F, 0xE0, 0x00,
    0x07, 0xFC, 0x3F, 0xE0, 0x00, 0x07, 0xF8, 0x3F, 0xC0, 0x00, 0x07, 0xF8, 0x3F, 0xC0, 0x00, 0x7F,
    0x03, 0xF8, 0x3F, 0x87, 0xF0, 0x3F, 0x87, 0xF0, 0x1F, 0xCF, 0xE0, 0x1F, 0xCF, 0xE0, 0x0F, 0xFF,
    0xC0, 0x0F, 0xFF, 0xC0, 0x07, 0xFF, 0x80, 0x03, 0xFF, 0x00, 0x03, 0xFF, 0x00, 0x03, 0xFF, 0x00,
    0x07, 0xFF, 0x80, 0x07, 0xFF, 0x80, 0x0F, 0xFF, 0xC0, 0x0F, 0xDF, 0xC0, 0x1F, 0xCF, 0xE0, 0x3F,
    0x8F, 0xE0, 0x3F, 0x87, 0xF0, 0x7F, 0x07, 0xF8, 0xFF, 0x03, 0xFC, 0xFF, 0x01, 0xFE, 0x7F, 0x01,
    0xFC, 0x7F, 0x01, 0xFC, 0x3F, 0x83, 0xF8, 0x3F, 0x83, 0xF8, 0x3F, 0x83, 0xF8, 0x1F, 0x87, 0xF0,
    0x1F, 0xC7, 0xF0, 0x1F, 0xC7, 0xE0, 0x0F, 0xCF, 0xE0, 0x0F, 0xEF, 0xE0, 0x0F, 0xEF, 0xC0, 0x07,
    0xEF, 0xC0, 0x07, 0xFF, 0xC0, 0x03, 0xFF, 0x80, 0x03, 0xFF, 0x80, 0x03, 0xFF, 0x00, 0x01, 0xFF,
    0x00, 0x01, 0xFF, 0x00, 0x01, 0xFE, 0x00, 0x00, 0xFE, 0x00, 0x11, 0xFE, 0x00, 0x1F, 0xFC, 0x00,
    0x1F, 0xF8, 0x00, 0x3F, 0xF8, 0x00, 0x3F, 0xF0, 0x00, 0x3F, 0xC0, 0x00, 0x3F, 0xFF, 0xE0, 0x3F,
    0xFF, 0xE0, 0x3F, 0xFF, 0xE0, 0x3F, 0xFF, 0xE0, 0x3F, 0xFF, 0xE0, 0x00, 0x3F, 0xC0, 0x00, 0x3F,
    0x80, 0x00, 0x7F, 0x00, 0x00, 0xFF, 0x00, 0x01, 0xFE, 0x00, 0x03, 0xFC, 0x00, 0x03, 0xFC, 0x00,
    0x07, 0xF8, 0x00, 0x0F, 0xF0, 0x00, 0x1F, 0xE0, 0x00, 0x1F, 0xFF, 0xE0, 0x3F, 0xFF, 0xE0, 0x3F,
    0xFF, 0xE0, 0x3F, 0xFF, 0xE0, 0x3F, 0xFF, 0xE0, 0x00, 0x1F, 0x80, 0x00, 0x7F, 0x80, 0x00, 0xFF,
    0x80, 0x01, 0xFF, 0x80, 0x01, 0xFF, 0x80, 0x01, 0xFE, 0x00, 0x03, 0xF8, 0x00, 0x03, 0xF8, 0x00,
    0x03, 0xF8, 0x00, 0x03, 0xF8, 0x00, 0x03, 0xF8, 0x00, 0x03, 0xF8, 0x00, 0x03, 0xF8, 0x00, 0x07,
    0xF8, 0x00, 0x3F, 0xF0, 0x00, 0x3F, 0xE0, 0x00, 0x3F, 0x80, 0x00, 0x3F, 0x80, 0x00, 0x3F, 0xE0,
    0x00, 0x3F, 0xF0, 0x00, 0x07, 0xF8, 0x00, 0x03, 0xF8, 0x00, 0x03, 0xF8, 0x00, 0x03, 0xF8, 0x00,
    0x03, 0xF8, 0x00, 0x03, 0xF8, 0x00, 0x03, 0xF8, 0x00, 0x03, 0xFE, 0x00, 0x01, 0xFF, 0x80, 0x01,
    0xFF, 0x80, 0x00, 0xFF, 0x80, 0x00, 0x7F, 0x80, 0x00, 0x1F, 0x80, 0x0F, 0xE0, 0x0F, 0xE0, 0x0F,
    0xE0, 0x0F, 0xE0, 0x0F, 0xE0, 0x0F, 0xE0, 0x0F, 0xE0, 0x0F, 0xE0, 0x0F, 0xE0, 0x0F, 0xE0, 0x0F,
    0xE0, 0x0F, 0xE0, 0x0F, 0xE0, 0x0F, 0xE0, 0x0F, 0xE0, 0x0F, 0xE0, 0x0F, 0xE0, 0x0F, 0xE0, 0x0F,
    0xE0, 0x0F, 0xE0, 0x0F, 0xE0, 0x0F, 0xE0, 0x0F, 0xE0, 0x0F, 0xE0, 0x0F, 0xE0, 0x0F, 0xE0, 0x0F,
    0xE0, 0x0F, 0xE0, 0x0F, 0xE0, 0x0F, 0xE0, 0x0F, 0xE0, 0x0F, 0xE0, 0x0F, 0xE0, 0x0F, 0xE0, 0x0F,
    0xE0, 0x0F, 0xE0, 0x0F, 0xE0, 0x0F, 0xE0, 0x0F, 0xE0, 0x0F, 0xE0, 0x0F, 0xE0, 0x0F, 0xE0, 0x0F,
    0xE0, 0x7E, 0x00, 0x00, 0x7F, 0x80, 0x00, 0x7F, 0xC0, 0x00, 0x7F, 0xE0, 0x00, 0x7F, 0xE0, 0x00,
    0x1F, 0xF0, 0x00, 0x07, 0xF0, 0x00, 0x07, 0xF0, 0x00, 0x07, 0xF0, 0x00, 0x07, 0xF0, 0x00, 0x07,
    0xF0, 0x00, 0x07, 0xF0, 0x00, 0x07, 0xF0, 0x00, 0x03, 0xF8, 0x00, 0x03, 0xFF, 0x00, 0x01, 0xFF,
    0x00, 0x00, 0x7F, 0x00, 0x00, 0x7F, 0x00, 0x01, 0xFF, 0x00, 0x03, 0xFF, 0x00, 0x07, 0xF8, 0x00,
    0x07, 0xF0, 0x00, 0x07, 0xF0, 0x00, 0x07, 0xF0, 0x00, 0x07, 0xF0, 0x00, 0x07, 0xF0, 0x00, 0x07,
    0xF0, 0x00, 0x1F, 0xF0, 0x00, 0x7F, 0xF0, 0x00, 0x7F, 0xE0, 0x00, 0x7F, 0xE0, 0x00, 0x7F, 0xC0,
    0x00, 0x7F, 0x00, 0x00, 0x03, 0xE0, 0x00, 0x00, 0x07, 0xF0, 0x7C, 0x00, 0x0F, 0xF8, 0x7C, 0x00,
    0x1F, 0xFE, 0xFC, 0x00, 0x1F, 0xFF, 0xFC, 0x00, 0x1F, 0xBF, 0xFC, 0x00, 0x1F, 0x0F, 0xF8, 0x00,
    0x1F, 0x07, 0xF0, 0x00, 0x00, 0x03, 0xE0, 0x00, 0x00, 0x00, 0x00, 0x00, 0x00, 0x00, 0x00, 0x00,
    0x00, 0x00, 0x00, 0x00, 0x00, 0x00, 0x00, 0x00, 0x00, 0x00, 0x00, 0x00, 0x00, 0x00, 0x00, 0x00
};

inline constexpr BitmapFont kFontInterBlack36 = {"inter_black_36", 36U, 35U, 9U, 44U, kFontInterBlack36Glyphs, kFontInterBlack36Bitmap, sizeof(kFontInterBlack36Bitmap)};

inline constexpr Glyph kFontInterBlack29Glyphs[] = {
  {0U, 0U, 0U, 0, 29, 6U},
  {0U, 11U, 21U, 0, 8, 11U},
  {42U, 18U, 21U, 0, 8, 18U},
  {105U, 20U, 21U, 0, 8, 19U},
  {168U, 19U, 26U, 0, 5, 19U},
  {246U, 30U, 21U, 0, 8, 30U},
  {330U, 21U, 21U, 0, 8, 20U},
  {393U, 11U, 21U, 0, 8, 11U},
  {435U, 11U, 26U, 0, 7, 11U},
  {487U, 11U, 26U, 0, 7, 11U},
  {539U, 18U, 21U, 0, 8, 18U},
  {602U, 20U, 16U, 0, 13, 20U},
  {650U, 11U, 9U, 0, 26, 11U},
  {668U, 14U, 11U, 0, 18, 14U},
  {690U, 11U, 6U, 0, 23, 11U},
  {702U, 12U, 25U, 0, 7, 12U},
  {752U, 21U, 21U, 0, 8, 21U},
  {815U, 13U, 21U, 0, 8, 13U},
  {857U, 19U, 21U, 0, 8, 19U},
  {920U, 19U, 21U, 0, 8, 19U},
  {983U, 20U, 21U, 0, 8, 20U},
  {1046U, 19U, 21U, 0, 8, 19U},
  {1109U, 20U, 21U, 0, 8, 20U},
  {1172U, 17U, 21U, 0, 8, 17U},
  {1235U, 20U, 21U, 0, 8, 20U},
  {1298U, 20U, 21U, 0, 8, 20U},
  {1361U, 11U, 16U, 0, 13, 11U},
  {1393U, 11U, 22U, 0, 13, 11U},
  {1437U, 20U, 19U, 0, 11, 20U},
  {1494U, 20U, 15U, 0, 14, 20U},
  {1539U, 20U, 19U, 0, 11, 20U},
  {1596U, 17U, 21U, 0, 8, 17U},
  {1659U, 31U, 27U, 0, 8, 31U},
  {1767U, 23U, 21U, 0, 8, 23U},
  {1830U, 19U, 21U, 0, 8, 19U},
  {1893U, 22U, 21U, 0, 8, 22U},
  {1956U, 21U, 21U, 0, 8, 21U},
  {2019U, 18U, 21U, 0, 8, 18U},
  {2082U, 17U, 21U, 0, 8, 17U},
  {2145U, 22U, 21U, 0, 8, 22U},
  {2208U, 22U, 21U, 0, 8, 22U},
  {2271U, 8U, 21U, 0, 8, 8U},
  {2292U, 17U, 21U, 0, 8, 17U},
  {2355U, 22U, 21U, 0, 8, 22U},
  {2418U, 16U, 21U, 0, 8, 16U},
  {2460U, 28U, 21U, 0, 8, 28U},
  {2544U, 22U, 21U, 0, 8, 22U},
  {2607U, 22U, 21U, 0, 8, 22U},
  {2670U, 19U, 21U, 0, 8, 19U},
  {2733U, 23U, 23U, 0, 8, 23U},
  {2802U, 19U, 21U, 0, 8, 19U},
  {2865U, 19U, 21U, 0, 8, 19U},
  {2928U, 20U, 21U, 0, 8, 20U},
  {2991U, 21U, 21U, 0, 8, 21U},
  {3054U, 23U, 21U, 0, 8, 23U},
  {3117U, 31U, 21U, 0, 8, 31U},
  {3201U, 23U, 21U, 0, 8, 23U},
  {3264U, 22U, 21U, 0, 8, 22U},
  {3327U, 20U, 21U, 0, 8, 20U},
  {3390U, 11U, 27U, 0, 6, 11U},
  {3444U, 12U, 25U, 0, 7, 12U},
  {3494U, 11U, 27U, 0, 6, 11U},
  {3548U, 15U, 21U, 0, 8, 15U},
  {3590U, 15U, 5U, 0, 28, 14U},
  {3600U, 12U, 23U, 0, 6, 12U},
  {3646U, 17U, 16U, 0, 13, 17U},
  {3694U, 19U, 21U, 0, 8, 19U},
  {3757U, 17U, 16U, 0, 13, 17U},
  {3805U, 19U, 21U, 0, 8, 19U},
  {3868U, 18U, 16U, 0, 13, 18U},
  {3916U, 13U, 22U, 0, 7, 12U},
  {3960U, 19U, 22U, 0, 13, 19U},
  {4026U, 19U, 21U, 0, 8, 19U},
  {4089U, 9U, 22U, 0, 7, 9U},
  {4133U, 10U, 28U, -1, 7, 9U},
  {4189U, 18U, 21U, 0, 8, 18U},
  {4252U, 9U, 21U, 0, 8, 9U},
  {4294U, 27U, 16U, 0, 13, 27U},
  {4358U, 19U, 16U, 0, 13, 19U},
  {4406U, 18U, 16U, 0, 13, 18U},
  {4454U, 19U, 22U, 0, 13, 19U},
  {4520U, 19U, 22U, 0, 13, 19U},
  {4586U, 13U, 16U, 0, 13, 13U},
  {4618U, 17U, 16U, 0, 13, 17U},
  {4666U, 12U, 20U, 0, 9, 12U},
  {4706U, 19U, 16U, 0, 13, 19U},
  {4754U, 19U, 16U, 0, 13, 18U},
  {4802U, 27U, 16U, -1, 13, 25U},
  {4866U, 18U, 16U, 0, 13, 18U},
  {4914U, 19U, 22U, 0, 13, 18U},
  {4980U, 17U, 16U, 0, 13, 17U},
  {5028U, 15U, 27U, 0, 6, 15U},
  {5082U, 12U, 35U, 0, 1, 12U},
  {5152U, 15U, 27U, 0, 6, 15U},
  {5206U, 20U, 13U, 0, 16, 20U}
};

inline constexpr std::uint8_t kFontInterBlack29Bitmap[] = {
    0x1F, 0x80, 0x1F, 0x00, 0x1F, 0x00, 0x1F, 0x00, 0x1F, 0x00, 0x1F, 0x00, 0x1F, 0x00, 0x1F, 0x00,
    0x1F, 0x00, 0x1F, 0x00, 0x1F, 0x00, 0x1F, 0x00, 0x1F, 0x00, 0x1F, 0x00, 0x00, 0x00, 0x0E, 0x00,
    0x1F, 0x00, 0x1F, 0x80, 0x3F, 0x80, 0x1F, 0x00, 0x0E, 0x00, 0x1F, 0x3E, 0x00, 0x1F, 0x3E, 0x00,
    0x1F, 0x3E, 0x00, 0x1F, 0x3E, 0x00, 0x1F, 0x3E, 0x00, 0x1F, 0x3E, 0x00, 0x1F, 0x3E, 0x00, 0x1F,
    0x1E, 0x00, 0x1F, 0x1E, 0x00, 0x00, 0x00, 0x00, 0x00, 0x00, 0x00, 0x00, 0x00, 0x00, 0x00, 0x00,
    0x00, 0x00, 0x00, 0x00, 0x00, 0x00, 0x00, 0x00, 0x00, 0x00, 0x00, 0x00, 0x00, 0x00, 0x00, 0x00,
    0x00, 0x00, 0x00, 0x00, 0x00, 0x00, 0x00, 0x00, 0x00, 0x07, 0xC7, 0x80, 0x07, 0x87, 0x80, 0x07,
    0x87, 0x80, 0x07, 0x8F, 0x80, 0x07, 0x8F, 0x00, 0x3F, 0xFF, 0xE0, 0x3F, 0xFF, 0xE0, 0x3F, 0xFF,
    0xE0, 0x7F, 0xFF, 0xC0, 0x0F, 0x1F, 0x00, 0x0F, 0x1E, 0x00, 0x0F, 0x1E, 0x00, 0x7F, 0xFF, 0xC0,
    0x7F, 0xFF, 0xC0, 0xFF, 0xFF, 0x80, 0xFF, 0xFF, 0x80, 0x1E, 0x3C, 0x00, 0x1E, 0x3C, 0x00, 0x3E,
    0x3C, 0x00, 0x3C, 0x3C, 0x00, 0x3C, 0x3C, 0x00, 0x00, 0x60, 0x00, 0x00, 0x60, 0x00, 0x00, 0x60,
    0x00, 0x03, 0xFC, 0x00, 0x0F, 0xFF, 0x00, 0x1F, 0xFF, 0x80, 0x3F, 0xFF, 0x80, 0x3F, 0xFF, 0xC0,
    0x7F, 0x6F, 0xC0, 0x7E, 0x67, 0xC0, 0x7F, 0x60, 0x00, 0x3F, 0xE0, 0x00, 0x3F, 0xFE, 0x00, 0x0F,
    0xFF, 0x00, 0x03, 0xFF, 0x80, 0x00, 0x7F, 0xC0, 0x7C, 0x6F, 0xC0, 0x7E, 0x67, 0xE0, 0x7E, 0x6F,
    0xC0, 0x7F, 0xFF, 0xC0, 0x3F, 0xFF, 0xC0, 0x1F, 0xFF, 0x80, 0x0F, 0xFF, 0x00, 0x03, 0xFC, 0x00,
    0x00, 0x60, 0x00, 0x00, 0x60, 0x00, 0x07, 0x80, 0x0F, 0x00, 0x1F, 0xE0, 0x0E, 0x00, 0x1F, 0xF0,
    0x1C, 0x00, 0x3C, 0xF0, 0x3C, 0x00, 0x3C, 0xF0, 0x38, 0x00, 0x3C, 0xF0, 0x70, 0x00, 0x3C, 0xF0,
    0xF0, 0x00, 0x1F, 0xF1, 0xE0, 0x00, 0x1F, 0xE1, 0xC0, 0x00, 0x07, 0xC3, 0x80, 0x00, 0x00, 0x07,
    0x87, 0xC0, 0x00, 0x07, 0x1F, 0xE0, 0x00, 0x0E, 0x1F, 0xF0, 0x00, 0x1E, 0x3C, 0xF0, 0x00, 0x1C,
    0x3C, 0x70, 0x00, 0x38, 0x3C, 0x70, 0x00, 0x78, 0x3C, 0xF0, 0x00, 0x70, 0x3C, 0xF0, 0x00, 0xE0,
    0x1F, 0xF0, 0x01, 0xE0, 0x1F, 0xE0, 0x03, 0xC0, 0x07, 0xC0, 0x03, 0xF0, 0x00, 0x07, 0xF8, 0x00,
    0x0F, 0xFC, 0x00, 0x1F, 0xFC, 0x00, 0x1F, 0x3E, 0x00, 0x1E, 0x1E, 0x00, 0x1F, 0x3E, 0x00, 0x1F,
    0x7C, 0x00, 0x0F, 0xFC, 0x00, 0x0F, 0xF8, 0x00, 0x0F, 0xE1, 0xE0, 0x1F, 0xF3, 0xE0, 0x3F, 0xFB,
    0xE0, 0x7E, 0xFF, 0xE0, 0x7C, 0x7F, 0xC0, 0x7C, 0x3F, 0xC0, 0x7F, 0x3F, 0x80, 0x7F, 0xFF, 0x80,
    0x3F, 0xFF, 0xC0, 0x1F, 0xFF, 0xE0, 0x07, 0xF3, 0xF0, 0x1F, 0x00, 0x1F, 0x00, 0x1F, 0x00, 0x1F,
    0x00, 0x1F, 0x00, 0x1F, 0x00, 0x1F, 0x00, 0x1F, 0x00, 0x1F, 0x00, 0x00, 0x00, 0x00, 0x00, 0x00,
    0x00, 0x00, 0x00, 0x00, 0x00, 0x00, 0x00, 0x00, 0x00, 0x00, 0x00, 0x00, 0x00, 0x00, 0x00, 0x00,
    0x00, 0x00, 0x00, 0x07, 0xE0, 0x07, 0xC0, 0x0F, 0xC0, 0x0F, 0x80, 0x1F, 0x80, 0x1F, 0x80, 0x1F,
    0x80, 0x1F, 0x00, 0x3F, 0x00, 0x3F, 0x00, 0x3F, 0x00, 0x3F, 0x00, 0x3F, 0x00, 0x3F, 0x00, 0x3F,
    0x00, 0x3F, 0x00, 0x3F, 0x00, 0x3F, 0x00, 0x3F, 0x00, 0x1F, 0x00, 0x1F, 0x80, 0x1F, 0x80, 0x0F,
    0x80, 0x0F, 0xC0, 0x07, 0xC0, 0x07, 0xE0, 0x7C, 0x00, 0x7E, 0x00, 0x3E, 0x00, 0x3F, 0x00, 0x3F,
    0x00, 0x3F, 0x00, 0x1F, 0x00, 0x1F, 0x80, 0x1F, 0x80, 0x1F, 0x80, 0x1F, 0x80, 0x0F, 0x80, 0x0F,
    0x80, 0x0F, 0x80, 0x0F, 0x80, 0x0F, 0x80, 0x1F, 0x80, 0x1F, 0x80, 0x1F, 0x80, 0x1F, 0x80, 0x1F,
    0x00, 0x3F, 0x00, 0x3F, 0x00, 0x3E, 0x00, 0x7E, 0x00, 0x7C, 0x00, 0x01, 0xC0, 0x00, 0x01, 0xC0,
    0x00, 0x0D, 0xCC, 0x00, 0x1F, 0xDC, 0x00, 0x1F, 0xFE, 0x00, 0x07, 0xF8, 0x00, 0x07, 0xF0, 0x00,
    0x1F, 0xFE, 0x00, 0x1F, 0xFC, 0x00, 0x0D, 0xCC, 0x00, 0x01, 0xC0, 0x00, 0x01, 0xC0, 0x00, 0x00,
    0x00, 0x00, 0x00, 0x00, 0x00, 0x00, 0x00, 0x00, 0x00, 0x00, 0x00, 0x00, 0x00, 0x00, 0x00, 0x00,
    0x00, 0x00, 0x00, 0x00, 0x00, 0x00, 0x00, 0x00, 0x00, 0x00, 0x00, 0xF0, 0x00, 0x00, 0xF0, 0x00,
    0x00, 0xF0, 0x00, 0x00, 0xF0, 0x00, 0x00, 0xF0, 0x00, 0x3F, 0xFF, 0xC0, 0x3F, 0xFF, 0xC0, 0x3F,
    0xFF, 0xC0, 0x3F, 0xFF, 0xC0, 0x00, 0xF0, 0x00, 0x00, 0xF0, 0x00, 0x00, 0xF0, 0x00, 0x00, 0xF0,
    0x00, 0x00, 0xF0, 0x00, 0x00, 0xF0, 0x00, 0x00, 0x00, 0x00, 0x1F, 0x00, 0x1F, 0x00, 0x3E, 0x00,
    0x3E, 0x00, 0x3E, 0x00, 0x3C, 0x00, 0x3C, 0x00, 0x3C, 0x00, 0x38, 0x00, 0x3F, 0xF0, 0x3F, 0xF0,
    0x3F, 0xF0, 0x3F, 0xF0, 0x00, 0x00, 0x00, 0x00, 0x00, 0x00, 0x00, 0x00, 0x00, 0x00, 0x00, 0x00,
    0x00, 0x00, 0x0E, 0x00, 0x1F, 0x00, 0x1F, 0x00, 0x3F, 0x00, 0x1F, 0x00, 0x0E, 0x00, 0x01, 0xF0,
    0x01, 0xE0, 0x03, 0xE0, 0x03, 0xE0, 0x03, 0xE0, 0x07, 0xC0, 0x07, 0xC0, 0x07, 0xC0, 0x07, 0x80,
    0x0F, 0x80, 0x0F, 0x80, 0x0F, 0x80, 0x0F, 0x00, 0x1F, 0x00, 0x1F, 0x00, 0x1F, 0x00, 0x3E, 0x00,
    0x3E, 0x00, 0x3E, 0x00, 0x3C, 0x00, 0x7C, 0x00, 0x7C, 0x00, 0x7C, 0x00, 0x78, 0x00, 0xF8, 0x00,
    0x01, 0xFC, 0x00, 0x07, 0xFF, 0x00, 0x0F, 0xFF, 0x80, 0x1F, 0xFF, 0xC0, 0x3F, 0x9F, 0xC0, 0x3F,
    0x07, 0xE0, 0x7F, 0x07, 0xE0, 0x7E, 0x07, 0xE0, 0x7E, 0x03, 0xE0, 0x7E, 0x03, 0xF0, 0x7E, 0x03,
    0xF0, 0x7E, 0x03, 0xF0, 0x7E, 0x03, 0xF0, 0x7E, 0x07, 0xE0, 0x7E, 0x07, 0xE0, 0x3F, 0x07, 0xE0,
    0x3F, 0x9F, 0xC0, 0x1F, 0xFF, 0xC0, 0x0F, 0xFF, 0x80, 0x07, 0xFF, 0x00, 0x01, 0xFC, 0x00, 0x07,
    0xF0, 0x0F, 0xF0, 0x1F, 0xF0, 0x7F, 0xF0, 0x7F, 0xF0, 0x7B, 0xF0, 0x73, 0xF0, 0x43, 0xF0, 0x03,
    0xF0, 0x03, 0xF0, 0x03, 0xF0, 0x03, 0xF0, 0x03, 0xF0, 0x03, 0xF0, 0x03, 0xF0, 0x03, 0xF0, 0x03,
    0xF0, 0x03, 0xF0, 0x03, 0xF0, 0x03, 0xF0, 0x03, 0xF0, 0x03, 0xF8, 0x00, 0x0F, 0xFE, 0x00, 0x1F,
    0xFF, 0x00, 0x3F, 0xFF, 0x80, 0x7F, 0x3F, 0x80, 0x7E, 0x1F, 0x80, 0x7C, 0x0F, 0x80, 0x00, 0x0F,
    0x80, 0x00, 0x1F, 0x80, 0x00, 0x1F, 0x80, 0x00, 0x7F, 0x00, 0x00, 0xFE, 0x00, 0x01, 0xFC, 0x00,
    0x03, 0xF8, 0x00, 0x07, 0xF0, 0x00, 0x0F, 0xE0, 0x00, 0x3F, 0xC0, 0x00, 0x7F, 0xFF, 0xC0, 0x7F,
    0xFF, 0xC0, 0x7F, 0xFF, 0xC0, 0x7F, 0xFF, 0xC0, 0x03, 0xF8, 0x00, 0x0F, 0xFE, 0x00, 0x1F, 0xFF,
    0x00, 0x3F, 0xFF, 0x80, 0x3F, 0x1F, 0x80, 0x7E, 0x0F, 0xC0, 0x00, 0x0F, 0xC0, 0x00, 0x1F, 0x80,
    0x01, 0xFF, 0x00, 0x01, 0xFE, 0x00, 0x01, 0xFF, 0x00, 0x01, 0xFF, 0x80, 0x00, 0x1F, 0xC0, 0x00,
    0x0F, 0xC0, 0x00, 0x0F, 0xC0, 0x7E, 0x0F, 0xC0, 0x7F, 0x1F, 0xC0, 0x3F, 0xFF, 0xC0, 0x1F, 0xFF,
    0x80, 0x0F, 0xFF, 0x00, 0x03, 0xF8, 0x00, 0x00, 0x7F, 0x80, 0x00, 0x7F, 0x80, 0x00, 0xFF, 0x80,
    0x01, 0xFF, 0x80, 0x01, 0xFF, 0x80, 0x03, 0xFF, 0x80, 0x07, 0xEF, 0x80, 0x07, 0xCF, 0x80, 0x0F,
    0xCF, 0x80, 0x1F, 0x8F, 0x80, 0x1F, 0x0F, 0x80, 0x3F, 0x0F, 0x80, 0x3E, 0x0F, 0x80, 0x7F, 0xFF,
    0xE0, 0x7F, 0xFF, 0xE0, 0x7F, 0xFF, 0xE0, 0x7F, 0xFF, 0xE0, 0x00, 0x1F, 0x80, 0x00, 0x1F, 0x80,
    0x00, 0x1F, 0x80, 0x00, 0x1F, 0x80, 0x3F, 0xFF, 0x00, 0x3F, 0xFF, 0x00, 0x3F, 0xFF, 0x00, 0x3F,
    0xFF, 0x00, 0x3E, 0x00, 0x00, 0x3E, 0x00, 0x00, 0x3E, 0x00, 0x00, 0x3E, 0xFC, 0x00, 0x3F, 0xFF,
    0x00, 0x3F, 0xFF, 0x80, 0x3F, 0xFF, 0x80, 0x7F, 0x1F, 0x80, 0x02, 0x0F, 0xC0, 0x00, 0x0F, 0xC0,
    0x7C, 0x0F, 0xC0, 0x7E, 0x0F, 0xC0, 0x7F, 0x1F, 0x80, 0x3F, 0xFF, 0x80, 0x1F, 0xFF, 0x00, 0x0F,
    0xFE, 0x00, 0x03, 0xF8, 0x00, 0x01, 0xF8, 0x00, 0x07, 0xFF, 0x00, 0x0F, 0xFF, 0x80, 0x1F, 0xFF,
    0x80, 0x3F, 0x9F, 0xC0, 0x3F, 0x07, 0xC0, 0x3E, 0x00, 0x00, 0x7E, 0x7E, 0x00, 0x7E, 0xFF, 0x80,
    0x7F, 0xFF, 0x80, 0x7F, 0xFF, 0xC0, 0x7F, 0x0F, 0xC0, 0x7E, 0x07, 0xE0, 0x7E, 0x07, 0xE0, 0x7E,
    0x07, 0xE0, 0x3F, 0x07, 0xC0, 0x3F, 0x9F, 0xC0, 0x1F, 0xFF, 0x80, 0x0F, 0xFF, 0x80, 0x07, 0xFE,
    0x00, 0x01, 0xFC, 0x00, 0x7F, 0xFF, 0x00, 0x7F, 0xFF, 0x00, 0x7F, 0xFF, 0x00, 0x7F, 0xFF, 0x00,
    0x00, 0x3F, 0x00, 0x00, 0x3F, 0x00, 0x00, 0x7E, 0x00, 0x00, 0x7E, 0x00, 0x00, 0xFC, 0x00, 0x00,
    0xFC, 0x00, 0x01, 0xF8, 0x00, 0x01, 0xF8, 0x00, 0x03, 0xF0, 0x00, 0x03, 0xF0, 0x00, 0x07, 0xE0,
    0x00, 0x07, 0xE0, 0x00, 0x0F, 0xC0, 0x00, 0x0F, 0xC0, 0x00, 0x1F, 0x80, 0x00, 0x1F, 0x80, 0x00,
    0x3F, 0x00, 0x00, 0x03, 0xF8, 0x00, 0x0F, 0xFF, 0x00, 0x1F, 0xFF, 0x80, 0x3F, 0xFF, 0x80, 0x3F,
    0x9F, 0xC0, 0x3E, 0x0F, 0xC0, 0x3E, 0x0F, 0xC0, 0x3F, 0x0F, 0x80, 0x1F, 0xFF, 0x80, 0x07, 0xFE,
    0x00, 0x0F, 0xFF, 0x00, 0x1F, 0xFF, 0x80, 0x3F, 0x9F, 0xC0, 0x7E, 0x0F, 0xC0, 0x7E, 0x07, 0xE0,
    0x7E, 0x0F, 0xE0, 0x7F, 0x9F, 0xC0, 0x3F, 0xFF, 0xC0, 0x3F, 0xFF, 0x80, 0x0F, 0xFF, 0x00, 0x03,
    0xFC, 0x00, 0x03, 0xF8, 0x00, 0x0F, 0xFE, 0x00, 0x1F, 0xFF, 0x00, 0x3F, 0xFF, 0x80, 0x3F, 0x1F,
    0x80, 0x7E, 0x0F, 0xC0, 0x7E, 0x0F, 0xC0, 0x7E, 0x0F, 0xC0, 0x7E, 0x0F, 0xC0, 0x7F, 0x1F, 0xE0,
    0x3F, 0xFF, 0xE0, 0x3F, 0xF7, 0xE0, 0x1F, 0xF7, 0xC0, 0x0F, 0xC7, 0xC0, 0x00, 0x0F, 0xC0, 0x7E,
    0x0F, 0xC0, 0x3F, 0x3F, 0x80, 0x3F, 0xFF, 0x80, 0x1F, 0xFF, 0x00, 0x0F, 0xFC, 0x00, 0x03, 0xF0,
    0x00, 0x0E, 0x00, 0x1F, 0x00, 0x1F, 0x00, 0x3F, 0x00, 0x1F, 0x00, 0x0E, 0x00, 0x00, 0x00, 0x00,
    0x00, 0x00, 0x00, 0x00, 0x00, 0x0E, 0x00, 0x1F, 0x00, 0x1F, 0x00, 0x3F, 0x00, 0x1F, 0x00, 0x0E,
    0x00, 0x0E, 0x00, 0x1F, 0x00, 0x1F, 0x00, 0x1F, 0x00, 0x1F, 0x00, 0x0E, 0x00, 0x00, 0x00, 0x00,
    0x00, 0x00, 0x00, 0x00, 0x00, 0x00, 0x00, 0x00, 0x00, 0x00, 0x00, 0x1F, 0x00, 0x1F, 0x00, 0x3E,
    0x00, 0x3E, 0x00, 0x3E, 0x00, 0x3C, 0x00, 0x3C, 0x00, 0x3C, 0x00, 0x38, 0x00, 0x00, 0x00, 0xC0,
    0x00, 0x07, 0xC0, 0x00, 0x1F, 0xC0, 0x00, 0xFF, 0xC0, 0x03, 0xFF, 0xC0, 0x1F, 0xFF, 0x00, 0x3F,
    0xF8, 0x00, 0x3F, 0xC0, 0x00, 0x3F, 0x00, 0x00, 0x3F, 0xE0, 0x00, 0x3F, 0xFC, 0x00, 0x0F, 0xFF,
    0x80, 0x03, 0xFF, 0xC0, 0x00, 0x7F, 0xC0, 0x00, 0x1F, 0xC0, 0x00, 0x03, 0xC0, 0x00, 0x00, 0xC0,
    0x00, 0x00, 0x00, 0x00, 0x00, 0x00, 0x3F, 0xFF, 0xC0, 0x3F, 0xFF, 0xC0, 0x3F, 0xFF, 0xC0, 0x3F,
    0xFF, 0xC0, 0x00, 0x00, 0x00, 0x00, 0x00, 0x00, 0x00, 0x00, 0x00, 0x00, 0x00, 0x00, 0x3F, 0xFF,
    0xC0, 0x3F, 0xFF, 0xC0, 0x3F, 0xFF, 0xC0, 0x3F, 0xFF, 0xC0, 0x00, 0x00, 0x00, 0x00, 0x00, 0x00,
    0x00, 0x00, 0x00, 0x10, 0x00, 0x00, 0x1E, 0x00, 0x00, 0x1F, 0x80, 0x00, 0x1F, 0xF0, 0x00, 0x1F,
    0xFC, 0x00, 0x0F, 0xFF, 0x80, 0x01, 0xFF, 0xC0, 0x00, 0x3F, 0xC0, 0x00, 0x0F, 0xC0, 0x00, 0x7F,
    0xC0, 0x03, 0xFF, 0xC0, 0x1F, 0xFF, 0x00, 0x1F, 0xFC, 0x00, 0x1F, 0xE0, 0x00, 0x1F, 0x80, 0x00,
    0x1C, 0x00, 0x00, 0x10, 0x00, 0x00, 0x00, 0x00, 0x00, 0x00, 0x00, 0x00, 0x07, 0xF0, 0x00, 0x1F,
    0xFC, 0x00, 0x3F, 0xFE, 0x00, 0x3F, 0xFF, 0x00, 0x7E, 0x7F, 0x00, 0x7C, 0x3F, 0x00, 0x00, 0x3F,
    0x00, 0x00, 0x7F, 0x00, 0x00, 0xFE, 0x00, 0x01, 0xFC, 0x00, 0x03, 0xF0, 0x00, 0x03, 0xE0, 0x00,
    0x03, 0xE0, 0x00, 0x03, 0xC0, 0x00, 0x00, 0x00, 0x00, 0x03, 0xC0, 0x00, 0x07, 0xE0, 0x00, 0x07,
    0xE0, 0x00, 0x07, 0xE0, 0x00, 0x07, 0xE0, 0x00, 0x03, 0xC0, 0x00, 0x00, 0x1F, 0xF0, 0x00, 0x00,
    0xFF, 0xFE, 0x00, 0x03, 0xFF, 0xFF, 0x00, 0x07, 0xFF, 0xFF, 0xC0, 0x0F, 0xF8, 0x3F, 0xE0, 0x1F,
    0xC0, 0x07, 0xF0, 0x1F, 0x0F, 0x9D, 0xF0, 0x3E, 0x3F, 0xDC, 0xF8, 0x3E, 0x7F, 0xFC, 0xF8, 0x7C,
    0x7F, 0xFC, 0x78, 0x7C, 0x78, 0x7C, 0x7C, 0x7C, 0xF8, 0x3C, 0x7C, 0x7C, 0xF0, 0x3C, 0x7C, 0x7C,
    0xF0, 0x3C, 0x7C, 0x7C, 0xF0, 0x3C, 0x7C, 0x7C, 0xF0, 0x3C, 0x78, 0x7C, 0x78, 0x3C, 0x78, 0x7C,
    0x7C, 0x7C, 0xF8, 0x3E, 0x7F, 0xFF, 0xF0, 0x3E, 0x3F, 0xFF, 0xE0, 0x3F, 0x0F, 0x8F, 0xC0, 0x1F,
    0xC0, 0x00, 0x00, 0x0F, 0xF8, 0x1C, 0x00, 0x07, 0xFF, 0xFC, 0x00, 0x03, 0xFF, 0xFE, 0x00, 0x00,
    0xFF, 0xFE, 0x00, 0x00, 0x1F, 0xF0, 0x00, 0x01, 0xFE, 0x00, 0x01, 0xFF, 0x00, 0x01, 0xFF, 0x00,
    0x03, 0xFF, 0x00, 0x03, 0xFF, 0x80, 0x03, 0xEF, 0x80, 0x07, 0xEF, 0xC0, 0x07, 0xEF, 0xC0, 0x07,
    0xEF, 0xC0, 0x0F, 0xCF, 0xE0, 0x0F, 0xC7, 0xE0, 0x0F, 0xC7, 0xE0, 0x1F, 0xC7, 0xF0, 0x1F, 0xFF,
    0xF0, 0x1F, 0xFF, 0xF0, 0x3F, 0xFF, 0xF8, 0x3F, 0xFF, 0xF8, 0x3F, 0x01, 0xF8, 0x7F, 0x01, 0xFC,
    0x7F, 0x01, 0xFC, 0x7E, 0x00, 0xFC, 0x7F, 0xFC, 0x00, 0x7F, 0xFF, 0x00, 0x7F, 0xFF, 0x80, 0x7F,
    0xFF, 0xC0, 0x7E, 0x1F, 0xC0, 0x7E, 0x0F, 0xC0, 0x7E, 0x0F, 0xC0, 0x7E, 0x1F, 0x80, 0x7F, 0xFF,
    0x00, 0x7F, 0xFC, 0x00, 0x7F, 0xFF, 0x00, 0x7F, 0xFF, 0xC0, 0x7E, 0x0F, 0xC0, 0x7E, 0x0F, 0xE0,
    0x7E, 0x07, 0xE0, 0x7E, 0x0F, 0xE0, 0x7E, 0x1F, 0xC0, 0x7F, 0xFF, 0xC0, 0x7F, 0xFF, 0x80, 0x7F,
    0xFF, 0x00, 0x7F, 0xFE, 0x00, 0x00, 0xFE, 0x00, 0x07, 0xFF, 0x80, 0x0F, 0xFF, 0xC0, 0x1F, 0xFF,
    0xE0, 0x3F, 0xFF, 0xF0, 0x3F, 0x87, 0xF0, 0x3F, 0x03, 0xF8, 0x7E, 0x01, 0xF8, 0x7E, 0x00, 0x00,
    0x7E, 0x00, 0x00, 0x7E, 0x00, 0x00, 0x7E, 0x00, 0x00, 0x7E, 0x00, 0x00, 0x7E, 0x01, 0xF8, 0x3F,
    0x03, 0xF8, 0x3F, 0x87, 0xF0, 0x3F, 0xFF, 0xF0, 0x1F, 0xFF, 0xE0, 0x0F, 0xFF, 0xC0, 0x07, 0xFF,
    0x80, 0x00, 0xFE, 0x00, 0x7F, 0xF8, 0x00, 0x7F, 0xFE, 0x00, 0x7F, 0xFF, 0x80, 0x7F, 0xFF, 0xC0,
    0x7F, 0xFF, 0xC0, 0x7E, 0x0F, 0xE0, 0x7E, 0x07, 0xE0, 0x7E, 0x03, 0xF0, 0x7E, 0x03, 0xF0, 0x7E,
    0x03, 0xF0, 0x7E, 0x03, 0xF0, 0x7E, 0x03, 0xF0, 0x7E, 0x03, 0xF0, 0x7E, 0x03, 0xF0, 0x7E, 0x07,
    0xE0, 0x7E, 0x0F, 0xE0, 0x7F, 0xFF, 0xC0, 0x7F, 0xFF, 0xC0, 0x7F, 0xFF, 0x80, 0x7F, 0xFE, 0x00,
    0x7F, 0xF8, 0x00, 0x7F, 0xFF, 0x80, 0x7F, 0xFF, 0x80, 0x7F, 0xFF, 0x80, 0x7F, 0xFF, 0x80, 0x7E,
    0x00, 0x00, 0x7E, 0x00, 0x00, 0x7E, 0x00, 0x00, 0x7E, 0x00, 0x00, 0x7F, 0xFF, 0x00, 0x7F, 0xFF,
    0x00, 0x7F, 0xFF, 0x00, 0x7F, 0xFF, 0x00, 0x7E, 0x00, 0x00, 0x7E, 0x00, 0x00, 0x7E, 0x00, 0x00,
    0x7E, 0x00, 0x00, 0x7E, 0x00, 0x00, 0x7F, 0xFF, 0x80, 0x7F, 0xFF, 0x80, 0x7F, 0xFF, 0x80, 0x7F,
    0xFF, 0x80, 0x7F, 0xFF, 0x00, 0x7F, 0xFF, 0x00, 0x7F, 0xFF, 0x00, 0x7F, 0xFF, 0x00, 0x7E, 0x00,
    0x00, 0x7E, 0x00, 0x00, 0x7E, 0x00, 0x00, 0x7E, 0x00, 0x00, 0x7E, 0x00, 0x00, 0x7E, 0x00, 0x00,
    0x7F, 0xFE, 0x00, 0x7F, 0xFE, 0x00, 0x7F, 0xFE, 0x00, 0x7F, 0xFE, 0x00, 0x7E, 0x00, 0x00, 0x7E,
    0x00, 0x00, 0x7E, 0x00, 0x00, 0x7E, 0x00, 0x00, 0x7E, 0x00, 0x00, 0x7E, 0x00, 0x00, 0x7E, 0x00,
    0x00, 0x00, 0xFE, 0x00, 0x03, 0xFF, 0x80, 0x0F, 0xFF, 0xC0, 0x1F, 0xFF, 0xE0, 0x1F, 0xFF, 0xF0,
    0x3F, 0x83, 0xF0, 0x3F, 0x01, 0xF8, 0x7E, 0x00, 0x00, 0x7E, 0x00, 0x00, 0x7E, 0x1F, 0xF8, 0x7E,
    0x1F, 0xF8, 0x7E, 0x1F, 0xF8, 0x7E, 0x1F, 0xF8, 0x7E, 0x01, 0xF8, 0x3F, 0x01, 0xF8, 0x3F, 0x83,
    0xF0, 0x3F, 0xFF, 0xF0, 0x1F, 0xFF, 0xE0, 0x0F, 0xFF, 0xC0, 0x07, 0xFF, 0x80, 0x00, 0xFE, 0x00,
    0x7E, 0x01, 0xF0, 0x7E, 0x01, 0xF0, 0x7E, 0x01, 0xF0, 0x7E, 0x01, 0xF0, 0x7E, 0x01, 0xF0, 0x7E,
    0x01, 0xF0, 0x7E, 0x01, 0xF0, 0x7E, 0x01, 0xF0, 0x7F, 0xFF, 0xF0, 0x7F, 0xFF, 0xF0, 0x7F, 0xFF,
    0xF0, 0x7F, 0xFF, 0xF0, 0x7E, 0x01, 0xF0, 0x7E, 0x01, 0xF0, 0x7E, 0x01, 0xF0, 0x7E, 0x01, 0xF0,
    0x7E, 0x01, 0xF0, 0x7E, 0x01, 0xF0, 0x7E, 0x01, 0xF0, 0x7E, 0x01, 0xF0, 0x7E, 0x01, 0xF0, 0x7E,
    0x7E, 0x7E, 0x7E, 0x7E, 0x7E, 0x7E, 0x7E, 0x7E, 0x7E, 0x7E, 0x7E, 0x7E, 0x7E, 0x7E, 0x7E, 0x7E,
    0x7E, 0x7E, 0x7E, 0x7E, 0x00, 0x3F, 0x00, 0x00, 0x3F, 0x00, 0x00, 0x3F, 0x00, 0x00, 0x3F, 0x00,
    0x00, 0x3F, 0x00, 0x00, 0x3F, 0x00, 0x00, 0x3F, 0x00, 0x00, 0x3F, 0x00, 0x00, 0x3F, 0x00, 0x00,
    0x3F, 0x00, 0x00, 0x3F, 0x00, 0x00, 0x3F, 0x00, 0x00, 0x3F, 0x00, 0x7C, 0x3F, 0x00, 0x7C, 0x3F,
    0x00, 0x7C, 0x3F, 0x00, 0x7E, 0x7F, 0x00, 0x7F, 0xFE, 0x00, 0x3F, 0xFE, 0x00, 0x1F, 0xFC, 0x00,
    0x07, 0xF0, 0x00, 0x7E, 0x03, 0xF8, 0x7E, 0x07, 0xF0, 0x7E, 0x0F, 0xE0, 0x7E, 0x1F, 0xC0, 0x7E,
    0x1F, 0x80, 0x7E, 0x3F, 0x80, 0x7E, 0x7F, 0x00, 0x7E, 0xFE, 0x00, 0x7E, 0xFC, 0x00, 0x7F, 0xFC,
    0x00, 0x7F, 0xFC, 0x00, 0x7F, 0xFE, 0x00, 0x7F, 0xFF, 0x00, 0x7F, 0xBF, 0x00, 0x7F, 0x1F, 0x80,
    0x7E, 0x1F, 0xC0, 0x7E, 0x0F, 0xC0, 0x7E, 0x07, 0xE0, 0x7E, 0x07, 0xF0, 0x7E, 0x03, 0xF0, 0x7E,
    0x03, 0xF8, 0x7E, 0x00, 0x7E, 0x00, 0x7E, 0x00, 0x7E, 0x00, 0x7E, 0x00, 0x7E, 0x00, 0x7E, 0x00,
    0x7E, 0x00, 0x7E, 0x00, 0x7E, 0x00, 0x7E, 0x00, 0x7E, 0x00, 0x7E, 0x00, 0x7E, 0x00, 0x7E, 0x00,
    0x7E, 0x00, 0x7E, 0x00, 0x7F, 0xFF, 0x7F, 0xFF, 0x7F, 0xFF, 0x7F, 0xFF, 0x7F, 0xE0, 0x7F, 0xC0,
    0x7F, 0xE0, 0x7F, 0xC0, 0x7F, 0xE0, 0x7F, 0xC0, 0x7F, 0xE0, 0xFF, 0xC0, 0x7F, 0xF0, 0xFF, 0xC0,
    0x7F, 0xF0, 0xFF, 0xC0, 0x7F, 0xF1, 0xF7, 0xC0, 0x7E, 0xF9, 0xF7, 0xC0, 0x7E, 0xF9, 0xF7, 0xC0,
    0x7E, 0xF9, 0xF7, 0xC0, 0x7E, 0xF9, 0xE7, 0xC0, 0x7E, 0x7B, 0xE7, 0xC0, 0x7E, 0x7F, 0xE7, 0xC0,
    0x7E, 0x7F, 0xE7, 0xC0, 0x7E, 0x7F, 0xC7, 0xC0, 0x7E, 0x3F, 0xC7, 0xC0, 0x7E, 0x3F, 0xC7, 0xC0,
    0x7E, 0x3F, 0x87, 0xC0, 0x7E, 0x1F, 0x87, 0xC0, 0x7E, 0x1F, 0x87, 0xC0, 0x7E, 0x1F, 0x07, 0xC0,
    0x7F, 0x01, 0xF8, 0x7F, 0x81, 0xF8, 0x7F, 0x81, 0xF8, 0x7F, 0xC1, 0xF8, 0x7F, 0xC1, 0xF8, 0x7F,
    0xE1, 0xF8, 0x7F, 0xF1, 0xF8, 0x7F, 0xF1, 0xF8, 0x7F, 0xF9, 0xF8, 0x7E, 0xF9, 0xF8, 0x7E, 0xFD,
    0xF8, 0x7E, 0x7D, 0xF8, 0x7E, 0x7F, 0xF8, 0x7E, 0x3F, 0xF8, 0x7E, 0x1F, 0xF8, 0x7E, 0x1F, 0xF8,
    0x7E, 0x0F, 0xF8, 0x7E, 0x07, 0xF8, 0x7E, 0x07, 0xF8, 0x7E, 0x03, 0xF8, 0x7E, 0x03, 0xF8, 0x00,
    0xFE, 0x00, 0x07, 0xFF, 0x80, 0x0F, 0xFF, 0xC0, 0x1F, 0xFF, 0xE0, 0x3F, 0xFF, 0xF0, 0x3F, 0x87,
    0xF8, 0x3F, 0x01, 0xF8, 0x7E, 0x01, 0xF8, 0x7E, 0x01, 0xF8, 0x7E, 0x00, 0xF8, 0x7E, 0x00, 0xFC,
    0x7E, 0x00, 0xF8, 0x7E, 0x01, 0xF8, 0x7E, 0x01, 0xF8, 0x3F, 0x01, 0xF8, 0x3F, 0x87, 0xF8, 0x3F,
    0xFF, 0xF0, 0x1F, 0xFF, 0xE0, 0x0F, 0xFF, 0xC0, 0x07, 0xFF, 0x80, 0x00, 0xFE, 0x00, 0x7F, 0xFC,
    0x00, 0x7F, 0xFE, 0x00, 0x7F, 0xFF, 0x80, 0x7F, 0xFF, 0x80, 0x7E, 0x3F, 0xC0, 0x7E, 0x0F, 0xC0,
    0x7E, 0x0F, 0xC0, 0x7E, 0x0F, 0xC0, 0x7E, 0x0F, 0xC0, 0x7E, 0x0F, 0xC0, 0x7E, 0x3F, 0xC0, 0x7F,
    0xFF, 0x80, 0x7F, 0xFF, 0x80, 0x7F, 0xFE, 0x00, 0x7F, 0xFC, 0x00, 0x7E, 0x00, 0x00, 0x7E, 0x00,
    0x00, 0x7E, 0x00, 0x00, 0x7E, 0x00, 0x00, 0x7E, 0x00, 0x00, 0x7E, 0x00, 0x00, 0x00, 0xFE, 0x00,
    0x07, 0xFF, 0x80, 0x0F, 0xFF, 0xC0, 0x1F, 0xFF, 0xE0, 0x3F, 0xFF, 0xF0, 0x3F, 0x87, 0xF8, 0x3F,
    0x01, 0xF8, 0x7E, 0x01, 0xF8, 0x7E, 0x01, 0xF8, 0x7E, 0x00, 0xF8, 0x7E, 0x00, 0xFC, 0x7E, 0x00,
    0xF8, 0x7E, 0x01, 0xF8, 0x7E, 0x3D, 0xF8, 0x3F, 0x1F, 0xF8, 0x3F, 0x9F, 0xF0, 0x3F, 0xFF, 0xF0,
    0x1F, 0xFF, 0xE0, 0x0F, 0xFF, 0xE0, 0x07, 0xFF, 0xE0, 0x00, 0xFF, 0xF0, 0x00, 0x00, 0xFC, 0x00,
    0x00, 0x00, 0x7F, 0xFC, 0x00, 0x7F, 0xFF, 0x00, 0x7F, 0xFF, 0x80, 0x7F, 0xFF, 0x80, 0x7E, 0x1F,
    0xC0, 0x7E, 0x0F, 0xC0, 0x7E, 0x0F, 0xC0, 0x7E, 0x0F, 0xC0, 0x7E, 0x0F, 0xC0, 0x7E, 0x1F, 0xC0,
    0x7F, 0xFF, 0xC0, 0x7F, 0xFF, 0x80, 0x7F, 0xFF, 0x00, 0x7F, 0xFE, 0x00, 0x7E, 0x7E, 0x00, 0x7E,
    0x3F, 0x00, 0x7E, 0x3F, 0x80, 0x7E, 0x1F, 0x80, 0x7E, 0x1F, 0xC0, 0x7E, 0x0F, 0xC0, 0x7E, 0x0F,
    0xE0, 0x03, 0xF8, 0x00, 0x0F, 0xFF, 0x00, 0x1F, 0xFF, 0x80, 0x3F, 0xFF, 0x80, 0x3F, 0x9F, 0xC0,
    0x7E, 0x0F, 0xC0, 0x7E, 0x00, 0x00, 0x7F, 0x80, 0x00, 0x3F, 0xF8, 0x00, 0x3F, 0xFF, 0x00, 0x1F,
    0xFF, 0x80, 0x0F, 0xFF, 0xC0, 0x01, 0xFF, 0xC0, 0x00, 0x1F, 0xC0, 0x7C, 0x07, 0xE0, 0x7E, 0x07,
    0xC0, 0x7F, 0x1F, 0xC0, 0x3F, 0xFF, 0xC0, 0x3F, 0xFF, 0x80, 0x0F, 0xFF, 0x00, 0x03, 0xFC, 0x00,
    0x7F, 0xFF, 0xE0, 0x7F, 0xFF, 0xE0, 0x7F, 0xFF, 0xE0, 0x7F, 0xFF, 0xE0, 0x01, 0xF8, 0x00, 0x01,
    0xF8, 0x00, 0x01, 0xF8, 0x00, 0x01, 0xF8, 0x00, 0x01, 0xF8, 0x00, 0x01, 0xF8, 0x00, 0x01, 0xF8,
    0x00, 0x01, 0xF8, 0x00, 0x01, 0xF8, 0x00, 0x01, 0xF8, 0x00, 0x01, 0xF8, 0x00, 0x01, 0xF8, 0x00,
    0x01, 0xF8, 0x00, 0x01, 0xF8, 0x00, 0x01, 0xF8, 0x00, 0x01, 0xF8, 0x00, 0x01, 0xF8, 0x00, 0x7E,
    0x03, 0xF0, 0x7E, 0x03, 0xF0, 0x7E, 0x03, 0xF0, 0x7E, 0x03, 0xF0, 0x7E, 0x03, 0xF0, 0x7E, 0x03,
    0xF0, 0x7E, 0x03, 0xF0, 0x7E, 0x03, 0xF0, 0x7E, 0x03, 0xF0, 0x7E, 0x03, 0xF0, 0x7E, 0x03, 0xF0,
    0x7E, 0x03, 0xF0, 0x7E, 0x03, 0xF0, 0x7E, 0x03, 0xF0, 0x7F, 0x07, 0xE0, 0x3F, 0x8F, 0xE0, 0x3F,
    0xFF, 0xE0, 0x1F, 0xFF, 0xC0, 0x1F, 0xFF, 0x80, 0x07, 0xFF, 0x00, 0x01, 0xFC, 0x00, 0x7E, 0x00,
    0xFC, 0x7F, 0x00, 0xFC, 0x7F, 0x01, 0xFC, 0x3F, 0x01, 0xF8, 0x3F, 0x01, 0xF8, 0x1F, 0x83, 0xF8,
    0x1F, 0x83, 0xF0, 0x1F, 0x83, 0xF0, 0x0F, 0xC3, 0xF0, 0x0F, 0xC7, 0xE0, 0x0F, 0xC7, 0xE0, 0x07,
    0xE7, 0xE0, 0x07, 0xE7, 0xC0, 0x07, 0xEF, 0xC0, 0x03, 0xEF, 0xC0, 0x03, 0xFF, 0x80, 0x03, 0xFF,
    0x80, 0x01, 0xFF, 0x80, 0x01, 0xFF, 0x00, 0x01, 0xFF, 0x00, 0x00, 0xFF, 0x00, 0x7E, 0x07, 0xE0,
    0xFE, 0x7E, 0x0F, 0xE0, 0xFC, 0x7F, 0x0F, 0xE0, 0xFC, 0x3F, 0x0F, 0xE0, 0xFC, 0x3F, 0x0F, 0xF1,
    0xFC, 0x3F, 0x0F, 0xF1, 0xF8, 0x3F, 0x1F, 0xF1, 0xF8, 0x1F, 0x9F, 0xF1, 0xF8, 0x1F, 0x9F, 0xF1,
    0xF0, 0x1F, 0x9E, 0xFB, 0xF0, 0x1F, 0xBE, 0xFB, 0xF0, 0x0F, 0xBE, 0xFB, 0xF0, 0x0F, 0xBE, 0x7B,
    0xE0, 0x0F, 0xFE, 0x7B, 0xE0, 0x07, 0xFC, 0x7F, 0xE0, 0x07, 0xFC, 0x7F, 0xE0, 0x07, 0xFC, 0x3F,
    0xC0, 0x07, 0xFC, 0x3F, 0xC0, 0x03, 0xF8, 0x3F, 0xC0, 0x03, 0xF8, 0x3F, 0xC0, 0x03, 0xF8, 0x1F,
    0x80, 0x7F, 0x01, 0xF8, 0x3F, 0x83, 0xF0, 0x1F, 0xC7, 0xF0, 0x0F, 0xC7, 0xE0, 0x0F, 0xEF, 0xC0,
    0x07, 0xEF, 0xC0, 0x03, 0xFF, 0x80, 0x03, 0xFF, 0x00, 0x01, 0xFF, 0x00, 0x00, 0xFE, 0x00, 0x00,
    0xFE, 0x00, 0x01, 0xFF, 0x00, 0x01, 0xFF, 0x00, 0x03, 0xFF, 0x80, 0x07, 0xFF, 0xC0, 0x07, 0xEF,
    0xC0, 0x0F, 0xCF, 0xE0, 0x1F, 0xC7, 0xF0, 0x3F, 0x83, 0xF0, 0x3F, 0x03, 0xF8, 0x7F, 0x01, 0xFC,
    0x7F, 0x01, 0xFC, 0x3F, 0x03, 0xF8, 0x3F, 0x83, 0xF0, 0x1F, 0x83, 0xF0, 0x1F, 0xC7, 0xE0, 0x0F,
    0xC7, 0xE0, 0x0F, 0xCF, 0xC0, 0x07, 0xEF, 0xC0, 0x07, 0xFF, 0x80, 0x03, 0xFF, 0x80, 0x01, 0xFF,
    0x00, 0x01, 0xFE, 0x00, 0x00, 0xFE, 0x00, 0x00, 0xFC, 0x00, 0x00, 0x7C, 0x00, 0x00, 0x7C, 0x00,
    0x00, 0x7C, 0x00, 0x00, 0x7C, 0x00, 0x00, 0x7C, 0x00, 0x00, 0x7C, 0x00, 0x00, 0x7C, 0x00, 0x7F,
    0xFF, 0xE0, 0x7F, 0xFF, 0xE0, 0x7F, 0xFF, 0xE0, 0x7F, 0xFF, 0xC0, 0x00, 0x1F, 0xC0, 0x00, 0x1F,
    0x80, 0x00, 0x3F, 0x00, 0x00, 0x7E, 0x00, 0x00, 0xFE, 0x00, 0x00, 0xFC, 0x00, 0x01, 0xF8, 0x00,
    0x03, 0xF8, 0x00, 0x07, 0xF0, 0x00, 0x07, 0xE0, 0x00, 0x0F, 0xC0, 0x00, 0x1F, 0x80, 0x00, 0x1F,
    0x80, 0x00, 0x3F, 0xFF, 0xE0, 0x7F, 0xFF, 0xE0, 0x7F, 0xFF, 0xE0, 0x7F, 0xFF, 0xE0, 0x3F, 0xC0,
    0x3F, 0xC0, 0x3F, 0xC0, 0x3F, 0xC0, 0x3F, 0x00, 0x3F, 0x00, 0x3F, 0x00, 0x3F, 0x00, 0x3F, 0x00,
    0x3F, 0x00, 0x3F, 0x00, 0x3F, 0x00, 0x3F, 0x00, 0x3F, 0x00, 0x3F, 0x00, 0x3F, 0x00, 0x3F, 0x00,
    0x3F, 0x00, 0x3F, 0x00, 0x3F, 0x00, 0x3F, 0x00, 0x3F, 0x00, 0x3F, 0xC0, 0x3F, 0xC0, 0x3F, 0xC0,
    0x3F, 0xC0, 0x00, 0x00, 0xF8, 0x00, 0x78, 0x00, 0x7C, 0x00, 0x7C, 0x00, 0x7C, 0x00, 0x3C, 0x00,
    0x3E, 0x00, 0x3E, 0x00, 0x3E, 0x00, 0x1F, 0x00, 0x1F, 0x00, 0x1F, 0x00, 0x0F, 0x00, 0x0F, 0x80,
    0x0F, 0x80, 0x0F, 0x80, 0x07, 0x80, 0x07, 0xC0, 0x07, 0xC0, 0x07, 0xC0, 0x03, 0xE0, 0x03, 0xE0,
    0x03, 0xE0, 0x01, 0xE0, 0x01, 0xF0, 0x7F, 0x80, 0x7F, 0x80, 0x7F, 0x80, 0x7F, 0x80, 0x0F, 0x80,
    0x0F, 0x80, 0x0F, 0x80, 0x0F, 0x80, 0x0F, 0x80, 0x0F, 0x80, 0x0F, 0x80, 0x0F, 0x80, 0x0F, 0x80,
    0x0F, 0x80, 0x0F, 0x80, 0x0F, 0x80, 0x0F, 0x80, 0x0F, 0x80, 0x0F, 0x80, 0x0F, 0x80, 0x0F, 0x80,
    0x0F, 0x80, 0x7F, 0x80, 0x7F, 0x80, 0x7F, 0x80, 0x7F, 0x80, 0x00, 0x00, 0x07, 0xC0, 0x0F, 0xC0,
    0x0F, 0xC0, 0x0F, 0xE0, 0x1E, 0xE0, 0x1C, 0xF0, 0x3C, 0x70, 0x38, 0x78, 0x78, 0x3C, 0x00, 0x00,
    0x00, 0x00, 0x00, 0x00, 0x00, 0x00, 0x00, 0x00, 0x00, 0x00, 0x00, 0x00, 0x00, 0x00, 0x00, 0x00,
    0x00, 0x00, 0x00, 0x00, 0x00, 0x00, 0xFF, 0xFC, 0xFF, 0xFC, 0xFF, 0xFC, 0xFF, 0xFC, 0x00, 0x00,
    0x3F, 0x00, 0x0F, 0x00, 0x0F, 0x80, 0x07, 0x80, 0x00, 0x00, 0x00, 0x00, 0x00, 0x00, 0x00, 0x00,
    0x00, 0x00, 0x00, 0x00, 0x00, 0x00, 0x00, 0x00, 0x00, 0x00, 0x00, 0x00, 0x00, 0x00, 0x00, 0x00,
    0x00, 0x00, 0x00, 0x00, 0x00, 0x00, 0x00, 0x00, 0x00, 0x00, 0x00, 0x00, 0x00, 0x00, 0x07, 0xF0,
    0x00, 0x1F, 0xFC, 0x00, 0x3F, 0xFE, 0x00, 0x3F, 0xFF, 0x00, 0x7E, 0x7F, 0x00, 0x02, 0x3F, 0x00,
    0x00, 0xFF, 0x00, 0x1F, 0xFF, 0x00, 0x3F, 0xFF, 0x00, 0x7E, 0x3F, 0x00, 0x7C, 0x3F, 0x00, 0x7C,
    0x7F, 0x00, 0x7F, 0xFF, 0x00, 0x7F, 0xDF, 0x00, 0x3F, 0xDF, 0x00, 0x1F, 0x1F, 0x00, 0x7E, 0x00,
    0x00, 0x7E, 0x00, 0x00, 0x7E, 0x00, 0x00, 0x7E, 0x00, 0x00, 0x7E, 0x00, 0x00, 0x7E, 0x7C, 0x00,
    0x7E, 0xFF, 0x00, 0x7F, 0xFF, 0x00, 0x7F, 0xFF, 0x80, 0x7F, 0x1F, 0x80, 0x7F, 0x1F, 0xC0, 0x7E,
    0x0F, 0xC0, 0x7E, 0x0F, 0xC0, 0x7E, 0x0F, 0xC0, 0x7E, 0x0F, 0xC0, 0x7F, 0x1F, 0xC0, 0x7F, 0x9F,
    0x80, 0x7F, 0xFF, 0x80, 0x7F, 0xFF, 0x00, 0x7E, 0xFF, 0x00, 0x7E, 0x7C, 0x00, 0x03, 0xF0, 0x00,
    0x0F, 0xFC, 0x00, 0x1F, 0xFE, 0x00, 0x3F, 0xFF, 0x00, 0x3F, 0x3F, 0x00, 0x7E, 0x1F, 0x80, 0x7E,
    0x18, 0x00, 0x7E, 0x00, 0x00, 0x7E, 0x00, 0x00, 0x7E, 0x18, 0x00, 0x7E, 0x1F, 0x80, 0x3F, 0x3F,
    0x00, 0x3F, 0xFF, 0x00, 0x1F, 0xFE, 0x00, 0x0F, 0xFC, 0x00, 0x03, 0xF0, 0x00, 0x00, 0x0F, 0x80,
    0x00, 0x0F, 0x80, 0x00, 0x0F, 0x80, 0x00, 0x0F, 0x80, 0x00, 0x0F, 0x80, 0x07, 0x8F, 0x80, 0x1F,
    0xEF, 0x80, 0x3F, 0xEF, 0x80, 0x3F, 0xFF, 0x80, 0x7F, 0x3F, 0x80, 0x7E, 0x1F, 0x80, 0x7E, 0x0F,
    0x80, 0x7E, 0x0F, 0x80, 0x7E, 0x0F, 0x80, 0x7E, 0x0F, 0x80, 0x7E, 0x1F, 0x80, 0x7F, 0x3F, 0x80,
    0x3F, 0xFF, 0x80, 0x3F, 0xEF, 0x80, 0x1F, 0xEF, 0x80, 0x07, 0x8F, 0x80, 0x03, 0xF0, 0x00, 0x0F,
    0xFC, 0x00, 0x1F, 0xFE, 0x00, 0x3F, 0xFF, 0x00, 0x3F, 0x3F, 0x00, 0x7E, 0x1F, 0x80, 0x7F, 0xFF,
    0x80, 0x7F, 0xFF, 0x80, 0x7F, 0xFF, 0x80, 0x7C, 0x00, 0x00, 0x7E, 0x10, 0x00, 0x7F, 0x3F, 0x80,
    0x3F, 0xFF, 0x00, 0x1F, 0xFE, 0x00, 0x0F, 0xFC, 0x00, 0x03, 0xF0, 0x00, 0x00, 0x80, 0x07, 0xF0,
    0x0F, 0xF0, 0x1F, 0xF0, 0x1F, 0xE0, 0x1F, 0x00, 0xFF, 0xE0, 0xFF, 0xE0, 0xFF, 0xE0, 0xFF, 0xE0,
    0x1F, 0x00, 0x1F, 0x00, 0x1F, 0x00, 0x1F, 0x00, 0x1F, 0x00, 0x1F, 0x00, 0x1F, 0x00, 0x1F, 0x00,
    0x1F, 0x00, 0x1F, 0x00, 0x1F, 0x00, 0x1F, 0x00, 0x07, 0x8F, 0x80, 0x1F, 0xEF, 0x80, 0x3F, 0xEF,
    0x80, 0x3F, 0xFF, 0x80, 0x7F, 0x3F, 0x80, 0x7E, 0x1F, 0x80, 0x7E, 0x0F, 0x80, 0x7E, 0x0F, 0x80,
    0x7E, 0x0F, 0x80, 0x7E, 0x0F, 0x80, 0x7E, 0x1F, 0x80, 0x7F, 0x3F, 0x80, 0x3F, 0xFF, 0x80, 0x3F,
    0xEF, 0x80, 0x1F, 0xEF, 0x80, 0x07, 0x8F, 0x80, 0x00, 0x0F, 0x80, 0x7E, 0x3F, 0x80, 0x3F, 0xFF,
    0x80, 0x3F, 0xFF, 0x00, 0x1F, 0xFE, 0x00, 0x07, 0xF8, 0x00, 0x7E, 0x00, 0x00, 0x7E, 0x00, 0x00,
    0x7E, 0x00, 0x00, 0x7E, 0x00, 0x00, 0x7E, 0x00, 0x00, 0x7E, 0x7C, 0x00, 0x7E, 0xFF, 0x00, 0x7F,
    0xFF, 0x00, 0x7F, 0xFF, 0x80, 0x7F, 0x3F, 0x80, 0x7E, 0x1F, 0x80, 0x7E, 0x0F, 0x80, 0x7E, 0x0F,
    0x80, 0x7E, 0x0F, 0x80, 0x7E, 0x0F, 0x80, 0x7E, 0x0F, 0x80, 0x7E, 0x0F, 0x80, 0x7E, 0x0F, 0x80,
    0x7E, 0x0F, 0x80, 0x7E, 0x0F, 0x80, 0x7E, 0x0F, 0x80, 0x1C, 0x00, 0x3E, 0x00, 0x7E, 0x00, 0x3E,
    0x00, 0x1C, 0x00, 0x00, 0x00, 0x7E, 0x00, 0x7E, 0x00, 0x7E, 0x00, 0x7E, 0x00, 0x7E, 0x00, 0x7E,
    0x00, 0x7E, 0x00, 0x7E, 0x00, 0x7E, 0x00, 0x7E, 0x00, 0x7E, 0x00, 0x7E, 0x00, 0x7E, 0x00, 0x7E,
    0x00, 0x7E, 0x00, 0x7E, 0x00, 0x0E, 0x00, 0x1F, 0x00, 0x3F, 0x00, 0x1F, 0x00, 0x0E, 0x00, 0x00,
    0x00, 0x3F, 0x00, 0x3F, 0x00, 0x3F, 0x00, 0x3F, 0x00, 0x3F, 0x00, 0x3F, 0x00, 0x3F, 0x00, 0x3F,
    0x00, 0x3F, 0x00, 0x3F, 0x00, 0x3F, 0x00, 0x3F, 0x00, 0x3F, 0x00, 0x3F, 0x00, 0x3F, 0x00, 0x3F,
    0x00, 0x3F, 0x00, 0x3F, 0x00, 0xFF, 0x00, 0xFE, 0x00, 0xFE, 0x00, 0xF8, 0x00, 0x7E, 0x00, 0x00,
    0x7E, 0x00, 0x00, 0x7E, 0x00, 0x00, 0x7E, 0x00, 0x00, 0x7E, 0x00, 0x00, 0x7E, 0x1F, 0xC0, 0x7E,
    0x3F, 0x00, 0x7E, 0x7F, 0x00, 0x7E, 0x7E, 0x00, 0x7E, 0xFC, 0x00, 0x7F, 0xF8, 0x00, 0x7F, 0xF8,
    0x00, 0x7F, 0xF0, 0x00, 0x7F, 0xF8, 0x00, 0x7F, 0xFC, 0x00, 0x7F, 0xFC, 0x00, 0x7E, 0x7E, 0x00,
    0x7E, 0x7F, 0x00, 0x7E, 0x3F, 0x00, 0x7E, 0x3F, 0x80, 0x7E, 0x1F, 0xC0, 0x7E, 0x00, 0x7E, 0x00,
    0x7E, 0x00, 0x7E, 0x00, 0x7E, 0x00, 0x7E, 0x00, 0x7E, 0x00, 0x7E, 0x00, 0x7E, 0x00, 0x7E, 0x00,
    0x7E, 0x00, 0x7E, 0x00, 0x7E, 0x00, 0x7E, 0x00, 0x7E, 0x00, 0x7E, 0x00, 0x7E, 0x00, 0x7E, 0x00,
    0x7E, 0x00, 0x7E, 0x00, 0x7E, 0x00, 0x7E, 0x7C, 0x3E, 0x00, 0x7E, 0xFE, 0x7F, 0x80, 0x7F, 0xFE,
    0xFF, 0x80, 0x7F, 0xFF, 0xFF, 0xC0, 0x7F, 0xFF, 0xDF, 0xC0, 0x7E, 0x1F, 0x8F, 0xC0, 0x7E, 0x1F,
    0x0F, 0xC0, 0x7E, 0x1F, 0x0F, 0xC0, 0x7E, 0x1F, 0x0F, 0xC0, 0x7E, 0x1F, 0x0F, 0xC0, 0x7E, 0x1F,
    0x0F, 0xC0, 0x7E, 0x1F, 0x0F, 0xC0, 0x7E, 0x1F, 0x0F, 0xC0, 0x7E, 0x1F, 0x0F, 0xC0, 0x7E, 0x1F,
    0x0F, 0xC0, 0x7E, 0x1F, 0x0F, 0xC0, 0x7E, 0x7C, 0x00, 0x7E, 0xFF, 0x00, 0x7F, 0xFF, 0x00, 0x7F,
    0xFF, 0x80, 0x7F, 0x3F, 0x80, 0x7E, 0x1F, 0x80, 0x7E, 0x0F, 0x80, 0x7E, 0x0F, 0x80, 0x7E, 0x0F,
    0x80, 0x7E, 0x0F, 0x80, 0x7E, 0x0F, 0x80, 0x7E, 0x0F, 0x80, 0x7E, 0x0F, 0x80, 0x7E, 0x0F, 0x80,
    0x7E, 0x0F, 0x80, 0x7E, 0x0F, 0x80, 0x03, 0xF0, 0x00, 0x0F, 0xFC, 0x00, 0x1F, 0xFE, 0x00, 0x3F,
    0xFF, 0x00, 0x3F, 0x3F, 0x80, 0x7E, 0x1F, 0x80, 0x7E, 0x1F, 0x80, 0x7E, 0x1F, 0x80, 0x7E, 0x1F,
    0x80, 0x7E, 0x1F, 0x80, 0x7E, 0x1F, 0x80, 0x3F, 0x3F, 0x80, 0x3F, 0xFF, 0x00, 0x1F, 0xFE, 0x00,
    0x0F, 0xFC, 0x00, 0x03, 0xF0, 0x00, 0x7E, 0x7C, 0x00, 0x7E, 0xFF, 0x00, 0x7F, 0xFF, 0x00, 0x7F,
    0xFF, 0x80, 0x7F, 0x1F, 0x80, 0x7F, 0x1F, 0xC0, 0x7E, 0x0F, 0xC0, 0x7E, 0x0F, 0xC0, 0x7E, 0x0F,
    0xC0, 0x7E, 0x0F, 0xC0, 0x7F, 0x1F, 0xC0, 0x7F, 0x9F, 0x80, 0x7F, 0xFF, 0x80, 0x7F, 0xFF, 0x00,
    0x7E, 0xFF, 0x00, 0x7E, 0x7C, 0x00, 0x7E, 0x00, 0x00, 0x7E, 0x00, 0x00, 0x7E, 0x00, 0x00, 0x7E,
    0x00, 0x00, 0x7E, 0x00, 0x00, 0x7E, 0x00, 0x00, 0x07, 0x8F, 0x80, 0x1F, 0xEF, 0x80, 0x3F, 0xEF,
    0x80, 0x3F, 0xFF, 0x80, 0x7F, 0x3F, 0x80, 0x7E, 0x1F, 0x80, 0x7E, 0x0F, 0x80, 0x7E, 0x0F, 0x80,
    0x7E, 0x0F, 0x80, 0x7E, 0x0F, 0x80, 0x7E, 0x1F, 0x80, 0x7F, 0x3F, 0x80, 0x3F, 0xFF, 0x80, 0x3F,
    0xEF, 0x80, 0x1F, 0xEF, 0x80, 0x07, 0x8F, 0x80, 0x00, 0x0F, 0x80, 0x00, 0x0F, 0x80, 0x00, 0x0F,
    0x80, 0x00, 0x0F, 0x80, 0x00, 0x0F, 0x80, 0x00, 0x0F, 0x80, 0x7E, 0x70, 0x7E, 0xF0, 0x7F, 0xF0,
    0x7F, 0xF0, 0x7F, 0x90, 0x7F, 0x00, 0x7E, 0x00, 0x7E, 0x00, 0x7E, 0x00, 0x7E, 0x00, 0x7E, 0x00,
    0x7E, 0x00, 0x7E, 0x00, 0x7E, 0x00, 0x7E, 0x00, 0x7E, 0x00, 0x07, 0xF0, 0x00, 0x1F, 0xFC, 0x00,
    0x3F, 0xFE, 0x00, 0x7F, 0xFE, 0x00, 0x7E, 0x3F, 0x00, 0x7E, 0x10, 0x00, 0x7F, 0xC0, 0x00, 0x3F,
    0xFC, 0x00, 0x1F, 0xFE, 0x00, 0x01, 0xFF, 0x00, 0x1C, 0x3F, 0x00, 0x7F, 0x3F, 0x00, 0x7F, 0xFF,
    0x00, 0x3F, 0xFE, 0x00, 0x1F, 0xFC, 0x00, 0x07, 0xF0, 0x00, 0x3F, 0x00, 0x3F, 0x00, 0x3F, 0x00,
    0x3F, 0x00, 0xFF, 0xE0, 0xFF, 0xE0, 0xFF, 0xE0, 0xFF, 0xE0, 0x3F, 0x00, 0x3F, 0x00, 0x3F, 0x00,
    0x3F, 0x00, 0x3F, 0x00, 0x3F, 0x00, 0x3F, 0x00, 0x3F, 0x00, 0x3F, 0xE0, 0x1F, 0xE0, 0x1F, 0xE0,
    0x07, 0xE0, 0x7E, 0x0F, 0x80, 0x7E, 0x0F, 0x80, 0x7E, 0x0F, 0x80, 0x7E, 0x0F, 0x80, 0x7E, 0x0F,
    0x80, 0x7E, 0x0F, 0x80, 0x7E, 0x0F, 0x80, 0x7E, 0x0F, 0x80, 0x7E, 0x0F, 0x80, 0x7E, 0x0F, 0x80,
    0x7E, 0x1F, 0x80, 0x3F, 0x3F, 0x80, 0x3F, 0xFF, 0x80, 0x3F, 0xEF, 0x80, 0x1F, 0xEF, 0x80, 0x07,
    0x8F, 0x80, 0xFC, 0x0F, 0xC0, 0x7E, 0x0F, 0xC0, 0x7E, 0x0F, 0x80, 0x7E, 0x1F, 0x80, 0x3E, 0x1F,
    0x80, 0x3F, 0x1F, 0x00, 0x3F, 0x3F, 0x00, 0x1F, 0x3F, 0x00, 0x1F, 0xBE, 0x00, 0x0F, 0xBE, 0x00,
    0x0F, 0xFC, 0x00, 0x0F, 0xFC, 0x00, 0x07, 0xFC, 0x00, 0x07, 0xF8, 0x00, 0x07, 0xF8, 0x00, 0x03,
    0xF8, 0x00, 0xFC, 0x3E, 0x1F, 0x80, 0xFC, 0x3E, 0x1F, 0x80, 0x7C, 0x3F, 0x1F, 0x80, 0x7E, 0x7F,
    0x1F, 0x00, 0x7E, 0x7F, 0x1F, 0x00, 0x3E, 0x7F, 0x3F, 0x00, 0x3E, 0x7F, 0x3F, 0x00, 0x3E, 0x7F,
    0xBE, 0x00, 0x3E, 0xF7, 0xBE, 0x00, 0x1F, 0xF7, 0xBE, 0x00, 0x1F, 0xF7, 0xBC, 0x00, 0x1F, 0xF3,
    0xFC, 0x00, 0x0F, 0xE3, 0xFC, 0x00, 0x0F, 0xE3, 0xFC, 0x00, 0x0F, 0xE1, 0xF8, 0x00, 0x0F, 0xE1,
    0xF8, 0x00, 0x7E, 0x1F, 0x80, 0x7E, 0x1F, 0x00, 0x3F, 0x3F, 0x00, 0x1F, 0x3E, 0x00, 0x1F, 0xFE,
    0x00, 0x0F, 0xFC, 0x00, 0x0F, 0xF8, 0x00, 0x07, 0xF8, 0x00, 0x07, 0xF8, 0x00, 0x0F, 0xFC, 0x00,
    0x0F, 0xFC, 0x00, 0x1F, 0x7E, 0x00, 0x3F, 0x3E, 0x00, 0x3E, 0x3F, 0x00, 0x7E, 0x1F, 0x00, 0xFC,
    0x1F, 0x80, 0xFC, 0x0F, 0xC0, 0x7E, 0x0F, 0xC0, 0x7E, 0x0F, 0x80, 0x7E, 0x1F, 0x80, 0x3E, 0x1F,
    0x80, 0x3F, 0x1F, 0x00, 0x1F, 0x3F, 0x00, 0x1F, 0x3E, 0x00, 0x1F, 0x3E, 0x00, 0x0F, 0xFE, 0x00,
    0x0F, 0xFC, 0x00, 0x0F, 0xFC, 0x00, 0x07, 0xFC, 0x00, 0x07, 0xF8, 0x00, 0x07, 0xF8, 0x00, 0x03,
    0xF0, 0x00, 0x03, 0xF0, 0x00, 0x23, 0xF0, 0x00, 0x3F, 0xE0, 0x00, 0x3F, 0xE0, 0x00, 0x3F, 0xC0,
    0x00, 0x7F, 0x00, 0x00, 0x3F, 0xFE, 0x00, 0x3F, 0xFE, 0x00, 0x3F, 0xFE, 0x00, 0x3F, 0xFE, 0x00,
    0x00, 0xFC, 0x00, 0x00, 0xFC, 0x00, 0x01, 0xF8, 0x00, 0x03, 0xF0, 0x00, 0x07, 0xE0, 0x00, 0x0F,
    0xE0, 0x00, 0x0F, 0xC0, 0x00, 0x1F, 0x80, 0x00, 0x3F, 0xFE, 0x00, 0x3F, 0xFE, 0x00, 0x3F, 0xFE,
    0x00, 0x3F, 0xFE, 0x00, 0x00, 0xF8, 0x03, 0xF8, 0x03, 0xF8, 0x07, 0xF8, 0x07, 0xE0, 0x07, 0xE0,
    0x07, 0xC0, 0x07, 0xC0, 0x07, 0xC0, 0x0F, 0xC0, 0x3F, 0xC0, 0x3F, 0x80, 0x3E, 0x00, 0x3F, 0x80,
    0x3F, 0xC0, 0x0F, 0xC0, 0x07, 0xC0, 0x07, 0xC0, 0x07, 0xC0, 0x07, 0xC0, 0x07, 0xE0, 0x07, 0xF0,
    0x07, 0xF8, 0x03, 0xF8, 0x01, 0xF8, 0x00, 0xF8, 0x00, 0x00, 0x1F, 0x80, 0x1F, 0x80, 0x1F, 0x80,
    0x1F, 0x80, 0x1F, 0x80, 0x1F, 0x80, 0x1F, 0x80, 0x1F, 0x80, 0x1F, 0x80, 0x1F, 0x80, 0x1F, 0x80,
    0x1F, 0x80, 0x1F, 0x80, 0x1F, 0x80, 0x1F, 0x80, 0x1F, 0x80, 0x1F, 0x80, 0x1F, 0x80, 0x1F, 0x80,
    0x1F, 0x80, 0x1F, 0x80, 0x1F, 0x80, 0x1F, 0x80, 0x1F, 0x80, 0x1F, 0x80, 0x1F, 0x80, 0x1F, 0x80,
    0x1F, 0x80, 0x1F, 0x80, 0x1F, 0x80, 0x1F, 0x80, 0x1F, 0x80, 0x1F, 0x80, 0x1F, 0x80, 0x1F, 0x80,
    0x7E, 0x00, 0x7F, 0x00, 0x7F, 0x80, 0x7F, 0x80, 0x1F, 0x80, 0x0F, 0xC0, 0x0F, 0xC0, 0x0F, 0xC0,
    0x0F, 0xC0, 0x0F, 0xC0, 0x07, 0xF8, 0x03, 0xF8, 0x00, 0xF8, 0x03, 0xF8, 0x07, 0xF8, 0x0F, 0xE0,
    0x0F, 0xC0, 0x0F, 0xC0, 0x0F, 0xC0, 0x0F, 0xC0, 0x0F, 0xC0, 0x1F, 0x80, 0x7F, 0x80, 0x7F, 0x80,
    0x7F, 0x00, 0x7C, 0x00, 0x00, 0x00, 0x0F, 0x83, 0xC0, 0x1F, 0xC3, 0xC0, 0x1F, 0xF7, 0xC0, 0x3F,
    0xFF, 0xC0, 0x3E, 0x7F, 0x80, 0x3C, 0x3F, 0x80, 0x3C, 0x1E, 0x00, 0x00, 0x00, 0x00, 0x00, 0x00,
    0x00, 0x00, 0x00, 0x00, 0x00, 0x00, 0x00, 0x00, 0x00, 0x00, 0x00, 0x00, 0x00
};

inline constexpr BitmapFont kFontInterBlack29 = {"inter_black_29", 29U, 29U, 7U, 36U, kFontInterBlack29Glyphs, kFontInterBlack29Bitmap, sizeof(kFontInterBlack29Bitmap)};

inline constexpr Glyph kFontInterMedium18Glyphs[] = {
  {0U, 0U, 0U, 0, 18, 5U},
  {0U, 5U, 13U, 0, 5, 5U},
  {13U, 9U, 13U, 0, 5, 9U},
  {39U, 12U, 13U, 0, 5, 12U},
  {65U, 12U, 17U, 0, 3, 12U},
  {99U, 18U, 13U, 0, 5, 18U},
  {138U, 12U, 13U, 0, 5, 12U},
  {164U, 6U, 13U, 0, 5, 6U},
  {177U, 7U, 16U, 0, 4, 7U},
  {193U, 7U, 16U, 0, 4, 7U},
  {209U, 9U, 13U, 0, 5, 9U},
  {235U, 12U, 10U, 0, 8, 12U},
  {255U, 5U, 5U, 0, 16, 5U},
  {260U, 8U, 7U, 0, 11, 8U},
  {267U, 5U, 3U, 0, 15, 5U},
  {270U, 7U, 16U, 0, 4, 7U},
  {286U, 12U, 13U, 0, 5, 12U},
  {312U, 7U, 13U, 0, 5, 7U},
  {325U, 11U, 13U, 0, 5, 11U},
  {351U, 11U, 13U, 0, 5, 11U},
  {377U, 12U, 13U, 0, 5, 12U},
  {403U, 11U, 13U, 0, 5, 11U},
  {429U, 11U, 13U, 0, 5, 11U},
  {455U, 10U, 13U, 0, 5, 10U},
  {481U, 11U, 13U, 0, 5, 11U},
  {507U, 11U, 13U, 0, 5, 11U},
  {533U, 5U, 10U, 0, 8, 5U},
  {543U, 6U, 13U, 0, 8, 6U},
  {556U, 12U, 11U, 0, 7, 12U},
  {578U, 12U, 8U, 0, 10, 12U},
  {594U, 12U, 11U, 0, 7, 12U},
  {616U, 10U, 13U, 0, 5, 10U},
  {642U, 18U, 17U, 0, 5, 18U},
  {693U, 13U, 13U, 0, 5, 13U},
  {719U, 12U, 13U, 0, 5, 12U},
  {745U, 13U, 13U, 0, 5, 13U},
  {771U, 13U, 13U, 0, 5, 13U},
  {797U, 11U, 13U, 0, 5, 11U},
  {823U, 11U, 13U, 0, 5, 11U},
  {849U, 13U, 13U, 0, 5, 13U},
  {875U, 13U, 13U, 0, 5, 13U},
  {901U, 5U, 13U, 0, 5, 5U},
  {914U, 10U, 13U, 0, 5, 10U},
  {940U, 12U, 13U, 0, 5, 12U},
  {966U, 10U, 13U, 0, 5, 10U},
  {992U, 16U, 13U, 0, 5, 16U},
  {1018U, 14U, 13U, 0, 5, 14U},
  {1044U, 14U, 13U, 0, 5, 14U},
  {1070U, 12U, 13U, 0, 5, 12U},
  {1096U, 14U, 14U, 0, 5, 14U},
  {1124U, 12U, 13U, 0, 5, 12U},
  {1150U, 12U, 13U, 0, 5, 12U},
  {1176U, 12U, 13U, 0, 5, 12U},
  {1202U, 13U, 13U, 0, 5, 13U},
  {1228U, 13U, 13U, 0, 5, 13U},
  {1254U, 18U, 13U, 0, 5, 18U},
  {1293U, 13U, 13U, 0, 5, 13U},
  {1319U, 13U, 13U, 0, 5, 13U},
  {1345U, 12U, 13U, 0, 5, 12U},
  {1371U, 7U, 17U, 0, 3, 7U},
  {1388U, 7U, 16U, 0, 4, 7U},
  {1404U, 7U, 17U, 0, 3, 7U},
  {1421U, 9U, 13U, 0, 5, 9U},
  {1447U, 9U, 2U, 0, 18, 8U},
  {1451U, 6U, 14U, 0, 4, 6U},
  {1465U, 10U, 10U, 0, 8, 10U},
  {1485U, 11U, 13U, 0, 5, 11U},
  {1511U, 10U, 10U, 0, 8, 10U},
  {1531U, 11U, 13U, 0, 5, 11U},
  {1557U, 11U, 10U, 0, 8, 11U},
  {1577U, 7U, 13U, 0, 5, 7U},
  {1590U, 11U, 14U, 0, 8, 11U},
  {1618U, 11U, 13U, 0, 5, 11U},
  {1644U, 5U, 14U, 0, 4, 5U},
  {1658U, 6U, 18U, -1, 4, 5U},
  {1676U, 10U, 13U, 0, 5, 10U},
  {1702U, 5U, 13U, 0, 5, 5U},
  {1715U, 16U, 10U, 0, 8, 16U},
  {1735U, 11U, 10U, 0, 8, 11U},
  {1755U, 11U, 10U, 0, 8, 11U},
  {1775U, 11U, 14U, 0, 8, 11U},
  {1803U, 11U, 14U, 0, 8, 11U},
  {1831U, 7U, 10U, 0, 8, 7U},
  {1841U, 10U, 10U, 0, 8, 10U},
  {1861U, 6U, 13U, 0, 5, 6U},
  {1874U, 11U, 10U, 0, 8, 11U},
  {1894U, 10U, 10U, 0, 8, 10U},
  {1914U, 15U, 10U, 0, 8, 15U},
  {1934U, 10U, 10U, 0, 8, 10U},
  {1954U, 10U, 14U, 0, 8, 10U},
  {1982U, 10U, 10U, 0, 8, 10U},
  {2002U, 8U, 17U, 0, 5, 8U},
  {2019U, 6U, 22U, 0, 0, 6U},
  {2041U, 8U, 17U, 0, 5, 8U},
  {2058U, 12U, 7U, 0, 11, 12U}
};

inline constexpr std::uint8_t kFontInterMedium18Bitmap[] = {
    0x30, 0x30, 0x30, 0x30, 0x30, 0x30, 0x30, 0x30, 0x30, 0x00, 0x30, 0x70, 0x30, 0x36, 0x00, 0x36,
    0x00, 0x36, 0x00, 0x36, 0x00, 0x36, 0x00, 0x00, 0x00, 0x00, 0x00, 0x00, 0x00, 0x00, 0x00, 0x00,
    0x00, 0x00, 0x00, 0x00, 0x00, 0x00, 0x00, 0x08, 0xC0, 0x18, 0xC0, 0x18, 0x80, 0x7F, 0xE0, 0x7F,
    0xE0, 0x11, 0x80, 0x11, 0x80, 0x31, 0x80, 0xFF, 0xC0, 0xFF, 0xC0, 0x31, 0x00, 0x23, 0x00, 0x23,
    0x00, 0x04, 0x00, 0x04, 0x00, 0x1F, 0x80, 0x3F, 0xC0, 0x74, 0xC0, 0x64, 0x20, 0x74, 0x00, 0x3C,
    0x00, 0x1F, 0x80, 0x05, 0xC0, 0x04, 0xE0, 0x64, 0x60, 0x64, 0xE0, 0x3F, 0xC0, 0x1F, 0x80, 0x04,
    0x00, 0x04, 0x00, 0x1C, 0x0C, 0x00, 0x3E, 0x08, 0x00, 0x22, 0x10, 0x00, 0x32, 0x30, 0x00, 0x3E,
    0x60, 0x00, 0x0C, 0x40, 0x00, 0x00, 0xCC, 0x00, 0x01, 0x9E, 0x00, 0x01, 0x13, 0x00, 0x03, 0x13,
    0x00, 0x06, 0x13, 0x00, 0x04, 0x1F, 0x00, 0x0C, 0x0E, 0x00, 0x1E, 0x00, 0x3F, 0x00, 0x31, 0x80,
    0x31, 0x00, 0x33, 0x00, 0x1E, 0x00, 0x1C, 0x00, 0x36, 0x60, 0x63, 0x60, 0x63, 0xC0, 0x61, 0xC0,
    0x3F, 0xC0, 0x1E, 0x70, 0x30, 0x30, 0x30, 0x30, 0x30, 0x00, 0x00, 0x00, 0x00, 0x00, 0x00, 0x00,
    0x00, 0x0C, 0x18, 0x18, 0x18, 0x30, 0x30, 0x30, 0x30, 0x30, 0x30, 0x30, 0x30, 0x30, 0x18, 0x18,
    0x0C, 0x60, 0x60, 0x30, 0x30, 0x30, 0x18, 0x18, 0x18, 0x18, 0x18, 0x18, 0x30, 0x30, 0x30, 0x60,
    0x60, 0x08, 0x00, 0x49, 0x00, 0x7F, 0x00, 0x1C, 0x00, 0x7F, 0x00, 0x29, 0x00, 0x08, 0x00, 0x00,
    0x00, 0x00, 0x00, 0x00, 0x00, 0x00, 0x00, 0x00, 0x00, 0x00, 0x00, 0x06, 0x00, 0x06, 0x00, 0x06,
    0x00, 0x06, 0x00, 0x3F, 0xC0, 0x3F, 0xC0, 0x06, 0x00, 0x06, 0x00, 0x06, 0x00, 0x00, 0x00, 0x30,
    0x30, 0x60, 0x60, 0x60, 0x7E, 0x7E, 0x00, 0x00, 0x00, 0x00, 0x00, 0x30, 0x70, 0x30, 0x04, 0x0C,
    0x0C, 0x08, 0x18, 0x18, 0x18, 0x10, 0x30, 0x30, 0x30, 0x20, 0x60, 0x60, 0x40, 0xC0, 0x0F, 0x00,
    0x3F, 0x80, 0x30, 0xC0, 0x60, 0xC0, 0x60, 0xC0, 0x60, 0x60, 0x60, 0x60, 0x60, 0x60, 0x60, 0xC0,
    0x60, 0xC0, 0x30, 0xC0, 0x3F, 0x80, 0x0F, 0x00, 0x1C, 0x3C, 0x6C, 0x4C, 0x0C, 0x0C, 0x0C, 0x0C,
    0x0C, 0x0C, 0x0C, 0x0C, 0x0C, 0x1F, 0x00, 0x3F, 0x80, 0x71, 0xC0, 0x60, 0xC0, 0x00, 0xC0, 0x01,
    0x80, 0x03, 0x80, 0x07, 0x00, 0x0E, 0x00, 0x1C, 0x00, 0x38, 0x00, 0x7F, 0xC0, 0x7F, 0xC0, 0x1F,
    0x00, 0x3F, 0x80, 0x70, 0xC0, 0x00, 0xC0, 0x00, 0xC0, 0x0F, 0x80, 0x0F, 0x80, 0x01, 0xC0, 0x00,
    0xC0, 0x60, 0xC0, 0x60, 0xC0, 0x3F, 0x80, 0x1F, 0x00, 0x03, 0x80, 0x03, 0x80, 0x07, 0x80, 0x0D,
    0x80, 0x0D, 0x80, 0x19, 0x80, 0x19, 0x80, 0x31, 0x80, 0x61, 0x80, 0x7F, 0xE0, 0x7F, 0xE0, 0x01,
    0x80, 0x01, 0x80, 0x3F, 0x80, 0x3F, 0x80, 0x30, 0x00, 0x20, 0x00, 0x66, 0x00, 0x7F, 0x80, 0x61,
    0x80, 0x00, 0xC0, 0x00, 0xC0, 0x60, 0xC0, 0x61, 0x80, 0x3F, 0x80, 0x1F, 0x00, 0x0F, 0x00, 0x1F,
    0x80, 0x30, 0xC0, 0x60, 0x00, 0x66, 0x00, 0x6F, 0x80, 0x71, 0xC0, 0x60, 0xC0, 0x60, 0xC0, 0x60,
    0xC0, 0x30, 0xC0, 0x3F, 0x80, 0x0F, 0x00, 0x7F, 0x80, 0x7F, 0x80, 0x01, 0x80, 0x03, 0x80, 0x03,
    0x00, 0x07, 0x00, 0x06, 0x00, 0x0E, 0x00, 0x0C, 0x00, 0x1C, 0x00, 0x18, 0x00, 0x38, 0x00, 0x30,
    0x00, 0x1F, 0x00, 0x3F, 0x80, 0x30, 0xC0, 0x60, 0xC0, 0x30, 0xC0, 0x3F, 0x80, 0x1F, 0x80, 0x31,
    0xC0, 0x60, 0xC0, 0x60, 0xC0, 0x60, 0xC0, 0x3F, 0xC0, 0x1F, 0x00, 0x1F, 0x00, 0x3F, 0x80, 0x70,
    0xC0, 0x60, 0xC0, 0x60, 0xC0, 0x60, 0xC0, 0x3F, 0xC0, 0x1E, 0xC0, 0x00, 0xC0, 0x60, 0xC0, 0x71,
    0x80, 0x3F, 0x80, 0x1F, 0x00, 0x30, 0x70, 0x30, 0x00, 0x00, 0x00, 0x00, 0x30, 0x70, 0x30, 0x30,
    0x30, 0x30, 0x00, 0x00, 0x00, 0x00, 0x00, 0x30, 0x30, 0x60, 0x60, 0x60, 0x00, 0x40, 0x01, 0xC0,
    0x07, 0x80, 0x1E, 0x00, 0x70, 0x00, 0x78, 0x00, 0x1E, 0x00, 0x07, 0xC0, 0x00, 0xC0, 0x00, 0x40,
    0x00, 0x00, 0x3F, 0xC0, 0x3F, 0xC0, 0x00, 0x00, 0x00, 0x00, 0x3F, 0xC0, 0x3F, 0xC0, 0x00, 0x00,
    0x00, 0x00, 0x20, 0x00, 0x38, 0x00, 0x1E, 0x00, 0x07, 0x80, 0x00, 0xE0, 0x01, 0xE0, 0x07, 0x80,
    0x3E, 0x00, 0x30, 0x00, 0x20, 0x00, 0x00, 0x00, 0x3E, 0x00, 0x7F, 0x00, 0x63, 0x80, 0x01, 0x80,
    0x03, 0x00, 0x07, 0x00, 0x0C, 0x00, 0x18, 0x00, 0x18, 0x00, 0x00, 0x00, 0x18, 0x00, 0x1C, 0x00,
    0x18, 0x00, 0x03, 0xF0, 0x00, 0x0F, 0xFC, 0x00, 0x1C, 0x06, 0x00, 0x30, 0x03, 0x00, 0x30, 0xD3,
    0x00, 0x63, 0xF1, 0x00, 0x66, 0x31, 0x80, 0x66, 0x11, 0x80, 0x64, 0x11, 0x80, 0x66, 0x11, 0x80,
    0x66, 0x31, 0x00, 0x63, 0xFF, 0x00, 0x31, 0xCE, 0x00, 0x30, 0x00, 0x00, 0x1C, 0x00, 0x00, 0x0F,
    0xF8, 0x00, 0x03, 0xF0, 0x00, 0x07, 0x00, 0x07, 0x00, 0x0D, 0x00, 0x0D, 0x80, 0x19, 0x80, 0x19,
    0xC0, 0x18, 0xC0, 0x38, 0xC0, 0x3F, 0xE0, 0x3F, 0xE0, 0x60, 0x60, 0x60, 0x30, 0xE0, 0x30, 0x7F,
    0x80, 0x7F, 0xC0, 0x60, 0xC0, 0x60, 0xC0, 0x60, 0xC0, 0x7F, 0x80, 0x7F, 0x80, 0x60, 0xC0, 0x60,
    0x60, 0x60, 0x60, 0x60, 0x60, 0x7F, 0xC0, 0x7F, 0x80, 0x0F, 0x80, 0x1F, 0xE0, 0x38, 0x70, 0x30,
    0x30, 0x60, 0x00, 0x60, 0x00, 0x60, 0x00, 0x60, 0x00, 0x60, 0x00, 0x30, 0x30, 0x30, 0x70, 0x1F,
    0xE0, 0x0F, 0x80, 0x7F, 0x80, 0x7F, 0xC0, 0x60, 0x60, 0x60, 0x60, 0x60, 0x30, 0x60, 0x30, 0x60,
    0x30, 0x60, 0x30, 0x60, 0x30, 0x60, 0x60, 0x60, 0x60, 0x7F, 0xC0, 0x7F, 0x80, 0x7F, 0xC0, 0x7F,
    0xC0, 0x60, 0x00, 0x60, 0x00, 0x60, 0x00, 0x7F, 0x80, 0x7F, 0x80, 0x60, 0x00, 0x60, 0x00, 0x60,
    0x00, 0x60, 0x00, 0x7F, 0xC0, 0x7F, 0xC0, 0x7F, 0xC0, 0x7F, 0xC0, 0x60, 0x00, 0x60, 0x00, 0x60,
    0x00, 0x60, 0x00, 0x7F, 0x80, 0x7F, 0x80, 0x60, 0x00, 0x60, 0x00, 0x60, 0x00, 0x60, 0x00, 0x60,
    0x00, 0x0F, 0x80, 0x1F, 0xE0, 0x30, 0x70, 0x30, 0x30, 0x60, 0x00, 0x60, 0x00, 0x61, 0xF0, 0x61,
    0xF0, 0x60, 0x30, 0x30, 0x30, 0x38, 0x70, 0x1F, 0xE0, 0x0F, 0x80, 0x60, 0x30, 0x60, 0x30, 0x60,
    0x30, 0x60, 0x30, 0x60, 0x30, 0x7F, 0xF0, 0x7F, 0xF0, 0x60, 0x30, 0x60, 0x30, 0x60, 0x30, 0x60,
    0x30, 0x60, 0x30, 0x60, 0x30, 0x60, 0x60, 0x60, 0x60, 0x60, 0x60, 0x60, 0x60, 0x60, 0x60, 0x60,
    0x60, 0x60, 0x01, 0x80, 0x01, 0x80, 0x01, 0x80, 0x01, 0x80, 0x01, 0x80, 0x01, 0x80, 0x01, 0x80,
    0x01, 0x80, 0x61, 0x80, 0x61, 0x80, 0x61, 0x80, 0x7F, 0x00, 0x1E, 0x00, 0x60, 0x70, 0x60, 0xC0,
    0x61, 0xC0, 0x63, 0x80, 0x67, 0x00, 0x6E, 0x00, 0x6E, 0x00, 0x7B, 0x00, 0x73, 0x80, 0x61, 0x80,
    0x60, 0xC0, 0x60, 0xE0, 0x60, 0x70, 0x60, 0x00, 0x60, 0x00, 0x60, 0x00, 0x60, 0x00, 0x60, 0x00,
    0x60, 0x00, 0x60, 0x00, 0x60, 0x00, 0x60, 0x00, 0x60, 0x00, 0x60, 0x00, 0x7F, 0x80, 0x7F, 0x80,
    0x78, 0x0E, 0x78, 0x1E, 0x78, 0x1E, 0x6C, 0x1E, 0x6C, 0x36, 0x6E, 0x36, 0x66, 0x36, 0x66, 0x66,
    0x63, 0x66, 0x63, 0x46, 0x63, 0xC6, 0x61, 0xC6, 0x61, 0x86, 0x70, 0x30, 0x78, 0x30, 0x78, 0x30,
    0x6C, 0x30, 0x6E, 0x30, 0x66, 0x30, 0x63, 0x30, 0x63, 0xB0, 0x61, 0xB0, 0x60, 0xF0, 0x60, 0xF0,
    0x60, 0x70, 0x60, 0x30, 0x0F, 0x80, 0x1F, 0xE0, 0x30, 0x70, 0x30, 0x30, 0x60, 0x18, 0x60, 0x18,
    0x60, 0x18, 0x60, 0x18, 0x60, 0x18, 0x30, 0x30, 0x30, 0x70, 0x1F, 0xE0, 0x0F, 0x80, 0x7F, 0x80,
    0x7F, 0xC0, 0x60, 0xC0, 0x60, 0x60, 0x60, 0x60, 0x60, 0xE0, 0x60, 0xC0, 0x7F, 0x80, 0x7F, 0x00,
    0x60, 0x00, 0x60, 0x00, 0x60, 0x00, 0x60, 0x00, 0x0F, 0x80, 0x1F, 0xE0, 0x38, 0x70, 0x30, 0x30,
    0x60, 0x18, 0x60, 0x18, 0x60, 0x18, 0x60, 0x18, 0x62, 0x18, 0x31, 0xB0, 0x38, 0xF0, 0x1F, 0xE0,
    0x0F, 0xE0, 0x00, 0x30, 0x7F, 0x80, 0x7F, 0xC0, 0x60, 0xC0, 0x60, 0x60, 0x60, 0x60, 0x60, 0xC0,
    0x7F, 0xC0, 0x7F, 0x80, 0x63, 0x80, 0x61, 0x80, 0x60, 0xC0, 0x60, 0xC0, 0x60, 0x60, 0x1F, 0x00,
    0x3F, 0xC0, 0x70, 0xC0, 0x60, 0x20, 0x70, 0x00, 0x3C, 0x00, 0x1F, 0x80, 0x01, 0xC0, 0x00, 0xE0,
    0x60, 0x60, 0x60, 0xC0, 0x3F, 0xC0, 0x1F, 0x80, 0x7F, 0xE0, 0x7F, 0xE0, 0x06, 0x00, 0x06, 0x00,
    0x06, 0x00, 0x06, 0x00, 0x06, 0x00, 0x06, 0x00, 0x06, 0x00, 0x06, 0x00, 0x06, 0x00, 0x06, 0x00,
    0x06, 0x00, 0x60, 0x30, 0x60, 0x30, 0x60, 0x30, 0x60, 0x30, 0x60, 0x30, 0x60, 0x30, 0x60, 0x30,
    0x60, 0x30, 0x60, 0x30, 0x30, 0x30, 0x30, 0x60, 0x1F, 0xE0, 0x0F, 0x80, 0xE0, 0x30, 0x60, 0x30,
    0x60, 0x60, 0x30, 0x60, 0x30, 0x60, 0x38, 0xC0, 0x18, 0xC0, 0x18, 0xC0, 0x0D, 0x80, 0x0D, 0x80,
    0x0D, 0x80, 0x07, 0x00, 0x07, 0x00, 0xE0, 0xC1, 0xC0, 0x60, 0xE1, 0x80, 0x61, 0xE1, 0x80, 0x61,
    0xE1, 0x80, 0x31, 0xE3, 0x00, 0x33, 0x33, 0x00, 0x33, 0x33, 0x00, 0x33, 0x33, 0x00, 0x1B, 0x36,
    0x00, 0x1A, 0x1E, 0x00, 0x1E, 0x1E, 0x00, 0x0E, 0x1C, 0x00, 0x0C, 0x0C, 0x00, 0x60, 0x70, 0x30,
    0x60, 0x18, 0xC0, 0x19, 0x80, 0x0D, 0x80, 0x07, 0x00, 0x07, 0x00, 0x0F, 0x00, 0x0D, 0x80, 0x19,
    0xC0, 0x38, 0xC0, 0x30, 0x60, 0xE0, 0x70, 0xE0, 0x70, 0x70, 0x60, 0x30, 0xE0, 0x18, 0xC0, 0x19,
    0x80, 0x0D, 0x80, 0x0F, 0x00, 0x06, 0x00, 0x06, 0x00, 0x06, 0x00, 0x06, 0x00, 0x06, 0x00, 0x06,
    0x00, 0x7F, 0xC0, 0x7F, 0xC0, 0x01, 0xC0, 0x01, 0x80, 0x03, 0x00, 0x07, 0x00, 0x06, 0x00, 0x0C,
    0x00, 0x1C, 0x00, 0x18, 0x00, 0x30, 0x00, 0x7F, 0xC0, 0x7F, 0xC0, 0x3C, 0x3C, 0x30, 0x30, 0x30,
    0x30, 0x30, 0x30, 0x30, 0x30, 0x30, 0x30, 0x30, 0x30, 0x30, 0x3C, 0x3C, 0xC0, 0x40, 0x60, 0x60,
    0x60, 0x20, 0x30, 0x30, 0x10, 0x18, 0x18, 0x18, 0x08, 0x0C, 0x0C, 0x0C, 0x78, 0x78, 0x18, 0x18,
    0x18, 0x18, 0x18, 0x18, 0x18, 0x18, 0x18, 0x18, 0x18, 0x18, 0x18, 0x78, 0x78, 0x18, 0x00, 0x1C,
    0x00, 0x34, 0x00, 0x36, 0x00, 0x66, 0x00, 0x63, 0x00, 0x00, 0x00, 0x00, 0x00, 0x00, 0x00, 0x00,
    0x00, 0x00, 0x00, 0x00, 0x00, 0x00, 0x00, 0xFF, 0x00, 0xFF, 0x00, 0x60, 0x30, 0x18, 0x00, 0x00,
    0x00, 0x00, 0x00, 0x00, 0x00, 0x00, 0x00, 0x00, 0x00, 0x1E, 0x00, 0x3F, 0x00, 0x61, 0x80, 0x01,
    0x80, 0x1F, 0x80, 0x79, 0x80, 0x61, 0x80, 0x61, 0x80, 0x7F, 0x80, 0x3D, 0x80, 0x60, 0x00, 0x60,
    0x00, 0x60, 0x00, 0x6F, 0x00, 0x7F, 0x80, 0x70, 0xC0, 0x60, 0xC0, 0x60, 0xC0, 0x60, 0xC0, 0x60,
    0xC0, 0x70, 0xC0, 0x7F, 0x80, 0x6F, 0x00, 0x1F, 0x00, 0x3F, 0x80, 0x71, 0xC0, 0x60, 0x00, 0x60,
    0x00, 0x60, 0x00, 0x60, 0x00, 0x71, 0xC0, 0x3F, 0x80, 0x1F, 0x00, 0x00, 0xC0, 0x00, 0xC0, 0x00,
    0xC0, 0x1E, 0xC0, 0x3F, 0xC0, 0x71, 0xC0, 0x60, 0xC0, 0x60, 0xC0, 0x60, 0xC0, 0x60, 0xC0, 0x71,
    0xC0, 0x3F, 0xC0, 0x1E, 0xC0, 0x1E, 0x00, 0x3F, 0x80, 0x61, 0x80, 0x60, 0xC0, 0x7F, 0xC0, 0x7F,
    0xC0, 0x60, 0x00, 0x60, 0xC0, 0x3F, 0x80, 0x1F, 0x00, 0x1E, 0x3C, 0x30, 0xFC, 0xFC, 0x30, 0x30,
    0x30, 0x30, 0x30, 0x30, 0x30, 0x30, 0x1E, 0xC0, 0x3F, 0xC0, 0x71, 0xC0, 0x60, 0xC0, 0x60, 0xC0,
    0x60, 0xC0, 0x60, 0xC0, 0x71, 0xC0, 0x3F, 0xC0, 0x1E, 0xC0, 0x00, 0xC0, 0x20, 0xC0, 0x7F, 0x80,
    0x1F, 0x00, 0x60, 0x00, 0x60, 0x00, 0x60, 0x00, 0x6F, 0x00, 0x7F, 0x80, 0x71, 0x80, 0x60, 0xC0,
    0x60, 0xC0, 0x60, 0xC0, 0x60, 0xC0, 0x60, 0xC0, 0x60, 0xC0, 0x60, 0xC0, 0x70, 0x60, 0x00, 0x60,
    0x60, 0x60, 0x60, 0x60, 0x60, 0x60, 0x60, 0x60, 0x60, 0x00, 0x60, 0x60, 0x00, 0x60, 0x60, 0x60,
    0x60, 0x60, 0x60, 0x60, 0x60, 0x60, 0x60, 0x60, 0x60, 0xE0, 0xC0, 0x00, 0x60, 0x00, 0x60, 0x00,
    0x60, 0x00, 0x61, 0xC0, 0x63, 0x00, 0x66, 0x00, 0x6C, 0x00, 0x7C, 0x00, 0x7C, 0x00, 0x66, 0x00,
    0x63, 0x00, 0x63, 0x80, 0x61, 0xC0, 0x60, 0x60, 0x60, 0x60, 0x60, 0x60, 0x60, 0x60, 0x60, 0x60,
    0x60, 0x60, 0x60, 0x6E, 0x38, 0x7F, 0x7C, 0x71, 0x86, 0x61, 0x86, 0x61, 0x86, 0x61, 0x86, 0x61,
    0x86, 0x61, 0x86, 0x61, 0x86, 0x61, 0x86, 0x6F, 0x00, 0x7F, 0x80, 0x71, 0x80, 0x60, 0xC0, 0x60,
    0xC0, 0x60, 0xC0, 0x60, 0xC0, 0x60, 0xC0, 0x60, 0xC0, 0x60, 0xC0, 0x1F, 0x00, 0x3F, 0x80, 0x71,
    0xC0, 0x60, 0xC0, 0x60, 0xC0, 0x60, 0xC0, 0x60, 0xC0, 0x71, 0xC0, 0x3F, 0x80, 0x1F, 0x00, 0x6F,
    0x00, 0x7F, 0x80, 0x70, 0xC0, 0x60, 0xC0, 0x60, 0xC0, 0x60, 0xC0, 0x60, 0xC0, 0x70, 0xC0, 0x7F,
    0x80, 0x6F, 0x00, 0x60, 0x00, 0x60, 0x00, 0x60, 0x00, 0x60, 0x00, 0x1E, 0xC0, 0x3F, 0xC0, 0x71,
    0xC0, 0x60, 0xC0, 0x60, 0xC0, 0x60, 0xC0, 0x60, 0xC0, 0x71, 0xC0, 0x3F, 0xC0, 0x1E, 0xC0, 0x00,
    0xC0, 0x00, 0xC0, 0x00, 0xC0, 0x00, 0xC0, 0x6E, 0x7E, 0x70, 0x60, 0x60, 0x60, 0x60, 0x60, 0x60,
    0x60, 0x1E, 0x00, 0x3F, 0x00, 0x61, 0x80, 0x60, 0x00, 0x3C, 0x00, 0x0F, 0x00, 0x01, 0x80, 0x61,
    0x80, 0x7F, 0x00, 0x1E, 0x00, 0x30, 0x30, 0x30, 0xFC, 0xFC, 0x30, 0x30, 0x30, 0x30, 0x30, 0x30,
    0x38, 0x1C, 0x60, 0xC0, 0x60, 0xC0, 0x60, 0xC0, 0x60, 0xC0, 0x60, 0xC0, 0x60, 0xC0, 0x60, 0xC0,
    0x71, 0xC0, 0x3E, 0xC0, 0x1C, 0xC0, 0xE0, 0xC0, 0x61, 0x80, 0x61, 0x80, 0x31, 0x80, 0x33, 0x00,
    0x33, 0x00, 0x1B, 0x00, 0x1E, 0x00, 0x0E, 0x00, 0x0C, 0x00, 0xE3, 0x8C, 0x63, 0x8C, 0x62, 0x8C,
    0x22, 0x98, 0x36, 0xD8, 0x36, 0xD8, 0x34, 0x58, 0x14, 0x50, 0x1C, 0x70, 0x1C, 0x70, 0x61, 0x80,
    0x33, 0x00, 0x33, 0x00, 0x1E, 0x00, 0x0E, 0x00, 0x1C, 0x00, 0x1E, 0x00, 0x33, 0x00, 0x73, 0x80,
    0xE1, 0xC0, 0xE0, 0xC0, 0x61, 0x80, 0x61, 0x80, 0x31, 0x80, 0x33, 0x00, 0x33, 0x00, 0x1B, 0x00,
    0x1E, 0x00, 0x0E, 0x00, 0x0C, 0x00, 0x0C, 0x00, 0x0C, 0x00, 0x38, 0x00, 0x70, 0x00, 0x7F, 0x80,
    0x7F, 0x80, 0x03, 0x00, 0x06, 0x00, 0x0E, 0x00, 0x0C, 0x00, 0x18, 0x00, 0x30, 0x00, 0x7F, 0x80,
    0x7F, 0x80, 0x0E, 0x0E, 0x18, 0x18, 0x18, 0x18, 0x18, 0x70, 0x70, 0x18, 0x18, 0x18, 0x18, 0x18,
    0x18, 0x0E, 0x06, 0x30, 0x30, 0x30, 0x30, 0x30, 0x30, 0x30, 0x30, 0x30, 0x30, 0x30, 0x30, 0x30,
    0x30, 0x30, 0x30, 0x30, 0x30, 0x30, 0x30, 0x30, 0x30, 0x60, 0x70, 0x18, 0x18, 0x18, 0x18, 0x18,
    0x1E, 0x0E, 0x18, 0x18, 0x18, 0x18, 0x18, 0x18, 0x70, 0x40, 0x18, 0x00, 0x3C, 0x60, 0x27, 0xC0,
    0x63, 0x80, 0x00, 0x00, 0x00, 0x00, 0x00, 0x00
};

inline constexpr BitmapFont kFontInterMedium18 = {"inter_medium_18", 18U, 18U, 5U, 23U, kFontInterMedium18Glyphs, kFontInterMedium18Bitmap, sizeof(kFontInterMedium18Bitmap)};

inline constexpr Glyph kFontInterBold18Glyphs[] = {
  {0U, 0U, 0U, 0, 18, 4U},
  {0U, 6U, 13U, 0, 5, 6U},
  {13U, 10U, 13U, 0, 5, 10U},
  {39U, 12U, 13U, 0, 5, 12U},
  {65U, 12U, 17U, 0, 3, 12U},
  {99U, 18U, 13U, 0, 5, 18U},
  {138U, 13U, 13U, 0, 5, 12U},
  {164U, 6U, 13U, 0, 5, 6U},
  {177U, 7U, 16U, 0, 4, 7U},
  {193U, 7U, 16U, 0, 4, 7U},
  {209U, 10U, 13U, 0, 5, 10U},
  {235U, 12U, 10U, 0, 8, 12U},
  {255U, 6U, 5U, 0, 16, 6U},
  {260U, 8U, 7U, 0, 11, 8U},
  {267U, 6U, 3U, 0, 15, 6U},
  {270U, 7U, 16U, 0, 4, 7U},
  {286U, 12U, 13U, 0, 5, 12U},
  {312U, 8U, 13U, 0, 5, 8U},
  {325U, 11U, 13U, 0, 5, 11U},
  {351U, 12U, 13U, 0, 5, 12U},
  {377U, 12U, 13U, 0, 5, 12U},
  {403U, 11U, 13U, 0, 5, 11U},
  {429U, 12U, 13U, 0, 5, 12U},
  {455U, 10U, 13U, 0, 5, 10U},
  {481U, 12U, 13U, 0, 5, 12U},
  {507U, 12U, 13U, 0, 5, 12U},
  {533U, 6U, 10U, 0, 8, 6U},
  {543U, 6U, 13U, 0, 8, 6U},
  {556U, 12U, 11U, 0, 7, 12U},
  {578U, 12U, 9U, 0, 9, 12U},
  {596U, 12U, 11U, 0, 7, 12U},
  {618U, 10U, 13U, 0, 5, 10U},
  {644U, 18U, 17U, 0, 5, 18U},
  {695U, 14U, 13U, 0, 5, 13U},
  {721U, 12U, 13U, 0, 5, 12U},
  {747U, 13U, 13U, 0, 5, 13U},
  {773U, 13U, 13U, 0, 5, 13U},
  {799U, 11U, 13U, 0, 5, 11U},
  {825U, 11U, 13U, 0, 5, 11U},
  {851U, 14U, 13U, 0, 5, 14U},
  {877U, 13U, 13U, 0, 5, 13U},
  {903U, 5U, 13U, 0, 5, 5U},
  {916U, 11U, 13U, 0, 5, 11U},
  {942U, 13U, 13U, 0, 5, 13U},
  {968U, 10U, 13U, 0, 5, 10U},
  {994U, 17U, 13U, 0, 5, 17U},
  {1033U, 14U, 13U, 0, 5, 14U},
  {1059U, 14U, 13U, 0, 5, 14U},
  {1085U, 12U, 13U, 0, 5, 12U},
  {1111U, 14U, 14U, 0, 5, 14U},
  {1139U, 12U, 13U, 0, 5, 12U},
  {1165U, 12U, 13U, 0, 5, 12U},
  {1191U, 12U, 13U, 0, 5, 12U},
  {1217U, 13U, 13U, 0, 5, 13U},
  {1243U, 14U, 13U, 0, 5, 13U},
  {1269U, 19U, 13U, 0, 5, 19U},
  {1308U, 13U, 13U, 0, 5, 13U},
  {1334U, 13U, 13U, 0, 5, 13U},
  {1360U, 12U, 13U, 0, 5, 12U},
  {1386U, 7U, 17U, 0, 3, 7U},
  {1403U, 7U, 16U, 0, 4, 7U},
  {1419U, 7U, 17U, 0, 3, 7U},
  {1436U, 9U, 13U, 0, 5, 9U},
  {1462U, 9U, 3U, 0, 17, 9U},
  {1468U, 7U, 14U, 0, 4, 7U},
  {1482U, 10U, 10U, 0, 8, 10U},
  {1502U, 11U, 13U, 0, 5, 11U},
  {1528U, 11U, 10U, 0, 8, 11U},
  {1548U, 11U, 13U, 0, 5, 11U},
  {1574U, 11U, 10U, 0, 8, 11U},
  {1594U, 7U, 13U, 0, 5, 7U},
  {1607U, 11U, 14U, 0, 8, 11U},
  {1635U, 11U, 13U, 0, 5, 11U},
  {1661U, 5U, 14U, 0, 4, 5U},
  {1675U, 6U, 18U, -1, 4, 5U},
  {1693U, 11U, 13U, 0, 5, 10U},
  {1719U, 5U, 13U, 0, 5, 5U},
  {1732U, 16U, 10U, 0, 8, 16U},
  {1752U, 11U, 10U, 0, 8, 11U},
  {1772U, 11U, 10U, 0, 8, 11U},
  {1792U, 11U, 14U, 0, 8, 11U},
  {1820U, 11U, 14U, 0, 8, 11U},
  {1848U, 7U, 11U, 0, 7, 7U},
  {1859U, 10U, 10U, 0, 8, 10U},
  {1879U, 7U, 13U, 0, 5, 7U},
  {1892U, 11U, 10U, 0, 8, 11U},
  {1912U, 11U, 10U, 0, 8, 11U},
  {1932U, 16U, 10U, 0, 8, 15U},
  {1952U, 11U, 10U, 0, 8, 10U},
  {1972U, 11U, 14U, 0, 8, 11U},
  {2000U, 10U, 10U, 0, 8, 10U},
  {2020U, 8U, 17U, 0, 5, 8U},
  {2037U, 7U, 22U, 0, 0, 7U},
  {2059U, 8U, 17U, 0, 5, 8U},
  {2076U, 12U, 7U, 0, 11, 12U}
};

inline constexpr std::uint8_t kFontInterBold18Bitmap[] = {
    0x30, 0x30, 0x30, 0x30, 0x30, 0x30, 0x30, 0x30, 0x30, 0x00, 0x30, 0x78, 0x30, 0x33, 0x00, 0x33,
    0x00, 0x33, 0x00, 0x33, 0x00, 0x33, 0x00, 0x00, 0x00, 0x00, 0x00, 0x00, 0x00, 0x00, 0x00, 0x00,
    0x00, 0x00, 0x00, 0x00, 0x00, 0x00, 0x00, 0x0C, 0xC0, 0x18, 0xC0, 0x18, 0xC0, 0x7F, 0xE0, 0x7F,
    0xE0, 0x19, 0x80, 0x19, 0x80, 0x31, 0x80, 0xFF, 0xE0, 0xFF, 0xC0, 0x31, 0x80, 0x33, 0x00, 0x73,
    0x00, 0x06, 0x00, 0x06, 0x00, 0x1F, 0x80, 0x3F, 0xC0, 0x76, 0xE0, 0x76, 0xE0, 0x76, 0x00, 0x3E,
    0x00, 0x1F, 0xC0, 0x07, 0xE0, 0x06, 0xE0, 0x66, 0xE0, 0x76, 0xE0, 0x3F, 0xC0, 0x1F, 0x80, 0x06,
    0x00, 0x06, 0x00, 0x1C, 0x0E, 0x00, 0x3E, 0x08, 0x00, 0x36, 0x18, 0x00, 0x36, 0x30, 0x00, 0x3E,
    0x20, 0x00, 0x1C, 0x60, 0x00, 0x00, 0xCF, 0x00, 0x01, 0x9F, 0x00, 0x01, 0x99, 0x80, 0x03, 0x19,
    0x80, 0x06, 0x19, 0x80, 0x06, 0x1F, 0x00, 0x0C, 0x0E, 0x00, 0x1E, 0x00, 0x3F, 0x00, 0x33, 0x80,
    0x31, 0x80, 0x3B, 0x00, 0x1F, 0x00, 0x1E, 0x00, 0x3E, 0x60, 0x77, 0x60, 0x63, 0xE0, 0x71, 0xC0,
    0x7F, 0xE0, 0x1E, 0x70, 0x30, 0x30, 0x30, 0x30, 0x30, 0x00, 0x00, 0x00, 0x00, 0x00, 0x00, 0x00,
    0x00, 0x1C, 0x1C, 0x18, 0x38, 0x38, 0x30, 0x30, 0x30, 0x70, 0x30, 0x30, 0x38, 0x38, 0x38, 0x1C,
    0x1C, 0x60, 0x70, 0x30, 0x38, 0x38, 0x38, 0x38, 0x18, 0x18, 0x18, 0x38, 0x38, 0x38, 0x30, 0x70,
    0x60, 0x0C, 0x00, 0x2D, 0x00, 0x7F, 0x80, 0x0E, 0x00, 0x7F, 0x80, 0x2D, 0x00, 0x0C, 0x00, 0x00,
    0x00, 0x00, 0x00, 0x00, 0x00, 0x00, 0x00, 0x00, 0x00, 0x00, 0x00, 0x06, 0x00, 0x06, 0x00, 0x06,
    0x00, 0x3F, 0xE0, 0x3F, 0xE0, 0x06, 0x00, 0x06, 0x00, 0x06, 0x00, 0x06, 0x00, 0x00, 0x00, 0x30,
    0x30, 0x70, 0x60, 0x60, 0x7E, 0x7E, 0x00, 0x00, 0x00, 0x00, 0x00, 0x30, 0x78, 0x30, 0x0E, 0x0C,
    0x0C, 0x0C, 0x1C, 0x18, 0x18, 0x18, 0x38, 0x30, 0x30, 0x70, 0x60, 0x60, 0x60, 0xE0, 0x0F, 0x00,
    0x3F, 0xC0, 0x39, 0xC0, 0x70, 0xE0, 0x70, 0xE0, 0x70, 0x60, 0x70, 0x60, 0x70, 0x60, 0x70, 0xE0,
    0x70, 0xE0, 0x39, 0xC0, 0x3F, 0xC0, 0x0F, 0x00, 0x1E, 0x3E, 0x7E, 0x4E, 0x4E, 0x0E, 0x0E, 0x0E,
    0x0E, 0x0E, 0x0E, 0x0E, 0x0E, 0x1F, 0x00, 0x3F, 0x80, 0x71, 0xC0, 0x70, 0xC0, 0x00, 0xC0, 0x01,
    0xC0, 0x03, 0x80, 0x07, 0x00, 0x0E, 0x00, 0x1C, 0x00, 0x38, 0x00, 0x7F, 0xC0, 0x7F, 0xC0, 0x1F,
    0x00, 0x3F, 0xC0, 0x71, 0xC0, 0x00, 0xC0, 0x01, 0xC0, 0x0F, 0x80, 0x0F, 0x80, 0x01, 0xC0, 0x00,
    0xE0, 0x70, 0xE0, 0x71, 0xE0, 0x3F, 0xC0, 0x1F, 0x00, 0x03, 0xC0, 0x07, 0xC0, 0x07, 0xC0, 0x0F,
    0xC0, 0x0D, 0xC0, 0x1D, 0xC0, 0x39, 0xC0, 0x31, 0xC0, 0x71, 0xC0, 0x7F, 0xE0, 0x7F, 0xE0, 0x01,
    0xC0, 0x01, 0xC0, 0x3F, 0xC0, 0x3F, 0xC0, 0x70, 0x00, 0x70, 0x00, 0x7F, 0x00, 0x7F, 0x80, 0x71,
    0xC0, 0x00, 0xC0, 0x00, 0xC0, 0x60, 0xC0, 0x71, 0xC0, 0x3F, 0x80, 0x1F, 0x00, 0x0F, 0x80, 0x1F,
    0xC0, 0x38, 0xE0, 0x70, 0x00, 0x77, 0x80, 0x6F, 0xC0, 0x79, 0xE0, 0x70, 0xE0, 0x70, 0xE0, 0x70,
    0xE0, 0x39, 0xC0, 0x3F, 0xC0, 0x0F, 0x00, 0x7F, 0xC0, 0x7F, 0xC0, 0x01, 0xC0, 0x03, 0x80, 0x03,
    0x80, 0x07, 0x00, 0x07, 0x00, 0x0E, 0x00, 0x0E, 0x00, 0x1C, 0x00, 0x1C, 0x00, 0x38, 0x00, 0x38,
    0x00, 0x1F, 0x00, 0x3F, 0xC0, 0x71, 0xC0, 0x70, 0xC0, 0x31, 0xC0, 0x1F, 0x80, 0x3F, 0x80, 0x71,
    0xC0, 0x70, 0xE0, 0x70, 0xE0, 0x71, 0xE0, 0x3F, 0xC0, 0x1F, 0x00, 0x1F, 0x00, 0x3F, 0x80, 0x71,
    0xC0, 0x70, 0xE0, 0x60, 0xE0, 0x71, 0xE0, 0x3F, 0xE0, 0x1E, 0xE0, 0x00, 0xE0, 0x70, 0xC0, 0x71,
    0xC0, 0x3F, 0x80, 0x1F, 0x00, 0x30, 0x78, 0x30, 0x00, 0x00, 0x00, 0x00, 0x30, 0x78, 0x30, 0x30,
    0x38, 0x30, 0x00, 0x00, 0x00, 0x00, 0x00, 0x30, 0x30, 0x70, 0x60, 0x60, 0x00, 0x40, 0x03, 0xC0,
    0x0F, 0xC0, 0x3E, 0x00, 0x78, 0x00, 0x7C, 0x00, 0x1F, 0x00, 0x07, 0xC0, 0x01, 0xC0, 0x00, 0x40,
    0x00, 0x00, 0x3F, 0xE0, 0x3F, 0xE0, 0x00, 0x00, 0x00, 0x00, 0x3F, 0xE0, 0x3F, 0xE0, 0x00, 0x00,
    0x00, 0x00, 0x00, 0x00, 0x30, 0x00, 0x3C, 0x00, 0x3F, 0x00, 0x07, 0xC0, 0x01, 0xE0, 0x03, 0xE0,
    0x0F, 0x80, 0x3E, 0x00, 0x38, 0x00, 0x20, 0x00, 0x00, 0x00, 0x1E, 0x00, 0x7F, 0x80, 0x73, 0x80,
    0x61, 0x80, 0x03, 0x80, 0x07, 0x00, 0x0E, 0x00, 0x1C, 0x00, 0x1C, 0x00, 0x00, 0x00, 0x1C, 0x00,
    0x1C, 0x00, 0x1C, 0x00, 0x03, 0xF0, 0x00, 0x0F, 0xFC, 0x00, 0x1E, 0x0F, 0x00, 0x38, 0x03, 0x00,
    0x31, 0xFB, 0x80, 0x73, 0xF9, 0x80, 0x67, 0x39, 0x80, 0x66, 0x19, 0x80, 0x66, 0x19, 0x80, 0x66,
    0x19, 0x80, 0x66, 0x19, 0x80, 0x73, 0xFF, 0x80, 0x31, 0xEF, 0x00, 0x38, 0x00, 0x00, 0x1E, 0x08,
    0x00, 0x0F, 0xFC, 0x00, 0x03, 0xF8, 0x00, 0x07, 0x80, 0x0F, 0x80, 0x0F, 0x80, 0x0D, 0xC0, 0x1D,
    0xC0, 0x1C, 0xC0, 0x18, 0xE0, 0x38, 0xE0, 0x3F, 0xE0, 0x3F, 0xF0, 0x70, 0x70, 0x70, 0x30, 0xF0,
    0x38, 0x7F, 0x80, 0x7F, 0xC0, 0x70, 0xE0, 0x70, 0xE0, 0x70, 0xC0, 0x7F, 0x80, 0x7F, 0xC0, 0x70,
    0xE0, 0x70, 0xE0, 0x70, 0xE0, 0x70, 0xE0, 0x7F, 0xC0, 0x7F, 0x80, 0x0F, 0xC0, 0x1F, 0xE0, 0x38,
    0x70, 0x70, 0x30, 0x70, 0x08, 0x70, 0x00, 0x70, 0x00, 0x70, 0x00, 0x70, 0x08, 0x70, 0x30, 0x38,
    0x70, 0x1F, 0xE0, 0x0F, 0xC0, 0x7F, 0x80, 0x7F, 0xC0, 0x70, 0xE0, 0x70, 0x70, 0x70, 0x70, 0x70,
    0x70, 0x70, 0x70, 0x70, 0x70, 0x70, 0x70, 0x70, 0x70, 0x70, 0xE0, 0x7F, 0xC0, 0x7F, 0x80, 0x7F,
    0xC0, 0x7F, 0xC0, 0x70, 0x00, 0x70, 0x00, 0x70, 0x00, 0x7F, 0xC0, 0x7F, 0xC0, 0x70, 0x00, 0x70,
    0x00, 0x70, 0x00, 0x70, 0x00, 0x7F, 0xC0, 0x7F, 0xC0, 0x7F, 0xC0, 0x7F, 0xC0, 0x70, 0x00, 0x70,
    0x00, 0x70, 0x00, 0x70, 0x00, 0x7F, 0x80, 0x7F, 0x80, 0x70, 0x00, 0x70, 0x00, 0x70, 0x00, 0x70,
    0x00, 0x70, 0x00, 0x0F, 0xC0, 0x1F, 0xE0, 0x38, 0x70, 0x70, 0x30, 0x70, 0x08, 0x70, 0x00, 0x71,
    0xF8, 0x71, 0xF8, 0x70, 0x38, 0x70, 0x30, 0x38, 0x70, 0x1F, 0xE0, 0x0F, 0xC0, 0x70, 0x30, 0x70,
    0x30, 0x70, 0x30, 0x70, 0x30, 0x70, 0x30, 0x7F, 0xF0, 0x7F, 0xF0, 0x70, 0x30, 0x70, 0x30, 0x70,
    0x30, 0x70, 0x30, 0x70, 0x30, 0x70, 0x30, 0x70, 0x70, 0x70, 0x70, 0x70, 0x70, 0x70, 0x70, 0x70,
    0x70, 0x70, 0x70, 0x70, 0x01, 0x80, 0x01, 0x80, 0x01, 0x80, 0x01, 0x80, 0x01, 0x80, 0x01, 0x80,
    0x01, 0x80, 0x01, 0x80, 0x61, 0x80, 0x61, 0x80, 0x73, 0x80, 0x7F, 0x80, 0x1E, 0x00, 0x70, 0x70,
    0x70, 0xE0, 0x71, 0xC0, 0x73, 0x80, 0x77, 0x00, 0x77, 0x00, 0x7F, 0x00, 0x7F, 0x80, 0x7B, 0x80,
    0x71, 0xC0, 0x70, 0xE0, 0x70, 0xE0, 0x70, 0x78, 0x70, 0x00, 0x70, 0x00, 0x70, 0x00, 0x70, 0x00,
    0x70, 0x00, 0x70, 0x00, 0x70, 0x00, 0x70, 0x00, 0x70, 0x00, 0x70, 0x00, 0x70, 0x00, 0x7F, 0xC0,
    0x7F, 0xC0, 0x78, 0x1F, 0x00, 0x7C, 0x1F, 0x00, 0x7C, 0x1F, 0x00, 0x7E, 0x3F, 0x00, 0x7E, 0x37,
    0x00, 0x76, 0x37, 0x00, 0x77, 0x77, 0x00, 0x77, 0x67, 0x00, 0x73, 0x67, 0x00, 0x73, 0x67, 0x00,
    0x73, 0xC7, 0x00, 0x71, 0xC7, 0x00, 0x71, 0xC7, 0x00, 0x70, 0x38, 0x78, 0x38, 0x7C, 0x38, 0x7C,
    0x38, 0x7E, 0x38, 0x77, 0x38, 0x77, 0x38, 0x73, 0xB8, 0x71, 0xB8, 0x71, 0xF8, 0x70, 0xF8, 0x70,
    0x78, 0x70, 0x78, 0x0F, 0xC0, 0x1F, 0xE0, 0x38, 0x70, 0x70, 0x30, 0x70, 0x38, 0x70, 0x38, 0x70,
    0x38, 0x70, 0x38, 0x70, 0x38, 0x70, 0x30, 0x38, 0x70, 0x1F, 0xE0, 0x0F, 0xC0, 0x7F, 0x80, 0x7F,
    0xC0, 0x71, 0xE0, 0x70, 0xE0, 0x70, 0xE0, 0x70, 0xE0, 0x71, 0xE0, 0x7F, 0xC0, 0x7F, 0x80, 0x70,
    0x00, 0x70, 0x00, 0x70, 0x00, 0x70, 0x00, 0x0F, 0xC0, 0x1F, 0xE0, 0x3C, 0xF0, 0x70, 0x70, 0x70,
    0x38, 0x70, 0x38, 0x70, 0x38, 0x70, 0x38, 0x73, 0x38, 0x71, 0xF0, 0x3C, 0xF0, 0x1F, 0xE0, 0x0F,
    0xF0, 0x00, 0x38, 0x7F, 0x80, 0x7F, 0xC0, 0x71, 0xE0, 0x70, 0xE0, 0x70, 0xE0, 0x70, 0xE0, 0x7F,
    0xC0, 0x7F, 0x80, 0x73, 0x80, 0x71, 0xC0, 0x71, 0xC0, 0x70, 0xE0, 0x70, 0xE0, 0x1F, 0x80, 0x3F,
    0xC0, 0x70, 0xE0, 0x70, 0xE0, 0x70, 0x00, 0x3E, 0x00, 0x1F, 0xC0, 0x07, 0xE0, 0x00, 0xE0, 0x60,
    0xE0, 0x70, 0xE0, 0x3F, 0xC0, 0x1F, 0x80, 0x7F, 0xE0, 0x7F, 0xE0, 0x06, 0x00, 0x06, 0x00, 0x06,
    0x00, 0x06, 0x00, 0x06, 0x00, 0x06, 0x00, 0x06, 0x00, 0x06, 0x00, 0x06, 0x00, 0x06, 0x00, 0x06,
    0x00, 0x70, 0x70, 0x70, 0x70, 0x70, 0x70, 0x70, 0x70, 0x70, 0x70, 0x70, 0x70, 0x70, 0x70, 0x70,
    0x70, 0x70, 0x70, 0x70, 0x70, 0x38, 0xE0, 0x3F, 0xE0, 0x0F, 0x80, 0xF0, 0x38, 0x70, 0x30, 0x70,
    0x70, 0x38, 0x70, 0x38, 0x60, 0x38, 0xE0, 0x1C, 0xE0, 0x1C, 0xC0, 0x1D, 0xC0, 0x0D, 0xC0, 0x0F,
    0x80, 0x0F, 0x80, 0x07, 0x80, 0xE0, 0xE1, 0xC0, 0x70, 0xE1, 0xC0, 0x71, 0xE1, 0xC0, 0x71, 0xF3,
    0x80, 0x31, 0xB3, 0x80, 0x39, 0xB3, 0x80, 0x3B, 0xB3, 0x00, 0x3B, 0x3B, 0x00, 0x1B, 0x3F, 0x00,
    0x1B, 0x1F, 0x00, 0x1F, 0x1E, 0x00, 0x0E, 0x1E, 0x00, 0x0E, 0x0E, 0x00, 0x70, 0x70, 0x38, 0xE0,
    0x1C, 0xE0, 0x1D, 0xC0, 0x0F, 0x80, 0x07, 0x80, 0x07, 0x00, 0x0F, 0x80, 0x0F, 0xC0, 0x1D, 0xC0,
    0x38, 0xE0, 0x38, 0x70, 0xF0, 0x78, 0xF0, 0x78, 0x70, 0x70, 0x38, 0xE0, 0x18, 0xE0, 0x1D, 0xC0,
    0x0D, 0xC0, 0x0F, 0x80, 0x07, 0x00, 0x07, 0x00, 0x07, 0x00, 0x07, 0x00, 0x07, 0x00, 0x07, 0x00,
    0x7F, 0xE0, 0x7F, 0xE0, 0x01, 0xC0, 0x01, 0xC0, 0x03, 0x80, 0x07, 0x00, 0x0E, 0x00, 0x0E, 0x00,
    0x1C, 0x00, 0x38, 0x00, 0x38, 0x00, 0x7F, 0xE0, 0x7F, 0xE0, 0x3C, 0x3C, 0x30, 0x30, 0x30, 0x30,
    0x30, 0x30, 0x30, 0x30, 0x30, 0x30, 0x30, 0x30, 0x3C, 0x3C, 0x00, 0xE0, 0x60, 0x60, 0x60, 0x70,
    0x30, 0x30, 0x30, 0x38, 0x18, 0x18, 0x1C, 0x0C, 0x0C, 0x0C, 0x0E, 0x78, 0x78, 0x18, 0x18, 0x18,
    0x18, 0x18, 0x18, 0x18, 0x18, 0x18, 0x18, 0x18, 0x18, 0x78, 0x78, 0x00, 0x18, 0x00, 0x1C, 0x00,
    0x34, 0x00, 0x36, 0x00, 0x66, 0x00, 0x63, 0x00, 0x00, 0x00, 0x00, 0x00, 0x00, 0x00, 0x00, 0x00,
    0x00, 0x00, 0x00, 0x00, 0x00, 0x00, 0xFF, 0x80, 0xFF, 0x80, 0x00, 0x00, 0x70, 0x30, 0x18, 0x00,
    0x00, 0x00, 0x00, 0x00, 0x00, 0x00, 0x00, 0x00, 0x00, 0x00, 0x1F, 0x00, 0x3F, 0x80, 0x73, 0x80,
    0x01, 0x80, 0x1F, 0x80, 0x7D, 0x80, 0x61, 0x80, 0x63, 0x80, 0x7F, 0x80, 0x3D, 0x80, 0x70, 0x00,
    0x70, 0x00, 0x70, 0x00, 0x77, 0x80, 0x7F, 0xC0, 0x79, 0xC0, 0x70, 0xC0, 0x70, 0xE0, 0x70, 0xE0,
    0x70, 0xC0, 0x79, 0xC0, 0x7F, 0xC0, 0x77, 0x80, 0x1F, 0x00, 0x3F, 0x80, 0x71, 0xC0, 0x71, 0x80,
    0x60, 0x00, 0x60, 0x00, 0x71, 0x80, 0x71, 0xC0, 0x3F, 0x80, 0x1F, 0x00, 0x00, 0xC0, 0x00, 0xC0,
    0x00, 0xC0, 0x1C, 0xC0, 0x3E, 0xC0, 0x71, 0xC0, 0x71, 0xC0, 0x60, 0xC0, 0x60, 0xC0, 0x71, 0xC0,
    0x71, 0xC0, 0x3E, 0xC0, 0x1C, 0xC0, 0x1F, 0x00, 0x3F, 0x80, 0x71, 0xC0, 0x61, 0xC0, 0x7F, 0xC0,
    0x7F, 0xC0, 0x60, 0x00, 0x71, 0xC0, 0x3F, 0x80, 0x1F, 0x00, 0x1E, 0x3E, 0x38, 0xFE, 0xFE, 0x38,
    0x38, 0x38, 0x38, 0x38, 0x38, 0x38, 0x38, 0x1E, 0xC0, 0x3E, 0xC0, 0x71, 0xC0, 0x71, 0xC0, 0x60,
    0xC0, 0x60, 0xC0, 0x71, 0xC0, 0x71, 0xC0, 0x3E, 0xC0, 0x1E, 0xC0, 0x00, 0xC0, 0x71, 0xC0, 0x3F,
    0x80, 0x1F, 0x00, 0x70, 0x00, 0x70, 0x00, 0x70, 0x00, 0x77, 0x80, 0x7F, 0xC0, 0x71, 0xC0, 0x71,
    0xC0, 0x71, 0xC0, 0x71, 0xC0, 0x71, 0xC0, 0x71, 0xC0, 0x71, 0xC0, 0x71, 0xC0, 0x60, 0x70, 0x70,
    0x00, 0x70, 0x70, 0x70, 0x70, 0x70, 0x70, 0x70, 0x70, 0x70, 0x70, 0x60, 0x70, 0x70, 0x00, 0x70,
    0x70, 0x70, 0x70, 0x70, 0x70, 0x70, 0x70, 0x70, 0x70, 0x70, 0x70, 0xE0, 0xC0, 0x70, 0x00, 0x70,
    0x00, 0x70, 0x00, 0x71, 0xC0, 0x73, 0x80, 0x77, 0x00, 0x7E, 0x00, 0x7E, 0x00, 0x7E, 0x00, 0x77,
    0x00, 0x73, 0x80, 0x73, 0x80, 0x71, 0xC0, 0x70, 0x70, 0x70, 0x70, 0x70, 0x70, 0x70, 0x70, 0x70,
    0x70, 0x70, 0x70, 0x70, 0x77, 0x3C, 0x7F, 0xFE, 0x73, 0xCE, 0x71, 0xC6, 0x71, 0x86, 0x71, 0x86,
    0x71, 0x86, 0x71, 0x86, 0x71, 0x86, 0x71, 0x86, 0x77, 0x80, 0x7F, 0xC0, 0x71, 0xC0, 0x71, 0xC0,
    0x71, 0xC0, 0x71, 0xC0, 0x71, 0xC0, 0x71, 0xC0, 0x71, 0xC0, 0x71, 0xC0, 0x1F, 0x00, 0x3F, 0x80,
    0x71, 0xC0, 0x71, 0xC0, 0x60, 0xC0, 0x60, 0xC0, 0x71, 0xC0, 0x71, 0xC0, 0x3F, 0x80, 0x1F, 0x00,
    0x77, 0x80, 0x7F, 0xC0, 0x79, 0xC0, 0x70, 0xC0, 0x70, 0xE0, 0x70, 0xE0, 0x70, 0xC0, 0x79, 0xC0,
    0x7F, 0xC0, 0x77, 0x80, 0x70, 0x00, 0x70, 0x00, 0x70, 0x00, 0x70, 0x00, 0x1C, 0xC0, 0x3E, 0xC0,
    0x71, 0xC0, 0x71, 0xC0, 0x60, 0xC0, 0x60, 0xC0, 0x71, 0xC0, 0x71, 0xC0, 0x3E, 0xC0, 0x1C, 0xC0,
    0x00, 0xC0, 0x00, 0xC0, 0x00, 0xC0, 0x00, 0xC0, 0x76, 0x7E, 0x78, 0x70, 0x70, 0x70, 0x70, 0x70,
    0x70, 0x70, 0x00, 0x1E, 0x00, 0x7F, 0x80, 0x73, 0x80, 0x70, 0x00, 0x7E, 0x00, 0x1F, 0x80, 0x01,
    0x80, 0x73, 0x80, 0x7F, 0x80, 0x1F, 0x00, 0x30, 0x30, 0x30, 0xFC, 0xFC, 0x30, 0x30, 0x30, 0x30,
    0x30, 0x30, 0x3C, 0x1C, 0x71, 0xC0, 0x71, 0xC0, 0x71, 0xC0, 0x71, 0xC0, 0x71, 0xC0, 0x71, 0xC0,
    0x71, 0xC0, 0x71, 0xC0, 0x3E, 0xC0, 0x1C, 0xC0, 0xE0, 0xE0, 0x71, 0xC0, 0x71, 0xC0, 0x31, 0x80,
    0x3B, 0x80, 0x3B, 0x80, 0x1B, 0x00, 0x1B, 0x00, 0x1E, 0x00, 0x0E, 0x00, 0xE3, 0x8E, 0x63, 0x8E,
    0x73, 0x8C, 0x73, 0xDC, 0x36, 0xDC, 0x36, 0xD8, 0x36, 0xD8, 0x3E, 0x78, 0x1C, 0x78, 0x1C, 0x70,
    0x71, 0xC0, 0x73, 0x80, 0x3B, 0x00, 0x1F, 0x00, 0x1E, 0x00, 0x1E, 0x00, 0x1F, 0x00, 0x3B, 0x80,
    0x73, 0x80, 0xE1, 0xC0, 0xE0, 0xE0, 0x71, 0xC0, 0x71, 0xC0, 0x31, 0x80, 0x33, 0x80, 0x3B, 0x80,
    0x1B, 0x00, 0x1F, 0x00, 0x1E, 0x00, 0x0E, 0x00, 0x0E, 0x00, 0x0C, 0x00, 0x7C, 0x00, 0x78, 0x00,
    0x7F, 0x80, 0x7F, 0x80, 0x03, 0x00, 0x07, 0x00, 0x0E, 0x00, 0x1C, 0x00, 0x1C, 0x00, 0x38, 0x00,
    0x7F, 0x80, 0x7F, 0x80, 0x07, 0x0F, 0x1C, 0x1C, 0x1C, 0x1C, 0x1C, 0x78, 0x78, 0x18, 0x1C, 0x1C,
    0x1C, 0x1C, 0x0F, 0x0F, 0x00, 0x38, 0x38, 0x38, 0x38, 0x38, 0x38, 0x38, 0x38, 0x38, 0x38, 0x38,
    0x38, 0x38, 0x38, 0x38, 0x38, 0x38, 0x38, 0x38, 0x38, 0x38, 0x38, 0x70, 0x78, 0x38, 0x18, 0x18,
    0x18, 0x1C, 0x0E, 0x0E, 0x1C, 0x18, 0x18, 0x18, 0x38, 0x78, 0x70, 0x00, 0x1C, 0x60, 0x3E, 0xE0,
    0x77, 0xC0, 0x63, 0xC0, 0x00, 0x00, 0x00, 0x00, 0x00, 0x00
};

inline constexpr BitmapFont kFontInterBold18 = {"inter_bold_18", 18U, 18U, 5U, 23U, kFontInterBold18Glyphs, kFontInterBold18Bitmap, sizeof(kFontInterBold18Bitmap)};

inline constexpr Glyph kFontInterBold17Glyphs[] = {
  {0U, 0U, 0U, 0, 17, 4U},
  {0U, 6U, 13U, 0, 4, 6U},
  {13U, 9U, 13U, 0, 4, 9U},
  {39U, 11U, 13U, 0, 4, 11U},
  {65U, 11U, 17U, 0, 2, 11U},
  {99U, 17U, 13U, 0, 4, 17U},
  {138U, 12U, 13U, 0, 4, 11U},
  {164U, 6U, 13U, 0, 4, 6U},
  {177U, 6U, 16U, 0, 3, 6U},
  {193U, 6U, 16U, 0, 3, 6U},
  {209U, 10U, 13U, 0, 4, 10U},
  {235U, 12U, 10U, 0, 7, 12U},
  {255U, 6U, 6U, 0, 13, 6U},
  {261U, 8U, 7U, 0, 10, 8U},
  {268U, 6U, 3U, 0, 14, 6U},
  {271U, 7U, 16U, 0, 3, 7U},
  {287U, 11U, 13U, 0, 4, 11U},
  {313U, 7U, 13U, 0, 4, 7U},
  {326U, 11U, 13U, 0, 4, 11U},
  {352U, 11U, 13U, 0, 4, 11U},
  {378U, 12U, 13U, 0, 4, 12U},
  {404U, 11U, 13U, 0, 4, 11U},
  {430U, 11U, 13U, 0, 4, 11U},
  {456U, 10U, 13U, 0, 4, 10U},
  {482U, 11U, 13U, 0, 4, 11U},
  {508U, 11U, 13U, 0, 4, 11U},
  {534U, 6U, 9U, 0, 8, 6U},
  {543U, 6U, 11U, 0, 8, 6U},
  {554U, 12U, 10U, 0, 7, 12U},
  {574U, 12U, 9U, 0, 8, 12U},
  {592U, 12U, 10U, 0, 7, 12U},
  {612U, 10U, 13U, 0, 4, 10U},
  {638U, 17U, 17U, 0, 4, 17U},
  {689U, 13U, 13U, 0, 4, 13U},
  {715U, 11U, 13U, 0, 4, 11U},
  {741U, 13U, 13U, 0, 4, 13U},
  {767U, 12U, 13U, 0, 4, 12U},
  {793U, 10U, 13U, 0, 4, 10U},
  {819U, 10U, 13U, 0, 4, 10U},
  {845U, 13U, 13U, 0, 4, 13U},
  {871U, 13U, 13U, 0, 4, 13U},
  {897U, 5U, 13U, 0, 4, 5U},
  {910U, 10U, 13U, 0, 4, 10U},
  {936U, 12U, 13U, 0, 4, 12U},
  {962U, 10U, 13U, 0, 4, 10U},
  {988U, 16U, 13U, 0, 4, 16U},
  {1014U, 13U, 13U, 0, 4, 13U},
  {1040U, 13U, 13U, 0, 4, 13U},
  {1066U, 11U, 13U, 0, 4, 11U},
  {1092U, 13U, 14U, 0, 4, 13U},
  {1120U, 11U, 13U, 0, 4, 11U},
  {1146U, 11U, 13U, 0, 4, 11U},
  {1172U, 11U, 13U, 0, 4, 11U},
  {1198U, 12U, 13U, 0, 4, 12U},
  {1224U, 13U, 13U, 0, 4, 13U},
  {1250U, 18U, 13U, 0, 4, 18U},
  {1289U, 13U, 13U, 0, 4, 13U},
  {1315U, 13U, 13U, 0, 4, 12U},
  {1341U, 11U, 13U, 0, 4, 11U},
  {1367U, 6U, 17U, 0, 2, 6U},
  {1384U, 7U, 16U, 0, 3, 7U},
  {1400U, 6U, 17U, 0, 2, 6U},
  {1417U, 8U, 13U, 0, 4, 8U},
  {1430U, 9U, 3U, 0, 16, 8U},
  {1436U, 6U, 14U, 0, 3, 6U},
  {1450U, 10U, 10U, 0, 7, 10U},
  {1470U, 11U, 13U, 0, 4, 11U},
  {1496U, 10U, 10U, 0, 7, 10U},
  {1516U, 11U, 13U, 0, 4, 11U},
  {1542U, 10U, 10U, 0, 7, 10U},
  {1562U, 7U, 13U, 0, 4, 7U},
  {1575U, 11U, 14U, 0, 7, 11U},
  {1603U, 11U, 13U, 0, 4, 11U},
  {1629U, 5U, 14U, 0, 3, 5U},
  {1643U, 6U, 18U, -1, 3, 5U},
  {1661U, 10U, 13U, 0, 4, 10U},
  {1687U, 5U, 13U, 0, 4, 5U},
  {1700U, 16U, 10U, 0, 7, 16U},
  {1720U, 11U, 10U, 0, 7, 11U},
  {1740U, 10U, 10U, 0, 7, 10U},
  {1760U, 11U, 14U, 0, 7, 11U},
  {1788U, 11U, 14U, 0, 7, 11U},
  {1816U, 7U, 11U, 0, 6, 7U},
  {1827U, 10U, 10U, 0, 7, 10U},
  {1847U, 6U, 13U, 0, 4, 6U},
  {1860U, 11U, 10U, 0, 7, 11U},
  {1880U, 10U, 10U, 0, 7, 10U},
  {1900U, 15U, 10U, 0, 7, 14U},
  {1920U, 10U, 10U, 0, 7, 10U},
  {1940U, 10U, 14U, 0, 7, 10U},
  {1968U, 10U, 10U, 0, 7, 10U},
  {1988U, 8U, 17U, 0, 4, 8U},
  {2005U, 6U, 22U, 0, -1, 6U},
  {2027U, 8U, 17U, 0, 4, 8U},
  {2044U, 12U, 7U, 0, 10, 12U}
};

inline constexpr std::uint8_t kFontInterBold17Bitmap[] = {
    0x30, 0x30, 0x30, 0x30, 0x30, 0x30, 0x30, 0x30, 0x30, 0x00, 0x30, 0x70, 0x30, 0x37, 0x00, 0x37,
    0x00, 0x37, 0x00, 0x37, 0x00, 0x32, 0x00, 0x00, 0x00, 0x00, 0x00, 0x00, 0x00, 0x00, 0x00, 0x00,
    0x00, 0x00, 0x00, 0x00, 0x00, 0x00, 0x00, 0x18, 0xC0, 0x18, 0x80, 0x19, 0x80, 0x7F, 0xE0, 0x7F,
    0xE0, 0x11, 0x80, 0x31, 0x80, 0x31, 0x00, 0xFF, 0xC0, 0xFF, 0xC0, 0x33, 0x00, 0x33, 0x00, 0x63,
    0x00, 0x04, 0x00, 0x04, 0x00, 0x1F, 0x00, 0x3F, 0x80, 0x75, 0xC0, 0x74, 0xC0, 0x74, 0x00, 0x7E,
    0x00, 0x1F, 0x80, 0x07, 0xC0, 0x04, 0xC0, 0x64, 0xC0, 0x75, 0xC0, 0x3F, 0xC0, 0x1F, 0x80, 0x04,
    0x00, 0x04, 0x00, 0x1C, 0x0C, 0x00, 0x3E, 0x18, 0x00, 0x26, 0x30, 0x00, 0x26, 0x20, 0x00, 0x3E,
    0x60, 0x00, 0x1C, 0xC0, 0x00, 0x00, 0x9E, 0x00, 0x01, 0x9E, 0x00, 0x03, 0x33, 0x00, 0x02, 0x33,
    0x00, 0x06, 0x33, 0x00, 0x0C, 0x1E, 0x00, 0x1C, 0x1E, 0x00, 0x1E, 0x00, 0x3F, 0x00, 0x33, 0x00,
    0x33, 0x00, 0x37, 0x00, 0x3E, 0x00, 0x1C, 0x00, 0x3E, 0x60, 0x77, 0xC0, 0x63, 0xC0, 0x71, 0xC0,
    0x7F, 0xC0, 0x1E, 0xE0, 0x30, 0x30, 0x30, 0x30, 0x30, 0x00, 0x00, 0x00, 0x00, 0x00, 0x00, 0x00,
    0x00, 0x1C, 0x18, 0x38, 0x38, 0x30, 0x30, 0x30, 0x70, 0x70, 0x70, 0x30, 0x30, 0x38, 0x38, 0x18,
    0x1C, 0x60, 0x70, 0x30, 0x30, 0x38, 0x38, 0x38, 0x38, 0x38, 0x38, 0x38, 0x38, 0x30, 0x30, 0x70,
    0x60, 0x0C, 0x00, 0x29, 0x00, 0x7F, 0x00, 0x1C, 0x00, 0x7F, 0x00, 0x29, 0x00, 0x0C, 0x00, 0x00,
    0x00, 0x00, 0x00, 0x00, 0x00, 0x00, 0x00, 0x00, 0x00, 0x00, 0x00, 0x06, 0x00, 0x06, 0x00, 0x06,
    0x00, 0x3F, 0xC0, 0x3F, 0xC0, 0x06, 0x00, 0x06, 0x00, 0x06, 0x00, 0x06, 0x00, 0x00, 0x00, 0x30,
    0x30, 0x70, 0x60, 0x60, 0x60, 0x7E, 0x7E, 0x00, 0x00, 0x00, 0x00, 0x00, 0x30, 0x70, 0x30, 0x0C,
    0x0C, 0x0C, 0x1C, 0x18, 0x18, 0x18, 0x38, 0x30, 0x30, 0x30, 0x70, 0x60, 0x60, 0x60, 0xE0, 0x0F,
    0x00, 0x3F, 0x80, 0x39, 0xC0, 0x70, 0xC0, 0x70, 0xE0, 0x60, 0xE0, 0x60, 0xE0, 0x60, 0xE0, 0x70,
    0xE0, 0x70, 0xC0, 0x39, 0xC0, 0x3F, 0x80, 0x0F, 0x00, 0x1C, 0x7C, 0x6C, 0x4C, 0x0C, 0x0C, 0x0C,
    0x0C, 0x0C, 0x0C, 0x0C, 0x0C, 0x0C, 0x1F, 0x00, 0x3F, 0x80, 0x71, 0x80, 0x61, 0xC0, 0x01, 0xC0,
    0x01, 0x80, 0x03, 0x80, 0x07, 0x00, 0x0E, 0x00, 0x1C, 0x00, 0x38, 0x00, 0x7F, 0xC0, 0x7F, 0xC0,
    0x1F, 0x00, 0x3F, 0x80, 0x71, 0xC0, 0x01, 0xC0, 0x01, 0xC0, 0x0F, 0x80, 0x0F, 0x80, 0x01, 0xC0,
    0x01, 0xC0, 0x61, 0xC0, 0x71, 0xC0, 0x3F, 0x80, 0x1F, 0x00, 0x03, 0x80, 0x07, 0x80, 0x07, 0x80,
    0x0D, 0x80, 0x1D, 0x80, 0x19, 0x80, 0x39, 0x80, 0x31, 0x80, 0x71, 0x80, 0x7F, 0xE0, 0x7F, 0xE0,
    0x01, 0x80, 0x01, 0x80, 0x3F, 0x80, 0x7F, 0x80, 0x70, 0x00, 0x70, 0x00, 0x6F, 0x00, 0x7F, 0x80,
    0x73, 0x80, 0x01, 0xC0, 0x01, 0xC0, 0x61, 0xC0, 0x73, 0x80, 0x3F, 0x80, 0x1E, 0x00, 0x0F, 0x00,
    0x3F, 0x80, 0x31, 0xC0, 0x70, 0x00, 0x67, 0x00, 0x6F, 0x80, 0x71, 0xC0, 0x70, 0xC0, 0x70, 0xC0,
    0x70, 0xC0, 0x31, 0xC0, 0x3F, 0x80, 0x1F, 0x00, 0x7F, 0x80, 0x7F, 0x80, 0x03, 0x80, 0x03, 0x80,
    0x07, 0x00, 0x07, 0x00, 0x06, 0x00, 0x0E, 0x00, 0x0C, 0x00, 0x1C, 0x00, 0x18, 0x00, 0x38, 0x00,
    0x70, 0x00, 0x1F, 0x00, 0x3F, 0x80, 0x71, 0xC0, 0x71, 0xC0, 0x31, 0xC0, 0x3F, 0x80, 0x3F, 0x80,
    0x71, 0xC0, 0x60, 0xC0, 0x60, 0xC0, 0x71, 0xC0, 0x3F, 0x80, 0x1F, 0x00, 0x1F, 0x00, 0x3F, 0x80,
    0x71, 0xC0, 0x61, 0xC0, 0x61, 0xC0, 0x71, 0xC0, 0x7F, 0xC0, 0x1E, 0xC0, 0x00, 0xC0, 0x71, 0xC0,
    0x73, 0x80, 0x3F, 0x80, 0x1E, 0x00, 0x30, 0x70, 0x30, 0x00, 0x00, 0x00, 0x30, 0x70, 0x30, 0x30,
    0x30, 0x30, 0x00, 0x00, 0x30, 0x30, 0x70, 0x60, 0x60, 0x60, 0x00, 0x40, 0x01, 0xC0, 0x07, 0xC0,
    0x1F, 0x00, 0x78, 0x00, 0x78, 0x00, 0x3E, 0x00, 0x07, 0xC0, 0x01, 0xC0, 0x00, 0x40, 0x3F, 0xC0,
    0x3F, 0xC0, 0x00, 0x00, 0x00, 0x00, 0x3F, 0xC0, 0x3F, 0xC0, 0x00, 0x00, 0x00, 0x00, 0x00, 0x00,
    0x20, 0x00, 0x30, 0x00, 0x3E, 0x00, 0x0F, 0x80, 0x03, 0xC0, 0x01, 0xC0, 0x0F, 0x80, 0x3E, 0x00,
    0x38, 0x00, 0x20, 0x00, 0x3E, 0x00, 0x7F, 0x00, 0x73, 0x80, 0x63, 0x80, 0x03, 0x80, 0x07, 0x00,
    0x0E, 0x00, 0x1C, 0x00, 0x18, 0x00, 0x00, 0x00, 0x18, 0x00, 0x1C, 0x00, 0x18, 0x00, 0x03, 0xF0,
    0x00, 0x0F, 0xFC, 0x00, 0x1C, 0x1E, 0x00, 0x38, 0x06, 0x00, 0x31, 0xD3, 0x00, 0x63, 0xF3, 0x00,
    0x66, 0x33, 0x00, 0x66, 0x33, 0x80, 0x66, 0x13, 0x00, 0x66, 0x33, 0x00, 0x66, 0x33, 0x00, 0x67,
    0xFF, 0x00, 0x73, 0xDE, 0x00, 0x38, 0x00, 0x00, 0x1C, 0x08, 0x00, 0x0F, 0xF8, 0x00, 0x03, 0xF0,
    0x00, 0x0F, 0x00, 0x0F, 0x00, 0x0F, 0x80, 0x1D, 0x80, 0x1D, 0x80, 0x19, 0xC0, 0x19, 0xC0, 0x38,
    0xC0, 0x3F, 0xE0, 0x3F, 0xE0, 0x70, 0x60, 0x70, 0x70, 0xE0, 0x70, 0x7F, 0x80, 0x7F, 0xC0, 0x71,
    0xC0, 0x70, 0xC0, 0x71, 0xC0, 0x7F, 0x80, 0x7F, 0x80, 0x71, 0xC0, 0x70, 0xE0, 0x70, 0xE0, 0x71,
    0xC0, 0x7F, 0xC0, 0x7F, 0x80, 0x0F, 0x80, 0x1F, 0xC0, 0x38, 0xE0, 0x70, 0x70, 0x70, 0x00, 0x60,
    0x00, 0x60, 0x00, 0x60, 0x00, 0x70, 0x00, 0x70, 0x70, 0x38, 0xE0, 0x1F, 0xC0, 0x0F, 0x80, 0x7F,
    0x00, 0x7F, 0xC0, 0x71, 0xC0, 0x70, 0xE0, 0x70, 0x60, 0x70, 0x60, 0x70, 0x70, 0x70, 0x60, 0x70,
    0x60, 0x70, 0xE0, 0x71, 0xC0, 0x7F, 0xC0, 0x7F, 0x00, 0x7F, 0x80, 0x7F, 0x80, 0x70, 0x00, 0x70,
    0x00, 0x70, 0x00, 0x7F, 0x80, 0x7F, 0x80, 0x70, 0x00, 0x70, 0x00, 0x70, 0x00, 0x70, 0x00, 0x7F,
    0x80, 0x7F, 0x80, 0x7F, 0x80, 0x7F, 0x80, 0x70, 0x00, 0x70, 0x00, 0x70, 0x00, 0x70, 0x00, 0x7F,
    0x80, 0x7F, 0x80, 0x70, 0x00, 0x70, 0x00, 0x70, 0x00, 0x70, 0x00, 0x70, 0x00, 0x0F, 0x80, 0x1F,
    0xE0, 0x38, 0xE0, 0x70, 0x70, 0x70, 0x00, 0x60, 0x00, 0x61, 0xF0, 0x61, 0xF0, 0x70, 0x70, 0x70,
    0x70, 0x38, 0xE0, 0x1F, 0xC0, 0x0F, 0x80, 0x70, 0x70, 0x70, 0x70, 0x70, 0x70, 0x70, 0x70, 0x70,
    0x70, 0x7F, 0xF0, 0x7F, 0xF0, 0x70, 0x70, 0x70, 0x70, 0x70, 0x70, 0x70, 0x70, 0x70, 0x70, 0x70,
    0x70, 0x70, 0x70, 0x70, 0x70, 0x70, 0x70, 0x70, 0x70, 0x70, 0x70, 0x70, 0x70, 0x70, 0x03, 0x80,
    0x03, 0x80, 0x03, 0x80, 0x03, 0x80, 0x03, 0x80, 0x03, 0x80, 0x03, 0x80, 0x03, 0x80, 0x63, 0x80,
    0x63, 0x80, 0x73, 0x80, 0x7F, 0x00, 0x3E, 0x00, 0x70, 0xF0, 0x71, 0xC0, 0x71, 0xC0, 0x73, 0x80,
    0x77, 0x00, 0x7E, 0x00, 0x7F, 0x00, 0x7F, 0x00, 0x73, 0x80, 0x71, 0xC0, 0x71, 0xC0, 0x70, 0xE0,
    0x70, 0xF0, 0x70, 0x00, 0x70, 0x00, 0x70, 0x00, 0x70, 0x00, 0x70, 0x00, 0x70, 0x00, 0x70, 0x00,
    0x70, 0x00, 0x70, 0x00, 0x70, 0x00, 0x70, 0x00, 0x7F, 0x80, 0x7F, 0x80, 0x78, 0x1E, 0x7C, 0x3E,
    0x7C, 0x3E, 0x7C, 0x3E, 0x7E, 0x7E, 0x7E, 0x6E, 0x76, 0x6E, 0x76, 0xEE, 0x77, 0xEE, 0x73, 0xCE,
    0x73, 0xCE, 0x73, 0x8E, 0x71, 0x8E, 0x70, 0x70, 0x78, 0x70, 0x78, 0x70, 0x7C, 0x70, 0x7E, 0x70,
    0x76, 0x70, 0x77, 0x70, 0x73, 0x70, 0x73, 0xF0, 0x71, 0xF0, 0x70, 0xF0, 0x70, 0xF0, 0x70, 0x70,
    0x0F, 0x80, 0x1F, 0xC0, 0x38, 0xE0, 0x70, 0x70, 0x70, 0x70, 0x60, 0x30, 0x60, 0x30, 0x60, 0x30,
    0x70, 0x30, 0x70, 0x70, 0x38, 0xE0, 0x1F, 0xC0, 0x0F, 0x80, 0x7F, 0x00, 0x7F, 0x80, 0x71, 0xC0,
    0x70, 0xC0, 0x70, 0xC0, 0x70, 0xC0, 0x71, 0xC0, 0x7F, 0x80, 0x7F, 0x00, 0x70, 0x00, 0x70, 0x00,
    0x70, 0x00, 0x70, 0x00, 0x0F, 0x80, 0x1F, 0xC0, 0x3C, 0xE0, 0x70, 0x70, 0x70, 0x70, 0x60, 0x30,
    0x60, 0x30, 0x60, 0x30, 0x73, 0x70, 0x71, 0xF0, 0x3D, 0xE0, 0x1F, 0xC0, 0x0F, 0xE0, 0x00, 0x70,
    0x7F, 0x00, 0x7F, 0xC0, 0x71, 0xC0, 0x70, 0xC0, 0x70, 0xC0, 0x71, 0xC0, 0x7F, 0xC0, 0x7F, 0x00,
    0x73, 0x80, 0x73, 0x80, 0x71, 0xC0, 0x71, 0xC0, 0x70, 0xE0, 0x1F, 0x00, 0x3F, 0x80, 0x71, 0xC0,
    0x70, 0xC0, 0x70, 0x00, 0x7E, 0x00, 0x3F, 0x80, 0x07, 0xC0, 0x00, 0xC0, 0x60, 0xC0, 0x71, 0xC0,
    0x3F, 0xC0, 0x1F, 0x00, 0x7F, 0xE0, 0x7F, 0xE0, 0x0E, 0x00, 0x0E, 0x00, 0x0E, 0x00, 0x0E, 0x00,
    0x0E, 0x00, 0x0E, 0x00, 0x0E, 0x00, 0x0E, 0x00, 0x0E, 0x00, 0x0E, 0x00, 0x0E, 0x00, 0x70, 0x60,
    0x70, 0x60, 0x70, 0x60, 0x70, 0x60, 0x70, 0x60, 0x70, 0x60, 0x70, 0x60, 0x70, 0x60, 0x70, 0x60,
    0x70, 0x60, 0x38, 0xE0, 0x3F, 0xC0, 0x0F, 0x80, 0xE0, 0x70, 0x70, 0x70, 0x70, 0x60, 0x30, 0xE0,
    0x38, 0xE0, 0x38, 0xC0, 0x18, 0xC0, 0x1D, 0xC0, 0x1D, 0xC0, 0x0D, 0x80, 0x0F, 0x80, 0x0F, 0x80,
    0x07, 0x00, 0xE1, 0xC3, 0x80, 0x71, 0xC3, 0x80, 0x71, 0xE3, 0x80, 0x71, 0xE3, 0x00, 0x33, 0xE7,
    0x00, 0x33, 0x67, 0x00, 0x3B, 0x77, 0x00, 0x3B, 0x36, 0x00, 0x1B, 0x36, 0x00, 0x1E, 0x3E, 0x00,
    0x1E, 0x3E, 0x00, 0x1E, 0x1C, 0x00, 0x0E, 0x1C, 0x00, 0x70, 0x70, 0x38, 0xE0, 0x39, 0xC0, 0x1D,
    0xC0, 0x0F, 0x80, 0x0F, 0x00, 0x07, 0x00, 0x0F, 0x80, 0x1F, 0x80, 0x1D, 0xC0, 0x38, 0xC0, 0x70,
    0xE0, 0xF0, 0x70, 0xF0, 0x70, 0x70, 0xE0, 0x38, 0xE0, 0x39, 0xC0, 0x1D, 0xC0, 0x0F, 0x80, 0x0F,
    0x00, 0x07, 0x00, 0x07, 0x00, 0x07, 0x00, 0x07, 0x00, 0x07, 0x00, 0x07, 0x00, 0x7F, 0xC0, 0x7F,
    0xC0, 0x01, 0xC0, 0x03, 0x80, 0x03, 0x00, 0x07, 0x00, 0x0E, 0x00, 0x0C, 0x00, 0x1C, 0x00, 0x38,
    0x00, 0x30, 0x00, 0x7F, 0xC0, 0x7F, 0xC0, 0x3C, 0x3C, 0x30, 0x30, 0x30, 0x30, 0x30, 0x30, 0x30,
    0x30, 0x30, 0x30, 0x30, 0x30, 0x3C, 0x3C, 0x00, 0xC0, 0xE0, 0x60, 0x60, 0x60, 0x30, 0x30, 0x30,
    0x30, 0x18, 0x18, 0x18, 0x18, 0x0C, 0x0C, 0x0C, 0x78, 0x78, 0x38, 0x38, 0x38, 0x38, 0x38, 0x38,
    0x38, 0x38, 0x38, 0x38, 0x38, 0x38, 0x78, 0x78, 0x00, 0x18, 0x1C, 0x3C, 0x36, 0x66, 0x63, 0x00,
    0x00, 0x00, 0x00, 0x00, 0x00, 0x00, 0xFF, 0x00, 0xFF, 0x00, 0x00, 0x00, 0x70, 0x30, 0x18, 0x00,
    0x00, 0x00, 0x00, 0x00, 0x00, 0x00, 0x00, 0x00, 0x00, 0x00, 0x1E, 0x00, 0x7F, 0x00, 0x73, 0x80,
    0x03, 0x80, 0x1F, 0x80, 0x7F, 0x80, 0x63, 0x80, 0x63, 0x80, 0x7F, 0x80, 0x3B, 0x80, 0x70, 0x00,
    0x70, 0x00, 0x70, 0x00, 0x77, 0x00, 0x7F, 0x80, 0x71, 0xC0, 0x71, 0xC0, 0x71, 0xC0, 0x71, 0xC0,
    0x71, 0xC0, 0x71, 0xC0, 0x7F, 0x80, 0x77, 0x00, 0x1E, 0x00, 0x3F, 0x80, 0x73, 0x80, 0x61, 0x00,
    0x60, 0x00, 0x60, 0x00, 0x61, 0x00, 0x73, 0x80, 0x3F, 0x80, 0x1E, 0x00, 0x01, 0xC0, 0x01, 0xC0,
    0x01, 0xC0, 0x1D, 0xC0, 0x3F, 0xC0, 0x73, 0xC0, 0x61, 0xC0, 0x61, 0xC0, 0x61, 0xC0, 0x61, 0xC0,
    0x73, 0xC0, 0x3F, 0xC0, 0x1D, 0xC0, 0x1E, 0x00, 0x3F, 0x00, 0x73, 0x80, 0x61, 0x80, 0x7F, 0x80,
    0x7F, 0x80, 0x60, 0x00, 0x71, 0x80, 0x3F, 0x80, 0x1F, 0x00, 0x1E, 0x3C, 0x30, 0xFC, 0xFC, 0x30,
    0x30, 0x30, 0x30, 0x30, 0x30, 0x30, 0x30, 0x1D, 0xC0, 0x3F, 0xC0, 0x73, 0xC0, 0x61, 0xC0, 0x61,
    0xC0, 0x61, 0xC0, 0x61, 0xC0, 0x73, 0xC0, 0x3F, 0xC0, 0x1D, 0xC0, 0x01, 0xC0, 0x71, 0x80, 0x3F,
    0x80, 0x1F, 0x00, 0x70, 0x00, 0x70, 0x00, 0x70, 0x00, 0x77, 0x00, 0x7F, 0x80, 0x73, 0x80, 0x71,
    0xC0, 0x71, 0xC0, 0x71, 0xC0, 0x71, 0xC0, 0x71, 0xC0, 0x71, 0xC0, 0x71, 0xC0, 0x60, 0x70, 0x60,
    0x00, 0x70, 0x70, 0x70, 0x70, 0x70, 0x70, 0x70, 0x70, 0x70, 0x70, 0x60, 0x70, 0x60, 0x00, 0x70,
    0x70, 0x70, 0x70, 0x70, 0x70, 0x70, 0x70, 0x70, 0x70, 0x70, 0x60, 0xE0, 0xC0, 0x70, 0x00, 0x70,
    0x00, 0x70, 0x00, 0x73, 0xC0, 0x73, 0x00, 0x77, 0x00, 0x7E, 0x00, 0x7C, 0x00, 0x7E, 0x00, 0x76,
    0x00, 0x77, 0x00, 0x73, 0x80, 0x71, 0xC0, 0x70, 0x70, 0x70, 0x70, 0x70, 0x70, 0x70, 0x70, 0x70,
    0x70, 0x70, 0x70, 0x70, 0x67, 0x38, 0x6F, 0x7C, 0x73, 0x8C, 0x71, 0x8C, 0x71, 0x8C, 0x71, 0x8C,
    0x71, 0x8C, 0x71, 0x8C, 0x71, 0x8C, 0x71, 0x8C, 0x67, 0x00, 0x6F, 0x80, 0x73, 0x80, 0x71, 0xC0,
    0x71, 0xC0, 0x71, 0xC0, 0x71, 0xC0, 0x71, 0xC0, 0x71, 0xC0, 0x71, 0xC0, 0x1E, 0x00, 0x3F, 0x80,
    0x73, 0x80, 0x61, 0xC0, 0x61, 0xC0, 0x61, 0xC0, 0x61, 0xC0, 0x73, 0x80, 0x3F, 0x80, 0x1E, 0x00,
    0x77, 0x00, 0x7F, 0x80, 0x71, 0xC0, 0x71, 0xC0, 0x71, 0xC0, 0x71, 0xC0, 0x71, 0xC0, 0x71, 0xC0,
    0x7F, 0x80, 0x77, 0x00, 0x70, 0x00, 0x70, 0x00, 0x70, 0x00, 0x70, 0x00, 0x1D, 0xC0, 0x3F, 0xC0,
    0x73, 0xC0, 0x61, 0xC0, 0x61, 0xC0, 0x61, 0xC0, 0x61, 0xC0, 0x73, 0xC0, 0x3F, 0xC0, 0x1D, 0xC0,
    0x01, 0xC0, 0x01, 0xC0, 0x01, 0xC0, 0x01, 0xC0, 0x6E, 0x6E, 0x70, 0x70, 0x70, 0x70, 0x70, 0x70,
    0x70, 0x70, 0x00, 0x3E, 0x00, 0x7F, 0x00, 0x73, 0x80, 0x70, 0x00, 0x7E, 0x00, 0x1F, 0x00, 0x03,
    0x80, 0x63, 0x80, 0x7F, 0x00, 0x3E, 0x00, 0x70, 0x70, 0x70, 0xFC, 0xFC, 0x70, 0x70, 0x70, 0x70,
    0x70, 0x70, 0x3C, 0x3C, 0x71, 0xC0, 0x71, 0xC0, 0x71, 0xC0, 0x71, 0xC0, 0x71, 0xC0, 0x71, 0xC0,
    0x71, 0xC0, 0x73, 0xC0, 0x3F, 0xC0, 0x3D, 0xC0, 0xE1, 0xC0, 0x61, 0x80, 0x71, 0x80, 0x73, 0x80,
    0x33, 0x00, 0x3B, 0x00, 0x3F, 0x00, 0x1E, 0x00, 0x1E, 0x00, 0x0E, 0x00, 0xE3, 0x1C, 0x63, 0x9C,
    0x63, 0x9C, 0x77, 0x98, 0x77, 0x98, 0x36, 0xF8, 0x34, 0xF0, 0x3C, 0xF0, 0x1C, 0x70, 0x1C, 0x70,
    0x63, 0x80, 0x73, 0x80, 0x37, 0x00, 0x1E, 0x00, 0x1E, 0x00, 0x1E, 0x00, 0x3E, 0x00, 0x37, 0x00,
    0x73, 0x80, 0xE1, 0xC0, 0xE1, 0xC0, 0x61, 0x80, 0x71, 0x80, 0x73, 0x80, 0x33, 0x00, 0x3B, 0x00,
    0x3F, 0x00, 0x1E, 0x00, 0x1E, 0x00, 0x1E, 0x00, 0x0C, 0x00, 0x1C, 0x00, 0x78, 0x00, 0x78, 0x00,
    0x7F, 0x80, 0x7F, 0x80, 0x07, 0x00, 0x06, 0x00, 0x0E, 0x00, 0x1C, 0x00, 0x38, 0x00, 0x38, 0x00,
    0x7F, 0x80, 0x7F, 0x80, 0x0E, 0x1E, 0x1C, 0x18, 0x18, 0x18, 0x18, 0x70, 0x70, 0x18, 0x18, 0x18,
    0x18, 0x1C, 0x1E, 0x0E, 0x00, 0x30, 0x30, 0x30, 0x30, 0x30, 0x30, 0x30, 0x30, 0x30, 0x30, 0x30,
    0x30, 0x30, 0x30, 0x30, 0x30, 0x30, 0x30, 0x30, 0x30, 0x30, 0x30, 0x70, 0x78, 0x38, 0x18, 0x18,
    0x18, 0x18, 0x1E, 0x0E, 0x18, 0x18, 0x18, 0x18, 0x38, 0x78, 0x70, 0x00, 0x38, 0xC0, 0x3E, 0xC0,
    0x77, 0xC0, 0x63, 0x80, 0x00, 0x00, 0x00, 0x00, 0x00, 0x00
};

inline constexpr BitmapFont kFontInterBold17 = {"inter_bold_17", 17U, 17U, 5U, 22U, kFontInterBold17Glyphs, kFontInterBold17Bitmap, sizeof(kFontInterBold17Bitmap)};

inline constexpr Glyph kFontInterSemiBold15Glyphs[] = {
  {0U, 0U, 0U, 0, 15, 4U},
  {0U, 5U, 11U, 0, 4, 5U},
  {11U, 8U, 11U, 0, 4, 8U},
  {22U, 10U, 11U, 0, 4, 10U},
  {44U, 10U, 13U, 0, 3, 10U},
  {70U, 15U, 11U, 0, 4, 15U},
  {92U, 10U, 11U, 0, 4, 10U},
  {114U, 5U, 11U, 0, 4, 5U},
  {125U, 6U, 13U, 0, 4, 6U},
  {138U, 6U, 13U, 0, 4, 6U},
  {151U, 8U, 11U, 0, 4, 8U},
  {162U, 10U, 8U, 0, 7, 10U},
  {178U, 5U, 4U, 0, 14, 5U},
  {182U, 7U, 6U, 0, 9, 7U},
  {188U, 5U, 3U, 0, 12, 5U},
  {191U, 6U, 13U, 0, 4, 6U},
  {204U, 10U, 11U, 0, 4, 10U},
  {226U, 6U, 11U, 0, 4, 6U},
  {237U, 9U, 11U, 0, 4, 9U},
  {259U, 10U, 11U, 0, 4, 10U},
  {281U, 10U, 11U, 0, 4, 10U},
  {303U, 9U, 11U, 0, 4, 9U},
  {325U, 10U, 11U, 0, 4, 10U},
  {347U, 9U, 11U, 0, 4, 9U},
  {369U, 10U, 11U, 0, 4, 10U},
  {391U, 10U, 11U, 0, 4, 10U},
  {413U, 5U, 9U, 0, 6, 5U},
  {422U, 5U, 12U, 0, 6, 5U},
  {434U, 10U, 9U, 0, 6, 10U},
  {452U, 10U, 7U, 0, 8, 10U},
  {466U, 10U, 9U, 0, 6, 10U},
  {484U, 8U, 11U, 0, 4, 8U},
  {495U, 15U, 14U, 0, 4, 15U},
  {523U, 11U, 11U, 0, 4, 11U},
  {545U, 10U, 11U, 0, 4, 10U},
  {567U, 11U, 11U, 0, 4, 11U},
  {589U, 11U, 11U, 0, 4, 11U},
  {611U, 9U, 11U, 0, 4, 9U},
  {633U, 9U, 11U, 0, 4, 9U},
  {655U, 11U, 11U, 0, 4, 11U},
  {677U, 11U, 11U, 0, 4, 11U},
  {699U, 4U, 11U, 0, 4, 4U},
  {710U, 9U, 11U, 0, 4, 9U},
  {732U, 11U, 11U, 0, 4, 11U},
  {754U, 8U, 11U, 0, 4, 8U},
  {765U, 14U, 11U, 0, 4, 14U},
  {787U, 11U, 11U, 0, 4, 11U},
  {809U, 12U, 11U, 0, 4, 12U},
  {831U, 10U, 11U, 0, 4, 10U},
  {853U, 12U, 12U, 0, 4, 12U},
  {877U, 10U, 11U, 0, 4, 10U},
  {899U, 10U, 11U, 0, 4, 10U},
  {921U, 10U, 11U, 0, 4, 10U},
  {943U, 11U, 11U, 0, 4, 11U},
  {965U, 11U, 11U, 0, 4, 11U},
  {987U, 15U, 11U, 0, 4, 15U},
  {1009U, 11U, 11U, 0, 4, 11U},
  {1031U, 11U, 11U, 0, 4, 11U},
  {1053U, 10U, 11U, 0, 4, 10U},
  {1075U, 6U, 13U, 0, 4, 6U},
  {1088U, 6U, 13U, 0, 4, 6U},
  {1101U, 6U, 13U, 0, 4, 6U},
  {1114U, 7U, 11U, 0, 4, 7U},
  {1125U, 8U, 2U, 0, 14, 7U},
  {1127U, 5U, 12U, 0, 3, 5U},
  {1139U, 9U, 8U, 0, 7, 9U},
  {1155U, 9U, 11U, 0, 4, 9U},
  {1177U, 9U, 8U, 0, 7, 9U},
  {1193U, 9U, 11U, 0, 4, 9U},
  {1215U, 9U, 8U, 0, 7, 9U},
  {1231U, 6U, 11U, 0, 4, 6U},
  {1242U, 9U, 11U, 0, 7, 9U},
  {1264U, 9U, 11U, 0, 4, 9U},
  {1286U, 4U, 11U, 0, 4, 4U},
  {1297U, 5U, 14U, -1, 4, 4U},
  {1311U, 9U, 11U, 0, 4, 9U},
  {1333U, 4U, 11U, 0, 4, 4U},
  {1344U, 14U, 8U, 0, 7, 14U},
  {1360U, 9U, 8U, 0, 7, 9U},
  {1376U, 9U, 8U, 0, 7, 9U},
  {1392U, 9U, 11U, 0, 7, 9U},
  {1414U, 9U, 11U, 0, 7, 9U},
  {1436U, 6U, 9U, 0, 6, 6U},
  {1445U, 8U, 8U, 0, 7, 8U},
  {1453U, 6U, 10U, 0, 5, 5U},
  {1463U, 9U, 8U, 0, 7, 9U},
  {1479U, 9U, 8U, 0, 7, 9U},
  {1495U, 13U, 8U, 0, 7, 13U},
  {1511U, 9U, 8U, 0, 7, 9U},
  {1527U, 9U, 11U, 0, 7, 9U},
  {1549U, 8U, 8U, 0, 7, 8U},
  {1557U, 7U, 14U, 0, 4, 7U},
  {1571U, 5U, 18U, 0, 0, 5U},
  {1589U, 7U, 14U, 0, 4, 7U},
  {1603U, 10U, 6U, 0, 9, 10U}
};

inline constexpr std::uint8_t kFontInterSemiBold15Bitmap[] = {
    0x60, 0x60, 0x60, 0x60, 0x60, 0x60, 0x60, 0x00, 0x00, 0x70, 0x60, 0x6C, 0x24, 0x24, 0x24, 0x00,
    0x00, 0x00, 0x00, 0x00, 0x00, 0x00, 0x19, 0x00, 0x11, 0x00, 0x11, 0x00, 0x7F, 0x80, 0x7F, 0x80,
    0x33, 0x00, 0x32, 0x00, 0xFF, 0x80, 0xFF, 0x80, 0x26, 0x00, 0x66, 0x00, 0x08, 0x00, 0x1E, 0x00,
    0x7F, 0x00, 0x69, 0x80, 0x68, 0x00, 0x78, 0x00, 0x3F, 0x00, 0x0B, 0x80, 0x09, 0x80, 0x69, 0x80,
    0x7F, 0x80, 0x3F, 0x00, 0x08, 0x00, 0x38, 0x30, 0x3C, 0x20, 0x64, 0x40, 0x24, 0xC0, 0x3D, 0x80,
    0x11, 0x00, 0x03, 0x38, 0x06, 0x78, 0x04, 0x4C, 0x08, 0x78, 0x18, 0x38, 0x1C, 0x00, 0x3E, 0x00,
    0x22, 0x00, 0x36, 0x00, 0x3C, 0x00, 0x38, 0x00, 0x7D, 0x80, 0x67, 0x80, 0x63, 0x80, 0x7F, 0x80,
    0x3D, 0xC0, 0x60, 0x20, 0x20, 0x20, 0x00, 0x00, 0x00, 0x00, 0x00, 0x00, 0x00, 0x18, 0x30, 0x30,
    0x30, 0x30, 0x60, 0x60, 0x60, 0x60, 0x30, 0x30, 0x30, 0x18, 0x60, 0x60, 0x30, 0x30, 0x30, 0x30,
    0x30, 0x30, 0x30, 0x30, 0x30, 0x60, 0x60, 0x18, 0x7A, 0x3C, 0x3C, 0x7A, 0x18, 0x00, 0x00, 0x00,
    0x00, 0x00, 0x0C, 0x00, 0x0C, 0x00, 0x7F, 0x80, 0x7F, 0x80, 0x0C, 0x00, 0x0C, 0x00, 0x0C, 0x00,
    0x00, 0x00, 0x70, 0x60, 0x60, 0x40, 0x7C, 0x7C, 0x00, 0x00, 0x00, 0x00, 0x70, 0x60, 0x00, 0x08,
    0x18, 0x18, 0x18, 0x10, 0x30, 0x30, 0x20, 0x20, 0x60, 0x60, 0x40, 0xC0, 0x1E, 0x00, 0x3F, 0x00,
    0x61, 0x80, 0x61, 0x80, 0x61, 0x80, 0x61, 0x80, 0x61, 0x80, 0x61, 0x80, 0x61, 0x80, 0x3F, 0x00,
    0x1E, 0x00, 0x38, 0x78, 0x58, 0x58, 0x18, 0x18, 0x18, 0x18, 0x18, 0x18, 0x18, 0x1E, 0x00, 0x7F,
    0x00, 0x63, 0x00, 0x03, 0x00, 0x03, 0x00, 0x06, 0x00, 0x0E, 0x00, 0x1C, 0x00, 0x38, 0x00, 0x7F,
    0x00, 0x7F, 0x00, 0x1E, 0x00, 0x3F, 0x00, 0x63, 0x00, 0x03, 0x00, 0x03, 0x00, 0x0E, 0x00, 0x0F,
    0x00, 0x01, 0x80, 0x61, 0x80, 0x7F, 0x00, 0x3E, 0x00, 0x07, 0x00, 0x0F, 0x00, 0x0F, 0x00, 0x1B,
    0x00, 0x1B, 0x00, 0x33, 0x00, 0x63, 0x00, 0x7F, 0x80, 0x7F, 0x80, 0x03, 0x00, 0x03, 0x00, 0x7F,
    0x00, 0x7F, 0x00, 0x60, 0x00, 0x60, 0x00, 0x7E, 0x00, 0x7F, 0x00, 0x03, 0x00, 0x01, 0x00, 0x63,
    0x00, 0x7F, 0x00, 0x3E, 0x00, 0x1E, 0x00, 0x3F, 0x00, 0x61, 0x80, 0x60, 0x00, 0x6E, 0x00, 0x7F,
    0x00, 0x61, 0x80, 0x61, 0x80, 0x61, 0x80, 0x3F, 0x00, 0x1E, 0x00, 0x7F, 0x00, 0x7F, 0x00, 0x03,
    0x00, 0x06, 0x00, 0x06, 0x00, 0x0C, 0x00, 0x0C, 0x00, 0x18, 0x00, 0x18, 0x00, 0x30, 0x00, 0x70,
    0x00, 0x1E, 0x00, 0x3F, 0x00, 0x63, 0x00, 0x63, 0x00, 0x3F, 0x00, 0x3E, 0x00, 0x63, 0x00, 0x61,
    0x80, 0x61, 0x80, 0x7F, 0x00, 0x3E, 0x00, 0x1E, 0x00, 0x7F, 0x00, 0x63, 0x00, 0x61, 0x80, 0x61,
    0x80, 0x63, 0x80, 0x3F, 0x80, 0x09, 0x80, 0x63, 0x00, 0x7F, 0x00, 0x3E, 0x00, 0x70, 0x60, 0x00,
    0x00, 0x00, 0x00, 0x70, 0x60, 0x00, 0x70, 0x30, 0x00, 0x00, 0x00, 0x00, 0x00, 0x70, 0x60, 0x60,
    0x40, 0x00, 0x03, 0x80, 0x0F, 0x00, 0x3C, 0x00, 0x70, 0x00, 0x78, 0x00, 0x0F, 0x00, 0x03, 0x80,
    0x00, 0x80, 0x00, 0x00, 0x3F, 0x80, 0x3F, 0x80, 0x00, 0x00, 0x3F, 0x80, 0x3F, 0x80, 0x00, 0x00,
    0x00, 0x00, 0x30, 0x00, 0x3C, 0x00, 0x0F, 0x00, 0x03, 0x80, 0x07, 0x80, 0x1E, 0x00, 0x30, 0x00,
    0x20, 0x00, 0x00, 0x00, 0x3C, 0x7E, 0x66, 0x06, 0x0E, 0x1C, 0x18, 0x18, 0x00, 0x18, 0x18, 0x07,
    0xC0, 0x1F, 0xF0, 0x30, 0x18, 0x60, 0x0C, 0x63, 0xEC, 0x67, 0xE4, 0x4C, 0x64, 0x4C, 0x64, 0x6C,
    0x6C, 0x67, 0xFC, 0x67, 0xB8, 0x30, 0x00, 0x1F, 0xE0, 0x07, 0xE0, 0x0E, 0x00, 0x0E, 0x00, 0x1B,
    0x00, 0x1B, 0x00, 0x1B, 0x00, 0x33, 0x80, 0x31, 0x80, 0x3F, 0x80, 0x7F, 0xC0, 0x60, 0xC0, 0xE0,
    0xE0, 0x7E, 0x00, 0x7F, 0x00, 0x61, 0x80, 0x61, 0x80, 0x63, 0x00, 0x7E, 0x00, 0x7F, 0x80, 0x61,
    0x80, 0x61, 0x80, 0x7F, 0x80, 0x7F, 0x00, 0x1F, 0x00, 0x3F, 0x80, 0x70, 0xC0, 0x60, 0xC0, 0x60,
    0x00, 0x60, 0x00, 0x60, 0x00, 0x60, 0xC0, 0x70, 0xC0, 0x3F, 0x80, 0x1F, 0x00, 0x7E, 0x00, 0x7F,
    0x80, 0x61, 0x80, 0x60, 0xC0, 0x60, 0xC0, 0x60, 0xC0, 0x60, 0xC0, 0x60, 0xC0, 0x61, 0x80, 0x7F,
    0x80, 0x7E, 0x00, 0x7F, 0x00, 0x7F, 0x00, 0x60, 0x00, 0x60, 0x00, 0x60, 0x00, 0x7F, 0x00, 0x7F,
    0x00, 0x60, 0x00, 0x60, 0x00, 0x7F, 0x00, 0x7F, 0x00, 0x7F, 0x00, 0x7F, 0x00, 0x60, 0x00, 0x60,
    0x00, 0x60, 0x00, 0x7F, 0x00, 0x7F, 0x00, 0x60, 0x00, 0x60, 0x00, 0x60, 0x00, 0x60, 0x00, 0x0F,
    0x00, 0x3F, 0x80, 0x70, 0xC0, 0x60, 0xC0, 0x60, 0x00, 0x63, 0xC0, 0x63, 0xC0, 0x60, 0xC0, 0x70,
    0xC0, 0x3F, 0x80, 0x1F, 0x00, 0x60, 0xC0, 0x60, 0xC0, 0x60, 0xC0, 0x60, 0xC0, 0x60, 0xC0, 0x7F,
    0xC0, 0x7F, 0xC0, 0x60, 0xC0, 0x60, 0xC0, 0x60, 0xC0, 0x60, 0xC0, 0x60, 0x60, 0x60, 0x60, 0x60,
    0x60, 0x60, 0x60, 0x60, 0x60, 0x60, 0x03, 0x00, 0x03, 0x00, 0x03, 0x00, 0x03, 0x00, 0x03, 0x00,
    0x03, 0x00, 0x03, 0x00, 0x63, 0x00, 0x63, 0x00, 0x7E, 0x00, 0x3C, 0x00, 0x61, 0xC0, 0x63, 0x80,
    0x63, 0x00, 0x66, 0x00, 0x6C, 0x00, 0x7C, 0x00, 0x76, 0x00, 0x67, 0x00, 0x63, 0x00, 0x61, 0x80,
    0x60, 0xC0, 0x60, 0x60, 0x60, 0x60, 0x60, 0x60, 0x60, 0x60, 0x60, 0x7F, 0x7F, 0x70, 0x38, 0x78,
    0x78, 0x78, 0x78, 0x78, 0x58, 0x6C, 0xD8, 0x6C, 0xD8, 0x6D, 0x98, 0x67, 0x98, 0x67, 0x98, 0x63,
    0x18, 0x63, 0x18, 0x70, 0xC0, 0x70, 0xC0, 0x78, 0xC0, 0x78, 0xC0, 0x6C, 0xC0, 0x66, 0xC0, 0x66,
    0xC0, 0x63, 0xC0, 0x63, 0xC0, 0x61, 0xC0, 0x60, 0xC0, 0x0F, 0x00, 0x3F, 0x80, 0x70, 0xC0, 0x60,
    0xE0, 0x60, 0x60, 0x60, 0x60, 0x60, 0x60, 0x60, 0xE0, 0x70, 0xC0, 0x3F, 0x80, 0x0F, 0x00, 0x7E,
    0x00, 0x7F, 0x00, 0x61, 0x80, 0x61, 0x80, 0x61, 0x80, 0x63, 0x80, 0x7F, 0x00, 0x78, 0x00, 0x60,
    0x00, 0x60, 0x00, 0x60, 0x00, 0x0F, 0x00, 0x3F, 0x80, 0x70, 0xC0, 0x60, 0xE0, 0x60, 0x60, 0x60,
    0x60, 0x60, 0x60, 0x66, 0xE0, 0x73, 0xC0, 0x3F, 0x80, 0x0F, 0x80, 0x00, 0xE0, 0x7E, 0x00, 0x7F,
    0x00, 0x61, 0x80, 0x61, 0x80, 0x61, 0x80, 0x7F, 0x80, 0x7E, 0x00, 0x67, 0x00, 0x63, 0x00, 0x63,
    0x80, 0x61, 0x80, 0x1E, 0x00, 0x3F, 0x00, 0x61, 0x80, 0x60, 0x00, 0x78, 0x00, 0x3F, 0x00, 0x07,
    0x80, 0x01, 0x80, 0x61, 0x80, 0x7F, 0x80, 0x3E, 0x00, 0x7F, 0x80, 0x7F, 0x80, 0x0C, 0x00, 0x0C,
    0x00, 0x0C, 0x00, 0x0C, 0x00, 0x0C, 0x00, 0x0C, 0x00, 0x0C, 0x00, 0x0C, 0x00, 0x0C, 0x00, 0x60,
    0xC0, 0x60, 0xC0, 0x60, 0xC0, 0x60, 0xC0, 0x60, 0xC0, 0x60, 0xC0, 0x60, 0xC0, 0x60, 0xC0, 0x60,
    0xC0, 0x3F, 0x80, 0x1F, 0x00, 0xE0, 0xE0, 0x60, 0xC0, 0x60, 0xC0, 0x31, 0x80, 0x31, 0x80, 0x31,
    0x80, 0x1B, 0x00, 0x1B, 0x00, 0x1B, 0x00, 0x0E, 0x00, 0x0E, 0x00, 0xE3, 0x86, 0x63, 0x8E, 0x63,
    0x8C, 0x62, 0xCC, 0x36, 0xCC, 0x36, 0xD8, 0x36, 0x58, 0x34, 0x78, 0x14, 0x78, 0x1C, 0x70, 0x1C,
    0x30, 0x60, 0xC0, 0x31, 0x80, 0x3B, 0x00, 0x1B, 0x00, 0x0E, 0x00, 0x0E, 0x00, 0x0E, 0x00, 0x1B,
    0x00, 0x33, 0x80, 0x71, 0x80, 0xE0, 0xC0, 0xE0, 0xC0, 0x61, 0x80, 0x31, 0x80, 0x3B, 0x00, 0x1B,
    0x00, 0x0E, 0x00, 0x0E, 0x00, 0x0C, 0x00, 0x0C, 0x00, 0x0C, 0x00, 0x0C, 0x00, 0x7F, 0x80, 0x7F,
    0x80, 0x03, 0x00, 0x06, 0x00, 0x0E, 0x00, 0x0C, 0x00, 0x18, 0x00, 0x38, 0x00, 0x30, 0x00, 0x7F,
    0x80, 0x7F, 0x80, 0x78, 0x78, 0x60, 0x60, 0x60, 0x60, 0x60, 0x60, 0x60, 0x60, 0x60, 0x78, 0x78,
    0xC0, 0x40, 0x40, 0x60, 0x60, 0x20, 0x30, 0x30, 0x30, 0x10, 0x18, 0x18, 0x08, 0x70, 0x70, 0x30,
    0x30, 0x30, 0x30, 0x30, 0x30, 0x30, 0x30, 0x30, 0x70, 0x70, 0x10, 0x38, 0x28, 0x6C, 0x46, 0x00,
    0x00, 0x00, 0x00, 0x00, 0x00, 0xFE, 0xFE, 0x60, 0x30, 0x00, 0x00, 0x00, 0x00, 0x00, 0x00, 0x00,
    0x00, 0x00, 0x00, 0x3C, 0x00, 0x7E, 0x00, 0x03, 0x00, 0x1F, 0x00, 0x73, 0x00, 0x43, 0x00, 0x7F,
    0x00, 0x7B, 0x00, 0x60, 0x00, 0x60, 0x00, 0x60, 0x00, 0x6E, 0x00, 0x7F, 0x00, 0x63, 0x80, 0x61,
    0x80, 0x61, 0x80, 0x63, 0x80, 0x7F, 0x00, 0x6E, 0x00, 0x3E, 0x00, 0x7F, 0x00, 0x63, 0x00, 0x60,
    0x00, 0x60, 0x00, 0x63, 0x00, 0x7F, 0x00, 0x3E, 0x00, 0x03, 0x00, 0x03, 0x00, 0x03, 0x00, 0x3F,
    0x00, 0x7F, 0x00, 0x63, 0x00, 0x63, 0x00, 0x63, 0x00, 0x63, 0x00, 0x7F, 0x00, 0x3F, 0x00, 0x3E,
    0x00, 0x7F, 0x00, 0x63, 0x00, 0x7F, 0x00, 0x7F, 0x00, 0x60, 0x00, 0x7F, 0x00, 0x3E, 0x00, 0x3C,
    0x38, 0x30, 0xF8, 0xF8, 0x30, 0x30, 0x30, 0x30, 0x30, 0x30, 0x3F, 0x00, 0x7F, 0x00, 0x63, 0x00,
    0x63, 0x00, 0x63, 0x00, 0x63, 0x00, 0x7F, 0x00, 0x3F, 0x00, 0x03, 0x00, 0x7F, 0x00, 0x3E, 0x00,
    0x60, 0x00, 0x60, 0x00, 0x60, 0x00, 0x6E, 0x00, 0x7F, 0x00, 0x63, 0x00, 0x63, 0x00, 0x63, 0x00,
    0x63, 0x00, 0x63, 0x00, 0x63, 0x00, 0x40, 0x60, 0x00, 0x60, 0x60, 0x60, 0x60, 0x60, 0x60, 0x60,
    0x60, 0x40, 0x60, 0x00, 0x60, 0x60, 0x60, 0x60, 0x60, 0x60, 0x60, 0x60, 0x60, 0xE0, 0xC0, 0x60,
    0x00, 0x60, 0x00, 0x60, 0x00, 0x63, 0x00, 0x66, 0x00, 0x6C, 0x00, 0x78, 0x00, 0x7C, 0x00, 0x6E,
    0x00, 0x66, 0x00, 0x63, 0x00, 0x60, 0x60, 0x60, 0x60, 0x60, 0x60, 0x60, 0x60, 0x60, 0x60, 0x60,
    0x6E, 0xF0, 0x7F, 0xF0, 0x63, 0x10, 0x63, 0x18, 0x63, 0x18, 0x63, 0x18, 0x63, 0x18, 0x63, 0x18,
    0x6E, 0x00, 0x7F, 0x00, 0x63, 0x00, 0x63, 0x00, 0x63, 0x00, 0x63, 0x00, 0x63, 0x00, 0x63, 0x00,
    0x3E, 0x00, 0x7F, 0x00, 0x63, 0x00, 0x61, 0x00, 0x61, 0x00, 0x63, 0x00, 0x7F, 0x00, 0x3E, 0x00,
    0x6E, 0x00, 0x7F, 0x00, 0x63, 0x80, 0x61, 0x80, 0x61, 0x80, 0x63, 0x80, 0x7F, 0x00, 0x6E, 0x00,
    0x60, 0x00, 0x60, 0x00, 0x60, 0x00, 0x3F, 0x00, 0x7F, 0x00, 0x63, 0x00, 0x63, 0x00, 0x63, 0x00,
    0x63, 0x00, 0x7F, 0x00, 0x3F, 0x00, 0x03, 0x00, 0x03, 0x00, 0x03, 0x00, 0x7C, 0x7C, 0x60, 0x60,
    0x60, 0x60, 0x60, 0x60, 0x00, 0x3C, 0x7E, 0x60, 0x78, 0x1E, 0x23, 0x7E, 0x3C, 0x60, 0x60, 0xF8,
    0x60, 0x60, 0x60, 0x60, 0x60, 0x78, 0x38, 0x63, 0x00, 0x63, 0x00, 0x63, 0x00, 0x63, 0x00, 0x63,
    0x00, 0x63, 0x00, 0x7F, 0x00, 0x3B, 0x00, 0xC3, 0x80, 0x63, 0x00, 0x63, 0x00, 0x36, 0x00, 0x36,
    0x00, 0x34, 0x00, 0x1C, 0x00, 0x1C, 0x00, 0xC6, 0x30, 0x67, 0x30, 0x67, 0x30, 0x6D, 0x60, 0x2D,
    0x60, 0x39, 0xE0, 0x39, 0xC0, 0x18, 0xC0, 0x63, 0x00, 0x36, 0x00, 0x34, 0x00, 0x1C, 0x00, 0x1C,
    0x00, 0x34, 0x00, 0x66, 0x00, 0xE3, 0x00, 0xC3, 0x80, 0x63, 0x00, 0x63, 0x00, 0x36, 0x00, 0x36,
    0x00, 0x34, 0x00, 0x1C, 0x00, 0x1C, 0x00, 0x18, 0x00, 0x78, 0x00, 0x70, 0x00, 0x7E, 0x7E, 0x0C,
    0x0C, 0x18, 0x30, 0x7F, 0x7F, 0x0C, 0x1C, 0x10, 0x10, 0x10, 0x30, 0x60, 0x70, 0x10, 0x10, 0x10,
    0x18, 0x1C, 0x04, 0x30, 0x30, 0x30, 0x30, 0x30, 0x30, 0x30, 0x30, 0x30, 0x30, 0x30, 0x30, 0x30,
    0x30, 0x30, 0x30, 0x30, 0x30, 0x60, 0x70, 0x30, 0x30, 0x30, 0x30, 0x1C, 0x1C, 0x30, 0x30, 0x30,
    0x30, 0x70, 0x40, 0x39, 0x80, 0x7F, 0x80, 0x67, 0x00, 0x00, 0x00, 0x00, 0x00, 0x00, 0x00
};

inline constexpr BitmapFont kFontInterSemiBold15 = {"inter_semibold_15", 15U, 15U, 4U, 19U, kFontInterSemiBold15Glyphs, kFontInterSemiBold15Bitmap, sizeof(kFontInterSemiBold15Bitmap)};

inline constexpr Glyph kFontInterSemiBold13Glyphs[] = {
  {0U, 0U, 0U, 0, 13, 3U},
  {0U, 4U, 11U, 0, 2, 4U},
  {11U, 7U, 11U, 0, 2, 7U},
  {22U, 9U, 11U, 0, 2, 8U},
  {44U, 8U, 13U, 0, 1, 8U},
  {57U, 13U, 11U, 0, 2, 13U},
  {79U, 9U, 11U, 0, 2, 9U},
  {101U, 4U, 11U, 0, 2, 4U},
  {112U, 5U, 13U, 0, 2, 5U},
  {125U, 5U, 13U, 0, 2, 5U},
  {138U, 7U, 11U, 0, 2, 7U},
  {149U, 9U, 8U, 0, 5, 9U},
  {165U, 4U, 4U, 0, 11, 4U},
  {169U, 6U, 6U, 0, 7, 6U},
  {175U, 4U, 3U, 0, 10, 4U},
  {178U, 5U, 13U, 0, 2, 5U},
  {191U, 9U, 11U, 0, 2, 9U},
  {213U, 6U, 11U, 0, 2, 6U},
  {224U, 8U, 11U, 0, 2, 8U},
  {235U, 8U, 11U, 0, 2, 8U},
  {246U, 9U, 11U, 0, 2, 9U},
  {268U, 8U, 11U, 0, 2, 8U},
  {279U, 8U, 11U, 0, 2, 8U},
  {290U, 7U, 11U, 0, 2, 7U},
  {301U, 8U, 11U, 0, 2, 8U},
  {312U, 8U, 11U, 0, 2, 8U},
  {323U, 4U, 8U, 0, 5, 4U},
  {331U, 4U, 10U, 0, 5, 4U},
  {341U, 9U, 8U, 0, 5, 9U},
  {357U, 9U, 7U, 0, 6, 9U},
  {371U, 9U, 8U, 0, 5, 9U},
  {387U, 7U, 11U, 0, 2, 7U},
  {398U, 13U, 14U, 0, 2, 13U},
  {426U, 10U, 11U, 0, 2, 9U},
  {448U, 9U, 11U, 0, 2, 9U},
  {470U, 10U, 11U, 0, 2, 10U},
  {492U, 9U, 11U, 0, 2, 9U},
  {514U, 8U, 11U, 0, 2, 8U},
  {525U, 8U, 11U, 0, 2, 8U},
  {536U, 10U, 11U, 0, 2, 10U},
  {558U, 10U, 11U, 0, 2, 10U},
  {580U, 4U, 11U, 0, 2, 4U},
  {591U, 8U, 11U, 0, 2, 8U},
  {602U, 9U, 11U, 0, 2, 9U},
  {624U, 7U, 11U, 0, 2, 7U},
  {635U, 12U, 11U, 0, 2, 12U},
  {657U, 10U, 11U, 0, 2, 10U},
  {679U, 10U, 11U, 0, 2, 10U},
  {701U, 8U, 11U, 0, 2, 8U},
  {712U, 10U, 12U, 0, 2, 10U},
  {736U, 9U, 11U, 0, 2, 8U},
  {758U, 8U, 11U, 0, 2, 8U},
  {769U, 9U, 11U, 0, 2, 9U},
  {791U, 10U, 11U, 0, 2, 10U},
  {813U, 10U, 11U, 0, 2, 9U},
  {835U, 13U, 11U, 0, 2, 13U},
  {857U, 10U, 11U, 0, 2, 9U},
  {879U, 9U, 11U, 0, 2, 9U},
  {901U, 8U, 11U, 0, 2, 8U},
  {912U, 5U, 15U, 0, 1, 5U},
  {927U, 5U, 13U, 0, 2, 5U},
  {940U, 5U, 15U, 0, 1, 5U},
  {955U, 6U, 11U, 0, 2, 6U},
  {966U, 7U, 3U, 0, 12, 6U},
  {969U, 5U, 12U, 0, 1, 5U},
  {981U, 7U, 8U, 0, 5, 7U},
  {989U, 8U, 11U, 0, 2, 8U},
  {1000U, 8U, 8U, 0, 5, 8U},
  {1008U, 8U, 11U, 0, 2, 8U},
  {1019U, 8U, 8U, 0, 5, 8U},
  {1027U, 5U, 11U, 0, 2, 5U},
  {1038U, 8U, 11U, 0, 5, 8U},
  {1049U, 8U, 11U, 0, 2, 8U},
  {1060U, 3U, 12U, 0, 1, 3U},
  {1072U, 4U, 15U, -1, 1, 3U},
  {1087U, 8U, 11U, 0, 2, 7U},
  {1098U, 3U, 11U, 0, 2, 3U},
  {1109U, 12U, 8U, 0, 5, 12U},
  {1125U, 8U, 8U, 0, 5, 8U},
  {1133U, 8U, 8U, 0, 5, 8U},
  {1141U, 8U, 11U, 0, 5, 8U},
  {1152U, 8U, 11U, 0, 5, 8U},
  {1163U, 5U, 9U, 0, 4, 5U},
  {1172U, 7U, 8U, 0, 5, 7U},
  {1180U, 5U, 10U, 0, 3, 5U},
  {1190U, 8U, 8U, 0, 5, 8U},
  {1198U, 8U, 8U, 0, 5, 8U},
  {1206U, 11U, 8U, 0, 5, 11U},
  {1222U, 8U, 8U, 0, 5, 7U},
  {1230U, 8U, 11U, 0, 5, 8U},
  {1241U, 7U, 8U, 0, 5, 7U},
  {1249U, 6U, 14U, 0, 2, 6U},
  {1263U, 5U, 18U, 0, -2, 5U},
  {1281U, 6U, 14U, 0, 2, 6U},
  {1295U, 9U, 6U, 0, 7, 9U}
};

inline constexpr std::uint8_t kFontInterSemiBold13Bitmap[] = {
    0x60, 0x60, 0x60, 0x60, 0x60, 0x60, 0x60, 0x00, 0x00, 0x60, 0x60, 0x6C, 0x68, 0x68, 0x68, 0x00,
    0x00, 0x00, 0x00, 0x00, 0x00, 0x00, 0x12, 0x00, 0x32, 0x00, 0x32, 0x00, 0x7F, 0x00, 0x26, 0x00,
    0x26, 0x00, 0x24, 0x00, 0xFF, 0x00, 0x64, 0x00, 0x64, 0x00, 0x4C, 0x00, 0x08, 0x3C, 0x7E, 0x6B,
    0x68, 0x78, 0x3E, 0x0F, 0x0B, 0x4B, 0x7E, 0x3E, 0x08, 0x38, 0x40, 0x78, 0x80, 0x48, 0x80, 0x69,
    0x00, 0x3B, 0x00, 0x02, 0x00, 0x06, 0xE0, 0x04, 0xB0, 0x08, 0x90, 0x08, 0xF0, 0x10, 0xE0, 0x38,
    0x00, 0x3C, 0x00, 0x64, 0x00, 0x6C, 0x00, 0x3C, 0x00, 0x30, 0x00, 0x7B, 0x00, 0x4F, 0x00, 0x46,
    0x00, 0x6E, 0x00, 0x3F, 0x80, 0x60, 0x60, 0x60, 0x60, 0x00, 0x00, 0x00, 0x00, 0x00, 0x00, 0x00,
    0x10, 0x30, 0x20, 0x20, 0x60, 0x60, 0x60, 0x60, 0x60, 0x60, 0x20, 0x30, 0x10, 0xC0, 0x60, 0x60,
    0x20, 0x20, 0x30, 0x30, 0x30, 0x30, 0x20, 0x60, 0x60, 0xC0, 0x10, 0x54, 0x38, 0x38, 0x54, 0x10,
    0x00, 0x00, 0x00, 0x00, 0x00, 0x08, 0x00, 0x08, 0x00, 0x08, 0x00, 0x7F, 0x00, 0x08, 0x00, 0x08,
    0x00, 0x08, 0x00, 0x00, 0x00, 0x60, 0x60, 0x40, 0x40, 0x78, 0x00, 0x00, 0x00, 0x00, 0x00, 0x60,
    0x60, 0x00, 0x18, 0x10, 0x10, 0x10, 0x30, 0x20, 0x20, 0x20, 0x60, 0x60, 0x40, 0x40, 0xC0, 0x1C,
    0x00, 0x36, 0x00, 0x62, 0x00, 0x63, 0x00, 0x43, 0x00, 0x43, 0x00, 0x43, 0x00, 0x63, 0x00, 0x62,
    0x00, 0x36, 0x00, 0x1C, 0x00, 0x38, 0x78, 0x58, 0x58, 0x18, 0x18, 0x18, 0x18, 0x18, 0x18, 0x18,
    0x3C, 0x7E, 0x66, 0x02, 0x06, 0x0C, 0x0C, 0x18, 0x30, 0x60, 0x7E, 0x3C, 0x7E, 0x62, 0x02, 0x06,
    0x1C, 0x06, 0x03, 0x43, 0x7E, 0x3C, 0x0E, 0x00, 0x0E, 0x00, 0x1E, 0x00, 0x1E, 0x00, 0x36, 0x00,
    0x26, 0x00, 0x66, 0x00, 0x7F, 0x00, 0x7F, 0x00, 0x06, 0x00, 0x06, 0x00, 0x7E, 0x60, 0x60, 0x60,
    0x5C, 0x66, 0x06, 0x02, 0x46, 0x7E, 0x3C, 0x1C, 0x36, 0x63, 0x40, 0x5E, 0x76, 0x63, 0x63, 0x63,
    0x3E, 0x3C, 0x7E, 0x06, 0x06, 0x0C, 0x0C, 0x08, 0x18, 0x10, 0x30, 0x30, 0x60, 0x3C, 0x7E, 0x62,
    0x62, 0x66, 0x1C, 0x66, 0x43, 0x43, 0x7E, 0x3C, 0x3C, 0x7E, 0x62, 0x43, 0x43, 0x67, 0x3F, 0x02,
    0x62, 0x7E, 0x3C, 0x60, 0x60, 0x00, 0x00, 0x00, 0x60, 0x60, 0x00, 0x60, 0x60, 0x00, 0x00, 0x00,
    0x60, 0x60, 0x40, 0x40, 0x00, 0x02, 0x00, 0x1E, 0x00, 0x78, 0x00, 0x60, 0x00, 0x3C, 0x00, 0x06,
    0x00, 0x02, 0x00, 0x00, 0x00, 0x7E, 0x00, 0x00, 0x00, 0x00, 0x00, 0x7E, 0x00, 0x00, 0x00, 0x00,
    0x00, 0x00, 0x00, 0x60, 0x00, 0x38, 0x00, 0x0E, 0x00, 0x07, 0x00, 0x1C, 0x00, 0x70, 0x00, 0x40,
    0x00, 0x00, 0x00, 0x38, 0x6C, 0x44, 0x04, 0x0C, 0x18, 0x10, 0x30, 0x00, 0x30, 0x30, 0x0F, 0x80,
    0x1D, 0xC0, 0x30, 0x20, 0x60, 0x30, 0x47, 0x90, 0x4D, 0x90, 0x48, 0x90, 0x48, 0x90, 0x48, 0x90,
    0x4D, 0xF0, 0x67, 0x60, 0x30, 0x00, 0x1D, 0x80, 0x0F, 0xC0, 0x1C, 0x00, 0x1C, 0x00, 0x16, 0x00,
    0x16, 0x00, 0x36, 0x00, 0x32, 0x00, 0x33, 0x00, 0x7F, 0x00, 0x7F, 0x00, 0x61, 0x80, 0xC1, 0x80,
    0x7C, 0x00, 0x66, 0x00, 0x63, 0x00, 0x63, 0x00, 0x66, 0x00, 0x7C, 0x00, 0x67, 0x00, 0x63, 0x00,
    0x63, 0x00, 0x67, 0x00, 0x7E, 0x00, 0x1E, 0x00, 0x3F, 0x00, 0x61, 0x80, 0x61, 0x80, 0x40, 0x00,
    0x40, 0x00, 0x40, 0x00, 0x61, 0x80, 0x61, 0x80, 0x3F, 0x00, 0x1E, 0x00, 0x7C, 0x00, 0x6F, 0x00,
    0x63, 0x00, 0x61, 0x80, 0x61, 0x80, 0x61, 0x80, 0x61, 0x80, 0x61, 0x80, 0x63, 0x00, 0x6F, 0x00,
    0x7C, 0x00, 0x7E, 0x60, 0x60, 0x60, 0x60, 0x7E, 0x60, 0x60, 0x60, 0x60, 0x7E, 0x7E, 0x60, 0x60,
    0x60, 0x60, 0x7E, 0x60, 0x60, 0x60, 0x60, 0x60, 0x1E, 0x00, 0x3F, 0x00, 0x61, 0x80, 0x61, 0x80,
    0x40, 0x00, 0x40, 0x00, 0x47, 0x80, 0x61, 0x80, 0x61, 0x80, 0x3F, 0x00, 0x1E, 0x00, 0x61, 0x80,
    0x61, 0x80, 0x61, 0x80, 0x61, 0x80, 0x61, 0x80, 0x7F, 0x80, 0x61, 0x80, 0x61, 0x80, 0x61, 0x80,
    0x61, 0x80, 0x61, 0x80, 0x60, 0x60, 0x60, 0x60, 0x60, 0x60, 0x60, 0x60, 0x60, 0x60, 0x60, 0x06,
    0x06, 0x06, 0x06, 0x06, 0x06, 0x06, 0xC6, 0x46, 0x6C, 0x38, 0x63, 0x80, 0x63, 0x00, 0x66, 0x00,
    0x6C, 0x00, 0x78, 0x00, 0x78, 0x00, 0x7C, 0x00, 0x66, 0x00, 0x66, 0x00, 0x63, 0x00, 0x61, 0x80,
    0x60, 0x60, 0x60, 0x60, 0x60, 0x60, 0x60, 0x60, 0x60, 0x7E, 0x7E, 0x70, 0xE0, 0x70, 0xE0, 0x70,
    0xE0, 0x79, 0xE0, 0x79, 0xE0, 0x79, 0x60, 0x6D, 0x60, 0x6F, 0x60, 0x6F, 0x60, 0x66, 0x60, 0x66,
    0x60, 0x61, 0x80, 0x71, 0x80, 0x71, 0x80, 0x79, 0x80, 0x79, 0x80, 0x6D, 0x80, 0x65, 0x80, 0x67,
    0x80, 0x63, 0x80, 0x63, 0x80, 0x61, 0x80, 0x1E, 0x00, 0x3F, 0x00, 0x61, 0x80, 0x61, 0x80, 0x40,
    0x80, 0x40, 0x80, 0x40, 0x80, 0x61, 0x80, 0x61, 0x80, 0x3F, 0x00, 0x1E, 0x00, 0x7C, 0x6E, 0x63,
    0x63, 0x63, 0x66, 0x7E, 0x60, 0x60, 0x60, 0x60, 0x1E, 0x00, 0x3F, 0x00, 0x61, 0x80, 0x61, 0x80,
    0x40, 0x80, 0x40, 0x80, 0x40, 0x80, 0x6D, 0x80, 0x67, 0x80, 0x3F, 0x00, 0x1F, 0x00, 0x01, 0x80,
    0x7C, 0x00, 0x6E, 0x00, 0x63, 0x00, 0x63, 0x00, 0x63, 0x00, 0x67, 0x00, 0x7E, 0x00, 0x6C, 0x00,
    0x66, 0x00, 0x62, 0x00, 0x63, 0x00, 0x3C, 0x76, 0x63, 0x60, 0x78, 0x3E, 0x07, 0x03, 0x43, 0x7E,
    0x3C, 0x7F, 0x00, 0x18, 0x00, 0x18, 0x00, 0x18, 0x00, 0x18, 0x00, 0x18, 0x00, 0x18, 0x00, 0x18,
    0x00, 0x18, 0x00, 0x18, 0x00, 0x18, 0x00, 0x61, 0x80, 0x61, 0x80, 0x61, 0x80, 0x61, 0x80, 0x61,
    0x80, 0x61, 0x80, 0x61, 0x80, 0x61, 0x80, 0x61, 0x00, 0x3F, 0x00, 0x1E, 0x00, 0xC1, 0x80, 0x61,
    0x80, 0x61, 0x00, 0x63, 0x00, 0x23, 0x00, 0x32, 0x00, 0x36, 0x00, 0x16, 0x00, 0x1E, 0x00, 0x1C,
    0x00, 0x0C, 0x00, 0xC3, 0x18, 0x47, 0x18, 0x67, 0x10, 0x65, 0x30, 0x65, 0xB0, 0x25, 0xB0, 0x2D,
    0xA0, 0x3C, 0xA0, 0x38, 0xE0, 0x18, 0xE0, 0x18, 0xE0, 0x61, 0x80, 0x63, 0x00, 0x36, 0x00, 0x16,
    0x00, 0x1C, 0x00, 0x0C, 0x00, 0x1C, 0x00, 0x36, 0x00, 0x33, 0x00, 0x63, 0x00, 0xE1, 0x80, 0xE1,
    0x80, 0x63, 0x00, 0x23, 0x00, 0x36, 0x00, 0x16, 0x00, 0x1C, 0x00, 0x0C, 0x00, 0x0C, 0x00, 0x0C,
    0x00, 0x0C, 0x00, 0x0C, 0x00, 0x7F, 0x03, 0x06, 0x0C, 0x0C, 0x18, 0x18, 0x30, 0x20, 0x60, 0x7F,
    0x70, 0x60, 0x60, 0x60, 0x60, 0x60, 0x60, 0x60, 0x60, 0x60, 0x60, 0x60, 0x70, 0x00, 0x00, 0xC0,
    0xC0, 0x40, 0x40, 0x60, 0x60, 0x20, 0x20, 0x30, 0x30, 0x10, 0x10, 0x18, 0x70, 0x30, 0x30, 0x30,
    0x30, 0x30, 0x30, 0x30, 0x30, 0x30, 0x30, 0x30, 0x70, 0x00, 0x00, 0x30, 0x30, 0x38, 0x48, 0xCC,
    0x00, 0x00, 0x00, 0x00, 0x00, 0x00, 0xFC, 0x00, 0x00, 0x60, 0x20, 0x00, 0x00, 0x00, 0x00, 0x00,
    0x00, 0x00, 0x00, 0x00, 0x00, 0x3C, 0x6C, 0x06, 0x1E, 0x66, 0xC6, 0x7E, 0x76, 0x60, 0x60, 0x60,
    0x7C, 0x7E, 0x62, 0x63, 0x63, 0x62, 0x7E, 0x5C, 0x3C, 0x7E, 0x66, 0x40, 0x40, 0x66, 0x7E, 0x3C,
    0x02, 0x02, 0x02, 0x3A, 0x7E, 0x66, 0x42, 0x42, 0x66, 0x7E, 0x3A, 0x3C, 0x7E, 0x46, 0x7E, 0x40,
    0x44, 0x7E, 0x3C, 0x38, 0x38, 0x60, 0xF8, 0x60, 0x60, 0x60, 0x60, 0x60, 0x60, 0x60, 0x3A, 0x7E,
    0x66, 0x42, 0x42, 0x66, 0x7E, 0x3A, 0x02, 0x7E, 0x3C, 0x60, 0x60, 0x60, 0x7C, 0x7E, 0x66, 0x66,
    0x66, 0x66, 0x66, 0x66, 0x60, 0x00, 0x00, 0x60, 0x60, 0x60, 0x60, 0x60, 0x60, 0x60, 0x60, 0x00,
    0x60, 0x00, 0x00, 0x60, 0x60, 0x60, 0x60, 0x60, 0x60, 0x60, 0x60, 0x60, 0xC0, 0xC0, 0x00, 0x60,
    0x60, 0x60, 0x66, 0x6C, 0x78, 0x70, 0x78, 0x6C, 0x6C, 0x66, 0x60, 0x60, 0x60, 0x60, 0x60, 0x60,
    0x60, 0x60, 0x60, 0x60, 0x60, 0x5D, 0xC0, 0x5F, 0xE0, 0x66, 0x60, 0x66, 0x60, 0x66, 0x60, 0x66,
    0x60, 0x66, 0x60, 0x66, 0x60, 0x5C, 0x5E, 0x66, 0x66, 0x66, 0x66, 0x66, 0x66, 0x3C, 0x7E, 0x66,
    0x42, 0x42, 0x66, 0x7E, 0x3C, 0x5C, 0x7E, 0x62, 0x63, 0x63, 0x62, 0x7E, 0x7C, 0x60, 0x60, 0x60,
    0x3A, 0x7E, 0x66, 0x42, 0x42, 0x66, 0x7E, 0x3A, 0x02, 0x02, 0x02, 0x58, 0x78, 0x60, 0x60, 0x60,
    0x60, 0x60, 0x60, 0x00, 0x38, 0x6C, 0x40, 0x70, 0x1C, 0x26, 0x6C, 0x3C, 0x60, 0x60, 0xF0, 0x60,
    0x60, 0x60, 0x60, 0x60, 0x70, 0x30, 0x66, 0x66, 0x66, 0x66, 0x66, 0x66, 0x7A, 0x3A, 0xC6, 0x46,
    0x66, 0x64, 0x2C, 0x3C, 0x38, 0x18, 0xC4, 0x60, 0x4E, 0x40, 0x6A, 0xC0, 0x6A, 0xC0, 0x6A, 0x80,
    0x3A, 0x80, 0x33, 0x80, 0x31, 0x80, 0xE6, 0x6C, 0x3C, 0x38, 0x38, 0x2C, 0x6C, 0xC6, 0xC2, 0x46,
    0x66, 0x64, 0x2C, 0x3C, 0x38, 0x18, 0x18, 0x70, 0x60, 0x7C, 0x0C, 0x0C, 0x18, 0x30, 0x30, 0x60,
    0x7E, 0x18, 0x38, 0x30, 0x30, 0x30, 0x30, 0x60, 0x30, 0x30, 0x30, 0x30, 0x30, 0x18, 0x00, 0x20,
    0x20, 0x20, 0x20, 0x20, 0x20, 0x20, 0x20, 0x20, 0x20, 0x20, 0x20, 0x20, 0x20, 0x20, 0x20, 0x20,
    0x20, 0x60, 0x60, 0x30, 0x30, 0x30, 0x30, 0x18, 0x30, 0x30, 0x30, 0x30, 0x30, 0x60, 0x00, 0x33,
    0x00, 0x7F, 0x00, 0x46, 0x00, 0x00, 0x00, 0x00, 0x00, 0x00, 0x00
};

inline constexpr BitmapFont kFontInterSemiBold13 = {"inter_semibold_13", 13U, 13U, 4U, 17U, kFontInterSemiBold13Glyphs, kFontInterSemiBold13Bitmap, sizeof(kFontInterSemiBold13Bitmap)};

inline constexpr Glyph kFontJetExtraBold16Glyphs[] = {
  {0U, 0U, 0U, 0, 17, 10U},
  {0U, 10U, 12U, 0, 5, 10U},
  {24U, 10U, 12U, 0, 5, 10U},
  {48U, 10U, 12U, 0, 5, 10U},
  {72U, 10U, 16U, 0, 3, 10U},
  {104U, 11U, 12U, -1, 5, 10U},
  {128U, 11U, 12U, 0, 5, 10U},
  {152U, 10U, 12U, 0, 5, 10U},
  {176U, 10U, 16U, 0, 3, 10U},
  {208U, 10U, 16U, 0, 3, 10U},
  {240U, 10U, 10U, 0, 7, 10U},
  {260U, 10U, 9U, 0, 8, 10U},
  {278U, 10U, 5U, 0, 15, 10U},
  {288U, 10U, 7U, 0, 10, 10U},
  {302U, 10U, 3U, 0, 14, 10U},
  {308U, 10U, 15U, 0, 4, 10U},
  {338U, 10U, 12U, 0, 5, 10U},
  {362U, 10U, 12U, 0, 5, 10U},
  {386U, 10U, 12U, 0, 5, 10U},
  {410U, 10U, 12U, 0, 5, 10U},
  {434U, 10U, 12U, 0, 5, 10U},
  {458U, 10U, 12U, 0, 5, 10U},
  {482U, 10U, 12U, 0, 5, 10U},
  {506U, 10U, 12U, 0, 5, 10U},
  {530U, 10U, 12U, 0, 5, 10U},
  {554U, 10U, 12U, 0, 5, 10U},
  {578U, 10U, 9U, 0, 8, 10U},
  {596U, 10U, 12U, 0, 8, 10U},
  {620U, 10U, 10U, 0, 7, 10U},
  {640U, 10U, 9U, 0, 8, 10U},
  {658U, 10U, 10U, 0, 7, 10U},
  {678U, 10U, 12U, 0, 5, 10U},
  {702U, 10U, 15U, 0, 5, 10U},
  {732U, 10U, 12U, 0, 5, 10U},
  {756U, 10U, 12U, 0, 5, 10U},
  {780U, 10U, 12U, 0, 5, 10U},
  {804U, 10U, 12U, 0, 5, 10U},
  {828U, 10U, 12U, 0, 5, 10U},
  {852U, 10U, 12U, 0, 5, 10U},
  {876U, 10U, 12U, 0, 5, 10U},
  {900U, 10U, 12U, 0, 5, 10U},
  {924U, 10U, 12U, 0, 5, 10U},
  {948U, 10U, 12U, 0, 5, 10U},
  {972U, 10U, 12U, 0, 5, 10U},
  {996U, 10U, 12U, 0, 5, 10U},
  {1020U, 10U, 12U, 0, 5, 10U},
  {1044U, 10U, 12U, 0, 5, 10U},
  {1068U, 10U, 12U, 0, 5, 10U},
  {1092U, 10U, 12U, 0, 5, 10U},
  {1116U, 10U, 15U, 0, 5, 10U},
  {1146U, 10U, 12U, 0, 5, 10U},
  {1170U, 10U, 12U, 0, 5, 10U},
  {1194U, 10U, 12U, 0, 5, 10U},
  {1218U, 10U, 12U, 0, 5, 10U},
  {1242U, 10U, 12U, 0, 5, 10U},
  {1266U, 10U, 12U, 0, 5, 10U},
  {1290U, 10U, 12U, 0, 5, 10U},
  {1314U, 10U, 12U, 0, 5, 10U},
  {1338U, 10U, 12U, 0, 5, 10U},
  {1362U, 10U, 15U, 0, 4, 10U},
  {1392U, 10U, 15U, 0, 4, 10U},
  {1422U, 10U, 15U, 0, 4, 10U},
  {1452U, 10U, 12U, 0, 5, 10U},
  {1476U, 10U, 3U, 0, 17, 10U},
  {1482U, 10U, 13U, 0, 4, 10U},
  {1508U, 10U, 9U, 0, 8, 10U},
  {1526U, 10U, 12U, 0, 5, 10U},
  {1550U, 10U, 9U, 0, 8, 10U},
  {1568U, 10U, 12U, 0, 5, 10U},
  {1592U, 10U, 9U, 0, 8, 10U},
  {1610U, 10U, 12U, 0, 5, 10U},
  {1634U, 10U, 12U, 0, 8, 10U},
  {1658U, 10U, 12U, 0, 5, 10U},
  {1682U, 10U, 13U, 0, 4, 10U},
  {1708U, 10U, 16U, 0, 4, 10U},
  {1740U, 10U, 12U, 0, 5, 10U},
  {1764U, 10U, 12U, 0, 5, 10U},
  {1788U, 10U, 9U, 0, 8, 10U},
  {1806U, 10U, 9U, 0, 8, 10U},
  {1824U, 10U, 9U, 0, 8, 10U},
  {1842U, 10U, 12U, 0, 8, 10U},
  {1866U, 10U, 12U, 0, 8, 10U},
  {1890U, 10U, 9U, 0, 8, 10U},
  {1908U, 10U, 9U, 0, 8, 10U},
  {1926U, 10U, 12U, 0, 5, 10U},
  {1950U, 10U, 9U, 0, 8, 10U},
  {1968U, 10U, 9U, 0, 8, 10U},
  {1986U, 10U, 9U, 0, 8, 10U},
  {2004U, 10U, 9U, 0, 8, 10U},
  {2022U, 10U, 12U, 0, 8, 10U},
  {2046U, 10U, 9U, 0, 8, 10U},
  {2064U, 10U, 15U, 0, 4, 10U},
  {2094U, 10U, 15U, 0, 4, 10U},
  {2124U, 10U, 15U, 0, 4, 10U},
  {2154U, 10U, 8U, 0, 9, 10U}
};

inline constexpr std::uint8_t kFontJetExtraBold16Bitmap[] = {
    0x0C, 0x00, 0x0C, 0x00, 0x0C, 0x00, 0x0C, 0x00, 0x0C, 0x00, 0x0C, 0x00, 0x0C, 0x00, 0x0C, 0x00,
    0x00, 0x00, 0x00, 0x00, 0x1C, 0x00, 0x0C, 0x00, 0x33, 0x00, 0x33, 0x00, 0x33, 0x00, 0x33, 0x00,
    0x33, 0x00, 0x00, 0x00, 0x00, 0x00, 0x00, 0x00, 0x00, 0x00, 0x00, 0x00, 0x00, 0x00, 0x00, 0x00,
    0x19, 0x00, 0x19, 0x00, 0x13, 0x00, 0x7F, 0x80, 0x7F, 0x80, 0x33, 0x00, 0x32, 0x00, 0x7F, 0x00,
    0x7F, 0x00, 0x26, 0x00, 0x66, 0x00, 0x66, 0x00, 0x08, 0x00, 0x08, 0x00, 0x1E, 0x00, 0x7F, 0x00,
    0x7B, 0x80, 0x68, 0x00, 0x78, 0x00, 0x3E, 0x00, 0x1F, 0x00, 0x0B, 0x80, 0x0B, 0x80, 0x7B, 0x80,
    0x7F, 0x00, 0x1E, 0x00, 0x08, 0x00, 0x08, 0x00, 0x70, 0xC0, 0xD9, 0x80, 0xDB, 0x00, 0xDA, 0x00,
    0x76, 0x00, 0x0C, 0x00, 0x08, 0x00, 0x1B, 0x80, 0x36, 0xC0, 0x24, 0xC0, 0x66, 0xC0, 0xC3, 0x80,
    0x1C, 0x00, 0x3E, 0x00, 0x77, 0x00, 0x30, 0x00, 0x38, 0x00, 0x78, 0x00, 0xFD, 0xC0, 0xCF, 0x80,
    0xC7, 0x00, 0xE7, 0x00, 0x7F, 0x80, 0x3D, 0xC0, 0x0C, 0x00, 0x0C, 0x00, 0x0C, 0x00, 0x0C, 0x00,
    0x0C, 0x00, 0x00, 0x00, 0x00, 0x00, 0x00, 0x00, 0x00, 0x00, 0x00, 0x00, 0x00, 0x00, 0x00, 0x00,
    0x07, 0x00, 0x0F, 0x00, 0x1C, 0x00, 0x1C, 0x00, 0x18, 0x00, 0x38, 0x00, 0x38, 0x00, 0x38, 0x00,
    0x38, 0x00, 0x18, 0x00, 0x18, 0x00, 0x1C, 0x00, 0x0F, 0x00, 0x07, 0x00, 0x03, 0x00, 0x00, 0x00,
    0x30, 0x00, 0x38, 0x00, 0x1C, 0x00, 0x0E, 0x00, 0x06, 0x00, 0x06, 0x00, 0x06, 0x00, 0x06, 0x00,
    0x06, 0x00, 0x06, 0x00, 0x0E, 0x00, 0x0E, 0x00, 0x3C, 0x00, 0x38, 0x00, 0x20, 0x00, 0x00, 0x00,
    0x0C, 0x00, 0x0C, 0x00, 0x4D, 0x80, 0xFF, 0x80, 0x3E, 0x00, 0x1E, 0x00, 0x36, 0x00, 0x33, 0x00,
    0x00, 0x00, 0x00, 0x00, 0x0C, 0x00, 0x0C, 0x00, 0x0C, 0x00, 0x7F, 0x80, 0x7F, 0x80, 0x0C, 0x00,
    0x0C, 0x00, 0x0C, 0x00, 0x00, 0x00, 0x0C, 0x00, 0x1C, 0x00, 0x1C, 0x00, 0x18, 0x00, 0x18, 0x00,
    0x3E, 0x00, 0x3E, 0x00, 0x00, 0x00, 0x00, 0x00, 0x00, 0x00, 0x00, 0x00, 0x00, 0x00, 0x0C, 0x00,
    0x1C, 0x00, 0x0C, 0x00, 0x03, 0x80, 0x03, 0x00, 0x07, 0x00, 0x07, 0x00, 0x06, 0x00, 0x0E, 0x00,
    0x0C, 0x00, 0x0C, 0x00, 0x1C, 0x00, 0x18, 0x00, 0x38, 0x00, 0x38, 0x00, 0x30, 0x00, 0x70, 0x00,
    0x60, 0x00, 0x1E, 0x00, 0x3F, 0x00, 0x73, 0x80, 0x63, 0x80, 0x63, 0x80, 0x6F, 0x80, 0x6F, 0x80,
    0x63, 0x80, 0x63, 0x80, 0x73, 0x80, 0x3F, 0x00, 0x1E, 0x00, 0x1E, 0x00, 0x3E, 0x00, 0x7E, 0x00,
    0x6E, 0x00, 0x4E, 0x00, 0x0E, 0x00, 0x0E, 0x00, 0x0E, 0x00, 0x0E, 0x00, 0x0E, 0x00, 0x7F, 0x80,
    0x7F, 0x80, 0x1E, 0x00, 0x3F, 0x00, 0x73, 0x00, 0x63, 0x80, 0x03, 0x80, 0x07, 0x00, 0x0F, 0x00,
    0x1E, 0x00, 0x3C, 0x00, 0x78, 0x00, 0x7F, 0x80, 0x7F, 0x80, 0x7F, 0x00, 0x7F, 0x00, 0x07, 0x00,
    0x0E, 0x00, 0x1C, 0x00, 0x1F, 0x00, 0x03, 0x00, 0x03, 0x80, 0x03, 0x80, 0x73, 0x80, 0x7F, 0x00,
    0x3E, 0x00, 0x07, 0x00, 0x0E, 0x00, 0x0C, 0x00, 0x1C, 0x00, 0x38, 0x00, 0x73, 0x00, 0x73, 0x00,
    0x63, 0x00, 0x7F, 0x00, 0x7F, 0x00, 0x03, 0x00, 0x03, 0x00, 0x7F, 0x00, 0x7F, 0x00, 0x70, 0x00,
    0x70, 0x00, 0x7E, 0x00, 0x7F, 0x00, 0x03, 0x80, 0x03, 0x80, 0x03, 0x80, 0x73, 0x80, 0x7F, 0x00,
    0x1E, 0x00, 0x0E, 0x00, 0x1C, 0x00, 0x18, 0x00, 0x38, 0x00, 0x36, 0x00, 0x7F, 0x00, 0x73, 0x80,
    0x61, 0x80, 0x61, 0x80, 0x73, 0x80, 0x7F, 0x00, 0x1E, 0x00, 0x7F, 0x80, 0x7F, 0x80, 0x63, 0x80,
    0x63, 0x00, 0x07, 0x00, 0x07, 0x00, 0x06, 0x00, 0x0E, 0x00, 0x0C, 0x00, 0x1C, 0x00, 0x18, 0x00,
    0x38, 0x00, 0x1E, 0x00, 0x3F, 0x00, 0x73, 0x00, 0x63, 0x80, 0x73, 0x00, 0x3E, 0x00, 0x3F, 0x00,
    0x63, 0x80, 0x61, 0x80, 0x63, 0x80, 0x7F, 0x00, 0x1E, 0x00, 0x1E, 0x00, 0x7F, 0x00, 0x73, 0x80,
    0x61, 0x80, 0x61, 0x80, 0x73, 0x80, 0x7F, 0x00, 0x1F, 0x00, 0x06, 0x00, 0x0E, 0x00, 0x1C, 0x00,
    0x1C, 0x00, 0x0C, 0x00, 0x1C, 0x00, 0x0C, 0x00, 0x00, 0x00, 0x00, 0x00, 0x00, 0x00, 0x0C, 0x00,
    0x1C, 0x00, 0x0C, 0x00, 0x0C, 0x00, 0x1C, 0x00, 0x0C, 0x00, 0x00, 0x00, 0x00, 0x00, 0x00, 0x00,
    0x00, 0x00, 0x1C, 0x00, 0x1C, 0x00, 0x1C, 0x00, 0x18, 0x00, 0x18, 0x00, 0x01, 0x00, 0x03, 0x00,
    0x0F, 0x00, 0x7C, 0x00, 0x70, 0x00, 0x78, 0x00, 0x3E, 0x00, 0x07, 0x00, 0x01, 0x00, 0x00, 0x00,
    0x7F, 0x00, 0x7F, 0x00, 0x00, 0x00, 0x00, 0x00, 0x7F, 0x00, 0x7F, 0x00, 0x00, 0x00, 0x00, 0x00,
    0x00, 0x00, 0x40, 0x00, 0x70, 0x00, 0x7C, 0x00, 0x0F, 0x00, 0x03, 0x00, 0x07, 0x00, 0x3E, 0x00,
    0x78, 0x00, 0x60, 0x00, 0x00, 0x00, 0x3C, 0x00, 0x3F, 0x00, 0x07, 0x00, 0x03, 0x00, 0x07, 0x00,
    0x1F, 0x00, 0x1E, 0x00, 0x18, 0x00, 0x00, 0x00, 0x00, 0x00, 0x38, 0x00, 0x18, 0x00, 0x1E, 0x00,
    0x7F, 0x80, 0x61, 0x80, 0x61, 0x80, 0xCF, 0x80, 0xCD, 0x80, 0xC9, 0x80, 0xC9, 0x80, 0xCD, 0x80,
    0xCF, 0x80, 0xC7, 0x00, 0x60, 0x00, 0x60, 0x00, 0x7E, 0x00, 0x1E, 0x00, 0x1C, 0x00, 0x1E, 0x00,
    0x1E, 0x00, 0x3E, 0x00, 0x36, 0x00, 0x37, 0x00, 0x33, 0x00, 0x7F, 0x00, 0x7F, 0x00, 0x63, 0x80,
    0x63, 0x80, 0xE1, 0x80, 0x7E, 0x00, 0x7F, 0x00, 0x63, 0x80, 0x63, 0x80, 0x63, 0x00, 0x7E, 0x00,
    0x7F, 0x00, 0x63, 0x80, 0x61, 0x80, 0x63, 0x80, 0x7F, 0x00, 0x7E, 0x00, 0x1E, 0x00, 0x3F, 0x00,
    0x73, 0x80, 0x63, 0x80, 0x60, 0x00, 0x60, 0x00, 0x60, 0x00, 0x60, 0x00, 0x63, 0x80, 0x73, 0x80,
    0x3F, 0x00, 0x1E, 0x00, 0x7E, 0x00, 0x7F, 0x00, 0x63, 0x80, 0x63, 0x80, 0x63, 0x80, 0x63, 0x80,
    0x63, 0x80, 0x63, 0x80, 0x63, 0x80, 0x63, 0x80, 0x7F, 0x00, 0x7E, 0x00, 0x7F, 0x00, 0x7F, 0x00,
    0x70, 0x00, 0x70, 0x00, 0x70, 0x00, 0x7F, 0x00, 0x7F, 0x00, 0x70, 0x00, 0x70, 0x00, 0x70, 0x00,
    0x7F, 0x00, 0x7F, 0x00, 0x7F, 0x80, 0x7F, 0x80, 0x60, 0x00, 0x60, 0x00, 0x60, 0x00, 0x7F, 0x00,
    0x7F, 0x00, 0x70, 0x00, 0x70, 0x00, 0x70, 0x00, 0x70, 0x00, 0x70, 0x00, 0x1E, 0x00, 0x3F, 0x00,
    0x73, 0x80, 0x60, 0x00, 0x60, 0x00, 0x67, 0x80, 0x67, 0x80, 0x63, 0x80, 0x63, 0x80, 0x73, 0x80,
    0x3F, 0x00, 0x1E, 0x00, 0x63, 0x80, 0x63, 0x80, 0x63, 0x80, 0x63, 0x80, 0x63, 0x80, 0x7F, 0x80,
    0x7F, 0x80, 0x63, 0x80, 0x63, 0x80, 0x63, 0x80, 0x63, 0x80, 0x63, 0x80, 0x7F, 0x00, 0x7F, 0x00,
    0x0C, 0x00, 0x0C, 0x00, 0x0C, 0x00, 0x0C, 0x00, 0x0C, 0x00, 0x0C, 0x00, 0x0C, 0x00, 0x0C, 0x00,
    0x7F, 0x00, 0x7F, 0x00, 0x03, 0x00, 0x03, 0x00, 0x03, 0x00, 0x03, 0x00, 0x03, 0x00, 0x03, 0x00,
    0x03, 0x00, 0x03, 0x00, 0xE3, 0x00, 0xE7, 0x00, 0x7F, 0x00, 0x3E, 0x00, 0x63, 0x80, 0x63, 0x00,
    0x63, 0x00, 0x67, 0x00, 0x66, 0x00, 0x7E, 0x00, 0x7E, 0x00, 0x66, 0x00, 0x67, 0x00, 0x63, 0x00,
    0x63, 0x80, 0x63, 0x80, 0x30, 0x00, 0x30, 0x00, 0x30, 0x00, 0x30, 0x00, 0x30, 0x00, 0x30, 0x00,
    0x30, 0x00, 0x30, 0x00, 0x30, 0x00, 0x30, 0x00, 0x3F, 0x80, 0x3F, 0x80, 0x73, 0x80, 0x73, 0x80,
    0x77, 0x80, 0x77, 0x80, 0x7D, 0x80, 0x7D, 0x80, 0x6D, 0x80, 0x61, 0x80, 0x61, 0x80, 0x61, 0x80,
    0x61, 0x80, 0x61, 0x80, 0x71, 0x80, 0x71, 0x80, 0x79, 0x80, 0x79, 0x80, 0x79, 0x80, 0x6D, 0x80,
    0x6D, 0x80, 0x6D, 0x80, 0x67, 0x80, 0x67, 0x80, 0x67, 0x80, 0x63, 0x80, 0x1E, 0x00, 0x3F, 0x00,
    0x73, 0x00, 0x63, 0x80, 0x63, 0x80, 0x63, 0x80, 0x63, 0x80, 0x63, 0x80, 0x63, 0x80, 0x73, 0x00,
    0x3F, 0x00, 0x1E, 0x00, 0x7E, 0x00, 0x7F, 0x00, 0x63, 0x80, 0x61, 0x80, 0x61, 0x80, 0x63, 0x80,
    0x7F, 0x00, 0x7E, 0x00, 0x60, 0x00, 0x60, 0x00, 0x60, 0x00, 0x60, 0x00, 0x1E, 0x00, 0x3F, 0x00,
    0x73, 0x80, 0x63, 0x80, 0x63, 0x80, 0x63, 0x80, 0x63, 0x80, 0x63, 0x80, 0x63, 0x80, 0x73, 0x80,
    0x3F, 0x00, 0x1E, 0x00, 0x06, 0x00, 0x03, 0x00, 0x03, 0x80, 0x7E, 0x00, 0x7F, 0x00, 0x63, 0x80,
    0x63, 0x80, 0x63, 0x80, 0x63, 0x80, 0x7F, 0x00, 0x7E, 0x00, 0x66, 0x00, 0x67, 0x00, 0x63, 0x00,
    0x63, 0x80, 0x1E, 0x00, 0x7F, 0x00, 0x73, 0x80, 0x60, 0x00, 0x78, 0x00, 0x3E, 0x00, 0x1F, 0x00,
    0x03, 0x80, 0x63, 0x80, 0x73, 0x80, 0x7F, 0x00, 0x1E, 0x00, 0x7F, 0x80, 0x7F, 0x80, 0x0C, 0x00,
    0x0C, 0x00, 0x0C, 0x00, 0x0C, 0x00, 0x0C, 0x00, 0x0C, 0x00, 0x0C, 0x00, 0x0C, 0x00, 0x0C, 0x00,
    0x0C, 0x00, 0x63, 0x80, 0x63, 0x80, 0x63, 0x80, 0x63, 0x80, 0x63, 0x80, 0x63, 0x80, 0x63, 0x80,
    0x63, 0x80, 0x63, 0x80, 0x73, 0x80, 0x3F, 0x00, 0x1E, 0x00, 0xE1, 0x80, 0x63, 0x80, 0x63, 0x80,
    0x73, 0x00, 0x73, 0x00, 0x33, 0x00, 0x37, 0x00, 0x36, 0x00, 0x3E, 0x00, 0x1E, 0x00, 0x1E, 0x00,
    0x1C, 0x00, 0xCD, 0x80, 0xCD, 0x80, 0xCD, 0x80, 0xDD, 0x80, 0x5D, 0x80, 0x55, 0x80, 0x75, 0x80,
    0x77, 0x80, 0x77, 0x80, 0x73, 0x80, 0x73, 0x00, 0x73, 0x00, 0x63, 0x80, 0x73, 0x00, 0x37, 0x00,
    0x3E, 0x00, 0x1E, 0x00, 0x1C, 0x00, 0x1C, 0x00, 0x1E, 0x00, 0x3E, 0x00, 0x37, 0x00, 0x73, 0x80,
    0xE3, 0x80, 0xE1, 0x80, 0x63, 0x80, 0x73, 0x00, 0x37, 0x00, 0x3E, 0x00, 0x1E, 0x00, 0x1E, 0x00,
    0x1C, 0x00, 0x0C, 0x00, 0x0C, 0x00, 0x0C, 0x00, 0x0C, 0x00, 0x7F, 0x00, 0x7F, 0x00, 0x07, 0x00,
    0x06, 0x00, 0x0E, 0x00, 0x0C, 0x00, 0x1C, 0x00, 0x18, 0x00, 0x38, 0x00, 0x70, 0x00, 0x7F, 0x00,
    0x7F, 0x00, 0x1F, 0x00, 0x1F, 0x00, 0x18, 0x00, 0x18, 0x00, 0x18, 0x00, 0x18, 0x00, 0x18, 0x00,
    0x18, 0x00, 0x18, 0x00, 0x18, 0x00, 0x18, 0x00, 0x18, 0x00, 0x18, 0x00, 0x1F, 0x00, 0x1F, 0x00,
    0x60, 0x00, 0x70, 0x00, 0x30, 0x00, 0x38, 0x00, 0x38, 0x00, 0x18, 0x00, 0x1C, 0x00, 0x0C, 0x00,
    0x0C, 0x00, 0x0E, 0x00, 0x06, 0x00, 0x06, 0x00, 0x07, 0x00, 0x03, 0x00, 0x03, 0x80, 0x3E, 0x00,
    0x3E, 0x00, 0x0E, 0x00, 0x0E, 0x00, 0x0E, 0x00, 0x0E, 0x00, 0x0E, 0x00, 0x0E, 0x00, 0x0E, 0x00,
    0x0E, 0x00, 0x0E, 0x00, 0x0E, 0x00, 0x0E, 0x00, 0x3E, 0x00, 0x3E, 0x00, 0x0C, 0x00, 0x1C, 0x00,
    0x1E, 0x00, 0x3E, 0x00, 0x37, 0x00, 0x33, 0x00, 0x63, 0x80, 0x00, 0x00, 0x00, 0x00, 0x00, 0x00,
    0x00, 0x00, 0x00, 0x00, 0x00, 0x00, 0x7F, 0x80, 0x7F, 0x80, 0x38, 0x00, 0x0C, 0x00, 0x00, 0x00,
    0x00, 0x00, 0x00, 0x00, 0x00, 0x00, 0x00, 0x00, 0x00, 0x00, 0x00, 0x00, 0x00, 0x00, 0x00, 0x00,
    0x00, 0x00, 0x00, 0x00, 0x1E, 0x00, 0x3F, 0x00, 0x73, 0x80, 0x03, 0x80, 0x3F, 0x80, 0x63, 0x80,
    0x63, 0x80, 0x7F, 0x80, 0x3B, 0x80, 0x60, 0x00, 0x60, 0x00, 0x60, 0x00, 0x6E, 0x00, 0x7F, 0x00,
    0x73, 0x80, 0x63, 0x80, 0x63, 0x80, 0x63, 0x80, 0x73, 0x80, 0x7F, 0x00, 0x6E, 0x00, 0x1E, 0x00,
    0x3F, 0x00, 0x73, 0x80, 0x60, 0x00, 0x60, 0x00, 0x60, 0x00, 0x73, 0x80, 0x3F, 0x00, 0x1E, 0x00,
    0x03, 0x80, 0x03, 0x80, 0x03, 0x80, 0x3B, 0x80, 0x7F, 0x80, 0x73, 0x80, 0x63, 0x80, 0x63, 0x80,
    0x63, 0x80, 0x73, 0x80, 0x7F, 0x80, 0x3B, 0x80, 0x1E, 0x00, 0x3F, 0x00, 0x73, 0x80, 0x63, 0x80,
    0x7F, 0x80, 0x60, 0x00, 0x63, 0x80, 0x3F, 0x00, 0x1E, 0x00, 0x0F, 0x80, 0x1F, 0x80, 0x18, 0x00,
    0x18, 0x00, 0x7F, 0x80, 0x7F, 0x80, 0x18, 0x00, 0x18, 0x00, 0x18, 0x00, 0x18, 0x00, 0x18, 0x00,
    0x18, 0x00, 0x3B, 0x80, 0x7F, 0x80, 0x73, 0x80, 0x63, 0x80, 0x63, 0x80, 0x63, 0x80, 0x73, 0x80,
    0x7F, 0x80, 0x3B, 0x80, 0x03, 0x00, 0x3F, 0x00, 0x3E, 0x00, 0x60, 0x00, 0x60, 0x00, 0x60, 0x00,
    0x6E, 0x00, 0x7F, 0x00, 0x73, 0x80, 0x63, 0x80, 0x63, 0x80, 0x63, 0x80, 0x63, 0x80, 0x63, 0x80,
    0x63, 0x80, 0x0E, 0x00, 0x0C, 0x00, 0x00, 0x00, 0x7C, 0x00, 0x7C, 0x00, 0x0C, 0x00, 0x0C, 0x00,
    0x0C, 0x00, 0x0C, 0x00, 0x0C, 0x00, 0x7F, 0x80, 0x7F, 0x80, 0x00, 0x00, 0x07, 0x00, 0x07, 0x00,
    0x00, 0x00, 0x7F, 0x00, 0x7F, 0x00, 0x07, 0x00, 0x07, 0x00, 0x07, 0x00, 0x07, 0x00, 0x07, 0x00,
    0x07, 0x00, 0x07, 0x00, 0x06, 0x00, 0x7E, 0x00, 0x7C, 0x00, 0x00, 0x00, 0x70, 0x00, 0x70, 0x00,
    0x70, 0x00, 0x73, 0x80, 0x73, 0x00, 0x77, 0x00, 0x76, 0x00, 0x7E, 0x00, 0x7E, 0x00, 0x77, 0x00,
    0x73, 0x00, 0x73, 0x80, 0xFC, 0x00, 0xFC, 0x00, 0x1C, 0x00, 0x1C, 0x00, 0x1C, 0x00, 0x1C, 0x00,
    0x1C, 0x00, 0x1C, 0x00, 0x1C, 0x00, 0x1C, 0x00, 0x0F, 0x80, 0x07, 0x80, 0x7B, 0x00, 0x7F, 0x80,
    0x6D, 0x80, 0x6D, 0x80, 0x6D, 0x80, 0x6D, 0x80, 0x6D, 0x80, 0x6D, 0x80, 0x6D, 0x80, 0x6E, 0x00,
    0x7F, 0x00, 0x73, 0x80, 0x63, 0x80, 0x63, 0x80, 0x63, 0x80, 0x63, 0x80, 0x63, 0x80, 0x63, 0x80,
    0x1E, 0x00, 0x3F, 0x00, 0x73, 0x80, 0x63, 0x80, 0x63, 0x80, 0x63, 0x80, 0x73, 0x80, 0x3F, 0x00,
    0x1E, 0x00, 0x6E, 0x00, 0x7F, 0x00, 0x73, 0x80, 0x63, 0x80, 0x63, 0x80, 0x63, 0x80, 0x73, 0x80,
    0x7F, 0x00, 0x6E, 0x00, 0x60, 0x00, 0x60, 0x00, 0x60, 0x00, 0x3B, 0x80, 0x7F, 0x80, 0x73, 0x80,
    0x63, 0x80, 0x63, 0x80, 0x63, 0x80, 0x73, 0x80, 0x7F, 0x80, 0x3B, 0x80, 0x03, 0x80, 0x03, 0x80,
    0x03, 0x80, 0x77, 0x00, 0x7F, 0x80, 0x73, 0x80, 0x71, 0x80, 0x70, 0x00, 0x70, 0x00, 0x70, 0x00,
    0x70, 0x00, 0x70, 0x00, 0x3E, 0x00, 0x7F, 0x00, 0x63, 0x80, 0x78, 0x00, 0x3F, 0x00, 0x03, 0x80,
    0x63, 0x80, 0x7F, 0x80, 0x3F, 0x00, 0x18, 0x00, 0x18, 0x00, 0x18, 0x00, 0xFF, 0x80, 0xFF, 0x80,
    0x18, 0x00, 0x18, 0x00, 0x18, 0x00, 0x18, 0x00, 0x18, 0x00, 0x1F, 0x80, 0x0F, 0x80, 0x63, 0x80,
    0x63, 0x80, 0x63, 0x80, 0x63, 0x80, 0x63, 0x80, 0x63, 0x80, 0x73, 0x00, 0x3F, 0x00, 0x1E, 0x00,
    0xE1, 0x80, 0x63, 0x80, 0x73, 0x00, 0x33, 0x00, 0x37, 0x00, 0x3E, 0x00, 0x1E, 0x00, 0x1E, 0x00,
    0x1C, 0x00, 0xCC, 0xC0, 0xCC, 0x80, 0xDD, 0x80, 0x5D, 0x80, 0x75, 0x80, 0x77, 0x80, 0x77, 0x80,
    0x73, 0x00, 0x73, 0x00, 0x73, 0x80, 0x37, 0x00, 0x3E, 0x00, 0x1E, 0x00, 0x1C, 0x00, 0x1E, 0x00,
    0x3F, 0x00, 0x73, 0x00, 0xE3, 0x80, 0xE1, 0x80, 0x63, 0x80, 0x73, 0x00, 0x33, 0x00, 0x37, 0x00,
    0x3E, 0x00, 0x1E, 0x00, 0x1E, 0x00, 0x0C, 0x00, 0x1C, 0x00, 0x1C, 0x00, 0x38, 0x00, 0x7F, 0x00,
    0x7F, 0x00, 0x07, 0x00, 0x0E, 0x00, 0x1C, 0x00, 0x38, 0x00, 0x30, 0x00, 0x7F, 0x00, 0x7F, 0x00,
    0x07, 0x00, 0x0F, 0x00, 0x0C, 0x00, 0x0C, 0x00, 0x0E, 0x00, 0x0E, 0x00, 0x7C, 0x00, 0x7C, 0x00,
    0x0E, 0x00, 0x0E, 0x00, 0x0E, 0x00, 0x0C, 0x00, 0x0E, 0x00, 0x0F, 0x00, 0x07, 0x00, 0x0C, 0x00,
    0x0C, 0x00, 0x0C, 0x00, 0x0C, 0x00, 0x0C, 0x00, 0x0C, 0x00, 0x0C, 0x00, 0x0C, 0x00, 0x0C, 0x00,
    0x0C, 0x00, 0x0C, 0x00, 0x0C, 0x00, 0x0C, 0x00, 0x0C, 0x00, 0x0C, 0x00, 0x78, 0x00, 0x78, 0x00,
    0x1C, 0x00, 0x1C, 0x00, 0x18, 0x00, 0x18, 0x00, 0x1F, 0x80, 0x0F, 0x80, 0x1C, 0x00, 0x18, 0x00,
    0x18, 0x00, 0x1C, 0x00, 0x1C, 0x00, 0x78, 0x00, 0x70, 0x00, 0x79, 0x80, 0x7D, 0x80, 0x6F, 0x80,
    0x67, 0x00, 0x00, 0x00, 0x00, 0x00, 0x00, 0x00, 0x00, 0x00
};

inline constexpr BitmapFont kFontJetExtraBold16 = {"jet_extrabold_16", 16U, 17U, 5U, 22U, kFontJetExtraBold16Glyphs, kFontJetExtraBold16Bitmap, sizeof(kFontJetExtraBold16Bitmap)};

inline constexpr Glyph kFontJetBold15Glyphs[] = {
  {0U, 0U, 0U, 0, 16, 9U},
  {0U, 9U, 12U, 0, 4, 9U},
  {24U, 9U, 12U, 0, 4, 9U},
  {48U, 9U, 12U, 0, 4, 9U},
  {72U, 9U, 16U, 0, 2, 9U},
  {104U, 9U, 12U, 0, 4, 9U},
  {128U, 10U, 12U, 0, 4, 9U},
  {152U, 9U, 12U, 0, 4, 9U},
  {176U, 9U, 15U, 0, 3, 9U},
  {206U, 9U, 15U, 0, 3, 9U},
  {236U, 9U, 10U, 0, 6, 9U},
  {256U, 9U, 9U, 0, 7, 9U},
  {274U, 9U, 5U, 0, 14, 9U},
  {284U, 9U, 6U, 0, 10, 9U},
  {296U, 9U, 3U, 0, 13, 9U},
  {302U, 9U, 15U, 0, 3, 9U},
  {332U, 9U, 12U, 0, 4, 9U},
  {356U, 9U, 12U, 0, 4, 9U},
  {380U, 9U, 12U, 0, 4, 9U},
  {404U, 9U, 12U, 0, 4, 9U},
  {428U, 9U, 12U, 0, 4, 9U},
  {452U, 9U, 12U, 0, 4, 9U},
  {476U, 9U, 12U, 0, 4, 9U},
  {500U, 9U, 12U, 0, 4, 9U},
  {524U, 9U, 12U, 0, 4, 9U},
  {548U, 9U, 12U, 0, 4, 9U},
  {572U, 9U, 9U, 0, 7, 9U},
  {590U, 9U, 12U, 0, 7, 9U},
  {614U, 9U, 10U, 0, 6, 9U},
  {634U, 9U, 8U, 0, 8, 9U},
  {650U, 9U, 10U, 0, 6, 9U},
  {670U, 9U, 12U, 0, 4, 9U},
  {694U, 9U, 15U, 0, 4, 9U},
  {724U, 9U, 12U, 0, 4, 9U},
  {748U, 9U, 12U, 0, 4, 9U},
  {772U, 9U, 12U, 0, 4, 9U},
  {796U, 9U, 12U, 0, 4, 9U},
  {820U, 9U, 12U, 0, 4, 9U},
  {844U, 9U, 12U, 0, 4, 9U},
  {868U, 9U, 12U, 0, 4, 9U},
  {892U, 9U, 12U, 0, 4, 9U},
  {916U, 9U, 12U, 0, 4, 9U},
  {940U, 9U, 12U, 0, 4, 9U},
  {964U, 9U, 12U, 0, 4, 9U},
  {988U, 9U, 12U, 0, 4, 9U},
  {1012U, 9U, 12U, 0, 4, 9U},
  {1036U, 9U, 12U, 0, 4, 9U},
  {1060U, 9U, 12U, 0, 4, 9U},
  {1084U, 9U, 12U, 0, 4, 9U},
  {1108U, 9U, 15U, 0, 4, 9U},
  {1138U, 9U, 12U, 0, 4, 9U},
  {1162U, 9U, 12U, 0, 4, 9U},
  {1186U, 9U, 12U, 0, 4, 9U},
  {1210U, 9U, 12U, 0, 4, 9U},
  {1234U, 9U, 12U, 0, 4, 9U},
  {1258U, 9U, 12U, 0, 4, 9U},
  {1282U, 9U, 12U, 0, 4, 9U},
  {1306U, 9U, 12U, 0, 4, 9U},
  {1330U, 9U, 12U, 0, 4, 9U},
  {1354U, 9U, 15U, 0, 3, 9U},
  {1384U, 9U, 15U, 0, 3, 9U},
  {1414U, 9U, 15U, 0, 3, 9U},
  {1444U, 9U, 12U, 0, 4, 9U},
  {1468U, 9U, 2U, 0, 16, 9U},
  {1472U, 9U, 12U, 0, 4, 9U},
  {1496U, 9U, 9U, 0, 7, 9U},
  {1514U, 9U, 12U, 0, 4, 9U},
  {1538U, 9U, 9U, 0, 7, 9U},
  {1556U, 9U, 12U, 0, 4, 9U},
  {1580U, 9U, 9U, 0, 7, 9U},
  {1598U, 9U, 12U, 0, 4, 9U},
  {1622U, 9U, 12U, 0, 7, 9U},
  {1646U, 9U, 12U, 0, 4, 9U},
  {1670U, 9U, 12U, 0, 4, 9U},
  {1694U, 9U, 15U, 0, 4, 9U},
  {1724U, 9U, 12U, 0, 4, 9U},
  {1748U, 9U, 12U, 0, 4, 9U},
  {1772U, 9U, 9U, 0, 7, 9U},
  {1790U, 9U, 9U, 0, 7, 9U},
  {1808U, 9U, 9U, 0, 7, 9U},
  {1826U, 9U, 12U, 0, 7, 9U},
  {1850U, 9U, 12U, 0, 7, 9U},
  {1874U, 9U, 9U, 0, 7, 9U},
  {1892U, 9U, 9U, 0, 7, 9U},
  {1910U, 9U, 12U, 0, 4, 9U},
  {1934U, 9U, 9U, 0, 7, 9U},
  {1952U, 9U, 9U, 0, 7, 9U},
  {1970U, 9U, 9U, 0, 7, 9U},
  {1988U, 9U, 9U, 0, 7, 9U},
  {2006U, 9U, 12U, 0, 7, 9U},
  {2030U, 9U, 9U, 0, 7, 9U},
  {2048U, 9U, 15U, 0, 3, 9U},
  {2078U, 9U, 15U, 0, 3, 9U},
  {2108U, 9U, 15U, 0, 3, 9U},
  {2138U, 9U, 8U, 0, 8, 9U}
};

inline constexpr std::uint8_t kFontJetBold15Bitmap[] = {
    0x1C, 0x00, 0x08, 0x00, 0x08, 0x00, 0x08, 0x00, 0x08, 0x00, 0x08, 0x00, 0x08, 0x00, 0x08, 0x00,
    0x00, 0x00, 0x00, 0x00, 0x08, 0x00, 0x1C, 0x00, 0x36, 0x00, 0x36, 0x00, 0x36, 0x00, 0x36, 0x00,
    0x36, 0x00, 0x00, 0x00, 0x00, 0x00, 0x00, 0x00, 0x00, 0x00, 0x00, 0x00, 0x00, 0x00, 0x00, 0x00,
    0x13, 0x00, 0x13, 0x00, 0x12, 0x00, 0x7F, 0x00, 0x7F, 0x00, 0x32, 0x00, 0x26, 0x00, 0x7F, 0x00,
    0x7F, 0x00, 0x24, 0x00, 0x64, 0x00, 0x64, 0x00, 0x08, 0x00, 0x08, 0x00, 0x1C, 0x00, 0x3F, 0x00,
    0x6B, 0x00, 0x68, 0x00, 0x78, 0x00, 0x3C, 0x00, 0x1E, 0x00, 0x0B, 0x00, 0x0B, 0x00, 0x6B, 0x00,
    0x7F, 0x00, 0x3E, 0x00, 0x08, 0x00, 0x08, 0x00, 0x71, 0x80, 0xD1, 0x00, 0x92, 0x00, 0xD6, 0x00,
    0x74, 0x00, 0x08, 0x00, 0x08, 0x00, 0x17, 0x00, 0x34, 0x80, 0x24, 0x80, 0x45, 0x80, 0xC7, 0x00,
    0x1C, 0x00, 0x3E, 0x00, 0x66, 0x00, 0x20, 0x00, 0x30, 0x00, 0x78, 0x00, 0xED, 0x80, 0xCF, 0x00,
    0xC6, 0x00, 0xC7, 0x00, 0x7F, 0x00, 0x79, 0x80, 0x1C, 0x00, 0x08, 0x00, 0x08, 0x00, 0x08, 0x00,
    0x08, 0x00, 0x00, 0x00, 0x00, 0x00, 0x00, 0x00, 0x00, 0x00, 0x00, 0x00, 0x00, 0x00, 0x00, 0x00,
    0x02, 0x00, 0x06, 0x00, 0x0E, 0x00, 0x18, 0x00, 0x18, 0x00, 0x10, 0x00, 0x30, 0x00, 0x30, 0x00,
    0x30, 0x00, 0x10, 0x00, 0x18, 0x00, 0x18, 0x00, 0x0C, 0x00, 0x06, 0x00, 0x02, 0x00, 0x20, 0x00,
    0x30, 0x00, 0x38, 0x00, 0x0C, 0x00, 0x0C, 0x00, 0x04, 0x00, 0x06, 0x00, 0x06, 0x00, 0x06, 0x00,
    0x04, 0x00, 0x0C, 0x00, 0x0C, 0x00, 0x18, 0x00, 0x30, 0x00, 0x20, 0x00, 0x08, 0x00, 0x08, 0x00,
    0x49, 0x00, 0xFF, 0x80, 0x1C, 0x00, 0x14, 0x00, 0x36, 0x00, 0x63, 0x00, 0x00, 0x00, 0x00, 0x00,
    0x08, 0x00, 0x08, 0x00, 0x08, 0x00, 0x7F, 0x00, 0x7F, 0x00, 0x08, 0x00, 0x08, 0x00, 0x08, 0x00,
    0x00, 0x00, 0x0C, 0x00, 0x18, 0x00, 0x18, 0x00, 0x18, 0x00, 0x18, 0x00, 0x3E, 0x00, 0x3E, 0x00,
    0x00, 0x00, 0x00, 0x00, 0x00, 0x00, 0x00, 0x00, 0x1C, 0x00, 0x1C, 0x00, 0x1C, 0x00, 0x03, 0x00,
    0x03, 0x00, 0x06, 0x00, 0x06, 0x00, 0x06, 0x00, 0x0C, 0x00, 0x0C, 0x00, 0x08, 0x00, 0x18, 0x00,
    0x18, 0x00, 0x30, 0x00, 0x30, 0x00, 0x30, 0x00, 0x60, 0x00, 0x60, 0x00, 0x1C, 0x00, 0x3E, 0x00,
    0x63, 0x00, 0x63, 0x00, 0x63, 0x00, 0x6B, 0x00, 0x6B, 0x00, 0x63, 0x00, 0x63, 0x00, 0x63, 0x00,
    0x3E, 0x00, 0x1C, 0x00, 0x1C, 0x00, 0x3C, 0x00, 0x7C, 0x00, 0x4C, 0x00, 0x0C, 0x00, 0x0C, 0x00,
    0x0C, 0x00, 0x0C, 0x00, 0x0C, 0x00, 0x0C, 0x00, 0x7F, 0x00, 0x7F, 0x00, 0x1C, 0x00, 0x3E, 0x00,
    0x63, 0x00, 0x63, 0x00, 0x03, 0x00, 0x06, 0x00, 0x0E, 0x00, 0x0C, 0x00, 0x18, 0x00, 0x30, 0x00,
    0x7F, 0x00, 0x7F, 0x00, 0x7F, 0x00, 0x7F, 0x00, 0x06, 0x00, 0x0C, 0x00, 0x1C, 0x00, 0x1E, 0x00,
    0x03, 0x00, 0x03, 0x00, 0x03, 0x00, 0x63, 0x00, 0x7E, 0x00, 0x3C, 0x00, 0x06, 0x00, 0x0C, 0x00,
    0x1C, 0x00, 0x18, 0x00, 0x30, 0x00, 0x33, 0x00, 0x63, 0x00, 0x63, 0x00, 0x7F, 0x00, 0x7F, 0x00,
    0x03, 0x00, 0x03, 0x00, 0x7F, 0x00, 0x7F, 0x00, 0x60, 0x00, 0x60, 0x00, 0x7C, 0x00, 0x7E, 0x00,
    0x03, 0x00, 0x03, 0x00, 0x03, 0x00, 0x63, 0x00, 0x7E, 0x00, 0x3C, 0x00, 0x0C, 0x00, 0x1C, 0x00,
    0x18, 0x00, 0x30, 0x00, 0x34, 0x00, 0x7E, 0x00, 0x63, 0x00, 0x63, 0x00, 0x63, 0x00, 0x63, 0x00,
    0x7F, 0x00, 0x1E, 0x00, 0x7F, 0x00, 0x7F, 0x00, 0x63, 0x00, 0x63, 0x00, 0x06, 0x00, 0x06, 0x00,
    0x06, 0x00, 0x0C, 0x00, 0x0C, 0x00, 0x18, 0x00, 0x18, 0x00, 0x38, 0x00, 0x1C, 0x00, 0x3E, 0x00,
    0x63, 0x00, 0x63, 0x00, 0x63, 0x00, 0x3E, 0x00, 0x3E, 0x00, 0x63, 0x00, 0x63, 0x00, 0x63, 0x00,
    0x7F, 0x00, 0x3E, 0x00, 0x1C, 0x00, 0x7F, 0x00, 0x63, 0x00, 0x63, 0x00, 0x63, 0x00, 0x63, 0x00,
    0x3F, 0x00, 0x1E, 0x00, 0x06, 0x00, 0x0C, 0x00, 0x1C, 0x00, 0x18, 0x00, 0x1C, 0x00, 0x1C, 0x00,
    0x08, 0x00, 0x00, 0x00, 0x00, 0x00, 0x00, 0x00, 0x08, 0x00, 0x1C, 0x00, 0x1C, 0x00, 0x1C, 0x00,
    0x1C, 0x00, 0x08, 0x00, 0x00, 0x00, 0x00, 0x00, 0x00, 0x00, 0x00, 0x00, 0x1C, 0x00, 0x18, 0x00,
    0x18, 0x00, 0x18, 0x00, 0x18, 0x00, 0x01, 0x00, 0x07, 0x00, 0x3C, 0x00, 0x70, 0x00, 0x70, 0x00,
    0x3C, 0x00, 0x0F, 0x00, 0x03, 0x00, 0x00, 0x00, 0x00, 0x00, 0x7F, 0x00, 0x7F, 0x00, 0x00, 0x00,
    0x00, 0x00, 0x7F, 0x00, 0x7F, 0x00, 0x00, 0x00, 0x00, 0x00, 0x40, 0x00, 0x70, 0x00, 0x1E, 0x00,
    0x07, 0x00, 0x07, 0x00, 0x1E, 0x00, 0x78, 0x00, 0x60, 0x00, 0x00, 0x00, 0x00, 0x00, 0x3C, 0x00,
    0x3E, 0x00, 0x06, 0x00, 0x03, 0x00, 0x06, 0x00, 0x1E, 0x00, 0x1C, 0x00, 0x10, 0x00, 0x00, 0x00,
    0x00, 0x00, 0x18, 0x00, 0x38, 0x00, 0x1E, 0x00, 0x7F, 0x00, 0x61, 0x00, 0x41, 0x80, 0x4F, 0x80,
    0xC9, 0x80, 0xD9, 0x80, 0xD9, 0x80, 0xD9, 0x80, 0xC9, 0x80, 0x4F, 0x00, 0x46, 0x00, 0x60, 0x00,
    0x7E, 0x00, 0x1E, 0x00, 0x1C, 0x00, 0x1C, 0x00, 0x14, 0x00, 0x36, 0x00, 0x36, 0x00, 0x36, 0x00,
    0x36, 0x00, 0x3E, 0x00, 0x7F, 0x00, 0x63, 0x00, 0x63, 0x00, 0x63, 0x00, 0x7E, 0x00, 0x7F, 0x00,
    0x63, 0x00, 0x63, 0x00, 0x63, 0x00, 0x7E, 0x00, 0x7E, 0x00, 0x63, 0x00, 0x63, 0x00, 0x63, 0x00,
    0x7F, 0x00, 0x7E, 0x00, 0x1E, 0x00, 0x3F, 0x00, 0x63, 0x00, 0x60, 0x00, 0x60, 0x00, 0x60, 0x00,
    0x60, 0x00, 0x60, 0x00, 0x60, 0x00, 0x63, 0x00, 0x3F, 0x00, 0x1E, 0x00, 0x7C, 0x00, 0x7E, 0x00,
    0x63, 0x00, 0x63, 0x00, 0x63, 0x00, 0x63, 0x00, 0x63, 0x00, 0x63, 0x00, 0x63, 0x00, 0x63, 0x00,
    0x7E, 0x00, 0x7C, 0x00, 0x7F, 0x00, 0x7F, 0x00, 0x60, 0x00, 0x60, 0x00, 0x60, 0x00, 0x7E, 0x00,
    0x7E, 0x00, 0x60, 0x00, 0x60, 0x00, 0x60, 0x00, 0x7F, 0x00, 0x7F, 0x00, 0x7F, 0x00, 0x7F, 0x00,
    0x60, 0x00, 0x60, 0x00, 0x60, 0x00, 0x7F, 0x00, 0x7F, 0x00, 0x60, 0x00, 0x60, 0x00, 0x60, 0x00,
    0x60, 0x00, 0x60, 0x00, 0x1E, 0x00, 0x3F, 0x00, 0x63, 0x00, 0x60, 0x00, 0x60, 0x00, 0x6F, 0x00,
    0x6F, 0x00, 0x63, 0x00, 0x63, 0x00, 0x63, 0x00, 0x3E, 0x00, 0x1C, 0x00, 0x63, 0x00, 0x63, 0x00,
    0x63, 0x00, 0x63, 0x00, 0x63, 0x00, 0x7F, 0x00, 0x7F, 0x00, 0x63, 0x00, 0x63, 0x00, 0x63, 0x00,
    0x63, 0x00, 0x63, 0x00, 0x7F, 0x00, 0x7F, 0x00, 0x08, 0x00, 0x08, 0x00, 0x08, 0x00, 0x08, 0x00,
    0x08, 0x00, 0x08, 0x00, 0x08, 0x00, 0x08, 0x00, 0x7F, 0x00, 0x7F, 0x00, 0x03, 0x00, 0x03, 0x00,
    0x03, 0x00, 0x03, 0x00, 0x03, 0x00, 0x03, 0x00, 0x03, 0x00, 0x03, 0x00, 0xC3, 0x00, 0x63, 0x00,
    0x7E, 0x00, 0x3C, 0x00, 0x63, 0x00, 0x63, 0x00, 0x66, 0x00, 0x66, 0x00, 0x66, 0x00, 0x7C, 0x00,
    0x7C, 0x00, 0x66, 0x00, 0x66, 0x00, 0x66, 0x00, 0x63, 0x00, 0x63, 0x80, 0x30, 0x00, 0x30, 0x00,
    0x30, 0x00, 0x30, 0x00, 0x30, 0x00, 0x30, 0x00, 0x30, 0x00, 0x30, 0x00, 0x30, 0x00, 0x30, 0x00,
    0x3F, 0x00, 0x3F, 0x00, 0x63, 0x00, 0x77, 0x00, 0x55, 0x00, 0x55, 0x00, 0x75, 0x00, 0x7F, 0x00,
    0x6B, 0x00, 0x63, 0x00, 0x63, 0x00, 0x63, 0x00, 0x63, 0x00, 0x63, 0x00, 0x73, 0x00, 0x73, 0x00,
    0x73, 0x00, 0x73, 0x00, 0x7B, 0x00, 0x6B, 0x00, 0x6B, 0x00, 0x6F, 0x00, 0x67, 0x00, 0x67, 0x00,
    0x67, 0x00, 0x67, 0x00, 0x1C, 0x00, 0x3E, 0x00, 0x63, 0x00, 0x63, 0x00, 0x63, 0x00, 0x63, 0x00,
    0x63, 0x00, 0x63, 0x00, 0x63, 0x00, 0x63, 0x00, 0x3E, 0x00, 0x1C, 0x00, 0x7E, 0x00, 0x7F, 0x00,
    0x63, 0x00, 0x61, 0x00, 0x63, 0x00, 0x63, 0x00, 0x7F, 0x00, 0x7C, 0x00, 0x60, 0x00, 0x60, 0x00,
    0x60, 0x00, 0x60, 0x00, 0x1C, 0x00, 0x3E, 0x00, 0x63, 0x00, 0x63, 0x00, 0x63, 0x00, 0x63, 0x00,
    0x63, 0x00, 0x63, 0x00, 0x63, 0x00, 0x63, 0x00, 0x3E, 0x00, 0x1E, 0x00, 0x06, 0x00, 0x06, 0x00,
    0x03, 0x00, 0x7E, 0x00, 0x7F, 0x00, 0x63, 0x00, 0x63, 0x00, 0x63, 0x00, 0x7F, 0x00, 0x7E, 0x00,
    0x66, 0x00, 0x66, 0x00, 0x66, 0x00, 0x63, 0x00, 0x63, 0x00, 0x3C, 0x00, 0x3E, 0x00, 0x63, 0x00,
    0x60, 0x00, 0x70, 0x00, 0x3E, 0x00, 0x1F, 0x00, 0x03, 0x00, 0x03, 0x00, 0x63, 0x00, 0x7F, 0x00,
    0x3E, 0x00, 0x7F, 0x00, 0x7F, 0x00, 0x08, 0x00, 0x08, 0x00, 0x08, 0x00, 0x08, 0x00, 0x08, 0x00,
    0x08, 0x00, 0x08, 0x00, 0x08, 0x00, 0x08, 0x00, 0x08, 0x00, 0x63, 0x00, 0x63, 0x00, 0x63, 0x00,
    0x63, 0x00, 0x63, 0x00, 0x63, 0x00, 0x63, 0x00, 0x63, 0x00, 0x63, 0x00, 0x63, 0x00, 0x3E, 0x00,
    0x1C, 0x00, 0x63, 0x00, 0x63, 0x00, 0x63, 0x00, 0x63, 0x00, 0x22, 0x00, 0x36, 0x00, 0x36, 0x00,
    0x36, 0x00, 0x36, 0x00, 0x14, 0x00, 0x1C, 0x00, 0x1C, 0x00, 0xC9, 0x80, 0xC9, 0x80, 0xD5, 0x80,
    0x55, 0x00, 0x55, 0x00, 0x55, 0x00, 0x55, 0x00, 0x55, 0x00, 0x55, 0x00, 0x75, 0x00, 0x77, 0x00,
    0x67, 0x00, 0x63, 0x00, 0x63, 0x00, 0x36, 0x00, 0x36, 0x00, 0x1C, 0x00, 0x1C, 0x00, 0x1C, 0x00,
    0x1C, 0x00, 0x36, 0x00, 0x36, 0x00, 0x63, 0x00, 0xE3, 0x80, 0xE1, 0x80, 0x63, 0x00, 0x63, 0x00,
    0x36, 0x00, 0x36, 0x00, 0x14, 0x00, 0x1C, 0x00, 0x1C, 0x00, 0x08, 0x00, 0x08, 0x00, 0x08, 0x00,
    0x08, 0x00, 0x7F, 0x00, 0x7F, 0x00, 0x06, 0x00, 0x06, 0x00, 0x0C, 0x00, 0x0C, 0x00, 0x18, 0x00,
    0x18, 0x00, 0x30, 0x00, 0x30, 0x00, 0x7F, 0x00, 0x7F, 0x00, 0x1E, 0x00, 0x1E, 0x00, 0x18, 0x00,
    0x18, 0x00, 0x18, 0x00, 0x18, 0x00, 0x18, 0x00, 0x18, 0x00, 0x18, 0x00, 0x18, 0x00, 0x18, 0x00,
    0x18, 0x00, 0x18, 0x00, 0x1E, 0x00, 0x1E, 0x00, 0x60, 0x00, 0x60, 0x00, 0x30, 0x00, 0x30, 0x00,
    0x30, 0x00, 0x18, 0x00, 0x18, 0x00, 0x08, 0x00, 0x0C, 0x00, 0x0C, 0x00, 0x06, 0x00, 0x06, 0x00,
    0x06, 0x00, 0x03, 0x00, 0x03, 0x00, 0x3C, 0x00, 0x3C, 0x00, 0x0C, 0x00, 0x0C, 0x00, 0x0C, 0x00,
    0x0C, 0x00, 0x0C, 0x00, 0x0C, 0x00, 0x0C, 0x00, 0x0C, 0x00, 0x0C, 0x00, 0x0C, 0x00, 0x0C, 0x00,
    0x3C, 0x00, 0x3C, 0x00, 0x08, 0x00, 0x1C, 0x00, 0x14, 0x00, 0x36, 0x00, 0x36, 0x00, 0x22, 0x00,
    0x63, 0x00, 0x00, 0x00, 0x00, 0x00, 0x00, 0x00, 0x00, 0x00, 0x00, 0x00, 0x7F, 0x00, 0x7F, 0x00,
    0x30, 0x00, 0x1C, 0x00, 0x00, 0x00, 0x00, 0x00, 0x00, 0x00, 0x00, 0x00, 0x00, 0x00, 0x00, 0x00,
    0x00, 0x00, 0x00, 0x00, 0x00, 0x00, 0x00, 0x00, 0x3E, 0x00, 0x3F, 0x00, 0x63, 0x00, 0x1F, 0x00,
    0x7F, 0x00, 0x63, 0x00, 0x63, 0x00, 0x7F, 0x00, 0x3B, 0x00, 0x60, 0x00, 0x60, 0x00, 0x60, 0x00,
    0x6E, 0x00, 0x7F, 0x00, 0x63, 0x00, 0x63, 0x00, 0x63, 0x00, 0x63, 0x00, 0x63, 0x00, 0x7F, 0x00,
    0x6E, 0x00, 0x1E, 0x00, 0x3F, 0x00, 0x63, 0x00, 0x60, 0x00, 0x60, 0x00, 0x60, 0x00, 0x63, 0x00,
    0x3F, 0x00, 0x1E, 0x00, 0x03, 0x00, 0x03, 0x00, 0x03, 0x00, 0x3B, 0x00, 0x7F, 0x00, 0x63, 0x00,
    0x63, 0x00, 0x63, 0x00, 0x63, 0x00, 0x63, 0x00, 0x7F, 0x00, 0x3B, 0x00, 0x1C, 0x00, 0x3E, 0x00,
    0x63, 0x00, 0x7F, 0x00, 0x7F, 0x00, 0x60, 0x00, 0x63, 0x00, 0x3E, 0x00, 0x1C, 0x00, 0x0F, 0x00,
    0x1F, 0x00, 0x18, 0x00, 0x18, 0x00, 0x7F, 0x00, 0x7F, 0x00, 0x18, 0x00, 0x18, 0x00, 0x18, 0x00,
    0x18, 0x00, 0x18, 0x00, 0x18, 0x00, 0x3B, 0x00, 0x7F, 0x00, 0x63, 0x00, 0x63, 0x00, 0x63, 0x00,
    0x63, 0x00, 0x63, 0x00, 0x3F, 0x00, 0x1B, 0x00, 0x03, 0x00, 0x3E, 0x00, 0x3E, 0x00, 0x60, 0x00,
    0x60, 0x00, 0x60, 0x00, 0x6E, 0x00, 0x7F, 0x00, 0x63, 0x00, 0x63, 0x00, 0x63, 0x00, 0x63, 0x00,
    0x63, 0x00, 0x63, 0x00, 0x63, 0x00, 0x0C, 0x00, 0x0C, 0x00, 0x00, 0x00, 0x7C, 0x00, 0x7C, 0x00,
    0x0C, 0x00, 0x0C, 0x00, 0x0C, 0x00, 0x0C, 0x00, 0x0C, 0x00, 0x7F, 0x00, 0x7F, 0x00, 0x06, 0x00,
    0x06, 0x00, 0x00, 0x00, 0x7E, 0x00, 0x7E, 0x00, 0x06, 0x00, 0x06, 0x00, 0x06, 0x00, 0x06, 0x00,
    0x06, 0x00, 0x06, 0x00, 0x06, 0x00, 0x06, 0x00, 0x7C, 0x00, 0x78, 0x00, 0x60, 0x00, 0x60, 0x00,
    0x60, 0x00, 0x63, 0x00, 0x63, 0x00, 0x66, 0x00, 0x66, 0x00, 0x7C, 0x00, 0x7C, 0x00, 0x66, 0x00,
    0x63, 0x00, 0x63, 0x80, 0xF8, 0x00, 0xF8, 0x00, 0x18, 0x00, 0x18, 0x00, 0x18, 0x00, 0x18, 0x00,
    0x18, 0x00, 0x18, 0x00, 0x18, 0x00, 0x18, 0x00, 0x1F, 0x00, 0x0F, 0x00, 0x5B, 0x00, 0x7F, 0x00,
    0x49, 0x00, 0x49, 0x00, 0x49, 0x00, 0x49, 0x00, 0x49, 0x00, 0x49, 0x00, 0x49, 0x00, 0x6E, 0x00,
    0x7F, 0x00, 0x63, 0x00, 0x63, 0x00, 0x63, 0x00, 0x63, 0x00, 0x63, 0x00, 0x63, 0x00, 0x63, 0x00,
    0x1C, 0x00, 0x3E, 0x00, 0x63, 0x00, 0x63, 0x00, 0x63, 0x00, 0x63, 0x00, 0x63, 0x00, 0x3E, 0x00,
    0x1C, 0x00, 0x6E, 0x00, 0x7F, 0x00, 0x63, 0x00, 0x63, 0x00, 0x63, 0x00, 0x63, 0x00, 0x63, 0x00,
    0x7F, 0x00, 0x6E, 0x00, 0x60, 0x00, 0x60, 0x00, 0x60, 0x00, 0x3B, 0x00, 0x7F, 0x00, 0x63, 0x00,
    0x63, 0x00, 0x63, 0x00, 0x63, 0x00, 0x63, 0x00, 0x7F, 0x00, 0x3B, 0x00, 0x03, 0x00, 0x03, 0x00,
    0x03, 0x00, 0x6E, 0x00, 0x7F, 0x00, 0x73, 0x00, 0x63, 0x00, 0x60, 0x00, 0x60, 0x00, 0x60, 0x00,
    0x60, 0x00, 0x60, 0x00, 0x3E, 0x00, 0x7F, 0x00, 0x60, 0x00, 0x78, 0x00, 0x3E, 0x00, 0x03, 0x00,
    0x63, 0x00, 0x7F, 0x00, 0x3E, 0x00, 0x18, 0x00, 0x18, 0x00, 0x18, 0x00, 0x7F, 0x00, 0x7F, 0x00,
    0x18, 0x00, 0x18, 0x00, 0x18, 0x00, 0x18, 0x00, 0x18, 0x00, 0x1F, 0x00, 0x0F, 0x00, 0x63, 0x00,
    0x63, 0x00, 0x63, 0x00, 0x63, 0x00, 0x63, 0x00, 0x63, 0x00, 0x63, 0x00, 0x3E, 0x00, 0x1C, 0x00,
    0x63, 0x00, 0x63, 0x00, 0x63, 0x00, 0x36, 0x00, 0x36, 0x00, 0x36, 0x00, 0x14, 0x00, 0x1C, 0x00,
    0x1C, 0x00, 0xC9, 0x80, 0xD5, 0x80, 0x55, 0x00, 0x55, 0x00, 0x55, 0x00, 0x55, 0x00, 0x77, 0x00,
    0x77, 0x00, 0x77, 0x00, 0x63, 0x00, 0x36, 0x00, 0x36, 0x00, 0x1C, 0x00, 0x1C, 0x00, 0x1C, 0x00,
    0x36, 0x00, 0x77, 0x00, 0x63, 0x00, 0x63, 0x00, 0x63, 0x00, 0x63, 0x00, 0x36, 0x00, 0x36, 0x00,
    0x16, 0x00, 0x1C, 0x00, 0x1C, 0x00, 0x0C, 0x00, 0x18, 0x00, 0x18, 0x00, 0x38, 0x00, 0x7F, 0x00,
    0x7F, 0x00, 0x06, 0x00, 0x0C, 0x00, 0x1C, 0x00, 0x18, 0x00, 0x30, 0x00, 0x7F, 0x00, 0x7F, 0x00,
    0x07, 0x00, 0x0F, 0x00, 0x0C, 0x00, 0x0C, 0x00, 0x0C, 0x00, 0x0C, 0x00, 0x7C, 0x00, 0x78, 0x00,
    0x0C, 0x00, 0x0C, 0x00, 0x0C, 0x00, 0x0C, 0x00, 0x0C, 0x00, 0x0F, 0x00, 0x07, 0x00, 0x08, 0x00,
    0x08, 0x00, 0x08, 0x00, 0x08, 0x00, 0x08, 0x00, 0x08, 0x00, 0x08, 0x00, 0x08, 0x00, 0x08, 0x00,
    0x08, 0x00, 0x08, 0x00, 0x08, 0x00, 0x08, 0x00, 0x08, 0x00, 0x08, 0x00, 0x70, 0x00, 0x78, 0x00,
    0x18, 0x00, 0x18, 0x00, 0x18, 0x00, 0x18, 0x00, 0x1F, 0x00, 0x0F, 0x00, 0x18, 0x00, 0x18, 0x00,
    0x18, 0x00, 0x18, 0x00, 0x18, 0x00, 0x78, 0x00, 0x70, 0x00, 0x30, 0x00, 0x79, 0x00, 0x4F, 0x00,
    0x47, 0x00, 0x00, 0x00, 0x00, 0x00, 0x00, 0x00, 0x00, 0x00
};

inline constexpr BitmapFont kFontJetBold15 = {"jet_bold_15", 15U, 16U, 5U, 21U, kFontJetBold15Glyphs, kFontJetBold15Bitmap, sizeof(kFontJetBold15Bitmap)};

inline constexpr Glyph kFontJetBold13Glyphs[] = {
  {0U, 0U, 0U, 0, 14, 8U},
  {0U, 8U, 10U, 0, 4, 8U},
  {10U, 8U, 10U, 0, 4, 8U},
  {20U, 8U, 10U, 0, 4, 8U},
  {30U, 8U, 14U, 0, 2, 8U},
  {44U, 8U, 10U, 0, 4, 8U},
  {54U, 9U, 10U, 0, 4, 8U},
  {74U, 8U, 10U, 0, 4, 8U},
  {84U, 8U, 13U, 0, 3, 8U},
  {97U, 8U, 13U, 0, 3, 8U},
  {110U, 8U, 9U, 0, 5, 8U},
  {119U, 8U, 8U, 0, 6, 8U},
  {127U, 8U, 4U, 0, 13, 8U},
  {131U, 8U, 6U, 0, 8, 8U},
  {137U, 8U, 3U, 0, 11, 8U},
  {140U, 8U, 14U, 0, 2, 8U},
  {154U, 8U, 10U, 0, 4, 8U},
  {164U, 8U, 10U, 0, 4, 8U},
  {174U, 8U, 10U, 0, 4, 8U},
  {184U, 8U, 10U, 0, 4, 8U},
  {194U, 8U, 10U, 0, 4, 8U},
  {204U, 8U, 10U, 0, 4, 8U},
  {214U, 8U, 10U, 0, 4, 8U},
  {224U, 8U, 10U, 0, 4, 8U},
  {234U, 8U, 10U, 0, 4, 8U},
  {244U, 8U, 10U, 0, 4, 8U},
  {254U, 8U, 8U, 0, 6, 8U},
  {262U, 8U, 11U, 0, 6, 8U},
  {273U, 8U, 8U, 0, 6, 8U},
  {281U, 8U, 7U, 0, 7, 8U},
  {288U, 8U, 8U, 0, 6, 8U},
  {296U, 8U, 10U, 0, 4, 8U},
  {306U, 8U, 13U, 0, 4, 8U},
  {319U, 8U, 10U, 0, 4, 8U},
  {329U, 8U, 10U, 0, 4, 8U},
  {339U, 8U, 10U, 0, 4, 8U},
  {349U, 8U, 10U, 0, 4, 8U},
  {359U, 8U, 10U, 0, 4, 8U},
  {369U, 8U, 10U, 0, 4, 8U},
  {379U, 8U, 10U, 0, 4, 8U},
  {389U, 8U, 10U, 0, 4, 8U},
  {399U, 8U, 10U, 0, 4, 8U},
  {409U, 8U, 10U, 0, 4, 8U},
  {419U, 8U, 10U, 0, 4, 8U},
  {429U, 8U, 10U, 0, 4, 8U},
  {439U, 8U, 10U, 0, 4, 8U},
  {449U, 8U, 10U, 0, 4, 8U},
  {459U, 8U, 10U, 0, 4, 8U},
  {469U, 8U, 10U, 0, 4, 8U},
  {479U, 8U, 13U, 0, 4, 8U},
  {492U, 8U, 10U, 0, 4, 8U},
  {502U, 8U, 10U, 0, 4, 8U},
  {512U, 8U, 10U, 0, 4, 8U},
  {522U, 8U, 10U, 0, 4, 8U},
  {532U, 8U, 10U, 0, 4, 8U},
  {542U, 8U, 10U, 0, 4, 8U},
  {552U, 8U, 10U, 0, 4, 8U},
  {562U, 8U, 10U, 0, 4, 8U},
  {572U, 8U, 10U, 0, 4, 8U},
  {582U, 8U, 14U, 0, 2, 8U},
  {596U, 8U, 14U, 0, 2, 8U},
  {610U, 8U, 14U, 0, 2, 8U},
  {624U, 8U, 11U, 0, 3, 8U},
  {635U, 8U, 2U, 0, 14, 8U},
  {637U, 8U, 11U, 0, 3, 8U},
  {648U, 8U, 8U, 0, 6, 8U},
  {656U, 8U, 10U, 0, 4, 8U},
  {666U, 8U, 8U, 0, 6, 8U},
  {674U, 8U, 10U, 0, 4, 8U},
  {684U, 8U, 8U, 0, 6, 8U},
  {692U, 8U, 10U, 0, 4, 8U},
  {702U, 8U, 11U, 0, 6, 8U},
  {713U, 8U, 10U, 0, 4, 8U},
  {723U, 8U, 11U, 0, 3, 8U},
  {734U, 8U, 14U, 0, 3, 8U},
  {748U, 8U, 10U, 0, 4, 8U},
  {758U, 8U, 10U, 0, 4, 8U},
  {768U, 8U, 8U, 0, 6, 8U},
  {776U, 8U, 8U, 0, 6, 8U},
  {784U, 8U, 8U, 0, 6, 8U},
  {792U, 8U, 11U, 0, 6, 8U},
  {803U, 8U, 11U, 0, 6, 8U},
  {814U, 8U, 8U, 0, 6, 8U},
  {822U, 8U, 8U, 0, 6, 8U},
  {830U, 8U, 10U, 0, 4, 8U},
  {840U, 8U, 8U, 0, 6, 8U},
  {848U, 8U, 8U, 0, 6, 8U},
  {856U, 8U, 8U, 0, 6, 8U},
  {864U, 8U, 8U, 0, 6, 8U},
  {872U, 8U, 11U, 0, 6, 8U},
  {883U, 8U, 8U, 0, 6, 8U},
  {891U, 8U, 14U, 0, 2, 8U},
  {905U, 8U, 13U, 0, 3, 8U},
  {918U, 8U, 14U, 0, 2, 8U},
  {932U, 8U, 8U, 0, 6, 8U}
};

inline constexpr std::uint8_t kFontJetBold13Bitmap[] = {
    0x18, 0x18, 0x18, 0x18, 0x18, 0x18, 0x18, 0x00, 0x10, 0x18, 0x64, 0x24, 0x24, 0x24, 0x00, 0x00,
    0x00, 0x00, 0x00, 0x00, 0x12, 0x24, 0x7E, 0x7E, 0x24, 0x24, 0xFE, 0xFE, 0x48, 0x48, 0x10, 0x10,
    0x3C, 0x76, 0x76, 0x70, 0x78, 0x1E, 0x16, 0x56, 0x76, 0x3C, 0x10, 0x10, 0x63, 0xF2, 0x94, 0xF8,
    0x68, 0x1E, 0x2F, 0x29, 0x49, 0xCE, 0x38, 0x00, 0x7C, 0x00, 0x64, 0x00, 0x20, 0x00, 0x70, 0x00,
    0xDB, 0x00, 0xCE, 0x00, 0xCC, 0x00, 0xFE, 0x00, 0x73, 0x00, 0x18, 0x18, 0x18, 0x18, 0x00, 0x00,
    0x00, 0x00, 0x00, 0x00, 0x04, 0x0C, 0x18, 0x30, 0x30, 0x30, 0x30, 0x30, 0x30, 0x10, 0x18, 0x0C,
    0x04, 0x60, 0x70, 0x18, 0x08, 0x0C, 0x0C, 0x0C, 0x0C, 0x0C, 0x18, 0x18, 0x70, 0x40, 0x18, 0x18,
    0x5E, 0xFE, 0x18, 0x3C, 0x66, 0x00, 0x00, 0x18, 0x18, 0x18, 0x7E, 0x7E, 0x18, 0x18, 0x00, 0x18,
    0x18, 0x10, 0x30, 0x3C, 0x3C, 0x00, 0x00, 0x00, 0x00, 0x18, 0x18, 0x18, 0x06, 0x06, 0x04, 0x0C,
    0x0C, 0x08, 0x18, 0x18, 0x10, 0x30, 0x30, 0x20, 0x60, 0x60, 0x3C, 0x7E, 0x46, 0x46, 0x5E, 0x56,
    0x46, 0x46, 0x7E, 0x3C, 0x18, 0x78, 0x68, 0x48, 0x08, 0x08, 0x08, 0x08, 0x7E, 0x7E, 0x3C, 0x7E,
    0x66, 0x06, 0x04, 0x0C, 0x18, 0x30, 0x7E, 0x7E, 0x7E, 0x7E, 0x0C, 0x18, 0x1C, 0x06, 0x06, 0x46,
    0x7E, 0x3C, 0x0C, 0x18, 0x10, 0x30, 0x66, 0x66, 0x7E, 0x7E, 0x06, 0x06, 0x7E, 0x7E, 0x60, 0x78,
    0x7C, 0x06, 0x06, 0x46, 0x7E, 0x3C, 0x18, 0x18, 0x30, 0x30, 0x7C, 0x66, 0x46, 0x46, 0x7E, 0x3C,
    0x7E, 0x7E, 0x66, 0x04, 0x0C, 0x0C, 0x18, 0x18, 0x10, 0x30, 0x3C, 0x7E, 0x66, 0x7C, 0x3C, 0x66,
    0x42, 0x46, 0x7E, 0x3C, 0x3C, 0x7E, 0x46, 0x46, 0x7E, 0x3E, 0x0C, 0x08, 0x18, 0x30, 0x18, 0x18,
    0x00, 0x00, 0x00, 0x00, 0x18, 0x18, 0x18, 0x18, 0x00, 0x00, 0x00, 0x00, 0x00, 0x18, 0x18, 0x10,
    0x30, 0x02, 0x0E, 0x38, 0x60, 0x70, 0x1C, 0x06, 0x00, 0x7E, 0x7E, 0x00, 0x7E, 0x7E, 0x00, 0x00,
    0x40, 0x70, 0x1C, 0x06, 0x0E, 0x38, 0x60, 0x00, 0x78, 0x7C, 0x06, 0x04, 0x3C, 0x38, 0x30, 0x00,
    0x10, 0x30, 0x3C, 0x7E, 0x42, 0xCE, 0xDE, 0xD2, 0xD2, 0xD2, 0xDE, 0xCE, 0x40, 0x7C, 0x3C, 0x18,
    0x38, 0x3C, 0x2C, 0x24, 0x24, 0x7E, 0x66, 0x46, 0xC2, 0x7C, 0x7E, 0x66, 0x66, 0x7C, 0x7E, 0x66,
    0x66, 0x7E, 0x7C, 0x3C, 0x7E, 0x66, 0x60, 0x60, 0x60, 0x60, 0x66, 0x7E, 0x3C, 0x7C, 0x7E, 0x66,
    0x66, 0x66, 0x66, 0x66, 0x66, 0x7E, 0x7C, 0x7E, 0x7E, 0x60, 0x60, 0x7C, 0x7C, 0x60, 0x60, 0x7E,
    0x7E, 0x7E, 0x7E, 0x60, 0x60, 0x7E, 0x7E, 0x60, 0x60, 0x60, 0x60, 0x3C, 0x7E, 0x66, 0x60, 0x6E,
    0x6E, 0x66, 0x66, 0x7E, 0x3C, 0x66, 0x66, 0x66, 0x66, 0x7E, 0x7E, 0x66, 0x66, 0x66, 0x66, 0x7E,
    0x7E, 0x18, 0x18, 0x18, 0x18, 0x18, 0x18, 0x7E, 0x7E, 0x06, 0x06, 0x06, 0x06, 0x06, 0x06, 0x06,
    0xC6, 0x7C, 0x38, 0x66, 0x66, 0x6C, 0x6C, 0x78, 0x78, 0x6C, 0x64, 0x66, 0x66, 0x20, 0x20, 0x20,
    0x20, 0x20, 0x20, 0x20, 0x20, 0x3E, 0x3E, 0x66, 0x66, 0x6A, 0x5A, 0x5A, 0x5A, 0x42, 0x42, 0x42,
    0x42, 0x66, 0x66, 0x76, 0x56, 0x56, 0x5E, 0x4E, 0x4A, 0x4E, 0x46, 0x3C, 0x7E, 0x66, 0x66, 0x66,
    0x66, 0x66, 0x66, 0x7E, 0x3C, 0x7C, 0x7E, 0x62, 0x62, 0x7E, 0x7C, 0x60, 0x60, 0x60, 0x60, 0x3C,
    0x7E, 0x66, 0x66, 0x66, 0x66, 0x66, 0x66, 0x7E, 0x3C, 0x0C, 0x04, 0x06, 0x7C, 0x7E, 0x66, 0x66,
    0x7E, 0x7C, 0x6C, 0x6C, 0x66, 0x66, 0x3C, 0x7E, 0x66, 0x60, 0x38, 0x0E, 0x06, 0x46, 0x7E, 0x3C,
    0x7E, 0x7E, 0x18, 0x18, 0x18, 0x18, 0x18, 0x18, 0x18, 0x18, 0x66, 0x66, 0x66, 0x66, 0x66, 0x66,
    0x66, 0x66, 0x7E, 0x3C, 0xC2, 0x46, 0x66, 0x66, 0x24, 0x24, 0x3C, 0x3C, 0x38, 0x18, 0xDB, 0xDA,
    0xDA, 0x5A, 0x5A, 0x5A, 0x6A, 0x6A, 0x66, 0x66, 0x66, 0x66, 0x3C, 0x3C, 0x18, 0x18, 0x3C, 0x2C,
    0x66, 0xC6, 0xC3, 0x66, 0x64, 0x2C, 0x3C, 0x18, 0x18, 0x18, 0x18, 0x18, 0x7E, 0x7E, 0x0C, 0x0C,
    0x18, 0x10, 0x30, 0x20, 0x7E, 0x7E, 0x3C, 0x3C, 0x30, 0x30, 0x30, 0x30, 0x30, 0x30, 0x30, 0x30,
    0x30, 0x30, 0x3C, 0x3C, 0x40, 0x60, 0x60, 0x20, 0x30, 0x30, 0x10, 0x18, 0x18, 0x08, 0x0C, 0x0C,
    0x04, 0x06, 0x38, 0x38, 0x08, 0x08, 0x08, 0x08, 0x08, 0x08, 0x08, 0x08, 0x08, 0x08, 0x38, 0x38,
    0x18, 0x18, 0x3C, 0x2C, 0x24, 0x66, 0x00, 0x00, 0x00, 0x00, 0x00, 0x7E, 0x7E, 0x30, 0x18, 0x00,
    0x00, 0x00, 0x00, 0x00, 0x00, 0x00, 0x00, 0x00, 0x3C, 0x7E, 0x06, 0x3E, 0x7E, 0x46, 0x7E, 0x3E,
    0x60, 0x60, 0x7C, 0x7E, 0x66, 0x66, 0x66, 0x66, 0x7E, 0x7C, 0x3C, 0x7E, 0x66, 0x60, 0x60, 0x66,
    0x7E, 0x3C, 0x06, 0x06, 0x3E, 0x7E, 0x66, 0x66, 0x66, 0x66, 0x7E, 0x3E, 0x3C, 0x7E, 0x46, 0x7E,
    0x7E, 0x60, 0x7E, 0x3C, 0x1E, 0x1E, 0x10, 0x7E, 0x7E, 0x10, 0x10, 0x10, 0x10, 0x10, 0x3E, 0x7E,
    0x66, 0x66, 0x66, 0x66, 0x7E, 0x3E, 0x06, 0x3E, 0x3C, 0x60, 0x60, 0x7C, 0x7E, 0x66, 0x66, 0x66,
    0x66, 0x66, 0x66, 0x08, 0x18, 0x00, 0x78, 0x78, 0x18, 0x18, 0x18, 0x18, 0x7E, 0x7E, 0x04, 0x0C,
    0x00, 0x7C, 0x7C, 0x0C, 0x0C, 0x0C, 0x0C, 0x0C, 0x0C, 0x0C, 0x7C, 0x78, 0x60, 0x60, 0x66, 0x64,
    0x6C, 0x78, 0x7C, 0x6C, 0x66, 0x66, 0xF0, 0xF0, 0x10, 0x10, 0x10, 0x10, 0x10, 0x10, 0x1E, 0x0E,
    0x76, 0x7E, 0x5A, 0x5A, 0x5A, 0x5A, 0x5A, 0x5A, 0x7C, 0x7E, 0x66, 0x66, 0x66, 0x66, 0x66, 0x66,
    0x3C, 0x7E, 0x66, 0x66, 0x66, 0x66, 0x7E, 0x3C, 0x7C, 0x7E, 0x66, 0x66, 0x66, 0x66, 0x7E, 0x7C,
    0x60, 0x60, 0x60, 0x3E, 0x7E, 0x66, 0x66, 0x66, 0x66, 0x7E, 0x3E, 0x06, 0x06, 0x06, 0x7C, 0x7E,
    0x66, 0x62, 0x60, 0x60, 0x60, 0x60, 0x3C, 0x66, 0x60, 0x7C, 0x1E, 0x06, 0x66, 0x3C, 0x30, 0x30,
    0xFE, 0xFE, 0x30, 0x30, 0x30, 0x30, 0x1E, 0x1E, 0x66, 0x66, 0x66, 0x66, 0x66, 0x66, 0x7C, 0x3C,
    0xC6, 0x66, 0x66, 0x24, 0x2C, 0x3C, 0x38, 0x18, 0xDB, 0xDA, 0x5A, 0x5A, 0x5A, 0x6A, 0x66, 0x66,
    0x66, 0x2C, 0x3C, 0x18, 0x18, 0x3C, 0x64, 0xE6, 0xC6, 0x66, 0x66, 0x24, 0x3C, 0x3C, 0x18, 0x18,
    0x18, 0x10, 0x30, 0x7E, 0x7E, 0x0C, 0x18, 0x30, 0x30, 0x7E, 0x7E, 0x06, 0x0E, 0x18, 0x18, 0x08,
    0x08, 0x78, 0x78, 0x08, 0x08, 0x18, 0x18, 0x1E, 0x0E, 0x18, 0x18, 0x18, 0x18, 0x18, 0x18, 0x18,
    0x18, 0x18, 0x18, 0x18, 0x18, 0x18, 0x60, 0x70, 0x10, 0x10, 0x10, 0x10, 0x1E, 0x1E, 0x10, 0x10,
    0x10, 0x10, 0x70, 0x70, 0x72, 0x5A, 0x4E, 0x00, 0x00, 0x00, 0x00, 0x00
};

inline constexpr BitmapFont kFontJetBold13 = {"jet_bold_13", 13U, 14U, 4U, 18U, kFontJetBold13Glyphs, kFontJetBold13Bitmap, sizeof(kFontJetBold13Bitmap)};

}  // namespace fridge_ink::platform::panel_font_assets
